DATE,CODE,NAME,12m Low,12m High,Day Low,Day High,Day Price,Previous,Change,Change%,Volume
2013-01-02,SCOM,Safaricom Plc,23.5,33.5,5.0,5.15,5.1,5.0,0.1,0.0002,3320600.0
2013-01-03,SCOM,Safaricom Plc,23.5,33.5,5.1,5.25,5.15,5.1,0.05,9.8e-05,7252500.0
2013-01-04,SCOM,Safaricom Plc,23.5,33.5,5.15,5.35,5.25,5.15,0.1,0.000194,4125900.0
2013-01-07,SCOM,Safaricom Plc,23.5,33.5,5.2,5.45,5.35,5.25,0.1,0.00018999999999999998,4098600.0
2013-01-08,SCOM,Safaricom Plc,23.5,33.5,5.4,5.85,5.6,5.35,0.25,0.00046699999999999997,10998900.0
2013-01-09,SCOM,Safaricom Plc,23.5,33.5,5.5,6.0,5.8,5.6,0.2,0.000356999999999999,13692600.0
2013-01-10,SCOM,Safaricom Plc,23.5,33.5,5.55,5.8,5.6,5.8,-0.2,0.00034500000000000004,6690200.0
2013-01-11,SCOM,Safaricom Plc,23.5,33.5,5.6,5.7,5.6,5.6,0.0,0.0,4441400.0
2013-01-14,SCOM,Safaricom Plc,23.5,33.5,5.6,5.7,5.6,5.6,0.0,0.0,10957000.0
2013-01-15,SCOM,Safaricom Plc,23.5,33.5,5.55,5.8,5.65,5.6,0.05,8.9e-05,11688300.0
2013-01-16,SCOM,Safaricom Plc,23.5,33.5,5.65,5.85,5.75,5.65,0.1,0.000177,9132300.0
2013-01-17,SCOM,Safaricom Plc,23.5,33.5,5.7,5.8,5.75,5.75,0.0,0.0,15912500.0
2013-01-18,SCOM,Safaricom Plc,23.5,33.5,5.75,5.8,5.75,5.75,0.0,0.0,13298800.0
2013-01-21,SCOM,Safaricom Plc,23.5,33.5,5.5,5.8,5.75,5.75,0.0,0.0,44024200.0
2013-01-22,SCOM,Safaricom Plc,23.5,33.5,5.55,5.75,5.65,5.75,-0.1,0.000174,11704000.0
2013-01-23,SCOM,Safaricom Plc,23.5,33.5,5.5,5.75,5.6,5.65,-0.05,8.800000000000001e-05,15443800.0
2013-01-24,SCOM,Safaricom Plc,23.5,33.5,5.5,5.7,5.6,5.6,0.0,0.0,10709600.0
2013-01-25,SCOM,Safaricom Plc,23.5,33.5,5.35,5.65,5.55,5.6,-0.05,8.9e-05,8849900.0
2013-01-28,SCOM,Safaricom Plc,23.5,33.5,5.25,5.6,5.4,5.55,-0.15,0.00027,25313400.0
2013-01-29,SCOM,Safaricom Plc,23.5,33.5,5.2,5.4,5.3,5.4,-0.1,0.000185,10536800.0
2013-01-30,SCOM,Safaricom Plc,23.5,33.5,5.25,5.5,5.3,5.3,0.0,0.0,18410500.0
2013-01-31,SCOM,Safaricom Plc,23.5,33.5,5.3,5.5,5.45,5.3,0.15,0.000283,3669500.0
2013-02-01,SCOM,Safaricom Plc,23.5,33.5,5.4,5.55,5.5,5.45,0.05,9.2e-05,110832700.0
2013-02-04,SCOM,Safaricom Plc,23.5,33.5,5.35,5.55,5.45,5.5,-0.05,9.1e-05,2871900.0
2013-02-05,SCOM,Safaricom Plc,23.5,33.5,5.35,5.6,5.4,5.45,-0.05,9.2e-05,28078100.0
2013-02-06,SCOM,Safaricom Plc,23.5,33.5,5.4,5.5,5.4,5.4,0.0,0.0,3453300.0
2013-02-07,SCOM,Safaricom Plc,23.5,33.5,5.4,5.5,5.4,5.4,0.0,0.0,36267900.0
2013-02-08,SCOM,Safaricom Plc,23.5,33.5,5.5,5.6,5.55,5.4,0.15,0.000278,18076700.0
2013-02-11,SCOM,Safaricom Plc,23.5,33.5,5.55,5.7,5.65,5.55,0.1,0.00017999999999999998,9357400.0
2013-02-12,SCOM,Safaricom Plc,23.5,33.5,5.65,5.75,5.65,5.65,0.0,0.0,25566000.0
2013-02-13,SCOM,Safaricom Plc,23.5,33.5,5.55,5.75,5.7,5.65,0.05,8.800000000000001e-05,20902300.0
2013-02-14,SCOM,Safaricom Plc,23.5,33.5,5.55,5.65,5.6,5.7,-0.1,0.00017500000000000003,4861200.0
2013-02-15,SCOM,Safaricom Plc,23.5,33.5,5.55,5.65,5.55,5.6,-0.05,8.9e-05,1749600.0
2013-02-18,SCOM,Safaricom Plc,23.5,33.5,5.55,5.75,5.55,5.55,0.0,0.0,14742700.0
2013-02-19,SCOM,Safaricom Plc,23.5,33.5,5.6,5.7,5.65,5.55,0.1,0.00017999999999999998,7959400.0
2013-02-20,SCOM,Safaricom Plc,23.5,33.5,5.65,5.8,5.7,5.65,0.05,8.800000000000001e-05,62303400.0
2013-02-21,SCOM,Safaricom Plc,23.5,33.5,5.65,5.75,5.7,5.7,0.0,0.0,15094500.0
2013-02-22,SCOM,Safaricom Plc,23.5,33.5,5.65,5.75,5.65,5.7,-0.05,8.800000000000001e-05,8582300.0
2013-02-25,SCOM,Safaricom Plc,23.5,33.5,5.65,5.7,5.65,5.65,0.0,0.0,1233300.0
2013-02-26,SCOM,Safaricom Plc,23.5,33.5,5.65,5.75,5.65,5.65,0.0,0.0,3609300.0
2013-02-27,SCOM,Safaricom Plc,23.5,33.5,5.7,5.8,5.7,5.65,0.05,8.800000000000001e-05,8033700.0
2013-02-28,SCOM,Safaricom Plc,23.5,33.5,5.75,5.8,5.75,5.7,0.05,8.800000000000001e-05,4401300.0
2013-03-01,SCOM,Safaricom Plc,23.5,33.5,5.75,5.9,5.8,5.75,0.05,8.7e-05,6744300.0
2013-03-05,SCOM,Safaricom Plc,23.5,33.5,5.85,6.0,5.95,5.8,0.15,0.000259,13263300.0
2013-03-06,SCOM,Safaricom Plc,23.5,33.5,5.9,6.0,5.9,5.95,-0.05,8.4e-05,24044200.0
2013-03-07,SCOM,Safaricom Plc,23.5,33.5,5.8,6.0,5.95,5.9,0.05,8.5e-05,23025600.0
2013-03-08,SCOM,Safaricom Plc,23.5,33.5,5.9,6.1,5.95,5.95,0.0,0.0,2754800.0
2013-03-11,SCOM,Safaricom Plc,23.5,33.5,6.0,6.5,6.15,5.95,0.2,0.000336,10036900.0
2013-03-12,SCOM,Safaricom Plc,23.5,33.5,6.15,6.35,6.25,6.15,0.1,0.00016299999999999998,24593400.0
2013-03-13,SCOM,Safaricom Plc,23.5,33.5,6.25,6.35,6.25,6.25,0.0,0.0,11529800.0
2013-03-14,SCOM,Safaricom Plc,23.5,33.5,6.25,6.4,6.3,6.25,0.05,8e-05,28085600.0
2013-03-15,SCOM,Safaricom Plc,23.5,33.5,5.9,6.35,6.1,6.3,-0.2,0.000317,3011000.0
2013-03-18,SCOM,Safaricom Plc,23.5,33.5,5.8,6.1,5.95,6.1,-0.15,0.000246,18572900.0
2013-03-19,SCOM,Safaricom Plc,23.5,33.5,5.9,6.0,5.95,5.95,0.0,0.0,6547600.0
2013-03-20,SCOM,Safaricom Plc,23.5,33.5,5.85,6.0,5.95,5.95,0.0,0.0,10668300.0
2013-03-21,SCOM,Safaricom Plc,23.5,33.5,5.8,6.0,5.8,5.95,-0.15,0.000252,2946800.0
2013-03-22,SCOM,Safaricom Plc,23.5,33.5,5.8,5.9,5.8,5.8,0.0,0.0,3059700.0
2013-03-25,SCOM,Safaricom Plc,23.5,33.5,5.75,5.95,5.8,5.8,0.0,0.0,17116300.0
2013-03-26,SCOM,Safaricom Plc,23.5,33.5,5.6,5.85,5.8,5.8,0.0,0.0,1713500.0
2013-03-27,SCOM,Safaricom Plc,23.5,33.5,5.8,6.0,5.95,5.8,0.15,0.000259,9062600.0
2013-03-28,SCOM,Safaricom Plc,23.5,33.5,5.95,6.2,6.0,5.95,0.05,8.4e-05,6930800.0
2013-04-02,SCOM,Safaricom Plc,23.5,33.5,6.0,6.5,6.0,6.0,0.0,0.0,54838600.0
2013-04-03,SCOM,Safaricom Plc,23.5,33.5,6.05,6.25,6.15,6.0,0.15,0.00025,2484300.0
2013-04-04,SCOM,Safaricom Plc,23.5,33.5,6.15,6.4,6.25,6.15,0.1,0.00016299999999999998,11263400.0
2013-04-05,SCOM,Safaricom Plc,23.5,33.5,6.25,6.4,6.3,6.25,0.05,8e-05,8918200.0
2013-04-08,SCOM,Safaricom Plc,23.5,33.5,6.3,6.4,6.35,6.3,0.05,7.900000000000001e-05,2149600.0
2013-04-10,SCOM,Safaricom Plc,23.5,33.5,6.35,6.6,6.4,6.35,0.05,7.900000000000001e-05,30856700.0
2013-04-11,SCOM,Safaricom Plc,23.5,33.5,6.5,6.6,6.5,6.4,0.1,0.000156,9590300.0
2013-04-12,SCOM,Safaricom Plc,23.5,33.5,6.3,6.55,6.5,6.5,0.0,0.0,11991200.0
2013-04-15,SCOM,Safaricom Plc,23.5,33.5,6.35,6.5,6.4,6.5,-0.1,0.000154,5659000.0
2013-04-16,SCOM,Safaricom Plc,23.5,33.5,6.3,6.5,6.4,6.4,0.0,0.0,13530200.0
2013-04-17,SCOM,Safaricom Plc,23.5,33.5,6.45,6.6,6.45,6.4,0.05,7.8e-05,35563100.0
2013-04-18,SCOM,Safaricom Plc,23.5,33.5,6.55,6.65,6.55,6.45,0.1,0.000155,34860500.0
2013-04-19,SCOM,Safaricom Plc,23.5,33.5,6.55,6.65,6.6,6.55,0.05,7.6e-05,15999800.0
2013-04-22,SCOM,Safaricom Plc,23.5,33.5,6.55,6.65,6.6,6.6,0.0,0.0,15178100.0
2013-04-23,SCOM,Safaricom Plc,23.5,33.5,6.6,6.7,6.6,6.6,0.0,0.0,13175600.0
2013-04-24,SCOM,Safaricom Plc,23.5,33.5,6.6,6.7,6.6,6.6,0.0,0.0,14366000.0
2013-04-25,SCOM,Safaricom Plc,23.5,33.5,6.6,6.7,6.6,6.6,0.0,0.0,6617000.0
2013-04-26,SCOM,Safaricom Plc,23.5,33.5,6.6,6.7,6.65,6.6,0.05,7.6e-05,8185200.0
2013-04-29,SCOM,Safaricom Plc,23.5,33.5,6.65,6.75,6.7,6.65,0.05,7.5e-05,4580400.0
2013-04-30,SCOM,Safaricom Plc,23.5,33.5,6.7,6.95,6.8,6.7,0.1,0.000149,11280000.0
2013-05-02,SCOM,Safaricom Plc,23.5,33.5,6.85,7.1,7.0,6.8,0.2,0.000294,22634500.0
2013-05-03,SCOM,Safaricom Plc,23.5,33.5,7.0,7.2,7.05,7.0,0.05,7.0999999999999e-05,30743900.0
2013-05-06,SCOM,Safaricom Plc,23.5,33.5,7.05,7.15,7.05,7.05,0.0,0.0,32800900.0
2013-05-07,SCOM,Safaricom Plc,23.5,33.5,7.1,7.2,7.1,7.05,0.05,7.0999999999999e-05,21732600.0
2013-05-08,SCOM,Safaricom Plc,23.5,33.5,7.15,7.4,7.2,7.1,0.1,0.00014099999999999998,29998500.0
2013-05-09,SCOM,Safaricom Plc,23.5,33.5,7.1,7.25,7.15,7.2,-0.05,6.9e-05,30263100.0
2013-05-10,SCOM,Safaricom Plc,23.5,33.5,6.8,7.15,6.95,7.15,-0.2,0.000279999999999999,2125900.0
2013-05-13,SCOM,Safaricom Plc,23.5,33.5,6.8,7.0,6.9,6.95,-0.05,7.2e-05,4881400.0
2013-05-14,SCOM,Safaricom Plc,23.5,33.5,6.95,7.2,7.1,6.9,0.2,0.000289999999999999,10310100.0
2013-05-15,SCOM,Safaricom Plc,23.5,33.5,7.15,7.55,7.35,7.1,0.25,0.00035200000000000005,60050800.0
2013-05-16,SCOM,Safaricom Plc,23.5,33.5,7.2,7.3,7.25,7.35,-0.1,0.000136,8847200.0
2013-05-17,SCOM,Safaricom Plc,23.5,33.5,7.1,7.25,7.15,7.25,-0.1,0.000138,6265100.0
2013-05-20,SCOM,Safaricom Plc,23.5,33.5,7.0,7.15,7.0,7.15,-0.15,0.00021,1833500.0
2013-05-21,SCOM,Safaricom Plc,23.5,33.5,7.0,7.2,7.05,7.0,0.05,7.0999999999999e-05,14333600.0
2013-05-22,SCOM,Safaricom Plc,23.5,33.5,7.05,7.2,7.1,7.05,0.05,7.0999999999999e-05,23904800.0
2013-05-23,SCOM,Safaricom Plc,23.5,33.5,7.0,7.1,7.05,7.1,-0.05,6.9999999999999e-05,10233900.0
2013-05-24,SCOM,Safaricom Plc,23.5,33.5,6.9,7.1,7.0,7.05,-0.05,7.0999999999999e-05,5192600.0
2013-05-27,SCOM,Safaricom Plc,23.5,33.5,6.65,7.05,6.95,7.0,-0.05,7.0999999999999e-05,4150600.0
2013-05-28,SCOM,Safaricom Plc,23.5,33.5,7.0,7.15,7.05,6.95,0.1,0.000144,5789000.0
2013-05-29,SCOM,Safaricom Plc,23.5,33.5,7.05,7.25,7.15,7.05,0.1,0.000141999999999999,9113400.0
2013-05-30,SCOM,Safaricom Plc,23.5,33.5,7.15,7.3,7.25,7.15,0.1,0.00013999999999999898,17700000.0
2013-05-31,SCOM,Safaricom Plc,23.5,33.5,7.2,7.3,7.25,7.25,0.0,0.0,33111600.0
2013-06-03,SCOM,Safaricom Plc,23.5,33.5,7.15,7.25,7.15,7.25,-0.1,0.000138,34153300.0
2013-06-04,SCOM,Safaricom Plc,23.5,33.5,7.05,7.2,7.1,7.15,-0.05,6.9999999999999e-05,70200100.0
2013-06-05,SCOM,Safaricom Plc,23.5,33.5,7.05,7.2,7.1,7.1,0.0,0.0,72389500.0
2013-06-06,SCOM,Safaricom Plc,23.5,33.5,7.1,7.25,7.15,7.1,0.05,6.9999999999999e-05,8186500.0
2013-06-07,SCOM,Safaricom Plc,23.5,33.5,7.2,7.25,7.2,7.15,0.05,6.9999999999999e-05,4136800.0
2013-06-10,SCOM,Safaricom Plc,23.5,33.5,7.2,7.35,7.25,7.2,0.05,6.9e-05,5526600.0
2013-06-11,SCOM,Safaricom Plc,23.5,33.5,7.25,7.45,7.35,7.25,0.1,0.000138,16513600.0
2013-06-12,SCOM,Safaricom Plc,23.5,33.5,7.3,7.45,7.35,7.35,0.0,0.0,7464100.0
2013-06-13,SCOM,Safaricom Plc,23.5,33.5,7.2,7.4,7.3,7.35,-0.05,6.8e-05,26270100.0
2013-06-14,SCOM,Safaricom Plc,23.5,33.5,6.6,7.2,7.0,7.3,-0.3,0.00041099999999999996,12910000.0
2013-06-17,SCOM,Safaricom Plc,23.5,33.5,6.5,7.0,6.7,7.0,-0.3,0.000429,24969900.0
2013-06-18,SCOM,Safaricom Plc,23.5,33.5,6.8,7.0,6.9,6.7,0.2,0.000299,2245300.0
2013-06-19,SCOM,Safaricom Plc,23.5,33.5,6.9,7.0,6.9,6.9,0.0,0.0,58646200.0
2013-06-20,SCOM,Safaricom Plc,23.5,33.5,6.7,6.95,6.9,6.9,0.0,0.0,55244500.0
2013-06-21,SCOM,Safaricom Plc,23.5,33.5,6.7,6.85,6.75,6.9,-0.15,0.00021700000000000002,19157800.0
2013-06-24,SCOM,Safaricom Plc,23.5,33.5,6.65,6.75,6.7,6.75,-0.05,7.400000000000001e-05,2140500.0
2013-06-25,SCOM,Safaricom Plc,23.5,33.5,6.65,6.8,6.7,6.7,0.0,0.0,16332200.0
2013-06-26,SCOM,Safaricom Plc,23.5,33.5,6.6,6.75,6.65,6.7,-0.05,7.5e-05,3010800.0
2013-06-27,SCOM,Safaricom Plc,23.5,33.5,6.45,6.65,6.5,6.65,-0.15,0.000226,28678600.0
2013-06-28,SCOM,Safaricom Plc,23.5,33.5,6.45,6.65,6.55,6.5,0.05,7.7e-05,3531900.0
2013-07-01,SCOM,Safaricom Plc,23.5,33.5,6.35,6.6,6.4,6.55,-0.15,0.000229,8276300.0
2013-07-02,SCOM,Safaricom Plc,23.5,33.5,6.15,6.5,6.4,6.4,0.0,0.0,26428700.0
2013-07-03,SCOM,Safaricom Plc,23.5,33.5,6.25,6.5,6.3,6.4,-0.1,0.000156,23658600.0
2013-07-04,SCOM,Safaricom Plc,23.5,33.5,6.3,6.6,6.45,6.3,0.15,0.000237999999999999,7167600.0
2013-07-05,SCOM,Safaricom Plc,23.5,33.5,6.45,6.85,6.75,6.45,0.3,0.00046499999999999997,14025200.0
2013-07-08,SCOM,Safaricom Plc,23.5,33.5,6.55,6.8,6.7,6.75,-0.05,7.400000000000001e-05,33748600.0
2013-07-09,SCOM,Safaricom Plc,23.5,33.5,6.6,6.75,6.65,6.7,-0.05,7.5e-05,7487100.0
2013-07-10,SCOM,Safaricom Plc,23.5,33.5,6.65,6.85,6.75,6.65,0.1,0.00015,20353400.0
2013-07-11,SCOM,Safaricom Plc,23.5,33.5,6.75,7.0,6.9,6.75,0.15,0.000222,1566900.0
2013-07-12,SCOM,Safaricom Plc,23.5,33.5,6.9,7.15,7.05,6.9,0.15,0.00021700000000000002,37894500.0
2013-07-15,SCOM,Safaricom Plc,23.5,33.5,7.1,7.5,7.3,7.05,0.25,0.00035499999999999996,13519500.0
2013-07-16,SCOM,Safaricom Plc,23.5,33.5,7.3,7.5,7.4,7.3,0.1,0.000137,7010600.0
2013-07-17,SCOM,Safaricom Plc,23.5,33.5,7.2,7.55,7.35,7.4,-0.05,6.8e-05,38638900.0
2013-07-18,SCOM,Safaricom Plc,23.5,33.5,7.2,7.45,7.3,7.35,-0.05,6.8e-05,15681700.0
2013-07-19,SCOM,Safaricom Plc,23.5,33.5,7.2,7.35,7.25,7.3,-0.05,6.8e-05,4642900.0
2013-07-22,SCOM,Safaricom Plc,23.5,33.5,7.0,7.3,7.1,7.25,-0.15,0.000207,6956800.0
2013-07-23,SCOM,Safaricom Plc,23.5,33.5,7.0,7.1,7.0,7.1,-0.1,0.00014099999999999998,21684300.0
2013-07-24,SCOM,Safaricom Plc,23.5,33.5,7.0,7.2,7.05,7.0,0.05,7.0999999999999e-05,5058800.0
2013-07-25,SCOM,Safaricom Plc,23.5,33.5,7.05,7.2,7.05,7.05,0.0,0.0,12045400.0
2013-07-26,SCOM,Safaricom Plc,23.5,33.5,7.05,7.3,7.15,7.05,0.1,0.000141999999999999,1336400.0
2013-07-29,SCOM,Safaricom Plc,23.5,33.5,7.15,7.3,7.15,7.15,0.0,0.0,10206100.0
2013-07-30,SCOM,Safaricom Plc,23.5,33.5,7.15,7.35,7.25,7.15,0.1,0.00013999999999999898,12127500.0
2013-07-31,SCOM,Safaricom Plc,23.5,33.5,7.2,7.35,7.25,7.25,0.0,0.0,13754500.0
2013-08-01,SCOM,Safaricom Plc,23.5,33.5,7.2,7.3,7.25,7.25,0.0,0.0,8039200.0
2013-08-02,SCOM,Safaricom Plc,23.5,33.5,7.25,7.35,7.25,7.25,0.0,0.0,9789000.0
2013-08-05,SCOM,Safaricom Plc,23.5,33.5,7.1,7.35,7.3,7.25,0.05,6.9e-05,11565200.0
2013-08-06,SCOM,Safaricom Plc,23.5,33.5,7.3,7.35,7.3,7.3,0.0,0.0,1813700.0
2013-08-07,SCOM,Safaricom Plc,23.5,33.5,7.3,7.5,7.4,7.3,0.1,0.000137,4234600.0
2013-08-08,SCOM,Safaricom Plc,23.5,33.5,7.4,8.0,7.7,7.4,0.3,0.00040500000000000003,13817300.0
2013-08-12,SCOM,Safaricom Plc,23.5,33.5,7.5,8.0,7.85,7.7,0.15,0.000195,9460300.0
2013-08-13,SCOM,Safaricom Plc,23.5,33.5,7.65,7.75,7.65,7.85,-0.2,0.00025499999999999996,3467600.0
2013-08-14,SCOM,Safaricom Plc,23.5,33.5,7.65,7.85,7.75,7.65,0.1,0.000131,21897500.0
2013-08-15,SCOM,Safaricom Plc,23.5,33.5,7.7,8.0,7.9,7.75,0.15,0.000194,16757700.0
2013-08-16,SCOM,Safaricom Plc,23.5,33.5,7.9,8.15,8.05,7.9,0.15,0.00018999999999999998,23901900.0
2013-08-19,SCOM,Safaricom Plc,23.5,33.5,8.0,8.25,8.15,8.05,0.1,0.000124,22200600.0
2013-08-20,SCOM,Safaricom Plc,23.5,33.5,8.15,8.25,8.2,8.15,0.05,6.0999999999998996e-05,9694100.0
2013-08-21,SCOM,Safaricom Plc,23.5,33.5,8.0,8.2,8.05,8.2,-0.15,0.000183,11974700.0
2013-08-22,SCOM,Safaricom Plc,23.5,33.5,7.85,8.05,7.95,8.05,-0.1,0.000124,5167200.0
2013-08-23,SCOM,Safaricom Plc,23.5,33.5,7.85,7.95,7.9,7.95,-0.05,6.3e-05,3248800.0
2013-08-26,SCOM,Safaricom Plc,23.5,33.5,7.9,8.0,7.9,7.9,0.0,0.0,17776900.0
2013-08-27,SCOM,Safaricom Plc,23.5,33.5,7.65,7.95,7.75,7.9,-0.15,0.00018999999999999998,9072900.0
2013-08-28,SCOM,Safaricom Plc,23.5,33.5,7.45,7.75,7.5,7.75,-0.25,0.00032300000000000004,28182000.0
2013-08-29,SCOM,Safaricom Plc,23.5,33.5,7.45,7.8,7.65,7.5,0.15,0.0002,113855500.0
2013-08-30,SCOM,Safaricom Plc,23.5,33.5,7.6,7.8,7.65,7.65,0.0,0.0,14218600.0
2013-09-02,SCOM,Safaricom Plc,23.5,33.5,7.6,7.8,7.65,7.65,0.0,0.0,1303400.0
2013-09-03,SCOM,Safaricom Plc,23.5,33.5,7.7,7.85,7.75,7.65,0.1,0.000131,2801000.0
2013-09-04,SCOM,Safaricom Plc,23.5,33.5,7.7,7.85,7.8,7.75,0.05,6.5e-05,12535100.0
2013-09-05,SCOM,Safaricom Plc,23.5,33.5,7.75,7.9,7.85,7.8,0.05,6.4e-05,4949900.0
2013-09-06,SCOM,Safaricom Plc,23.5,33.5,7.75,7.9,7.85,7.85,0.0,0.0,36501600.0
2013-09-09,SCOM,Safaricom Plc,23.5,33.5,7.8,8.25,8.05,7.85,0.2,0.00025499999999999996,11180800.0
2013-09-10,SCOM,Safaricom Plc,23.5,33.5,8.05,8.15,8.05,8.05,0.0,0.0,7021400.0
2013-09-11,SCOM,Safaricom Plc,23.5,33.5,8.05,8.15,8.05,8.05,0.0,0.0,15396700.0
2013-09-12,SCOM,Safaricom Plc,23.5,33.5,8.05,8.15,8.05,8.05,0.0,0.0,14291500.0
2013-09-13,SCOM,Safaricom Plc,23.5,33.5,7.8,8.1,8.0,8.05,-0.05,6.2e-05,13662100.0
2013-09-16,SCOM,Safaricom Plc,23.5,33.5,8.05,8.15,8.1,8.0,0.1,0.000125,13316300.0
2013-09-17,SCOM,Safaricom Plc,23.5,33.5,8.1,8.25,8.15,8.1,0.05,6.2e-05,21742500.0
2013-09-18,SCOM,Safaricom Plc,23.5,33.5,8.2,8.3,8.2,8.15,0.05,6.0999999999998996e-05,7846100.0
2013-09-19,SCOM,Safaricom Plc,23.5,33.5,8.2,8.5,8.35,8.2,0.15,0.000183,6370100.0
2013-09-20,SCOM,Safaricom Plc,23.5,33.5,8.35,8.7,8.5,8.35,0.15,0.00017999999999999998,16935100.0
2013-09-23,SCOM,Safaricom Plc,23.5,33.5,8.2,8.5,8.3,8.5,-0.2,0.000235,9325300.0
2013-09-24,SCOM,Safaricom Plc,23.5,33.5,8.2,8.35,8.25,8.3,-0.05,6e-05,31587500.0
2013-09-25,SCOM,Safaricom Plc,23.5,33.5,8.3,8.45,8.35,8.25,0.1,0.000121,29896700.0
2013-09-26,SCOM,Safaricom Plc,23.5,33.5,8.3,8.5,8.35,8.35,0.0,0.0,8202100.0
2013-09-27,SCOM,Safaricom Plc,23.5,33.5,8.25,8.4,8.3,8.35,-0.05,6e-05,7266800.0
2013-09-30,SCOM,Safaricom Plc,23.5,33.5,8.25,8.7,8.5,8.3,0.2,0.000241,7222700.0
2013-10-02,SCOM,Safaricom Plc,23.5,33.5,8.55,8.95,8.75,8.5,0.25,0.000294,14190800.0
2013-10-03,SCOM,Safaricom Plc,23.5,33.5,8.7,9.0,8.9,8.75,0.15,0.000171,16366000.0
2013-10-04,SCOM,Safaricom Plc,23.5,33.5,8.9,8.95,8.9,8.9,0.0,0.0,15068000.0
2013-10-07,SCOM,Safaricom Plc,23.5,33.5,8.9,9.25,9.1,8.9,0.2,0.000225,28539600.0
2013-10-08,SCOM,Safaricom Plc,23.5,33.5,9.2,9.5,9.4,9.1,0.3,0.00033,28031700.0
2013-10-09,SCOM,Safaricom Plc,23.5,33.5,9.1,9.4,9.1,9.4,-0.3,0.000319,25058600.0
2013-10-10,SCOM,Safaricom Plc,23.5,33.5,8.8,9.15,9.0,9.1,-0.1,0.00010999999999999999,39745300.0
2013-10-11,SCOM,Safaricom Plc,23.5,33.5,8.95,9.1,9.0,9.0,0.0,0.0,62118500.0
2013-10-14,SCOM,Safaricom Plc,23.5,33.5,9.0,9.25,9.05,9.0,0.05,5.6e-05,26199600.0
2013-10-15,SCOM,Safaricom Plc,23.5,33.5,9.1,9.2,9.15,9.05,0.1,0.00010999999999999999,25164800.0
2013-10-16,SCOM,Safaricom Plc,23.5,33.5,9.1,9.25,9.15,9.15,0.0,0.0,15945400.0
2013-10-17,SCOM,Safaricom Plc,23.5,33.5,9.05,9.2,9.1,9.15,-0.05,5.4999999999999995e-05,4018200.0
2013-10-18,SCOM,Safaricom Plc,23.5,33.5,9.05,9.15,9.05,9.1,-0.05,5.4999999999999995e-05,21021100.0
2013-10-22,SCOM,Safaricom Plc,23.5,33.5,8.85,9.15,8.95,9.05,-0.1,0.00010999999999999999,3797400.0
2013-10-23,SCOM,Safaricom Plc,23.5,33.5,8.2,9.1,9.0,8.95,0.05,5.6e-05,45102200.0
2013-10-24,SCOM,Safaricom Plc,23.5,33.5,8.8,9.1,9.0,9.0,0.0,0.0,36331700.0
2013-10-25,SCOM,Safaricom Plc,23.5,33.5,8.9,9.05,9.0,9.0,0.0,0.0,10873700.0
2013-10-28,SCOM,Safaricom Plc,23.5,33.5,8.95,9.1,9.0,9.0,0.0,0.0,2188200.0
2013-10-30,SCOM,Safaricom Plc,23.5,33.5,9.05,9.4,9.25,9.0,0.25,0.000278,18021100.0
2013-10-31,SCOM,Safaricom Plc,23.5,33.5,9.25,9.7,9.45,9.25,0.2,0.00021600000000000002,15883600.0
2013-11-01,SCOM,Safaricom Plc,23.5,33.5,9.5,9.7,9.55,9.45,0.1,0.000106,3385100.0
2013-11-04,SCOM,Safaricom Plc,23.5,33.5,9.5,9.9,9.7,9.55,0.15,0.000157,15069100.0
2013-11-05,SCOM,Safaricom Plc,23.5,33.5,9.3,9.8,9.65,9.7,-0.05,5.2e-05,16228500.0
2013-11-06,SCOM,Safaricom Plc,23.5,33.5,9.45,10.2,9.7,9.65,0.05,5.2e-05,42027500.0
2013-11-07,SCOM,Safaricom Plc,23.5,33.5,9.45,9.95,9.85,9.7,0.15,0.000155,23779100.0
2013-11-08,SCOM,Safaricom Plc,23.5,33.5,9.6,9.95,9.75,9.85,-0.1,0.00010200000000000001,13603000.0
2013-11-11,SCOM,Safaricom Plc,23.5,33.5,9.5,9.9,9.8,9.75,0.05,5.1000000000000006e-05,7118600.0
2013-11-12,SCOM,Safaricom Plc,23.5,33.5,9.75,9.9,9.8,9.8,0.0,0.0,9921600.0
2013-11-13,SCOM,Safaricom Plc,23.5,33.5,9.75,10.0,9.8,9.8,0.0,0.0,5726800.0
2013-11-14,SCOM,Safaricom Plc,23.5,33.5,9.8,9.95,9.85,9.8,0.05,5.1000000000000006e-05,16212800.0
2013-11-15,SCOM,Safaricom Plc,23.5,33.5,9.8,9.95,9.85,9.85,0.0,0.0,8734200.0
2013-11-18,SCOM,Safaricom Plc,23.5,33.5,9.85,10.0,9.9,9.85,0.05,5.1000000000000006e-05,6523800.0
2013-11-19,SCOM,Safaricom Plc,23.5,33.5,9.85,10.1,9.95,9.9,0.05,5.1000000000000006e-05,8028500.0
2013-11-20,SCOM,Safaricom Plc,23.5,33.5,9.95,10.3,10.05,9.95,0.1,0.000101,6695300.0
2013-11-21,SCOM,Safaricom Plc,23.5,33.5,10.2,10.75,10.6,10.05,0.55,0.000547,22969200.0
2013-11-22,SCOM,Safaricom Plc,23.5,33.5,10.6,10.9,10.75,10.6,0.15,0.000141999999999999,33610800.0
2013-11-25,SCOM,Safaricom Plc,23.5,33.5,10.8,11.05,10.9,10.75,0.15,0.00013999999999999898,13825900.0
2013-11-26,SCOM,Safaricom Plc,23.5,33.5,10.95,11.1,11.0,10.9,0.1,9.2e-05,53436600.0
2013-11-27,SCOM,Safaricom Plc,23.5,33.5,10.95,11.2,11.0,11.0,0.0,0.0,9019600.0
2013-11-28,SCOM,Safaricom Plc,23.5,33.5,10.9,11.1,11.0,11.0,0.0,0.0,9098700.0
2013-11-29,SCOM,Safaricom Plc,23.5,33.5,10.6,10.95,10.8,11.0,-0.2,0.000182,2616000.0
2013-12-02,SCOM,Safaricom Plc,23.5,33.5,10.55,11.0,10.85,10.8,0.05,4.6e-05,2933000.0
2013-12-03,SCOM,Safaricom Plc,23.5,33.5,10.75,11.0,10.8,10.85,-0.05,4.6e-05,9111800.0
2013-12-04,SCOM,Safaricom Plc,23.5,33.5,10.55,10.85,10.75,10.8,-0.05,4.6e-05,12502700.0
2013-12-05,SCOM,Safaricom Plc,23.5,33.5,10.0,10.7,10.35,10.75,-0.4,0.000372,24091700.0
2013-12-06,SCOM,Safaricom Plc,23.5,33.5,10.2,10.5,10.35,10.35,0.0,0.0,16082000.0
2013-12-09,SCOM,Safaricom Plc,23.5,33.5,10.25,10.4,10.35,10.35,0.0,0.0,12760900.0
2013-12-10,SCOM,Safaricom Plc,23.5,33.5,10.1,10.35,10.2,10.35,-0.15,0.000144999999999999,23965300.0
2013-12-11,SCOM,Safaricom Plc,23.5,33.5,9.9,10.2,10.05,10.2,-0.15,0.000147,26984800.0
2013-12-16,SCOM,Safaricom Plc,23.5,33.5,9.6,10.1,10.0,10.05,-0.05,5e-05,15646100.0
2013-12-17,SCOM,Safaricom Plc,23.5,33.5,9.7,10.0,9.85,10.0,-0.15,0.00015,22464500.0
2013-12-18,SCOM,Safaricom Plc,23.5,33.5,9.85,10.0,9.9,9.85,0.05,5.1000000000000006e-05,15350300.0
2013-12-19,SCOM,Safaricom Plc,23.5,33.5,9.95,10.1,10.0,9.9,0.1,0.000101,16590300.0
2013-12-20,SCOM,Safaricom Plc,23.5,33.5,10.0,10.15,10.05,10.0,0.05,5e-05,8710700.0
2013-12-23,SCOM,Safaricom Plc,23.5,33.5,10.1,10.5,10.25,10.05,0.2,0.000199,2638900.0
2013-12-24,SCOM,Safaricom Plc,23.5,33.5,10.4,11.0,10.85,10.25,0.6,0.000584999999999999,2988400.0
2013-12-27,SCOM,Safaricom Plc,23.5,33.5,10.55,10.9,10.75,10.85,-0.1,9.2e-05,7547100.0
2013-12-30,SCOM,Safaricom Plc,23.5,33.5,10.6,11.0,10.85,10.75,0.1,9.3e-05,11065200.0
2013-12-31,SCOM,Safaricom Plc,23.5,33.5,10.8,10.95,10.85,10.85,0.0,0.0,2461000.0
2014-01-02,SCOM,Safaricom Plc,23.5,33.5,10.6,10.9,10.7,10.85,-0.15,0.000138,3505300.0
2014-01-03,SCOM,Safaricom Plc,23.5,33.5,10.75,10.95,10.8,10.7,0.1,9.3e-05,2712300.0
2014-01-06,SCOM,Safaricom Plc,23.5,33.5,10.8,11.15,11.05,10.8,0.25,0.00023099999999999998,9518700.0
2014-01-07,SCOM,Safaricom Plc,23.5,33.5,11.0,11.15,11.1,11.05,0.05,4.4999999999999996e-05,5567900.0
2014-01-08,SCOM,Safaricom Plc,23.5,33.5,11.1,11.65,11.35,11.1,0.25,0.000225,6687700.0
2014-01-09,SCOM,Safaricom Plc,23.5,33.5,11.55,11.95,11.7,11.35,0.35,0.000308,24759300.0
2014-01-10,SCOM,Safaricom Plc,23.5,33.5,11.45,11.95,11.75,11.7,0.05,4.3e-05,33430100.0
2014-01-13,SCOM,Safaricom Plc,23.5,33.5,11.35,11.75,11.65,11.75,-0.1,8.5e-05,19464800.0
2014-01-14,SCOM,Safaricom Plc,23.5,33.5,11.45,11.75,11.65,11.65,0.0,0.0,5696200.0
2014-01-15,SCOM,Safaricom Plc,23.5,33.5,11.35,11.75,11.7,11.65,0.05,4.3e-05,8768600.0
2014-01-16,SCOM,Safaricom Plc,23.5,33.5,11.4,11.75,11.5,11.7,-0.2,0.000171,9563700.0
2014-01-17,SCOM,Safaricom Plc,23.5,33.5,11.5,11.6,11.5,11.5,0.0,0.0,1929300.0
2014-01-20,SCOM,Safaricom Plc,23.5,33.5,11.4,11.8,11.7,11.5,0.2,0.000174,7604500.0
2014-01-21,SCOM,Safaricom Plc,23.5,33.5,11.65,12.0,11.75,11.7,0.05,4.3e-05,11310200.0
2014-01-22,SCOM,Safaricom Plc,23.5,33.5,11.75,12.1,12.0,11.75,0.25,0.000213,10583500.0
2014-01-23,SCOM,Safaricom Plc,23.5,33.5,11.95,12.2,12.05,12.0,0.05,4.2e-05,9787700.0
2014-01-24,SCOM,Safaricom Plc,23.5,33.5,12.2,12.8,12.45,12.05,0.4,0.000332,16036000.0
2014-01-27,SCOM,Safaricom Plc,23.5,33.5,12.25,12.6,12.35,12.45,-0.1,8e-05,43172300.0
2014-01-28,SCOM,Safaricom Plc,23.5,33.5,12.0,12.4,12.05,12.35,-0.3,0.000243,10102900.0
2014-01-29,SCOM,Safaricom Plc,23.5,33.5,11.75,12.05,11.85,12.05,-0.2,0.000166,14127300.0
2014-01-30,SCOM,Safaricom Plc,23.5,33.5,11.4,11.8,11.5,11.85,-0.35,0.00029499999999999996,16648600.0
2014-01-31,SCOM,Safaricom Plc,23.5,33.5,10.6,11.45,11.0,11.5,-0.5,0.00043499999999999995,12358600.0
2014-02-03,SCOM,Safaricom Plc,23.5,33.5,11.0,11.4,11.2,11.0,0.2,0.000182,15522400.0
2014-02-04,SCOM,Safaricom Plc,23.5,33.5,11.3,11.5,11.35,11.2,0.15,0.000134,6645500.0
2014-02-05,SCOM,Safaricom Plc,23.5,33.5,11.3,11.85,11.45,11.35,0.1,8.800000000000001e-05,2274400.0
2014-02-06,SCOM,Safaricom Plc,23.5,33.5,11.5,12.05,11.95,11.45,0.5,0.00043700000000000005,28879200.0
2014-02-07,SCOM,Safaricom Plc,23.5,33.5,11.75,12.0,11.85,11.95,-0.1,8.4e-05,8470400.0
2014-02-10,SCOM,Safaricom Plc,23.5,33.5,11.55,11.85,11.75,11.85,-0.1,8.4e-05,12189800.0
2014-02-11,SCOM,Safaricom Plc,23.5,33.5,11.7,11.85,11.75,11.75,0.0,0.0,14579100.0
2014-02-12,SCOM,Safaricom Plc,23.5,33.5,11.75,11.95,11.8,11.75,0.05,4.3e-05,5417600.0
2014-02-13,SCOM,Safaricom Plc,23.5,33.5,11.65,11.8,11.7,11.8,-0.1,8.5e-05,15770600.0
2014-02-14,SCOM,Safaricom Plc,23.5,33.5,11.7,12.0,11.8,11.7,0.1,8.5e-05,2456600.0
2014-02-17,SCOM,Safaricom Plc,23.5,33.5,11.5,11.85,11.65,11.8,-0.15,0.000127,9360200.0
2014-02-18,SCOM,Safaricom Plc,23.5,33.5,11.45,11.65,11.5,11.65,-0.15,0.000129,6678900.0
2014-02-19,SCOM,Safaricom Plc,23.5,33.5,11.35,11.6,11.4,11.5,-0.1,8.7e-05,10003200.0
2014-02-20,SCOM,Safaricom Plc,23.5,33.5,11.3,11.5,11.4,11.4,0.0,0.0,15919500.0
2014-02-21,SCOM,Safaricom Plc,23.5,33.5,11.35,11.5,11.4,11.4,0.0,0.0,11717000.0
2014-02-24,SCOM,Safaricom Plc,23.5,33.5,11.35,11.5,11.45,11.4,0.05,4.4000000000000006e-05,9234400.0
2014-02-25,SCOM,Safaricom Plc,23.5,33.5,11.4,11.75,11.55,11.45,0.1,8.7e-05,10625600.0
2014-02-26,SCOM,Safaricom Plc,23.5,33.5,11.55,11.75,11.65,11.55,0.1,8.7e-05,6333900.0
2014-02-27,SCOM,Safaricom Plc,23.5,33.5,11.55,11.8,11.65,11.65,0.0,0.0,5137800.0
2014-02-28,SCOM,Safaricom Plc,23.5,33.5,11.65,11.8,11.7,11.65,0.05,4.3e-05,19983300.0
2014-03-03,SCOM,Safaricom Plc,23.5,33.5,11.65,11.75,11.7,11.7,0.0,0.0,2948800.0
2014-03-04,SCOM,Safaricom Plc,23.5,33.5,11.7,11.8,11.7,11.7,0.0,0.0,5002800.0
2014-03-05,SCOM,Safaricom Plc,23.5,33.5,11.65,11.8,11.7,11.7,0.0,0.0,16394100.0
2014-03-06,SCOM,Safaricom Plc,23.5,33.5,11.7,11.9,11.75,11.7,0.05,4.3e-05,27446000.0
2014-03-07,SCOM,Safaricom Plc,23.5,33.5,11.7,11.85,11.75,11.75,0.0,0.0,11849400.0
2014-03-10,SCOM,Safaricom Plc,23.5,33.5,11.75,11.9,11.75,11.75,0.0,0.0,7072200.0
2014-03-11,SCOM,Safaricom Plc,23.5,33.5,11.75,11.9,11.8,11.75,0.05,4.3e-05,5713100.0
2014-03-12,SCOM,Safaricom Plc,23.5,33.5,11.75,12.1,11.9,11.8,0.1,8.5e-05,3238500.0
2014-03-13,SCOM,Safaricom Plc,23.5,33.5,12.0,12.6,12.35,11.9,0.45,0.000378,12734700.0
2014-03-14,SCOM,Safaricom Plc,23.5,33.5,12.0,12.35,12.05,12.35,-0.3,0.000243,2588100.0
2014-03-17,SCOM,Safaricom Plc,23.5,33.5,12.0,12.3,12.1,12.05,0.05,4.0999999999999e-05,6354500.0
2014-03-18,SCOM,Safaricom Plc,23.5,33.5,12.1,12.3,12.2,12.1,0.1,8.3e-05,11639300.0
2014-03-19,SCOM,Safaricom Plc,23.5,33.5,12.2,12.5,12.3,12.2,0.1,8.1999999999999e-05,3057400.0
2014-03-20,SCOM,Safaricom Plc,23.5,33.5,12.3,12.6,12.45,12.3,0.15,0.00012199999999999901,27550400.0
2014-03-21,SCOM,Safaricom Plc,23.5,33.5,12.4,12.65,12.55,12.45,0.1,8e-05,28834000.0
2014-03-24,SCOM,Safaricom Plc,23.5,33.5,12.1,12.7,12.35,12.55,-0.2,0.00015900000000000002,8573900.0
2014-03-25,SCOM,Safaricom Plc,23.5,33.5,12.15,12.6,12.35,12.35,0.0,0.0,3438300.0
2014-03-26,SCOM,Safaricom Plc,23.5,33.5,12.3,12.6,12.45,12.35,0.1,8.099999999999999e-05,15823300.0
2014-03-27,SCOM,Safaricom Plc,23.5,33.5,12.1,12.4,12.35,12.45,-0.1,8e-05,3502000.0
2014-03-28,SCOM,Safaricom Plc,23.5,33.5,12.25,12.35,12.3,12.35,-0.05,4e-05,15324500.0
2014-03-31,SCOM,Safaricom Plc,23.5,33.5,12.3,12.4,12.35,12.3,0.05,4.0999999999999e-05,12780900.0
2014-04-01,SCOM,Safaricom Plc,23.5,33.5,12.35,12.5,12.35,12.35,0.0,0.0,2477700.0
2014-04-02,SCOM,Safaricom Plc,23.5,33.5,12.35,12.5,12.4,12.35,0.05,4e-05,3466800.0
2014-04-03,SCOM,Safaricom Plc,23.5,33.5,12.4,12.6,12.45,12.4,0.05,4e-05,15731200.0
2014-04-04,SCOM,Safaricom Plc,23.5,33.5,12.35,12.5,12.4,12.45,-0.05,4e-05,2400000.0
2014-04-07,SCOM,Safaricom Plc,23.5,33.5,12.35,12.6,12.45,12.4,0.05,4e-05,18909000.0
2014-04-08,SCOM,Safaricom Plc,23.5,33.5,12.3,12.45,12.35,12.45,-0.1,8e-05,13670300.0
2014-04-09,SCOM,Safaricom Plc,23.5,33.5,12.3,12.5,12.45,12.35,0.1,8.099999999999999e-05,4050300.0
2014-04-10,SCOM,Safaricom Plc,23.5,33.5,12.4,13.0,12.75,12.45,0.3,0.000241,7223000.0
2014-04-11,SCOM,Safaricom Plc,23.5,33.5,12.6,13.0,12.75,12.75,0.0,0.0,123202200.0
2014-04-14,SCOM,Safaricom Plc,23.5,33.5,12.7,13.0,12.85,12.75,0.1,7.8e-05,22422500.0
2014-04-15,SCOM,Safaricom Plc,23.5,33.5,12.8,13.3,13.1,12.85,0.25,0.000195,12531300.0
2014-04-16,SCOM,Safaricom Plc,23.5,33.5,13.1,13.4,13.2,13.1,0.1,7.6e-05,11279300.0
2014-04-17,SCOM,Safaricom Plc,23.5,33.5,13.1,13.3,13.2,13.2,0.0,0.0,3060400.0
2014-04-22,SCOM,Safaricom Plc,23.5,33.5,13.1,13.3,13.2,13.2,0.0,0.0,11643500.0
2014-04-23,SCOM,Safaricom Plc,23.5,33.5,12.9,13.1,13.0,13.2,-0.2,0.000152,14446200.0
2014-04-24,SCOM,Safaricom Plc,23.5,33.5,13.0,13.3,13.15,13.0,0.15,0.000115,8281500.0
2014-04-25,SCOM,Safaricom Plc,23.5,33.5,13.0,13.2,13.05,13.15,-0.1,7.6e-05,28500300.0
2014-04-28,SCOM,Safaricom Plc,23.5,33.5,13.0,13.1,13.0,13.05,-0.05,3.8e-05,4088800.0
2014-04-29,SCOM,Safaricom Plc,23.5,33.5,13.0,13.2,13.05,13.0,0.05,3.8e-05,3296700.0
2014-04-30,SCOM,Safaricom Plc,23.5,33.5,13.1,13.2,13.1,13.05,0.05,3.8e-05,69200000.0
2014-05-02,SCOM,Safaricom Plc,23.5,33.5,13.05,13.2,13.05,13.1,-0.05,3.8e-05,6018500.0
2014-05-05,SCOM,Safaricom Plc,23.5,33.5,12.85,13.1,13.0,13.05,-0.05,3.8e-05,13778900.0
2014-05-06,SCOM,Safaricom Plc,23.5,33.5,12.7,13.0,12.8,13.0,-0.2,0.000154,28683400.0
2014-05-07,SCOM,Safaricom Plc,23.5,33.5,12.75,13.0,12.9,12.8,0.1,7.8e-05,17359800.0
2014-05-08,SCOM,Safaricom Plc,23.5,33.5,12.75,13.0,12.8,12.9,-0.1,7.8e-05,27769900.0
2014-05-09,SCOM,Safaricom Plc,23.5,33.5,12.75,13.05,12.85,12.8,0.05,3.9e-05,36351500.0
2014-05-12,SCOM,Safaricom Plc,23.5,33.5,12.8,13.0,12.9,12.85,0.05,3.9e-05,4138900.0
2014-05-13,SCOM,Safaricom Plc,23.5,33.5,12.75,13.1,12.85,12.9,-0.05,3.9e-05,11946100.0
2014-05-14,SCOM,Safaricom Plc,23.5,33.5,12.1,12.9,12.6,12.85,-0.25,0.000195,12960100.0
2014-05-15,SCOM,Safaricom Plc,23.5,33.5,12.5,12.7,12.6,12.6,0.0,0.0,21422100.0
2014-05-16,SCOM,Safaricom Plc,23.5,33.5,12.65,13.2,12.85,12.6,0.25,0.000197999999999999,57811000.0
2014-05-19,SCOM,Safaricom Plc,23.5,33.5,12.9,13.1,13.0,12.85,0.15,0.000116999999999999,3512300.0
2014-05-20,SCOM,Safaricom Plc,23.5,33.5,12.95,13.1,13.0,13.0,0.0,0.0,12051700.0
2014-05-21,SCOM,Safaricom Plc,23.5,33.5,13.0,13.2,13.05,13.0,0.05,3.8e-05,55250100.0
2014-05-22,SCOM,Safaricom Plc,23.5,33.5,12.85,13.1,13.0,13.05,-0.05,3.8e-05,6087000.0
2014-05-23,SCOM,Safaricom Plc,23.5,33.5,12.75,13.05,12.95,13.0,-0.05,3.8e-05,2740100.0
2014-05-26,SCOM,Safaricom Plc,23.5,33.5,12.95,13.05,13.0,12.95,0.05,3.9e-05,2205600.0
2014-05-27,SCOM,Safaricom Plc,23.5,33.5,12.95,13.05,12.95,13.0,-0.05,3.8e-05,17520800.0
2014-05-28,SCOM,Safaricom Plc,23.5,33.5,12.9,13.0,12.95,12.95,0.0,0.0,23771200.0
2014-05-29,SCOM,Safaricom Plc,23.5,33.5,12.9,13.05,12.95,12.95,0.0,0.0,29625500.0
2014-05-30,SCOM,Safaricom Plc,23.5,33.5,12.9,13.1,12.95,12.95,0.0,0.0,16305600.0
2014-06-03,SCOM,Safaricom Plc,23.5,33.5,12.7,12.95,12.8,12.95,-0.15,0.00011599999999999999,44054800.0
2014-06-04,SCOM,Safaricom Plc,23.5,33.5,12.8,12.9,12.8,12.8,0.0,0.0,19833200.0
2014-06-05,SCOM,Safaricom Plc,23.5,33.5,12.8,12.95,12.8,12.8,0.0,0.0,31256100.0
2014-06-06,SCOM,Safaricom Plc,23.5,33.5,12.8,12.95,12.8,12.8,0.0,0.0,1601800.0
2014-06-09,SCOM,Safaricom Plc,23.5,33.5,12.8,12.95,12.85,12.8,0.05,3.9e-05,16148100.0
2014-06-10,SCOM,Safaricom Plc,23.5,33.5,12.8,12.9,12.8,12.85,-0.05,3.9e-05,19395500.0
2014-06-11,SCOM,Safaricom Plc,23.5,33.5,12.8,13.05,12.9,12.8,0.1,7.8e-05,10997000.0
2014-06-12,SCOM,Safaricom Plc,23.5,33.5,12.85,13.0,12.95,12.9,0.05,3.9e-05,15644600.0
2014-06-13,SCOM,Safaricom Plc,23.5,33.5,12.85,13.0,12.9,12.95,-0.05,3.9e-05,4039300.0
2014-06-16,SCOM,Safaricom Plc,23.5,33.5,12.8,12.95,12.85,12.9,-0.05,3.9e-05,1405300.0
2014-06-17,SCOM,Safaricom Plc,23.5,33.5,12.8,12.9,12.85,12.85,0.0,0.0,14527700.0
2014-06-18,SCOM,Safaricom Plc,23.5,33.5,12.7,12.9,12.8,12.85,-0.05,3.9e-05,44456300.0
2014-06-19,SCOM,Safaricom Plc,23.5,33.5,12.55,12.85,12.8,12.8,0.0,0.0,8809600.0
2014-06-20,SCOM,Safaricom Plc,23.5,33.5,12.75,12.9,12.8,12.8,0.0,0.0,16252000.0
2014-06-23,SCOM,Safaricom Plc,23.5,33.5,12.75,12.85,12.8,12.8,0.0,0.0,8832500.0
2014-06-24,SCOM,Safaricom Plc,23.5,33.5,12.5,12.8,12.65,12.8,-0.15,0.000116999999999999,19784600.0
2014-06-25,SCOM,Safaricom Plc,23.5,33.5,12.0,12.7,12.55,12.65,-0.1,7.900000000000001e-05,17582800.0
2014-06-26,SCOM,Safaricom Plc,23.5,33.5,12.2,12.5,12.35,12.55,-0.2,0.00015900000000000002,24167500.0
2014-06-27,SCOM,Safaricom Plc,23.5,33.5,12.35,12.55,12.45,12.35,0.1,8.099999999999999e-05,22856800.0
2014-06-30,SCOM,Safaricom Plc,23.5,33.5,12.45,12.6,12.45,12.45,0.0,0.0,6483900.0
2014-07-01,SCOM,Safaricom Plc,23.5,33.5,12.5,13.0,12.65,12.45,0.2,0.000161,17983200.0
2014-07-02,SCOM,Safaricom Plc,23.5,33.5,12.55,13.05,12.95,12.65,0.3,0.000237,17905600.0
2014-07-03,SCOM,Safaricom Plc,23.5,33.5,12.55,12.8,12.75,12.95,-0.2,0.000154,1593600.0
2014-07-04,SCOM,Safaricom Plc,23.5,33.5,12.65,12.8,12.7,12.75,-0.05,3.9e-05,1794200.0
2014-07-07,SCOM,Safaricom Plc,23.5,33.5,12.7,12.9,12.75,12.7,0.05,3.9e-05,24368300.0
2014-07-08,SCOM,Safaricom Plc,23.5,33.5,12.7,12.95,12.7,12.75,-0.05,3.9e-05,67818500.0
2014-07-09,SCOM,Safaricom Plc,23.5,33.5,12.65,12.85,12.7,12.7,0.0,0.0,6323700.0
2014-07-10,SCOM,Safaricom Plc,23.5,33.5,12.5,12.75,12.55,12.7,-0.15,0.000118,10893200.0
2014-07-11,SCOM,Safaricom Plc,23.5,33.5,12.2,12.6,12.4,12.55,-0.15,0.00012,2342400.0
2014-07-14,SCOM,Safaricom Plc,23.5,33.5,12.3,12.5,12.35,12.4,-0.05,4e-05,11875900.0
2014-07-15,SCOM,Safaricom Plc,23.5,33.5,12.3,12.45,12.3,12.35,-0.05,4e-05,8040700.0
2014-07-16,SCOM,Safaricom Plc,23.5,33.5,12.1,12.35,12.15,12.3,-0.15,0.00012199999999999901,12245800.0
2014-07-17,SCOM,Safaricom Plc,23.5,33.5,12.0,12.2,12.05,12.15,-0.1,8.1999999999999e-05,24871900.0
2014-07-18,SCOM,Safaricom Plc,23.5,33.5,12.05,12.25,12.1,12.05,0.05,4.0999999999999e-05,15452000.0
2014-07-21,SCOM,Safaricom Plc,23.5,33.5,11.85,12.15,12.0,12.1,-0.1,8.3e-05,26140900.0
2014-07-22,SCOM,Safaricom Plc,23.5,33.5,11.75,12.05,11.95,12.0,-0.05,4.2e-05,19815700.0
2014-07-23,SCOM,Safaricom Plc,23.5,33.5,12.0,12.1,12.05,11.95,0.1,8.4e-05,9104000.0
2014-07-24,SCOM,Safaricom Plc,23.5,33.5,12.0,12.1,12.0,12.05,-0.05,4.0999999999999e-05,4183900.0
2014-07-25,SCOM,Safaricom Plc,23.5,33.5,12.0,12.35,12.2,12.0,0.2,0.000167,24481200.0
2014-07-28,SCOM,Safaricom Plc,23.5,33.5,11.9,12.3,12.0,12.2,-0.2,0.000163999999999999,4541300.0
2014-07-30,SCOM,Safaricom Plc,23.5,33.5,11.95,12.1,12.05,12.0,0.05,4.2e-05,10487800.0
2014-07-31,SCOM,Safaricom Plc,23.5,33.5,12.05,12.4,12.2,12.05,0.15,0.000124,5114900.0
2014-08-01,SCOM,Safaricom Plc,23.5,33.5,12.25,12.6,12.4,12.2,0.2,0.000163999999999999,6180000.0
2014-08-04,SCOM,Safaricom Plc,23.5,33.5,12.45,12.7,12.5,12.4,0.1,8.099999999999999e-05,4694800.0
2014-08-05,SCOM,Safaricom Plc,23.5,33.5,12.5,13.0,12.6,12.5,0.1,8e-05,22651800.0
2014-08-06,SCOM,Safaricom Plc,23.5,33.5,12.6,13.0,12.95,12.6,0.35,0.000278,11486500.0
2014-08-07,SCOM,Safaricom Plc,23.5,33.5,12.5,12.95,12.85,12.95,-0.1,7.7e-05,16411500.0
2014-08-08,SCOM,Safaricom Plc,23.5,33.5,12.55,12.9,12.8,12.85,-0.05,3.9e-05,5823200.0
2014-08-11,SCOM,Safaricom Plc,23.5,33.5,12.6,12.85,12.7,12.8,-0.1,7.8e-05,3686000.0
2014-08-12,SCOM,Safaricom Plc,23.5,33.5,12.6,12.95,12.8,12.7,0.1,7.900000000000001e-05,4408800.0
2014-08-13,SCOM,Safaricom Plc,23.5,33.5,12.65,12.85,12.75,12.8,-0.05,3.9e-05,2964900.0
2014-08-14,SCOM,Safaricom Plc,23.5,33.5,12.65,12.9,12.8,12.75,0.05,3.9e-05,7306400.0
2014-08-15,SCOM,Safaricom Plc,23.5,33.5,12.65,12.8,12.7,12.8,-0.1,7.8e-05,1016100.0
2014-08-18,SCOM,Safaricom Plc,23.5,33.5,12.7,12.85,12.7,12.7,0.0,0.0,26877600.0
2014-08-19,SCOM,Safaricom Plc,23.5,33.5,12.65,12.8,12.75,12.7,0.05,3.9e-05,9185600.0
2014-08-20,SCOM,Safaricom Plc,23.5,33.5,12.75,12.9,12.8,12.75,0.05,3.9e-05,7314300.0
2014-08-21,SCOM,Safaricom Plc,23.5,33.5,12.75,12.85,12.75,12.8,-0.05,3.9e-05,20898300.0
2014-08-22,SCOM,Safaricom Plc,23.5,33.5,12.7,12.8,12.75,12.75,0.0,0.0,30159100.0
2014-08-25,SCOM,Safaricom Plc,23.5,33.5,12.7,12.8,12.75,12.75,0.0,0.0,2583600.0
2014-08-26,SCOM,Safaricom Plc,23.5,33.5,12.75,12.8,12.75,12.75,0.0,0.0,1721300.0
2014-08-27,SCOM,Safaricom Plc,23.5,33.5,12.7,12.85,12.7,12.75,-0.05,3.9e-05,30994100.0
2014-08-28,SCOM,Safaricom Plc,23.5,33.5,12.7,12.85,12.75,12.7,0.05,3.9e-05,1977000.0
2014-08-29,SCOM,Safaricom Plc,23.5,33.5,12.75,13.05,12.95,12.75,0.2,0.000157,13574100.0
2014-09-01,SCOM,Safaricom Plc,23.5,33.5,12.95,13.3,13.15,12.95,0.2,0.000154,2737900.0
2014-09-02,SCOM,Safaricom Plc,23.5,33.5,13.0,13.4,13.2,13.15,0.05,3.8e-05,8675100.0
2014-09-03,SCOM,Safaricom Plc,23.5,33.5,13.2,13.5,13.4,13.2,0.2,0.000152,12300800.0
2014-09-04,SCOM,Safaricom Plc,23.5,33.5,13.1,13.4,13.2,13.4,-0.2,0.000149,6146000.0
2014-09-05,SCOM,Safaricom Plc,23.5,33.5,13.1,13.35,13.2,13.2,0.0,0.0,1138700.0
2014-09-08,SCOM,Safaricom Plc,23.5,33.5,13.2,13.35,13.25,13.2,0.05,3.8e-05,3959600.0
2014-09-09,SCOM,Safaricom Plc,23.5,33.5,13.2,13.3,13.25,13.25,0.0,0.0,10155500.0
2014-09-10,SCOM,Safaricom Plc,23.5,33.5,13.0,13.25,13.15,13.25,-0.1,7.5e-05,13203700.0
2014-09-11,SCOM,Safaricom Plc,23.5,33.5,12.85,13.15,12.95,13.15,-0.2,0.000152,10950400.0
2014-09-12,SCOM,Safaricom Plc,23.5,33.5,12.5,13.0,12.9,12.95,-0.05,3.9e-05,12283000.0
2014-09-15,SCOM,Safaricom Plc,23.5,33.5,12.85,13.0,12.9,12.9,0.0,0.0,16072100.0
2014-09-16,SCOM,Safaricom Plc,23.5,33.5,12.8,12.95,12.85,12.9,-0.05,3.9e-05,15424700.0
2014-09-17,SCOM,Safaricom Plc,23.5,33.5,12.15,12.8,12.5,12.85,-0.35,0.000272,30421600.0
2014-09-18,SCOM,Safaricom Plc,23.5,33.5,12.5,12.7,12.6,12.5,0.1,8e-05,6207700.0
2014-09-19,SCOM,Safaricom Plc,23.5,33.5,12.5,12.7,12.6,12.6,0.0,0.0,30923400.0
2014-09-22,SCOM,Safaricom Plc,23.5,33.5,12.5,12.65,12.55,12.6,-0.05,4e-05,28534100.0
2014-09-23,SCOM,Safaricom Plc,23.5,33.5,12.5,12.65,12.55,12.55,0.0,0.0,9405900.0
2014-09-24,SCOM,Safaricom Plc,23.5,33.5,12.5,12.65,12.55,12.55,0.0,0.0,9583800.0
2014-09-25,SCOM,Safaricom Plc,23.5,33.5,12.55,12.65,12.6,12.55,0.05,4e-05,5587300.0
2014-09-26,SCOM,Safaricom Plc,23.5,33.5,12.6,12.75,12.65,12.6,0.05,4e-05,12569300.0
2014-09-29,SCOM,Safaricom Plc,23.5,33.5,12.65,13.05,12.85,12.65,0.2,0.00015800000000000002,7491200.0
2014-09-30,SCOM,Safaricom Plc,23.5,33.5,12.75,13.0,12.9,12.85,0.05,3.9e-05,11736000.0
2014-10-01,SCOM,Safaricom Plc,23.5,33.5,12.8,13.0,12.95,12.9,0.05,3.9e-05,4429800.0
2014-10-02,SCOM,Safaricom Plc,23.5,33.5,12.75,12.95,12.75,12.95,-0.2,0.000154,5934300.0
2014-10-03,SCOM,Safaricom Plc,23.5,33.5,12.0,12.85,12.7,12.75,-0.05,3.9e-05,4373600.0
2014-10-06,SCOM,Safaricom Plc,23.5,33.5,12.6,12.9,12.65,12.7,-0.05,3.9e-05,834100.0
2014-10-07,SCOM,Safaricom Plc,23.5,33.5,12.6,12.9,12.75,12.65,0.1,7.900000000000001e-05,3247300.0
2014-10-08,SCOM,Safaricom Plc,23.5,33.5,12.7,13.0,12.85,12.75,0.1,7.8e-05,2547100.0
2014-10-09,SCOM,Safaricom Plc,23.5,33.5,12.75,12.95,12.85,12.85,0.0,0.0,6911900.0
2014-10-10,SCOM,Safaricom Plc,23.5,33.5,12.75,12.85,12.75,12.85,-0.1,7.8e-05,6563100.0
2014-10-13,SCOM,Safaricom Plc,23.5,33.5,12.7,12.8,12.7,12.75,-0.05,3.9e-05,12040700.0
2014-10-14,SCOM,Safaricom Plc,23.5,33.5,12.65,12.75,12.65,12.7,-0.05,3.9e-05,6835100.0
2014-10-15,SCOM,Safaricom Plc,23.5,33.5,12.5,12.8,12.5,12.65,-0.15,0.000118999999999999,1780400.0
2014-10-16,SCOM,Safaricom Plc,23.5,33.5,12.5,12.6,12.5,12.5,0.0,0.0,5602600.0
2014-10-17,SCOM,Safaricom Plc,23.5,33.5,12.0,12.5,12.15,12.5,-0.35,0.000279999999999999,3332500.0
2014-10-21,SCOM,Safaricom Plc,23.5,33.5,11.85,12.5,12.15,12.15,0.0,0.0,13734200.0
2014-10-22,SCOM,Safaricom Plc,23.5,33.5,12.3,12.55,12.45,12.15,0.3,0.000247,5354400.0
2014-10-23,SCOM,Safaricom Plc,23.5,33.5,12.5,12.6,12.5,12.45,0.05,4e-05,10692200.0
2014-10-24,SCOM,Safaricom Plc,23.5,33.5,12.05,12.5,12.25,12.5,-0.25,0.0002,2787500.0
2014-10-27,SCOM,Safaricom Plc,23.5,33.5,12.15,12.5,12.2,12.25,-0.05,4.0999999999999e-05,4554200.0
2014-10-28,SCOM,Safaricom Plc,23.5,33.5,12.05,12.2,12.1,12.2,-0.1,8.1999999999999e-05,11884400.0
2014-10-29,SCOM,Safaricom Plc,23.5,33.5,12.1,12.3,12.15,12.1,0.05,4.0999999999999e-05,8941800.0
2014-10-30,SCOM,Safaricom Plc,23.5,33.5,12.1,12.25,12.15,12.15,0.0,0.0,6568600.0
2014-10-31,SCOM,Safaricom Plc,23.5,33.5,12.1,12.3,12.15,12.15,0.0,0.0,6238900.0
2014-11-03,SCOM,Safaricom Plc,23.5,33.5,12.15,12.3,12.2,12.15,0.05,4.0999999999999e-05,7189300.0
2014-11-04,SCOM,Safaricom Plc,23.5,33.5,12.15,12.25,12.2,12.2,0.0,0.0,4154700.0
2014-11-05,SCOM,Safaricom Plc,23.5,33.5,12.2,13.0,12.7,12.2,0.5,0.00040999999999999896,14616500.0
2014-11-06,SCOM,Safaricom Plc,23.5,33.5,12.2,13.0,12.8,12.7,0.1,7.900000000000001e-05,25778000.0
2014-11-07,SCOM,Safaricom Plc,23.5,33.5,12.7,13.1,12.95,12.8,0.15,0.000116999999999999,17538200.0
2014-11-10,SCOM,Safaricom Plc,23.5,33.5,12.45,13.05,12.95,12.95,0.0,0.0,9210800.0
2014-11-11,SCOM,Safaricom Plc,23.5,33.5,12.75,13.05,13.0,12.95,0.05,3.9e-05,3307800.0
2014-11-12,SCOM,Safaricom Plc,23.5,33.5,12.8,13.55,13.35,13.0,0.35,0.000269,24898900.0
2014-11-13,SCOM,Safaricom Plc,23.5,33.5,13.0,13.75,13.55,13.35,0.2,0.00015,6785300.0
2014-11-14,SCOM,Safaricom Plc,23.5,33.5,13.3,13.85,13.7,13.55,0.15,0.000111,6004600.0
2014-11-17,SCOM,Safaricom Plc,23.5,33.5,13.5,13.85,13.7,13.7,0.0,0.0,1223400.0
2014-11-18,SCOM,Safaricom Plc,23.5,33.5,13.6,13.85,13.75,13.7,0.05,3.6e-05,4207300.0
2014-11-19,SCOM,Safaricom Plc,23.5,33.5,13.55,13.85,13.7,13.75,-0.05,3.6e-05,14859200.0
2014-11-20,SCOM,Safaricom Plc,23.5,33.5,13.55,13.7,13.6,13.7,-0.1,7.3e-05,110578200.0
2014-11-21,SCOM,Safaricom Plc,23.5,33.5,13.5,13.65,13.55,13.6,-0.05,3.7000000000000005e-05,12535200.0
2014-11-24,SCOM,Safaricom Plc,23.5,33.5,13.0,13.65,13.45,13.55,-0.1,7.400000000000001e-05,1394900.0
2014-11-25,SCOM,Safaricom Plc,23.5,33.5,13.2,13.65,13.55,13.45,0.1,7.400000000000001e-05,17656800.0
2014-11-26,SCOM,Safaricom Plc,23.5,33.5,13.3,13.95,13.8,13.55,0.25,0.000185,12091900.0
2014-11-27,SCOM,Safaricom Plc,23.5,33.5,13.6,14.0,13.9,13.8,0.1,7.2e-05,7151200.0
2014-11-28,SCOM,Safaricom Plc,23.5,33.5,13.7,13.95,13.8,13.9,-0.1,7.2e-05,12068000.0
2014-12-01,SCOM,Safaricom Plc,23.5,33.5,13.8,14.0,13.9,13.8,0.1,7.2e-05,6083900.0
2014-12-02,SCOM,Safaricom Plc,23.5,33.5,13.8,14.0,13.95,13.9,0.05,3.6e-05,8614400.0
2014-12-03,SCOM,Safaricom Plc,23.5,33.5,13.95,14.65,14.2,13.95,0.25,0.000179,20752500.0
2014-12-04,SCOM,Safaricom Plc,23.5,33.5,14.1,14.7,14.55,14.2,0.35,0.000246,4824700.0
2014-12-05,SCOM,Safaricom Plc,23.5,33.5,14.6,14.95,14.8,14.55,0.25,0.000172,5340400.0
2014-12-08,SCOM,Safaricom Plc,23.5,33.5,14.7,15.15,15.0,14.8,0.2,0.000135,36775700.0
2014-12-09,SCOM,Safaricom Plc,23.5,33.5,14.9,15.15,14.95,15.0,-0.05,3.3e-05,22233300.0
2014-12-10,SCOM,Safaricom Plc,23.5,33.5,14.3,15.0,14.65,14.95,-0.3,0.000200999999999999,9358200.0
2014-12-11,SCOM,Safaricom Plc,23.5,33.5,14.0,14.65,14.05,14.65,-0.6,0.00040999999999999896,18895300.0
2014-12-15,SCOM,Safaricom Plc,23.5,33.5,13.75,14.5,13.9,14.05,-0.15,0.000107,13566800.0
2014-12-16,SCOM,Safaricom Plc,23.5,33.5,13.8,14.05,13.9,13.9,0.0,0.0,45892000.0
2014-12-17,SCOM,Safaricom Plc,23.5,33.5,13.3,13.95,13.4,13.9,-0.5,0.00035999999999999997,32755500.0
2014-12-18,SCOM,Safaricom Plc,23.5,33.5,13.25,13.85,13.35,13.4,-0.05,3.7000000000000005e-05,6316200.0
2014-12-19,SCOM,Safaricom Plc,23.5,33.5,13.3,13.7,13.5,13.35,0.15,0.000112,24436700.0
2014-12-22,SCOM,Safaricom Plc,23.5,33.5,13.35,13.6,13.45,13.5,-0.05,3.7000000000000005e-05,10428700.0
2014-12-23,SCOM,Safaricom Plc,23.5,33.5,13.45,14.05,13.85,13.45,0.4,0.000297,6463300.0
2014-12-24,SCOM,Safaricom Plc,23.5,33.5,13.8,14.1,14.0,13.85,0.15,0.00010800000000000001,4558300.0
2014-12-29,SCOM,Safaricom Plc,23.5,33.5,14.0,14.2,14.05,14.0,0.05,3.6e-05,19248300.0
2014-12-30,SCOM,Safaricom Plc,23.5,33.5,14.0,14.25,14.1,14.05,0.05,3.6e-05,15521200.0
2014-12-31,SCOM,Safaricom Plc,23.5,33.5,14.0,14.15,14.05,14.1,-0.05,3.4999999999999e-05,7612400.0
2015-01-02,SCOM,Safaricom Plc,23.5,33.5,14.05,14.5,14.15,14.05,0.1,7.0999999999999e-05,8652000.0
2015-01-05,SCOM,Safaricom Plc,23.5,33.5,14.0,14.3,14.05,14.15,-0.1,7.0999999999999e-05,2558100.0
2015-01-06,SCOM,Safaricom Plc,23.5,33.5,13.8,14.1,13.9,14.05,-0.15,0.000107,11810700.0
2015-01-07,SCOM,Safaricom Plc,23.5,33.5,13.8,14.0,13.85,13.9,-0.05,3.6e-05,5022200.0
2015-01-08,SCOM,Safaricom Plc,23.5,33.5,13.6,13.9,13.75,13.85,-0.1,7.2e-05,3746400.0
2015-01-09,SCOM,Safaricom Plc,23.5,33.5,13.0,13.85,13.75,13.75,0.0,0.0,2157000.0
2015-01-12,SCOM,Safaricom Plc,23.5,33.5,13.75,14.05,13.85,13.75,0.1,7.3e-05,2374800.0
2015-01-13,SCOM,Safaricom Plc,23.5,33.5,14.0,15.0,14.7,13.85,0.85,0.000613999999999999,1348900.0
2015-01-14,SCOM,Safaricom Plc,23.5,33.5,14.2,15.0,14.85,14.7,0.15,0.00010200000000000001,10804900.0
2015-01-15,SCOM,Safaricom Plc,23.5,33.5,14.5,14.85,14.6,14.85,-0.25,0.000168,9217600.0
2015-01-16,SCOM,Safaricom Plc,23.5,33.5,14.5,14.9,14.8,14.6,0.2,0.000137,5718500.0
2015-01-19,SCOM,Safaricom Plc,23.5,33.5,14.35,14.85,14.55,14.8,-0.25,0.000169,1590100.0
2015-01-20,SCOM,Safaricom Plc,23.5,33.5,13.9,14.5,13.95,14.55,-0.6,0.000412,14468900.0
2015-01-21,SCOM,Safaricom Plc,23.5,33.5,14.1,14.85,14.15,13.95,0.2,0.000143,7503300.0
2015-01-22,SCOM,Safaricom Plc,23.5,33.5,14.1,14.5,14.2,14.15,0.05,3.4999999999999e-05,3670400.0
2015-01-23,SCOM,Safaricom Plc,23.5,33.5,14.1,14.3,14.15,14.2,-0.05,3.4999999999999e-05,14165800.0
2015-01-26,SCOM,Safaricom Plc,23.5,33.5,14.0,14.2,14.0,14.15,-0.15,0.000106,7050400.0
2015-01-27,SCOM,Safaricom Plc,23.5,33.5,14.0,14.2,14.1,14.0,0.1,7.0999999999999e-05,5267800.0
2015-01-28,SCOM,Safaricom Plc,23.5,33.5,14.1,14.3,14.15,14.1,0.05,3.4999999999999e-05,8606700.0
2015-01-29,SCOM,Safaricom Plc,23.5,33.5,14.1,14.2,14.1,14.15,-0.05,3.4999999999999e-05,7361000.0
2015-01-30,SCOM,Safaricom Plc,23.5,33.5,14.1,14.25,14.15,14.1,0.05,3.4999999999999e-05,9095300.0
2015-02-02,SCOM,Safaricom Plc,23.5,33.5,14.1,14.3,14.2,14.15,0.05,3.4999999999999e-05,14705700.0
2015-02-03,SCOM,Safaricom Plc,23.5,33.5,14.2,14.5,14.3,14.2,0.1,6.9999999999999e-05,1891000.0
2015-02-04,SCOM,Safaricom Plc,23.5,33.5,14.3,14.75,14.45,14.3,0.15,0.000105,2274900.0
2015-02-05,SCOM,Safaricom Plc,23.5,33.5,14.45,14.75,14.55,14.45,0.1,6.9e-05,8383600.0
2015-02-06,SCOM,Safaricom Plc,23.5,33.5,14.45,14.7,14.55,14.55,0.0,0.0,5472400.0
2015-02-09,SCOM,Safaricom Plc,23.5,33.5,14.5,15.0,14.8,14.55,0.25,0.000172,13757300.0
2015-02-10,SCOM,Safaricom Plc,23.5,33.5,14.5,14.95,14.75,14.8,-0.05,3.4e-05,11687700.0
2015-02-11,SCOM,Safaricom Plc,23.5,33.5,14.6,14.95,14.85,14.75,0.1,6.8e-05,12590400.0
2015-02-12,SCOM,Safaricom Plc,23.5,33.5,14.5,14.9,14.75,14.85,-0.1,6.7e-05,10562500.0
2015-02-13,SCOM,Safaricom Plc,23.5,33.5,14.85,14.95,14.85,14.75,0.1,6.8e-05,25002900.0
2015-02-16,SCOM,Safaricom Plc,23.5,33.5,14.8,14.95,14.85,14.85,0.0,0.0,1322200.0
2015-02-17,SCOM,Safaricom Plc,23.5,33.5,14.8,14.9,14.8,14.85,-0.05,3.4e-05,3230000.0
2015-02-18,SCOM,Safaricom Plc,23.5,33.5,14.85,15.1,14.95,14.8,0.15,0.000101,6539400.0
2015-02-19,SCOM,Safaricom Plc,23.5,33.5,15.0,15.3,15.15,14.95,0.2,0.000134,3817200.0
2015-02-20,SCOM,Safaricom Plc,23.5,33.5,15.15,15.5,15.3,15.15,0.15,9.8999999999999e-05,5611700.0
2015-02-23,SCOM,Safaricom Plc,23.5,33.5,15.35,15.7,15.45,15.3,0.15,9.8e-05,4374500.0
2015-02-24,SCOM,Safaricom Plc,23.5,33.5,15.55,15.95,15.7,15.45,0.25,0.00016199999999999998,6853100.0
2015-02-25,SCOM,Safaricom Plc,23.5,33.5,15.7,16.0,15.9,15.7,0.2,0.000127,33856500.0
2015-02-26,SCOM,Safaricom Plc,23.5,33.5,15.6,16.0,15.75,15.9,-0.15,9.399999999999899e-05,5679200.0
2015-02-27,SCOM,Safaricom Plc,23.5,33.5,15.75,15.9,15.8,15.75,0.05,3.2e-05,9108900.0
2015-03-02,SCOM,Safaricom Plc,23.5,33.5,15.25,16.0,15.65,15.8,-0.15,9.499999999999999e-05,5207700.0
2015-03-03,SCOM,Safaricom Plc,23.5,33.5,15.3,15.65,15.4,15.65,-0.25,0.00016,30442500.0
2015-03-04,SCOM,Safaricom Plc,23.5,33.5,15.35,16.0,15.45,15.4,0.05,3.2e-05,22042700.0
2015-03-05,SCOM,Safaricom Plc,23.5,33.5,15.55,15.8,15.7,15.45,0.25,0.00016199999999999998,3837700.0
2015-03-06,SCOM,Safaricom Plc,23.5,33.5,15.6,15.95,15.75,15.7,0.05,3.2e-05,5832300.0
2015-03-09,SCOM,Safaricom Plc,23.5,33.5,15.4,15.8,15.55,15.75,-0.2,0.000127,6603400.0
2015-03-10,SCOM,Safaricom Plc,23.5,33.5,15.55,15.85,15.75,15.55,0.2,0.000129,8944700.0
2015-03-11,SCOM,Safaricom Plc,23.5,33.5,15.75,16.0,15.85,15.75,0.1,6.3e-05,3247600.0
2015-03-12,SCOM,Safaricom Plc,23.5,33.5,15.8,16.0,15.95,15.85,0.1,6.3e-05,9547400.0
2015-03-13,SCOM,Safaricom Plc,23.5,33.5,15.5,16.0,15.8,15.95,-0.15,9.399999999999899e-05,6917800.0
2015-03-16,SCOM,Safaricom Plc,23.5,33.5,15.6,15.8,15.65,15.8,-0.15,9.499999999999999e-05,11983900.0
2015-03-17,SCOM,Safaricom Plc,23.5,33.5,15.0,15.75,15.6,15.65,-0.05,3.2e-05,6764400.0
2015-03-18,SCOM,Safaricom Plc,23.5,33.5,15.65,15.9,15.75,15.6,0.15,9.599999999999999e-05,6763200.0
2015-03-19,SCOM,Safaricom Plc,23.5,33.5,15.75,15.95,15.85,15.75,0.1,6.3e-05,4483000.0
2015-03-20,SCOM,Safaricom Plc,23.5,33.5,15.8,15.95,15.85,15.85,0.0,0.0,5863900.0
2015-03-23,SCOM,Safaricom Plc,23.5,33.5,15.85,16.0,15.9,15.85,0.05,3.2e-05,4795200.0
2015-03-24,SCOM,Safaricom Plc,23.5,33.5,15.95,16.1,16.0,15.9,0.1,6.3e-05,6653100.0
2015-03-25,SCOM,Safaricom Plc,23.5,33.5,16.0,16.25,16.1,16.0,0.1,6.3e-05,3172500.0
2015-03-26,SCOM,Safaricom Plc,23.5,33.5,16.1,17.0,16.45,16.1,0.35,0.00021700000000000002,20194200.0
2015-03-27,SCOM,Safaricom Plc,23.5,33.5,16.5,17.5,16.6,16.45,0.15,9.1e-05,2836000.0
2015-03-30,SCOM,Safaricom Plc,23.5,33.5,16.5,16.95,16.7,16.6,0.1,6e-05,5054200.0
2015-03-31,SCOM,Safaricom Plc,23.5,33.5,16.8,17.4,17.05,16.7,0.35,0.00021,6060000.0
2015-04-01,SCOM,Safaricom Plc,23.5,33.5,16.8,17.4,17.0,17.05,-0.05,2.8999999999999997e-05,23447000.0
2015-04-02,SCOM,Safaricom Plc,23.5,33.5,15.85,17.05,16.6,17.0,-0.4,0.000235,10225100.0
2015-04-07,SCOM,Safaricom Plc,23.5,33.5,15.75,16.6,15.9,16.6,-0.7,0.000421999999999999,25345600.0
2015-04-08,SCOM,Safaricom Plc,23.5,33.5,15.85,16.2,15.95,15.9,0.05,3.1e-05,20213300.0
2015-04-09,SCOM,Safaricom Plc,23.5,33.5,16.15,16.5,16.3,15.95,0.35,0.00021899999999999998,16651200.0
2015-04-10,SCOM,Safaricom Plc,23.5,33.5,15.75,16.35,15.9,16.3,-0.4,0.000245,30226100.0
2015-04-13,SCOM,Safaricom Plc,23.5,33.5,15.9,16.35,16.0,15.9,0.1,6.3e-05,1185800.0
2015-04-14,SCOM,Safaricom Plc,23.5,33.5,16.0,16.35,16.1,16.0,0.1,6.3e-05,5472900.0
2015-04-15,SCOM,Safaricom Plc,23.5,33.5,16.05,16.5,16.3,16.1,0.2,0.000124,2169800.0
2015-04-16,SCOM,Safaricom Plc,23.5,33.5,16.35,17.0,16.75,16.3,0.45,0.000276,2938700.0
2015-04-17,SCOM,Safaricom Plc,23.5,33.5,16.65,17.5,17.2,16.75,0.45,0.000269,13011700.0
2015-04-20,SCOM,Safaricom Plc,23.5,33.5,17.0,17.4,17.25,17.2,0.05,2.8999999999999997e-05,5345100.0
2015-04-21,SCOM,Safaricom Plc,23.5,33.5,17.05,17.4,17.2,17.25,-0.05,2.8999999999999997e-05,5584800.0
2015-04-22,SCOM,Safaricom Plc,23.5,33.5,17.0,17.2,17.05,17.2,-0.15,8.7e-05,4110800.0
2015-04-23,SCOM,Safaricom Plc,23.5,33.5,17.05,17.4,17.15,17.05,0.1,5.9e-05,8081200.0
2015-04-24,SCOM,Safaricom Plc,23.5,33.5,17.15,17.4,17.3,17.15,0.15,8.7e-05,14060100.0
2015-04-27,SCOM,Safaricom Plc,23.5,33.5,17.05,17.3,17.1,17.3,-0.2,0.00011599999999999999,2988200.0
2015-04-28,SCOM,Safaricom Plc,23.5,33.5,17.0,17.4,17.2,17.1,0.1,5.7999999999999994e-05,1663000.0
2015-04-29,SCOM,Safaricom Plc,23.5,33.5,17.2,17.5,17.3,17.2,0.1,5.7999999999999994e-05,25196600.0
2015-04-30,SCOM,Safaricom Plc,23.5,33.5,17.3,17.5,17.4,17.3,0.1,5.7999999999999994e-05,4947400.0
2015-05-04,SCOM,Safaricom Plc,23.5,33.5,17.35,17.5,17.45,17.4,0.05,2.8999999999999997e-05,6839700.0
2015-05-05,SCOM,Safaricom Plc,23.5,33.5,17.4,17.65,17.5,17.45,0.05,2.8999999999999997e-05,4538200.0
2015-05-06,SCOM,Safaricom Plc,23.5,33.5,17.5,17.9,17.55,17.5,0.05,2.8999999999999997e-05,11930200.0
2015-05-07,SCOM,Safaricom Plc,23.5,33.5,16.95,17.7,17.15,17.55,-0.4,0.000227999999999999,19809900.0
2015-05-08,SCOM,Safaricom Plc,23.5,33.5,16.95,17.55,17.05,17.15,-0.1,5.7999999999999994e-05,29259400.0
2015-05-09,SCOM,Safaricom Plc,23.5,33.5,19.9,20.75,20.25,20.5,-0.25,0.00012199999999999901,10196000.0
2015-05-11,SCOM,Safaricom Plc,23.5,33.5,16.75,17.15,16.9,17.05,-0.15,8.800000000000001e-05,10926100.0
2015-05-12,SCOM,Safaricom Plc,23.5,33.5,16.25,16.9,16.65,16.9,-0.25,0.00014800000000000002,17864000.0
2015-05-13,SCOM,Safaricom Plc,23.5,33.5,15.85,16.5,16.1,16.65,-0.55,0.00033,22160900.0
2015-05-14,SCOM,Safaricom Plc,23.5,33.5,16.2,16.45,16.35,16.1,0.25,0.000155,4220100.0
2015-05-15,SCOM,Safaricom Plc,23.5,33.5,16.2,16.5,16.35,16.35,0.0,0.0,9936700.0
2015-05-18,SCOM,Safaricom Plc,23.5,33.5,16.35,16.7,16.5,16.35,0.15,9.2e-05,7844400.0
2015-05-19,SCOM,Safaricom Plc,23.5,33.5,16.5,16.75,16.6,16.5,0.1,6.0999999999998996e-05,10562300.0
2015-05-20,SCOM,Safaricom Plc,23.5,33.5,16.35,16.7,16.45,16.6,-0.15,8.999999999999999e-05,10062000.0
2015-05-21,SCOM,Safaricom Plc,23.5,33.5,16.25,16.55,16.25,16.45,-0.2,0.00012199999999999901,8668100.0
2015-05-22,SCOM,Safaricom Plc,23.5,33.5,16.1,16.3,16.2,16.25,-0.05,3.1e-05,11532600.0
2015-05-25,SCOM,Safaricom Plc,23.5,33.5,15.95,16.3,16.0,16.2,-0.2,0.000123,11043300.0
2015-05-26,SCOM,Safaricom Plc,23.5,33.5,15.5,16.0,15.65,16.0,-0.35,0.00021899999999999998,8625000.0
2015-05-27,SCOM,Safaricom Plc,23.5,33.5,15.0,15.6,15.2,15.65,-0.45,0.000288,64507500.0
2015-05-28,SCOM,Safaricom Plc,23.5,33.5,15.2,15.7,15.55,15.2,0.35,0.00023,12815300.0
2015-05-29,SCOM,Safaricom Plc,23.5,33.5,15.6,16.8,15.85,15.55,0.3,0.000192999999999999,34340000.0
2015-06-02,SCOM,Safaricom Plc,23.5,33.5,15.85,16.9,16.5,15.85,0.65,0.00040999999999999896,2441700.0
2015-06-03,SCOM,Safaricom Plc,23.5,33.5,16.05,16.7,16.4,16.5,-0.1,6.0999999999998996e-05,17786800.0
2015-06-04,SCOM,Safaricom Plc,23.5,33.5,16.0,16.7,16.45,16.4,0.05,3e-05,11518000.0
2015-06-05,SCOM,Safaricom Plc,23.5,33.5,16.1,16.65,16.35,16.45,-0.1,6.0999999999998996e-05,5050200.0
2015-06-08,SCOM,Safaricom Plc,23.5,33.5,15.9,16.35,16.05,16.35,-0.3,0.000183,11190800.0
2015-06-09,SCOM,Safaricom Plc,23.5,33.5,16.0,16.3,16.05,16.05,0.0,0.0,21378500.0
2015-06-10,SCOM,Safaricom Plc,23.5,33.5,16.0,16.1,16.05,16.05,0.0,0.0,7374200.0
2015-06-11,SCOM,Safaricom Plc,23.5,33.5,16.0,16.05,16.0,16.05,-0.05,3.1e-05,14351700.0
2015-06-12,SCOM,Safaricom Plc,23.5,33.5,16.05,16.25,16.05,16.0,0.05,3.1e-05,3420100.0
2015-06-15,SCOM,Safaricom Plc,23.5,33.5,16.05,16.15,16.1,16.05,0.05,3.1e-05,6983200.0
2015-06-16,SCOM,Safaricom Plc,23.5,33.5,16.0,16.25,16.05,16.1,-0.05,3.1e-05,11030900.0
2015-06-17,SCOM,Safaricom Plc,23.5,33.5,16.0,16.2,16.05,16.05,0.0,0.0,1957000.0
2015-06-18,SCOM,Safaricom Plc,23.5,33.5,16.0,16.1,16.0,16.05,-0.05,3.1e-05,24400400.0
2015-06-19,SCOM,Safaricom Plc,23.5,33.5,16.05,16.1,16.05,16.0,0.05,3.1e-05,11686700.0
2015-06-22,SCOM,Safaricom Plc,23.5,33.5,15.9,16.7,16.35,16.05,0.3,0.00018700000000000002,10919200.0
2015-06-23,SCOM,Safaricom Plc,23.5,33.5,15.9,16.1,16.0,16.35,-0.35,0.000214,11199000.0
2015-06-24,SCOM,Safaricom Plc,23.5,33.5,16.05,16.2,16.05,16.0,0.05,3.1e-05,4048200.0
2015-06-25,SCOM,Safaricom Plc,23.5,33.5,16.0,16.2,16.1,16.05,0.05,3.1e-05,21433000.0
2015-06-26,SCOM,Safaricom Plc,23.5,33.5,16.05,16.2,16.1,16.1,0.0,0.0,3697900.0
2015-06-29,SCOM,Safaricom Plc,23.5,33.5,16.1,16.4,16.3,16.1,0.2,0.000124,6019200.0
2015-06-30,SCOM,Safaricom Plc,23.5,33.5,16.3,16.6,16.45,16.3,0.15,9.2e-05,8437700.0
2015-07-01,SCOM,Safaricom Plc,23.5,33.5,16.45,16.6,16.5,16.45,0.05,3e-05,6564600.0
2015-07-02,SCOM,Safaricom Plc,23.5,33.5,16.3,16.55,16.45,16.5,-0.05,3e-05,2690700.0
2015-07-03,SCOM,Safaricom Plc,23.5,33.5,16.3,16.5,16.35,16.45,-0.1,6.0999999999998996e-05,295100.0
2015-07-06,SCOM,Safaricom Plc,23.5,33.5,16.2,16.5,16.35,16.35,0.0,0.0,2588700.0
2015-07-07,SCOM,Safaricom Plc,23.5,33.5,16.2,16.9,16.35,16.35,0.0,0.0,2090700.0
2015-07-08,SCOM,Safaricom Plc,23.5,33.5,15.9,16.6,16.15,16.35,-0.2,0.00012199999999999901,49670000.0
2015-07-09,SCOM,Safaricom Plc,23.5,33.5,15.8,16.2,15.95,16.15,-0.2,0.000124,48134700.0
2015-07-13,SCOM,Safaricom Plc,23.5,33.5,15.85,16.1,15.85,15.95,-0.1,6.3e-05,9203300.0
2015-07-14,SCOM,Safaricom Plc,23.5,33.5,15.1,16.0,15.75,15.85,-0.1,6.3e-05,16837500.0
2015-07-15,SCOM,Safaricom Plc,23.5,33.5,15.1,16.5,15.7,15.75,-0.05,3.2e-05,22824200.0
2015-07-16,SCOM,Safaricom Plc,23.5,33.5,15.2,15.75,15.25,15.7,-0.45,0.000287,10438300.0
2015-07-17,SCOM,Safaricom Plc,23.5,33.5,15.15,15.3,15.15,15.25,-0.1,6.6e-05,9699600.0
2015-07-20,SCOM,Safaricom Plc,23.5,33.5,15.1,15.45,15.3,15.15,0.15,9.8999999999999e-05,17724700.0
2015-07-21,SCOM,Safaricom Plc,23.5,33.5,15.25,16.0,15.5,15.3,0.2,0.000131,29230800.0
2015-07-22,SCOM,Safaricom Plc,23.5,33.5,15.3,15.75,15.55,15.5,0.05,3.2e-05,4171100.0
2015-07-23,SCOM,Safaricom Plc,23.5,33.5,15.25,16.0,15.45,15.55,-0.1,6.4e-05,8501500.0
2015-07-24,SCOM,Safaricom Plc,23.5,33.5,15.15,15.5,15.25,15.45,-0.2,0.000129,17574300.0
2015-07-27,SCOM,Safaricom Plc,23.5,33.5,15.15,15.5,15.45,15.25,0.2,0.000131,6622600.0
2015-07-28,SCOM,Safaricom Plc,23.5,33.5,15.3,15.5,15.45,15.45,0.0,0.0,6486200.0
2015-07-29,SCOM,Safaricom Plc,23.5,33.5,15.1,15.4,15.2,15.45,-0.25,0.00016199999999999998,16519800.0
2015-07-30,SCOM,Safaricom Plc,23.5,33.5,14.9,15.25,14.95,15.2,-0.25,0.000163999999999999,796900.0
2015-07-31,SCOM,Safaricom Plc,23.5,33.5,14.05,15.0,14.4,14.95,-0.55,0.000368,15653100.0
2015-08-03,SCOM,Safaricom Plc,23.5,33.5,14.1,14.5,14.15,14.4,-0.25,0.000174,13957900.0
2015-08-04,SCOM,Safaricom Plc,23.5,33.5,14.0,14.2,14.0,14.15,-0.15,0.000106,85739100.0
2015-08-05,SCOM,Safaricom Plc,23.5,33.5,13.6,14.15,13.95,14.0,-0.05,3.6e-05,27585400.0
2015-08-06,SCOM,Safaricom Plc,23.5,33.5,13.7,14.25,13.9,13.95,-0.05,3.6e-05,30581100.0
2015-08-07,SCOM,Safaricom Plc,23.5,33.5,13.95,14.95,14.55,13.9,0.65,0.00046799999999999896,1639900.0
2015-08-10,SCOM,Safaricom Plc,23.5,33.5,14.7,15.5,15.35,14.55,0.8,0.00055,10161900.0
2015-08-11,SCOM,Safaricom Plc,23.5,33.5,15.4,15.85,15.45,15.35,0.1,6.5e-05,13170700.0
2015-08-12,SCOM,Safaricom Plc,23.5,33.5,15.5,15.75,15.55,15.45,0.1,6.5e-05,5489500.0
2015-08-13,SCOM,Safaricom Plc,23.5,33.5,15.3,15.6,15.45,15.55,-0.1,6.4e-05,8370500.0
2015-08-14,SCOM,Safaricom Plc,23.5,33.5,15.0,15.5,15.0,15.45,-0.45,0.000291,9343000.0
2015-08-17,SCOM,Safaricom Plc,23.5,33.5,14.65,15.1,14.85,15.0,-0.15,0.0001,2038400.0
2015-08-18,SCOM,Safaricom Plc,23.5,33.5,14.7,15.0,14.85,14.85,0.0,0.0,2792700.0
2015-08-19,SCOM,Safaricom Plc,23.5,33.5,14.9,15.2,15.0,14.85,0.15,0.000101,6872600.0
2015-08-20,SCOM,Safaricom Plc,23.5,33.5,15.05,15.4,15.1,15.0,0.1,6.7e-05,2302900.0
2015-08-21,SCOM,Safaricom Plc,23.5,33.5,14.9,15.1,15.0,15.1,-0.1,6.6e-05,7970600.0
2015-08-24,SCOM,Safaricom Plc,23.5,33.5,13.95,15.0,14.35,15.0,-0.65,0.000433,6960900.0
2015-08-25,SCOM,Safaricom Plc,23.5,33.5,13.9,14.35,13.95,14.35,-0.4,0.000279,7869700.0
2015-08-26,SCOM,Safaricom Plc,23.5,33.5,12.8,13.95,13.45,13.95,-0.5,0.000358,5553600.0
2015-08-27,SCOM,Safaricom Plc,23.5,33.5,12.6,14.5,13.5,13.45,0.05,3.7000000000000005e-05,12516000.0
2015-08-28,SCOM,Safaricom Plc,23.5,33.5,13.9,14.5,14.15,13.5,0.65,0.000481,29194600.0
2015-08-31,SCOM,Safaricom Plc,23.5,33.5,14.0,15.0,14.35,14.15,0.2,0.00014099999999999998,2225800.0
2015-09-01,SCOM,Safaricom Plc,23.5,33.5,14.5,14.8,14.6,14.35,0.25,0.000174,2914300.0
2015-09-02,SCOM,Safaricom Plc,23.5,33.5,14.3,15.1,14.6,14.6,0.0,0.0,4431800.0
2015-09-03,SCOM,Safaricom Plc,23.5,33.5,14.85,15.6,15.2,14.6,0.6,0.00041099999999999996,4530700.0
2015-09-04,SCOM,Safaricom Plc,23.5,33.5,13.7,15.1,14.85,15.2,-0.35,0.00023,10765300.0
2015-09-07,SCOM,Safaricom Plc,23.5,33.5,14.5,14.85,14.6,14.85,-0.25,0.000168,13382300.0
2015-09-08,SCOM,Safaricom Plc,23.5,33.5,14.5,14.75,14.6,14.6,0.0,0.0,1124000.0
2015-09-09,SCOM,Safaricom Plc,23.5,33.5,14.0,14.7,14.4,14.6,-0.2,0.000137,52575800.0
2015-09-10,SCOM,Safaricom Plc,23.5,33.5,14.05,14.6,14.4,14.4,0.0,0.0,2294100.0
2015-09-11,SCOM,Safaricom Plc,23.5,33.5,14.4,14.65,14.55,14.4,0.15,0.000104,3528200.0
2015-09-14,SCOM,Safaricom Plc,23.5,33.5,14.55,14.9,14.7,14.55,0.15,0.000103,3155900.0
2015-09-15,SCOM,Safaricom Plc,23.5,33.5,14.65,15.4,15.15,14.7,0.45,0.000306,11232100.0
2015-09-16,SCOM,Safaricom Plc,23.5,33.5,14.8,15.2,14.95,15.15,-0.2,0.000132,6043600.0
2015-09-17,SCOM,Safaricom Plc,23.5,33.5,14.7,15.1,15.0,14.95,0.05,3.3e-05,6122700.0
2015-09-18,SCOM,Safaricom Plc,23.5,33.5,14.55,14.95,14.7,15.0,-0.3,0.0002,6633300.0
2015-09-21,SCOM,Safaricom Plc,23.5,33.5,14.5,15.2,14.9,14.7,0.2,0.000136,4900600.0
2015-09-22,SCOM,Safaricom Plc,23.5,33.5,14.6,15.2,15.0,14.9,0.1,6.7e-05,9092600.0
2015-09-23,SCOM,Safaricom Plc,23.5,33.5,15.0,15.2,15.1,15.0,0.1,6.7e-05,9027900.0
2015-09-24,SCOM,Safaricom Plc,23.5,33.5,15.0,15.2,15.15,15.1,0.05,3.3e-05,3426800.0
2015-09-25,SCOM,Safaricom Plc,23.5,33.5,15.05,15.3,15.15,15.15,0.0,0.0,7073800.0
2015-09-28,SCOM,Safaricom Plc,23.5,33.5,15.1,15.25,15.2,15.15,0.05,3.3e-05,15053600.0
2015-09-29,SCOM,Safaricom Plc,23.5,33.5,14.8,15.25,15.1,15.2,-0.1,6.6e-05,13614400.0
2015-09-30,SCOM,Safaricom Plc,23.5,33.5,15.0,15.25,15.2,15.1,0.1,6.6e-05,16375500.0
2015-10-01,SCOM,Safaricom Plc,23.5,33.5,14.65,15.15,14.95,15.2,-0.25,0.000163999999999999,6458300.0
2015-10-02,SCOM,Safaricom Plc,23.5,33.5,14.2,14.95,14.45,14.95,-0.5,0.000334,13960300.0
2015-10-05,SCOM,Safaricom Plc,23.5,33.5,14.3,14.75,14.6,14.45,0.15,0.000104,4231800.0
2015-10-07,SCOM,Safaricom Plc,23.5,33.5,14.6,14.75,14.65,14.6,0.05,3.4e-05,16019000.0
2015-10-08,SCOM,Safaricom Plc,23.5,33.5,14.55,14.8,14.7,14.65,0.05,3.4e-05,3109100.0
2015-10-09,SCOM,Safaricom Plc,23.5,33.5,14.7,15.0,14.8,14.7,0.1,6.8e-05,4555600.0
2015-10-12,SCOM,Safaricom Plc,23.5,33.5,14.6,15.05,14.95,14.8,0.15,0.000101,6515400.0
2015-10-13,SCOM,Safaricom Plc,23.5,33.5,14.7,15.15,15.0,14.95,0.05,3.3e-05,3950500.0
2015-10-14,SCOM,Safaricom Plc,23.5,33.5,14.2,15.0,14.7,15.0,-0.3,0.0002,5937400.0
2015-10-15,SCOM,Safaricom Plc,23.5,33.5,14.2,15.0,14.4,14.7,-0.3,0.00020400000000000003,6010600.0
2015-10-16,SCOM,Safaricom Plc,23.5,33.5,14.2,14.75,14.55,14.4,0.15,0.000104,7002100.0
2015-10-19,SCOM,Safaricom Plc,23.5,33.5,14.5,15.05,14.75,14.55,0.2,0.000137,2027800.0
2015-10-21,SCOM,Safaricom Plc,23.5,33.5,14.6,15.1,15.0,14.75,0.25,0.000169,8538300.0
2015-10-22,SCOM,Safaricom Plc,23.5,33.5,14.75,15.1,14.95,15.0,-0.05,3.3e-05,2046700.0
2015-10-23,SCOM,Safaricom Plc,23.5,33.5,14.9,15.05,14.95,14.95,0.0,0.0,3185200.0
2015-10-26,SCOM,Safaricom Plc,23.5,33.5,14.5,14.95,14.5,14.95,-0.45,0.000301,4248500.0
2015-10-27,SCOM,Safaricom Plc,23.5,33.5,14.5,14.65,14.5,14.5,0.0,0.0,5258400.0
2015-10-28,SCOM,Safaricom Plc,23.5,33.5,14.5,14.8,14.5,14.5,0.0,0.0,9802700.0
2015-10-29,SCOM,Safaricom Plc,23.5,33.5,14.25,14.6,14.4,14.5,-0.1,6.9e-05,5929900.0
2015-10-30,SCOM,Safaricom Plc,23.5,33.5,14.2,14.5,14.35,14.4,-0.05,3.4999999999999e-05,8014600.0
2015-11-02,SCOM,Safaricom Plc,23.5,33.5,14.25,14.5,14.35,14.35,0.0,0.0,644100.0
2015-11-03,SCOM,Safaricom Plc,23.5,33.5,14.0,14.5,14.45,14.35,0.1,6.9999999999999e-05,30951300.0
2015-11-04,SCOM,Safaricom Plc,23.5,33.5,14.05,14.5,14.3,14.45,-0.15,0.000104,3824100.0
2015-11-05,SCOM,Safaricom Plc,23.5,33.5,14.35,15.1,14.95,14.3,0.65,0.000455,16314000.0
2015-11-06,SCOM,Safaricom Plc,23.5,33.5,15.0,15.15,15.05,14.95,0.1,6.7e-05,2385000.0
2015-11-09,SCOM,Safaricom Plc,23.5,33.5,14.95,15.25,15.05,15.05,0.0,0.0,2938400.0
2015-11-10,SCOM,Safaricom Plc,23.5,33.5,15.05,15.75,15.45,15.05,0.4,0.00026599999999999996,6499100.0
2015-11-11,SCOM,Safaricom Plc,23.5,33.5,15.45,16.0,15.8,15.45,0.35,0.00022700000000000002,4485600.0
2015-11-12,SCOM,Safaricom Plc,23.5,33.5,15.5,16.2,16.05,15.8,0.25,0.00015800000000000002,7800700.0
2015-11-13,SCOM,Safaricom Plc,23.5,33.5,15.85,16.5,16.0,16.05,-0.05,3.1e-05,5330700.0
2015-11-16,SCOM,Safaricom Plc,23.5,33.5,16.05,16.15,16.05,16.0,0.05,3.1e-05,10725900.0
2015-11-17,SCOM,Safaricom Plc,23.5,33.5,16.05,16.3,16.1,16.05,0.05,3.1e-05,3061400.0
2015-11-18,SCOM,Safaricom Plc,23.5,33.5,16.1,16.5,16.25,16.1,0.15,9.3e-05,5623300.0
2015-11-19,SCOM,Safaricom Plc,23.5,33.5,16.2,16.6,16.5,16.25,0.25,0.000154,13861900.0
2015-11-20,SCOM,Safaricom Plc,23.5,33.5,16.5,16.95,16.65,16.5,0.15,9.1e-05,4063100.0
2015-11-23,SCOM,Safaricom Plc,23.5,33.5,16.35,16.95,16.7,16.65,0.05,3e-05,8603900.0
2015-11-24,SCOM,Safaricom Plc,23.5,33.5,16.0,16.5,16.2,16.7,-0.5,0.000299,15361700.0
2015-11-25,SCOM,Safaricom Plc,23.5,33.5,15.5,16.5,16.05,16.2,-0.15,9.3e-05,2980000.0
2015-11-27,SCOM,Safaricom Plc,23.5,33.5,14.5,16.1,15.35,16.05,-0.7,0.00043599999999999997,4641300.0
2015-11-30,SCOM,Safaricom Plc,23.5,33.5,15.3,15.9,15.5,15.35,0.15,9.8e-05,15518900.0
2015-12-01,SCOM,Safaricom Plc,23.5,33.5,15.5,15.75,15.65,15.5,0.15,9.7e-05,4234300.0
2015-12-02,SCOM,Safaricom Plc,23.5,33.5,15.55,16.2,15.85,15.65,0.2,0.000128,5408400.0
2015-12-03,SCOM,Safaricom Plc,23.5,33.5,15.6,16.0,15.7,15.85,-0.15,9.499999999999999e-05,1635500.0
2015-12-04,SCOM,Safaricom Plc,23.5,33.5,15.5,15.85,15.55,15.7,-0.15,9.599999999999999e-05,8471900.0
2015-12-07,SCOM,Safaricom Plc,23.5,33.5,15.6,15.95,15.7,15.55,0.15,9.599999999999999e-05,21242900.0
2015-12-08,SCOM,Safaricom Plc,23.5,33.5,15.7,16.0,15.95,15.7,0.25,0.00015900000000000002,9247600.0
2015-12-09,SCOM,Safaricom Plc,23.5,33.5,15.75,16.25,16.1,15.95,0.15,9.399999999999899e-05,4128000.0
2015-12-10,SCOM,Safaricom Plc,23.5,33.5,15.95,16.25,16.15,16.1,0.05,3.1e-05,5404700.0
2015-12-11,SCOM,Safaricom Plc,23.5,33.5,16.0,16.4,16.25,16.15,0.1,6.2e-05,9025100.0
2015-12-14,SCOM,Safaricom Plc,23.5,33.5,16.0,16.65,16.4,16.25,0.15,9.2e-05,11066900.0
2015-12-15,SCOM,Safaricom Plc,23.5,33.5,16.3,16.5,16.35,16.4,-0.05,3e-05,8494800.0
2015-12-16,SCOM,Safaricom Plc,23.5,33.5,16.2,16.9,16.7,16.35,0.35,0.000214,8302900.0
2015-12-17,SCOM,Safaricom Plc,23.5,33.5,15.9,16.7,16.6,16.7,-0.1,6e-05,10873200.0
2015-12-18,SCOM,Safaricom Plc,23.5,33.5,16.3,16.8,16.7,16.6,0.1,6e-05,6652900.0
2015-12-21,SCOM,Safaricom Plc,23.5,33.5,16.5,16.9,16.7,16.7,0.0,0.0,6626500.0
2015-12-22,SCOM,Safaricom Plc,23.5,33.5,15.8,16.8,16.7,16.7,0.0,0.0,9043900.0
2015-12-23,SCOM,Safaricom Plc,23.5,33.5,15.85,16.5,16.1,16.7,-0.6,0.000359,979100.0
2015-12-24,SCOM,Safaricom Plc,23.5,33.5,15.75,16.2,15.9,16.1,-0.2,0.000124,856200.0
2015-12-28,SCOM,Safaricom Plc,23.5,33.5,15.9,16.0,15.9,15.9,0.0,0.0,279400.0
2015-12-29,SCOM,Safaricom Plc,23.5,33.5,15.9,16.3,16.1,15.9,0.2,0.000126,2955700.0
2015-12-30,SCOM,Safaricom Plc,23.5,33.5,16.0,16.5,16.25,16.1,0.15,9.3e-05,623400.0
2015-12-31,SCOM,Safaricom Plc,23.5,33.5,16.3,16.5,16.3,16.25,0.05,3.1e-05,309200.0
2016-01-04,SCOM,Safaricom Plc,23.5,33.5,16.05,16.7,16.35,16.3,0.05,3.1e-05,1642000.0
2016-01-05,SCOM,Safaricom Plc,23.5,33.5,16.2,16.55,16.35,16.35,0.0,0.0,9798000.0
2016-01-06,SCOM,Safaricom Plc,23.5,33.5,16.4,16.75,16.6,16.35,0.25,0.000153,5170500.0
2016-01-07,SCOM,Safaricom Plc,23.5,33.5,16.5,16.7,16.5,16.6,-0.1,6e-05,1546100.0
2016-01-08,SCOM,Safaricom Plc,23.5,33.5,16.2,16.5,16.4,16.5,-0.1,6.0999999999998996e-05,6271800.0
2016-01-11,SCOM,Safaricom Plc,23.5,33.5,16.0,16.4,16.25,16.4,-0.15,9.1e-05,9228600.0
2016-01-12,SCOM,Safaricom Plc,23.5,33.5,15.9,16.1,16.0,16.25,-0.25,0.000154,6672100.0
2016-01-13,SCOM,Safaricom Plc,23.5,33.5,15.85,16.2,16.1,16.0,0.1,6.3e-05,1534900.0
2016-01-14,SCOM,Safaricom Plc,23.5,33.5,16.0,16.15,16.05,16.1,-0.05,3.1e-05,5253900.0
2016-01-15,SCOM,Safaricom Plc,23.5,33.5,16.0,16.15,16.05,16.05,0.0,0.0,3320800.0
2016-01-18,SCOM,Safaricom Plc,23.5,33.5,16.1,16.2,16.1,16.05,0.05,3.1e-05,1238500.0
2016-01-19,SCOM,Safaricom Plc,23.5,33.5,15.9,16.2,16.1,16.1,0.0,0.0,22757900.0
2016-01-20,SCOM,Safaricom Plc,23.5,33.5,15.45,16.0,15.75,16.1,-0.35,0.00021700000000000002,7618500.0
2016-01-21,SCOM,Safaricom Plc,23.5,33.5,15.0,15.75,15.25,15.75,-0.5,0.000317,2931500.0
2016-01-22,SCOM,Safaricom Plc,23.5,33.5,15.0,15.4,15.1,15.25,-0.15,9.8e-05,5483700.0
2016-01-25,SCOM,Safaricom Plc,23.5,33.5,15.05,15.4,15.25,15.1,0.15,9.8999999999999e-05,4810600.0
2016-01-26,SCOM,Safaricom Plc,23.5,33.5,15.25,15.35,15.25,15.25,0.0,0.0,11483800.0
2016-01-27,SCOM,Safaricom Plc,23.5,33.5,15.1,15.3,15.15,15.25,-0.1,6.6e-05,4885900.0
2016-01-28,SCOM,Safaricom Plc,23.5,33.5,15.1,15.25,15.15,15.15,0.0,0.0,3593600.0
2016-01-29,SCOM,Safaricom Plc,23.5,33.5,15.15,15.3,15.15,15.15,0.0,0.0,2959200.0
2016-02-02,SCOM,Safaricom Plc,23.5,33.5,15.5,16.5,16.0,15.15,0.85,0.000561,7257700.0
2016-02-03,SCOM,Safaricom Plc,23.5,33.5,15.7,17.0,16.65,16.0,0.65,0.00040599999999999995,9287300.0
2016-02-04,SCOM,Safaricom Plc,23.5,33.5,15.65,16.5,16.25,16.65,-0.4,0.00024,11745700.0
2016-02-05,SCOM,Safaricom Plc,23.5,33.5,16.0,16.5,16.2,16.25,-0.05,3.1e-05,9178500.0
2016-02-08,SCOM,Safaricom Plc,23.5,33.5,15.9,16.2,16.15,16.2,-0.05,3.1e-05,1790400.0
2016-02-09,SCOM,Safaricom Plc,23.5,33.5,15.6,16.1,16.0,16.15,-0.15,9.3e-05,13414300.0
2016-02-10,SCOM,Safaricom Plc,23.5,33.5,15.55,16.0,15.75,16.0,-0.25,0.000156,3232600.0
2016-02-11,SCOM,Safaricom Plc,23.5,33.5,15.55,16.0,15.6,15.75,-0.15,9.499999999999999e-05,9005900.0
2016-02-12,SCOM,Safaricom Plc,23.5,33.5,15.65,15.95,15.8,15.6,0.2,0.000128,10362800.0
2016-02-15,SCOM,Safaricom Plc,23.5,33.5,15.7,15.95,15.75,15.8,-0.05,3.2e-05,491400.0
2016-02-16,SCOM,Safaricom Plc,23.5,33.5,15.5,15.85,15.7,15.75,-0.05,3.2e-05,10656800.0
2016-02-17,SCOM,Safaricom Plc,23.5,33.5,15.5,15.65,15.55,15.7,-0.15,9.599999999999999e-05,4394300.0
2016-02-18,SCOM,Safaricom Plc,23.5,33.5,15.5,15.85,15.6,15.55,0.05,3.2e-05,16442800.0
2016-02-19,SCOM,Safaricom Plc,23.5,33.5,15.6,16.0,15.85,15.6,0.25,0.00016,349100.0
2016-02-22,SCOM,Safaricom Plc,23.5,33.5,15.6,15.9,15.7,15.85,-0.15,9.499999999999999e-05,492300.0
2016-02-23,SCOM,Safaricom Plc,23.5,33.5,15.65,16.0,15.95,15.7,0.25,0.00015900000000000002,1552200.0
2016-02-24,SCOM,Safaricom Plc,23.5,33.5,15.75,16.15,16.0,15.95,0.05,3.1e-05,9875200.0
2016-02-25,SCOM,Safaricom Plc,23.5,33.5,16.0,16.2,16.0,16.0,0.0,0.0,2715800.0
2016-02-26,SCOM,Safaricom Plc,23.5,33.5,16.0,16.45,16.1,16.0,0.1,6.3e-05,1510400.0
2016-02-29,SCOM,Safaricom Plc,23.5,33.5,16.05,16.5,16.2,16.1,0.1,6.2e-05,1834100.0
2016-03-01,SCOM,Safaricom Plc,23.5,33.5,16.1,16.3,16.15,16.2,-0.05,3.1e-05,4318000.0
2016-03-02,SCOM,Safaricom Plc,23.5,33.5,16.15,16.65,16.55,16.15,0.4,0.000248,12237200.0
2016-03-03,SCOM,Safaricom Plc,23.5,33.5,16.2,17.25,16.9,16.55,0.35,0.000210999999999999,26787700.0
2016-03-04,SCOM,Safaricom Plc,23.5,33.5,16.3,17.05,16.95,16.9,0.05,3e-05,4949400.0
2016-03-07,SCOM,Safaricom Plc,23.5,33.5,16.2,17.05,17.0,16.95,0.05,2.8999999999999997e-05,13544500.0
2016-03-08,SCOM,Safaricom Plc,23.5,33.5,16.4,16.7,16.5,17.0,-0.5,0.000294,14868600.0
2016-03-09,SCOM,Safaricom Plc,23.5,33.5,16.35,16.5,16.45,16.5,-0.05,3e-05,5775400.0
2016-03-10,SCOM,Safaricom Plc,23.5,33.5,16.15,16.45,16.25,16.45,-0.2,0.00012199999999999901,14684200.0
2016-03-11,SCOM,Safaricom Plc,23.5,33.5,16.2,16.4,16.3,16.25,0.05,3.1e-05,10029700.0
2016-03-14,SCOM,Safaricom Plc,23.5,33.5,16.3,16.55,16.45,16.3,0.15,9.2e-05,12455600.0
2016-03-15,SCOM,Safaricom Plc,23.5,33.5,16.3,16.5,16.35,16.45,-0.1,6.0999999999998996e-05,8400000.0
2016-03-16,SCOM,Safaricom Plc,23.5,33.5,16.3,16.6,16.4,16.35,0.05,3.1e-05,15038700.0
2016-03-17,SCOM,Safaricom Plc,23.5,33.5,16.3,16.6,16.45,16.4,0.05,3e-05,22243800.0
2016-03-18,SCOM,Safaricom Plc,23.5,33.5,16.4,16.6,16.5,16.45,0.05,3e-05,12994100.0
2016-03-21,SCOM,Safaricom Plc,23.5,33.5,16.3,16.5,16.45,16.5,-0.05,3e-05,8253200.0
2016-03-22,SCOM,Safaricom Plc,23.5,33.5,16.4,17.0,16.75,16.45,0.3,0.000182,16109900.0
2016-03-23,SCOM,Safaricom Plc,23.5,33.5,16.65,17.0,16.85,16.75,0.1,6e-05,5344800.0
2016-03-24,SCOM,Safaricom Plc,23.5,33.5,16.75,17.0,16.9,16.85,0.05,3e-05,7877100.0
2016-03-29,SCOM,Safaricom Plc,23.5,33.5,16.7,16.9,16.8,16.9,-0.1,5.9e-05,5456600.0
2016-03-30,SCOM,Safaricom Plc,23.5,33.5,16.7,16.85,16.7,16.8,-0.1,6e-05,6557900.0
2016-03-31,SCOM,Safaricom Plc,23.5,33.5,16.6,17.0,16.9,16.7,0.2,0.00012,6770000.0
2016-04-01,SCOM,Safaricom Plc,23.5,33.5,16.7,17.0,16.85,16.9,-0.05,3e-05,6052700.0
2016-04-04,SCOM,Safaricom Plc,23.5,33.5,16.7,16.9,16.8,16.85,-0.05,3e-05,3353500.0
2016-04-05,SCOM,Safaricom Plc,23.5,33.5,16.75,16.8,16.75,16.8,-0.05,3e-05,18096600.0
2016-04-06,SCOM,Safaricom Plc,23.5,33.5,16.75,16.9,16.75,16.75,0.0,0.0,2605400.0
2016-04-07,SCOM,Safaricom Plc,23.5,33.5,16.75,16.8,16.75,16.75,0.0,0.0,4110600.0
2016-04-08,SCOM,Safaricom Plc,23.5,33.5,16.7,16.8,16.75,16.75,0.0,0.0,7684400.0
2016-04-11,SCOM,Safaricom Plc,23.5,33.5,16.65,16.8,16.7,16.75,-0.05,3e-05,1693900.0
2016-04-12,SCOM,Safaricom Plc,23.5,33.5,16.65,16.75,16.7,16.7,0.0,0.0,1586500.0
2016-04-13,SCOM,Safaricom Plc,23.5,33.5,16.7,16.8,16.7,16.7,0.0,0.0,4066600.0
2016-04-14,SCOM,Safaricom Plc,23.5,33.5,16.75,17.1,16.95,16.7,0.25,0.00015,3632100.0
2016-04-15,SCOM,Safaricom Plc,23.5,33.5,16.8,17.3,17.1,16.95,0.15,8.800000000000001e-05,10770600.0
2016-04-18,SCOM,Safaricom Plc,23.5,33.5,17.1,17.3,17.15,17.1,0.05,2.8999999999999997e-05,12911100.0
2016-04-19,SCOM,Safaricom Plc,23.5,33.5,17.2,17.35,17.3,17.15,0.15,8.7e-05,21152700.0
2016-04-20,SCOM,Safaricom Plc,23.5,33.5,17.25,17.85,17.45,17.3,0.15,8.7e-05,5160900.0
2016-04-21,SCOM,Safaricom Plc,23.5,33.5,17.25,17.85,17.4,17.45,-0.05,2.8999999999999997e-05,8764400.0
2016-04-22,SCOM,Safaricom Plc,23.5,33.5,16.9,17.4,17.1,17.4,-0.3,0.000172,12299000.0
2016-04-25,SCOM,Safaricom Plc,23.5,33.5,16.85,17.0,16.95,17.1,-0.15,8.800000000000001e-05,1060100.0
2016-04-26,SCOM,Safaricom Plc,23.5,33.5,16.85,17.0,16.9,16.95,-0.05,2.8999999999999997e-05,10654300.0
2016-04-27,SCOM,Safaricom Plc,23.5,33.5,16.85,17.1,16.95,16.9,0.05,3e-05,8110000.0
2016-04-28,SCOM,Safaricom Plc,23.5,33.5,16.9,17.15,17.1,16.95,0.15,8.800000000000001e-05,9968300.0
2016-04-29,SCOM,Safaricom Plc,23.5,33.5,17.0,17.15,17.1,17.1,0.0,0.0,6725500.0
2016-05-03,SCOM,Safaricom Plc,23.5,33.5,16.9,17.1,16.95,17.1,-0.15,8.800000000000001e-05,2308700.0
2016-05-04,SCOM,Safaricom Plc,23.5,33.5,16.8,17.0,16.9,16.95,-0.05,2.8999999999999997e-05,8721500.0
2016-05-05,SCOM,Safaricom Plc,23.5,33.5,16.8,17.0,16.9,16.9,0.0,0.0,11777600.0
2016-05-06,SCOM,Safaricom Plc,23.5,33.5,16.75,17.1,16.9,16.9,0.0,0.0,1403700.0
2016-05-09,SCOM,Safaricom Plc,23.5,33.5,16.6,16.95,16.9,16.9,0.0,0.0,7534800.0
2016-05-10,SCOM,Safaricom Plc,23.5,33.5,16.9,17.0,16.95,16.9,0.05,3e-05,2341900.0
2016-05-11,SCOM,Safaricom Plc,23.5,33.5,17.0,17.2,17.1,16.95,0.15,8.800000000000001e-05,4498200.0
2016-05-12,SCOM,Safaricom Plc,23.5,33.5,17.1,17.45,17.25,17.1,0.15,8.800000000000001e-05,1176200.0
2016-05-13,SCOM,Safaricom Plc,23.5,33.5,17.25,17.45,17.3,17.25,0.05,2.8999999999999997e-05,746600.0
2016-05-16,SCOM,Safaricom Plc,23.5,33.5,17.3,17.4,17.35,17.3,0.05,2.8999999999999997e-05,3338600.0
2016-05-17,SCOM,Safaricom Plc,23.5,33.5,17.0,17.35,17.15,17.35,-0.2,0.000115,4514800.0
2016-05-18,SCOM,Safaricom Plc,23.5,33.5,17.05,17.3,17.15,17.15,0.0,0.0,1536700.0
2016-05-19,SCOM,Safaricom Plc,23.5,33.5,17.25,17.4,17.3,17.15,0.15,8.7e-05,6973300.0
2016-05-20,SCOM,Safaricom Plc,23.5,33.5,17.15,17.4,17.35,17.3,0.05,2.8999999999999997e-05,5033500.0
2016-05-23,SCOM,Safaricom Plc,23.5,33.5,17.1,17.3,17.2,17.35,-0.15,8.6e-05,2242100.0
2016-05-24,SCOM,Safaricom Plc,23.5,33.5,17.1,17.45,17.3,17.2,0.1,5.7999999999999994e-05,6277400.0
2016-05-25,SCOM,Safaricom Plc,23.5,33.5,17.15,17.45,17.25,17.3,-0.05,2.8999999999999997e-05,6919400.0
2016-05-26,SCOM,Safaricom Plc,23.5,33.5,17.0,17.3,17.2,17.25,-0.05,2.8999999999999997e-05,3477400.0
2016-05-27,SCOM,Safaricom Plc,23.5,33.5,17.05,17.25,17.1,17.2,-0.1,5.7999999999999994e-05,3920200.0
2016-05-30,SCOM,Safaricom Plc,23.5,33.5,17.05,17.2,17.05,17.1,-0.05,2.8999999999999997e-05,2567200.0
2016-05-31,SCOM,Safaricom Plc,23.5,33.5,16.9,17.1,17.0,17.05,-0.05,2.8999999999999997e-05,5747900.0
2016-06-02,SCOM,Safaricom Plc,23.5,33.5,16.9,17.1,17.0,17.0,0.0,0.0,10125400.0
2016-06-03,SCOM,Safaricom Plc,23.5,33.5,16.9,17.0,16.95,17.0,-0.05,2.8999999999999997e-05,4228500.0
2016-06-06,SCOM,Safaricom Plc,23.5,33.5,16.9,17.25,17.15,16.95,0.2,0.000118,11409500.0
2016-06-07,SCOM,Safaricom Plc,23.5,33.5,17.2,17.6,17.45,17.15,0.3,0.00017500000000000003,9490500.0
2016-06-08,SCOM,Safaricom Plc,23.5,33.5,17.3,18.05,17.9,17.45,0.45,0.000258,17668100.0
2016-06-09,SCOM,Safaricom Plc,23.5,33.5,17.9,18.4,18.25,17.9,0.35,0.000196,21015000.0
2016-06-10,SCOM,Safaricom Plc,23.5,33.5,18.1,18.35,18.25,18.25,0.0,0.0,6693800.0
2016-06-13,SCOM,Safaricom Plc,23.5,33.5,18.0,18.3,18.15,18.25,-0.1,5.4999999999999995e-05,2139100.0
2016-06-14,SCOM,Safaricom Plc,23.5,33.5,18.0,18.25,18.1,18.15,-0.05,2.8e-05,2087000.0
2016-06-15,SCOM,Safaricom Plc,23.5,33.5,18.05,18.35,18.3,18.1,0.2,0.00010999999999999999,9438300.0
2016-06-16,SCOM,Safaricom Plc,23.5,33.5,18.2,19.0,18.6,18.3,0.3,0.000163999999999999,32593100.0
2016-06-17,SCOM,Safaricom Plc,23.5,33.5,18.1,18.8,18.7,18.6,0.1,5.4000000000000005e-05,10897100.0
2016-06-20,SCOM,Safaricom Plc,23.5,33.5,18.3,18.9,18.7,18.7,0.0,0.0,20036400.0
2016-06-21,SCOM,Safaricom Plc,23.5,33.5,18.3,18.75,18.4,18.7,-0.3,0.00016,8110700.0
2016-06-22,SCOM,Safaricom Plc,23.5,33.5,17.65,18.35,18.0,18.4,-0.4,0.00021700000000000002,9016900.0
2016-06-23,SCOM,Safaricom Plc,23.5,33.5,17.6,18.4,17.9,18.0,-0.1,5.6e-05,22607700.0
2016-06-24,SCOM,Safaricom Plc,23.5,33.5,17.25,17.85,17.45,17.9,-0.45,0.000250999999999999,2587300.0
2016-06-27,SCOM,Safaricom Plc,23.5,33.5,17.15,17.85,17.3,17.45,-0.15,8.6e-05,4856500.0
2016-06-28,SCOM,Safaricom Plc,23.5,33.5,17.0,17.45,17.1,17.3,-0.2,0.00011599999999999999,9092000.0
2016-06-29,SCOM,Safaricom Plc,23.5,33.5,16.9,17.7,17.1,17.1,0.0,0.0,6827900.0
2016-06-30,SCOM,Safaricom Plc,23.5,33.5,17.5,18.0,17.75,17.1,0.65,0.00037999999999999997,20741400.0
2016-07-01,SCOM,Safaricom Plc,23.5,33.5,17.5,17.6,17.55,17.75,-0.2,0.000113,20360400.0
2016-07-04,SCOM,Safaricom Plc,23.5,33.5,17.25,17.55,17.45,17.55,-0.1,5.6999999999998993e-05,6498100.0
2016-07-05,SCOM,Safaricom Plc,23.5,33.5,17.3,17.5,17.3,17.45,-0.15,8.6e-05,4189800.0
2016-07-06,SCOM,Safaricom Plc,23.5,33.5,17.15,17.6,17.55,17.3,0.25,0.000144999999999999,9339600.0
2016-07-08,SCOM,Safaricom Plc,23.5,33.5,17.35,17.75,17.55,17.55,0.0,0.0,8552700.0
2016-07-11,SCOM,Safaricom Plc,23.5,33.5,17.3,17.75,17.45,17.55,-0.1,5.6999999999998993e-05,14813400.0
2016-07-12,SCOM,Safaricom Plc,23.5,33.5,17.05,17.5,17.25,17.45,-0.2,0.000115,7789200.0
2016-07-13,SCOM,Safaricom Plc,23.5,33.5,17.2,17.4,17.3,17.25,0.05,2.8999999999999997e-05,2749800.0
2016-07-14,SCOM,Safaricom Plc,23.5,33.5,17.35,17.5,17.35,17.3,0.05,2.8999999999999997e-05,13523900.0
2016-07-15,SCOM,Safaricom Plc,23.5,33.5,17.3,17.4,17.3,17.35,-0.05,2.8999999999999997e-05,9025600.0
2016-07-18,SCOM,Safaricom Plc,23.5,33.5,17.1,17.35,17.25,17.3,-0.05,2.8999999999999997e-05,1651500.0
2016-07-19,SCOM,Safaricom Plc,23.5,33.5,17.25,17.95,17.65,17.25,0.4,0.00023199999999999997,31495000.0
2016-07-20,SCOM,Safaricom Plc,23.5,33.5,17.6,18.3,18.0,17.65,0.35,0.000197999999999999,24873100.0
2016-07-21,SCOM,Safaricom Plc,23.5,33.5,18.0,18.2,18.1,18.0,0.1,5.6e-05,21423200.0
2016-07-22,SCOM,Safaricom Plc,23.5,33.5,18.0,18.1,18.0,18.1,-0.1,5.4999999999999995e-05,4732500.0
2016-07-25,SCOM,Safaricom Plc,23.5,33.5,18.0,18.3,18.1,18.0,0.1,5.6e-05,8331800.0
2016-07-26,SCOM,Safaricom Plc,23.5,33.5,18.4,19.2,18.85,18.1,0.75,0.000414,19375800.0
2016-07-27,SCOM,Safaricom Plc,23.5,33.5,18.55,19.0,18.85,18.85,0.0,0.0,4915600.0
2016-07-28,SCOM,Safaricom Plc,23.5,33.5,18.8,19.05,18.9,18.85,0.05,2.7000000000000002e-05,8619300.0
2016-07-29,SCOM,Safaricom Plc,23.5,33.5,18.9,19.2,19.05,18.9,0.15,7.900000000000001e-05,2835700.0
2016-08-01,SCOM,Safaricom Plc,23.5,33.5,19.0,19.55,19.4,19.05,0.35,0.000184,17379100.0
2016-08-02,SCOM,Safaricom Plc,23.5,33.5,19.5,21.0,20.0,19.4,0.6,0.000308999999999999,19785400.0
2016-08-03,SCOM,Safaricom Plc,23.5,33.5,20.25,20.75,20.25,20.0,0.25,0.000125,13094300.0
2016-08-04,SCOM,Safaricom Plc,23.5,33.5,19.4,20.25,19.65,20.25,-0.6,0.00029600000000000004,3087500.0
2016-08-05,SCOM,Safaricom Plc,23.5,33.5,19.5,20.0,19.8,19.65,0.15,7.6e-05,11536100.0
2016-08-08,SCOM,Safaricom Plc,23.5,33.5,19.55,19.8,19.7,19.8,-0.1,5.1000000000000006e-05,9868500.0
2016-08-09,SCOM,Safaricom Plc,23.5,33.5,19.65,20.0,19.75,19.7,0.05,2.5e-05,5322500.0
2016-08-10,SCOM,Safaricom Plc,23.5,33.5,19.8,20.0,19.85,19.75,0.1,5.1000000000000006e-05,4459000.0
2016-08-11,SCOM,Safaricom Plc,23.5,33.5,19.75,20.0,19.9,19.85,0.05,2.5e-05,3253300.0
2016-08-12,SCOM,Safaricom Plc,23.5,33.5,19.9,20.25,20.0,19.9,0.1,5e-05,1462800.0
2016-08-15,SCOM,Safaricom Plc,23.5,33.5,20.0,20.5,20.25,20.0,0.25,0.000125,1392800.0
2016-08-16,SCOM,Safaricom Plc,23.5,33.5,20.25,21.5,21.0,20.25,0.75,0.00037,6350000.0
2016-08-17,SCOM,Safaricom Plc,23.5,33.5,21.0,21.75,21.25,21.0,0.25,0.000118999999999999,8687200.0
2016-08-18,SCOM,Safaricom Plc,23.5,33.5,21.0,21.5,21.25,21.25,0.0,0.0,19517400.0
2016-08-19,SCOM,Safaricom Plc,23.5,33.5,20.5,21.5,21.0,21.25,-0.25,0.000118,41411500.0
2016-08-22,SCOM,Safaricom Plc,23.5,33.5,20.5,21.25,20.75,21.0,-0.25,0.000118999999999999,2266300.0
2016-08-23,SCOM,Safaricom Plc,23.5,33.5,20.75,21.5,21.25,20.75,0.5,0.000241,2811400.0
2016-08-24,SCOM,Safaricom Plc,23.5,33.5,21.0,21.75,21.25,21.25,0.0,0.0,22572400.0
2016-08-25,SCOM,Safaricom Plc,23.5,33.5,19.15,21.5,20.0,21.25,-1.25,0.000588,26239200.0
2016-08-26,SCOM,Safaricom Plc,23.5,33.5,19.5,19.85,19.65,20.0,-0.35,0.00017500000000000003,9082500.0
2016-08-29,SCOM,Safaricom Plc,23.5,33.5,19.75,20.25,19.95,19.65,0.3,0.000153,46320000.0
2016-08-30,SCOM,Safaricom Plc,23.5,33.5,19.8,20.25,19.95,19.95,0.0,0.0,12406600.0
2016-08-31,SCOM,Safaricom Plc,23.5,33.5,20.0,20.5,20.0,19.95,0.05,2.5e-05,12203800.0
2016-09-01,SCOM,Safaricom Plc,23.5,33.5,19.9,20.5,20.0,20.0,0.0,0.0,58728100.0
2016-09-02,SCOM,Safaricom Plc,23.5,33.5,19.85,20.25,19.95,20.0,-0.05,2.5e-05,5901000.0
2016-09-05,SCOM,Safaricom Plc,23.5,33.5,18.0,19.0,18.4,19.95,-1.55,0.0007769999999999989,5363200.0
2016-09-06,SCOM,Safaricom Plc,23.5,33.5,18.5,19.0,18.8,18.4,0.4,0.00021700000000000002,4872600.0
2016-09-07,SCOM,Safaricom Plc,23.5,33.5,18.8,19.1,19.0,18.8,0.2,0.000106,57665600.0
2016-09-08,SCOM,Safaricom Plc,23.5,33.5,18.9,19.05,19.0,19.0,0.0,0.0,6426900.0
2016-09-09,SCOM,Safaricom Plc,23.5,33.5,18.95,19.5,19.0,19.0,0.0,0.0,3635000.0
2016-09-13,SCOM,Safaricom Plc,23.5,33.5,18.65,19.3,18.95,19.0,-0.05,2.6e-05,8092300.0
2016-09-14,SCOM,Safaricom Plc,23.5,33.5,18.7,19.0,18.9,18.95,-0.05,2.6e-05,6342900.0
2016-09-15,SCOM,Safaricom Plc,23.5,33.5,18.75,19.0,18.9,18.9,0.0,0.0,1710400.0
2016-09-16,SCOM,Safaricom Plc,23.5,33.5,18.75,19.0,18.9,18.9,0.0,0.0,2716900.0
2016-09-19,SCOM,Safaricom Plc,23.5,33.5,18.9,19.2,19.0,18.9,0.1,5.3e-05,2168600.0
2016-09-20,SCOM,Safaricom Plc,23.5,33.5,19.05,19.3,19.15,19.0,0.15,7.900000000000001e-05,5385600.0
2016-09-21,SCOM,Safaricom Plc,23.5,33.5,19.0,19.4,19.3,19.15,0.15,7.8e-05,10812700.0
2016-09-22,SCOM,Safaricom Plc,23.5,33.5,19.0,19.5,19.4,19.3,0.1,5.2e-05,106196600.0
2016-09-23,SCOM,Safaricom Plc,23.5,33.5,19.2,19.55,19.4,19.4,0.0,0.0,1496800.0
2016-09-26,SCOM,Safaricom Plc,23.5,33.5,19.2,19.7,19.5,19.4,0.1,5.2e-05,1123600.0
2016-09-27,SCOM,Safaricom Plc,23.5,33.5,19.55,19.8,19.65,19.5,0.15,7.7e-05,53639800.0
2016-09-28,SCOM,Safaricom Plc,23.5,33.5,19.2,20.0,19.95,19.65,0.3,0.000153,7414100.0
2016-09-29,SCOM,Safaricom Plc,23.5,33.5,19.2,19.95,19.85,19.95,-0.1,5e-05,939800.0
2016-09-30,SCOM,Safaricom Plc,23.5,33.5,19.7,20.0,19.95,19.85,0.1,5e-05,16347900.0
2016-10-03,SCOM,Safaricom Plc,23.5,33.5,19.7,20.5,20.0,19.95,0.05,2.5e-05,7976500.0
2016-10-04,SCOM,Safaricom Plc,23.5,33.5,20.0,20.25,20.0,20.0,0.0,0.0,8617100.0
2016-10-05,SCOM,Safaricom Plc,23.5,33.5,19.95,20.25,20.0,20.0,0.0,0.0,4781300.0
2016-10-06,SCOM,Safaricom Plc,23.5,33.5,19.9,20.25,19.95,20.0,-0.05,2.5e-05,3648800.0
2016-10-07,SCOM,Safaricom Plc,23.5,33.5,19.95,20.5,20.0,19.95,0.05,2.5e-05,3906500.0
2016-10-10,SCOM,Safaricom Plc,23.5,33.5,20.0,20.5,20.25,20.0,0.25,0.000125,37949900.0
2016-10-11,SCOM,Safaricom Plc,23.5,33.5,19.95,20.75,20.0,20.25,-0.25,0.000123,9580200.0
2016-10-12,SCOM,Safaricom Plc,23.5,33.5,19.5,20.0,19.9,20.0,-0.1,5e-05,3603000.0
2016-10-13,SCOM,Safaricom Plc,23.5,33.5,19.75,20.25,19.9,19.9,0.0,0.0,6404000.0
2016-10-14,SCOM,Safaricom Plc,23.5,33.5,19.85,20.25,19.95,19.9,0.05,2.5e-05,495000.0
2016-10-17,SCOM,Safaricom Plc,23.5,33.5,19.8,20.0,19.85,19.95,-0.1,5e-05,3695300.0
2016-10-18,SCOM,Safaricom Plc,23.5,33.5,19.7,19.85,19.75,19.85,-0.1,5e-05,909500.0
2016-10-19,SCOM,Safaricom Plc,23.5,33.5,19.55,19.8,19.7,19.75,-0.05,2.5e-05,1854300.0
2016-10-21,SCOM,Safaricom Plc,23.5,33.5,19.65,19.85,19.7,19.7,0.0,0.0,17658500.0
2016-10-24,SCOM,Safaricom Plc,23.5,33.5,19.7,20.25,20.0,19.7,0.3,0.000152,4937900.0
2016-10-25,SCOM,Safaricom Plc,23.5,33.5,19.8,20.25,20.0,20.0,0.0,0.0,1567600.0
2016-10-26,SCOM,Safaricom Plc,23.5,33.5,19.95,20.25,19.95,20.0,-0.05,2.5e-05,8903900.0
2016-10-27,SCOM,Safaricom Plc,23.5,33.5,19.9,20.0,19.95,19.95,0.0,0.0,6139900.0
2016-10-28,SCOM,Safaricom Plc,23.5,33.5,19.8,20.0,19.9,19.95,-0.05,2.5e-05,628500.0
2016-10-31,SCOM,Safaricom Plc,23.5,33.5,19.75,19.95,19.8,19.9,-0.1,5e-05,4518400.0
2016-11-01,SCOM,Safaricom Plc,23.5,33.5,19.75,21.25,20.25,19.8,0.45,0.00022700000000000002,4060100.0
2016-11-02,SCOM,Safaricom Plc,23.5,33.5,20.0,21.0,20.75,20.25,0.5,0.000247,4073100.0
2016-11-04,SCOM,Safaricom Plc,23.5,33.5,20.75,21.75,21.25,20.75,0.5,0.000241,18369800.0
2016-11-07,SCOM,Safaricom Plc,23.5,33.5,21.0,21.5,21.0,21.25,-0.25,0.000118,5744000.0
2016-11-08,SCOM,Safaricom Plc,23.5,33.5,20.5,21.0,20.75,21.0,-0.25,0.000118999999999999,16019400.0
2016-11-09,SCOM,Safaricom Plc,23.5,33.5,19.65,20.75,20.25,20.75,-0.5,0.000241,7082100.0
2016-11-10,SCOM,Safaricom Plc,23.5,33.5,20.25,21.0,20.75,20.25,0.5,0.000247,3933300.0
2016-11-11,SCOM,Safaricom Plc,23.5,33.5,20.5,21.0,20.75,20.75,0.0,0.0,8728800.0
2016-11-14,SCOM,Safaricom Plc,23.5,33.5,20.25,21.0,20.25,20.75,-0.5,0.000241,3327800.0
2016-11-15,SCOM,Safaricom Plc,23.5,33.5,20.0,20.75,20.25,20.25,0.0,0.0,3405100.0
2016-11-16,SCOM,Safaricom Plc,23.5,33.5,20.0,21.0,20.5,20.25,0.25,0.000123,4934100.0
2016-11-17,SCOM,Safaricom Plc,23.5,33.5,20.25,21.5,20.5,20.5,0.0,0.0,8050500.0
2016-11-18,SCOM,Safaricom Plc,23.5,33.5,20.0,20.75,20.0,20.5,-0.5,0.00024399999999999902,2022200.0
2016-11-21,SCOM,Safaricom Plc,23.5,33.5,19.9,20.25,19.95,20.0,-0.05,2.5e-05,10284100.0
2016-11-22,SCOM,Safaricom Plc,23.5,33.5,19.95,20.25,19.95,19.95,0.0,0.0,12827400.0
2016-11-23,SCOM,Safaricom Plc,23.5,33.5,19.95,20.25,20.0,19.95,0.05,2.5e-05,12872700.0
2016-11-24,SCOM,Safaricom Plc,23.5,33.5,19.9,20.25,19.95,20.0,-0.05,2.5e-05,17758700.0
2016-11-25,SCOM,Safaricom Plc,23.5,33.5,19.8,20.0,19.9,19.95,-0.05,2.5e-05,450200.0
2016-11-28,SCOM,Safaricom Plc,23.5,33.5,19.7,19.95,19.85,19.9,-0.05,2.5e-05,6245200.0
2016-11-29,SCOM,Safaricom Plc,23.5,33.5,19.7,19.95,19.8,19.85,-0.05,2.5e-05,14562700.0
2016-11-30,SCOM,Safaricom Plc,23.5,33.5,19.85,20.0,19.9,19.8,0.1,5.1000000000000006e-05,24813500.0
2016-12-01,SCOM,Safaricom Plc,23.5,33.5,19.9,20.25,19.95,19.9,0.05,2.5e-05,7026900.0
2016-12-02,SCOM,Safaricom Plc,23.5,33.5,19.9,20.25,19.95,19.95,0.0,0.0,9739100.0
2016-12-05,SCOM,Safaricom Plc,23.5,33.5,19.85,20.0,19.9,19.95,-0.05,2.5e-05,4018300.0
2016-12-06,SCOM,Safaricom Plc,23.5,33.5,19.75,19.95,19.8,19.9,-0.1,5e-05,5766400.0
2016-12-07,SCOM,Safaricom Plc,23.5,33.5,19.65,19.85,19.7,19.8,-0.1,5.1000000000000006e-05,3500500.0
2016-12-08,SCOM,Safaricom Plc,23.5,33.5,18.95,19.7,19.35,19.7,-0.35,0.000178,6487100.0
2016-12-09,SCOM,Safaricom Plc,23.5,33.5,18.9,20.0,19.0,19.35,-0.35,0.000181,2614700.0
2016-12-13,SCOM,Safaricom Plc,23.5,33.5,18.8,19.0,18.9,19.0,-0.1,5.3e-05,7989400.0
2016-12-14,SCOM,Safaricom Plc,23.5,33.5,18.5,19.5,18.9,18.9,0.0,0.0,3555700.0
2016-12-15,SCOM,Safaricom Plc,23.5,33.5,18.65,19.0,18.75,18.9,-0.15,7.900000000000001e-05,1996200.0
2016-12-16,SCOM,Safaricom Plc,23.5,33.5,18.6,18.9,18.75,18.75,0.0,0.0,11319900.0
2016-12-19,SCOM,Safaricom Plc,23.5,33.5,18.6,19.3,19.0,18.75,0.25,0.00013299999999999998,7670800.0
2016-12-20,SCOM,Safaricom Plc,23.5,33.5,18.8,19.2,19.0,19.0,0.0,0.0,21731900.0
2016-12-21,SCOM,Safaricom Plc,23.5,33.5,18.9,19.15,19.0,19.0,0.0,0.0,6269900.0
2016-12-22,SCOM,Safaricom Plc,23.5,33.5,19.0,19.5,19.45,19.0,0.45,0.000237,5924300.0
2016-12-23,SCOM,Safaricom Plc,23.5,33.5,19.1,19.6,19.5,19.45,0.05,2.6e-05,3735600.0
2016-12-28,SCOM,Safaricom Plc,23.5,33.5,19.1,19.7,19.25,19.5,-0.25,0.000128,6533800.0
2016-12-29,SCOM,Safaricom Plc,23.5,33.5,19.0,19.5,19.05,19.25,-0.2,0.000104,6069300.0
2016-12-30,SCOM,Safaricom Plc,23.5,33.5,19.0,19.2,19.1,19.05,0.05,2.6e-05,6057600.0
2017-01-03,SCOM,Safaricom Plc,23.5,33.5,18.9,19.2,19.0,19.1,-0.1,5.2e-05,10112100.0
2017-01-04,SCOM,Safaricom Plc,23.5,33.5,18.9,19.05,18.95,19.0,-0.05,2.6e-05,2623500.0
2017-01-05,SCOM,Safaricom Plc,23.5,33.5,18.6,19.0,18.8,18.95,-0.15,7.900000000000001e-05,12900500.0
2017-01-06,SCOM,Safaricom Plc,23.5,33.5,18.5,19.0,18.6,18.8,-0.2,0.000106,28016700.0
2017-01-09,SCOM,Safaricom Plc,23.5,33.5,18.45,18.8,18.5,18.6,-0.1,5.4000000000000005e-05,18451400.0
2017-01-10,SCOM,Safaricom Plc,23.5,33.5,17.8,18.6,18.2,18.5,-0.3,0.00016199999999999998,14399200.0
2017-01-11,SCOM,Safaricom Plc,23.5,33.5,17.95,18.5,18.0,18.2,-0.2,0.00010999999999999999,16375700.0
2017-01-12,SCOM,Safaricom Plc,23.5,33.5,17.85,18.0,17.95,18.0,-0.05,2.8e-05,12902900.0
2017-01-13,SCOM,Safaricom Plc,23.5,33.5,17.85,18.0,17.95,17.95,0.0,0.0,21490900.0
2017-01-16,SCOM,Safaricom Plc,23.5,33.5,17.85,18.0,17.95,17.95,0.0,0.0,3721600.0
2017-01-17,SCOM,Safaricom Plc,23.5,33.5,17.9,18.0,17.95,17.95,0.0,0.0,5467100.0
2017-01-18,SCOM,Safaricom Plc,23.5,33.5,17.85,18.3,18.05,17.95,0.1,5.6e-05,29114000.0
2017-01-19,SCOM,Safaricom Plc,23.5,33.5,18.1,18.3,18.15,18.05,0.1,5.4999999999999995e-05,17568700.0
2017-01-20,SCOM,Safaricom Plc,23.5,33.5,18.1,18.3,18.15,18.15,0.0,0.0,10781400.0
2017-01-23,SCOM,Safaricom Plc,23.5,33.5,18.05,18.3,18.2,18.15,0.05,2.8e-05,974900.0
2017-01-24,SCOM,Safaricom Plc,23.5,33.5,18.15,19.0,18.2,18.2,0.0,0.0,12379200.0
2017-01-25,SCOM,Safaricom Plc,23.5,33.5,18.15,18.25,18.2,18.2,0.0,0.0,3375900.0
2017-01-26,SCOM,Safaricom Plc,23.5,33.5,18.15,18.35,18.25,18.2,0.05,2.7000000000000002e-05,6200000.0
2017-01-27,SCOM,Safaricom Plc,23.5,33.5,18.2,18.5,18.35,18.25,0.1,5.4999999999999995e-05,9779300.0
2017-01-30,SCOM,Safaricom Plc,23.5,33.5,18.25,18.5,18.35,18.35,0.0,0.0,634100.0
2017-01-31,SCOM,Safaricom Plc,23.5,33.5,18.3,18.6,18.5,18.35,0.15,8.1999999999999e-05,5451000.0
2017-02-01,SCOM,Safaricom Plc,23.5,33.5,18.4,18.7,18.55,18.5,0.05,2.7000000000000002e-05,60480100.0
2017-02-02,SCOM,Safaricom Plc,23.5,33.5,18.55,19.0,18.55,18.55,0.0,0.0,3949200.0
2017-02-03,SCOM,Safaricom Plc,23.5,33.5,18.55,19.0,18.65,18.55,0.1,5.4000000000000005e-05,13730700.0
2017-02-06,SCOM,Safaricom Plc,23.5,33.5,18.65,19.2,18.9,18.65,0.25,0.000134,24381900.0
2017-02-07,SCOM,Safaricom Plc,23.5,33.5,18.3,19.0,18.65,18.9,-0.25,0.000132,9843900.0
2017-02-08,SCOM,Safaricom Plc,23.5,33.5,18.1,18.7,18.4,18.65,-0.25,0.000134,17107200.0
2017-02-09,SCOM,Safaricom Plc,23.5,33.5,18.05,18.55,18.45,18.4,0.05,2.7000000000000002e-05,25990000.0
2017-02-10,SCOM,Safaricom Plc,23.5,33.5,18.35,18.55,18.45,18.45,0.0,0.0,11789700.0
2017-02-13,SCOM,Safaricom Plc,23.5,33.5,18.3,18.5,18.35,18.45,-0.1,5.4000000000000005e-05,4306200.0
2017-02-14,SCOM,Safaricom Plc,23.5,33.5,18.15,18.5,18.3,18.35,-0.05,2.7000000000000002e-05,9675400.0
2017-02-15,SCOM,Safaricom Plc,23.5,33.5,18.15,18.3,18.2,18.3,-0.1,5.4999999999999995e-05,45462100.0
2017-02-16,SCOM,Safaricom Plc,23.5,33.5,18.0,18.4,18.2,18.2,0.0,0.0,4696600.0
2017-02-17,SCOM,Safaricom Plc,23.5,33.5,18.0,18.25,18.05,18.2,-0.15,8.1999999999999e-05,13190000.0
2017-02-20,SCOM,Safaricom Plc,23.5,33.5,17.9,18.1,18.0,18.05,-0.05,2.8e-05,9694400.0
2017-02-21,SCOM,Safaricom Plc,23.5,33.5,17.95,18.05,18.0,18.0,0.0,0.0,9925500.0
2017-02-22,SCOM,Safaricom Plc,23.5,33.5,17.95,18.5,18.0,18.0,0.0,0.0,31340300.0
2017-02-23,SCOM,Safaricom Plc,23.5,33.5,17.95,18.4,18.0,18.0,0.0,0.0,6851900.0
2017-02-24,SCOM,Safaricom Plc,23.5,33.5,17.95,18.15,18.05,18.0,0.05,2.8e-05,31609000.0
2017-02-27,SCOM,Safaricom Plc,23.5,33.5,17.7,18.5,17.85,18.05,-0.2,0.000111,2058900.0
2017-02-28,SCOM,Safaricom Plc,23.5,33.5,17.7,18.0,17.75,17.85,-0.1,5.6e-05,2370700.0
2017-03-01,SCOM,Safaricom Plc,23.5,33.5,16.55,17.75,17.05,17.75,-0.7,0.000394,3077500.0
2017-03-02,SCOM,Safaricom Plc,23.5,33.5,16.85,17.75,17.0,17.05,-0.05,2.8999999999999997e-05,20903900.0
2017-03-03,SCOM,Safaricom Plc,23.5,33.5,16.8,17.05,16.9,17.0,-0.1,5.9e-05,1536000.0
2017-03-06,SCOM,Safaricom Plc,23.5,33.5,16.75,17.0,16.8,16.9,-0.1,5.9e-05,1810400.0
2017-03-07,SCOM,Safaricom Plc,23.5,33.5,16.5,16.85,16.6,16.8,-0.2,0.000118999999999999,5251100.0
2017-03-08,SCOM,Safaricom Plc,23.5,33.5,15.95,16.75,16.2,16.6,-0.4,0.000241,13942300.0
2017-03-09,SCOM,Safaricom Plc,23.5,33.5,15.9,16.65,16.0,16.2,-0.2,0.000123,44080600.0
2017-03-10,SCOM,Safaricom Plc,23.5,33.5,16.3,17.6,16.9,16.0,0.9,0.0005629999999999989,16120000.0
2017-03-13,SCOM,Safaricom Plc,23.5,33.5,17.0,18.0,17.35,16.9,0.45,0.00026599999999999996,50600300.0
2017-03-14,SCOM,Safaricom Plc,23.5,33.5,17.5,18.9,18.25,17.35,0.9,0.000519,38120800.0
2017-03-15,SCOM,Safaricom Plc,23.5,33.5,17.5,18.25,17.85,18.25,-0.4,0.00021899999999999998,7041100.0
2017-03-16,SCOM,Safaricom Plc,23.5,33.5,17.5,19.0,17.55,17.85,-0.3,0.000168,9616200.0
2017-03-17,SCOM,Safaricom Plc,23.5,33.5,17.6,18.05,17.9,17.55,0.35,0.000199,6635600.0
2017-03-20,SCOM,Safaricom Plc,23.5,33.5,17.75,18.1,17.95,17.9,0.05,2.8e-05,12692800.0
2017-03-21,SCOM,Safaricom Plc,23.5,33.5,18.0,18.25,18.1,17.95,0.15,8.4e-05,511900.0
2017-03-22,SCOM,Safaricom Plc,23.5,33.5,18.0,18.35,18.1,18.1,0.0,0.0,11702000.0
2017-03-23,SCOM,Safaricom Plc,23.5,33.5,18.15,18.6,18.35,18.1,0.25,0.000138,9234600.0
2017-03-24,SCOM,Safaricom Plc,23.5,33.5,18.35,18.7,18.45,18.35,0.1,5.4000000000000005e-05,18872800.0
2017-03-27,SCOM,Safaricom Plc,23.5,33.5,18.45,18.95,18.7,18.45,0.25,0.000136,13249100.0
2017-03-28,SCOM,Safaricom Plc,23.5,33.5,18.3,19.05,18.6,18.7,-0.1,5.3e-05,14747100.0
2017-03-29,SCOM,Safaricom Plc,23.5,33.5,17.75,18.4,18.05,18.6,-0.55,0.00029600000000000004,13298400.0
2017-03-30,SCOM,Safaricom Plc,23.5,33.5,17.9,18.05,17.95,18.05,-0.1,5.4999999999999995e-05,997100.0
2017-03-31,SCOM,Safaricom Plc,23.5,33.5,17.8,18.3,18.0,17.95,0.05,2.8e-05,5417100.0
2017-04-03,SCOM,Safaricom Plc,23.5,33.5,18.0,19.0,18.45,18.0,0.45,0.00025,11256700.0
2017-04-04,SCOM,Safaricom Plc,23.5,33.5,18.0,19.0,18.3,18.45,-0.15,8.099999999999999e-05,26217200.0
2017-04-05,SCOM,Safaricom Plc,23.5,33.5,18.3,19.0,18.3,18.3,0.0,0.0,9470400.0
2017-04-06,SCOM,Safaricom Plc,23.5,33.5,18.3,19.0,18.6,18.3,0.3,0.000163999999999999,591200.0
2017-04-07,SCOM,Safaricom Plc,23.5,33.5,18.4,19.75,18.65,18.6,0.05,2.7000000000000002e-05,4884200.0
2017-04-10,SCOM,Safaricom Plc,23.5,33.5,18.65,19.75,19.15,18.65,0.5,0.000268,2010800.0
2017-04-11,SCOM,Safaricom Plc,23.5,33.5,19.15,19.8,19.25,19.15,0.1,5.2e-05,5620200.0
2017-04-12,SCOM,Safaricom Plc,23.5,33.5,19.25,19.65,19.45,19.25,0.2,0.000104,5074600.0
2017-04-13,SCOM,Safaricom Plc,23.5,33.5,19.5,19.75,19.6,19.45,0.15,7.7e-05,76384700.0
2017-04-18,SCOM,Safaricom Plc,23.5,33.5,19.0,19.7,19.15,19.6,-0.45,0.00023,1824600.0
2017-04-19,SCOM,Safaricom Plc,23.5,33.5,19.05,19.3,19.15,19.15,0.0,0.0,12731200.0
2017-04-20,SCOM,Safaricom Plc,23.5,33.5,19.0,19.25,19.15,19.15,0.0,0.0,8635600.0
2017-04-21,SCOM,Safaricom Plc,23.5,33.5,19.1,19.2,19.1,19.15,-0.05,2.6e-05,4403600.0
2017-04-24,SCOM,Safaricom Plc,23.5,33.5,19.05,19.2,19.1,19.1,0.0,0.0,2822400.0
2017-04-25,SCOM,Safaricom Plc,23.5,33.5,18.7,19.15,18.95,19.1,-0.15,7.900000000000001e-05,12876100.0
2017-04-26,SCOM,Safaricom Plc,23.5,33.5,18.85,19.0,18.95,18.95,0.0,0.0,6202300.0
2017-04-27,SCOM,Safaricom Plc,23.5,33.5,18.95,19.1,19.0,18.95,0.05,2.6e-05,16118400.0
2017-04-28,SCOM,Safaricom Plc,23.5,33.5,19.0,19.6,19.25,19.0,0.25,0.000132,1566700.0
2017-05-02,SCOM,Safaricom Plc,23.5,33.5,19.2,19.8,19.5,19.25,0.25,0.00013,7226100.0
2017-05-03,SCOM,Safaricom Plc,23.5,33.5,19.5,19.8,19.6,19.5,0.1,5.1000000000000006e-05,15115900.0
2017-05-05,SCOM,Safaricom Plc,23.5,33.5,19.7,20.0,19.75,19.6,0.15,7.7e-05,11863400.0
2017-05-08,SCOM,Safaricom Plc,23.5,33.5,19.8,20.75,20.5,19.75,0.75,0.00037999999999999997,22920700.0
2017-05-10,SCOM,Safaricom Plc,23.5,33.5,19.85,22.0,20.0,20.25,-0.25,0.000123,2236700.0
2017-05-11,SCOM,Safaricom Plc,23.5,33.5,19.85,20.75,20.5,20.0,0.5,0.00025,18459400.0
2017-05-12,SCOM,Safaricom Plc,23.5,33.5,20.25,20.75,20.25,20.5,-0.25,0.00012199999999999901,6878700.0
2017-05-15,SCOM,Safaricom Plc,23.5,33.5,20.25,20.5,20.25,20.25,0.0,0.0,2144600.0
2017-05-16,SCOM,Safaricom Plc,23.5,33.5,20.25,20.5,20.25,20.25,0.0,0.0,41903800.0
2017-05-17,SCOM,Safaricom Plc,23.5,33.5,20.0,20.5,20.0,20.25,-0.25,0.000123,11880500.0
2017-05-18,SCOM,Safaricom Plc,23.5,33.5,19.95,21.0,20.25,20.0,0.25,0.000125,20134000.0
2017-05-19,SCOM,Safaricom Plc,23.5,33.5,20.0,20.75,20.25,20.25,0.0,0.0,28726800.0
2017-05-22,SCOM,Safaricom Plc,23.5,33.5,20.25,20.75,20.25,20.25,0.0,0.0,23773400.0
2017-05-23,SCOM,Safaricom Plc,23.5,33.5,20.25,20.75,20.5,20.25,0.25,0.000123,27500400.0
2017-05-24,SCOM,Safaricom Plc,23.5,33.5,20.75,21.75,21.0,20.5,0.5,0.00024399999999999902,8835100.0
2017-05-25,SCOM,Safaricom Plc,23.5,33.5,21.25,21.75,21.5,21.0,0.5,0.000237999999999999,22321000.0
2017-05-26,SCOM,Safaricom Plc,23.5,33.5,21.5,22.0,21.75,21.5,0.25,0.00011599999999999999,5860900.0
2017-05-29,SCOM,Safaricom Plc,23.5,33.5,21.25,21.75,21.5,21.75,-0.25,0.000115,3668500.0
2017-05-30,SCOM,Safaricom Plc,23.5,33.5,21.0,21.75,21.0,21.5,-0.5,0.00023300000000000003,10109300.0
2017-05-31,SCOM,Safaricom Plc,23.5,33.5,21.5,23.0,22.25,21.0,1.25,0.0005949999999999999,37103200.0
2017-06-02,SCOM,Safaricom Plc,23.5,33.5,22.0,23.25,22.5,22.25,0.25,0.000112,29192700.0
2017-06-05,SCOM,Safaricom Plc,23.5,33.5,21.5,22.75,22.25,22.5,-0.25,0.000111,4777700.0
2017-06-06,SCOM,Safaricom Plc,23.5,33.5,22.0,23.5,22.0,22.25,-0.25,0.000112,8915900.0
2017-06-07,SCOM,Safaricom Plc,23.5,33.5,22.0,22.5,22.25,22.0,0.25,0.000113999999999999,15209000.0
2017-06-08,SCOM,Safaricom Plc,23.5,33.5,22.0,22.5,22.25,22.25,0.0,0.0,2864500.0
2017-06-09,SCOM,Safaricom Plc,23.5,33.5,22.25,23.0,22.75,22.25,0.5,0.000225,41714300.0
2017-06-12,SCOM,Safaricom Plc,23.5,33.5,22.5,23.25,22.75,22.75,0.0,0.0,10486700.0
2017-06-13,SCOM,Safaricom Plc,23.5,33.5,23.0,24.0,23.5,22.75,0.75,0.00033,21760300.0
2017-06-14,SCOM,Safaricom Plc,23.5,33.5,23.0,23.75,23.0,23.5,-0.5,0.000213,29190800.0
2017-06-15,SCOM,Safaricom Plc,23.5,33.5,23.25,23.5,23.25,23.0,0.25,0.00010899999999999999,16061200.0
2017-06-16,SCOM,Safaricom Plc,23.5,33.5,23.25,24.0,23.5,23.25,0.25,0.00010800000000000001,53205000.0
2017-06-19,SCOM,Safaricom Plc,23.5,33.5,23.0,23.75,23.0,23.5,-0.5,0.000213,3425300.0
2017-06-20,SCOM,Safaricom Plc,23.5,33.5,22.5,23.25,22.75,23.0,-0.25,0.00010899999999999999,16454000.0
2017-06-21,SCOM,Safaricom Plc,23.5,33.5,22.5,23.5,22.75,22.75,0.0,0.0,10865900.0
2017-06-22,SCOM,Safaricom Plc,23.5,33.5,22.75,23.5,23.25,22.75,0.5,0.00021999999999999998,5718000.0
2017-06-23,SCOM,Safaricom Plc,23.5,33.5,23.0,23.5,23.0,23.25,-0.25,0.00010800000000000001,19261400.0
2017-06-27,SCOM,Safaricom Plc,23.5,33.5,23.25,23.75,23.5,23.0,0.5,0.00021700000000000002,5720000.0
2017-06-28,SCOM,Safaricom Plc,23.5,33.5,23.0,23.5,23.0,23.5,-0.5,0.000213,3289600.0
2017-06-29,SCOM,Safaricom Plc,23.5,33.5,23.0,23.75,23.0,23.0,0.0,0.0,9288100.0
2017-06-30,SCOM,Safaricom Plc,23.5,33.5,22.0,23.25,22.75,23.0,-0.25,0.00010899999999999999,9958100.0
2017-07-03,SCOM,Safaricom Plc,23.5,33.5,22.5,23.25,22.75,22.75,0.0,0.0,8144300.0
2017-07-04,SCOM,Safaricom Plc,23.5,33.5,22.5,23.25,23.0,22.75,0.25,0.00010999999999999999,6861500.0
2017-07-06,SCOM,Safaricom Plc,23.5,33.5,22.0,23.25,22.75,23.0,-0.25,0.00010899999999999999,13742000.0
2017-07-07,SCOM,Safaricom Plc,23.5,33.5,23.0,23.25,23.0,22.75,0.25,0.00010999999999999999,25267300.0
2017-07-10,SCOM,Safaricom Plc,23.5,33.5,23.0,23.25,23.0,23.0,0.0,0.0,2466600.0
2017-07-11,SCOM,Safaricom Plc,23.5,33.5,23.0,23.5,23.0,23.0,0.0,0.0,23199100.0
2017-07-12,SCOM,Safaricom Plc,23.5,33.5,22.75,23.25,23.0,23.0,0.0,0.0,17211400.0
2017-07-13,SCOM,Safaricom Plc,23.5,33.5,22.75,23.25,23.0,23.0,0.0,0.0,22782800.0
2017-07-14,SCOM,Safaricom Plc,23.5,33.5,22.75,23.25,23.0,23.0,0.0,0.0,1592500.0
2017-07-17,SCOM,Safaricom Plc,23.5,33.5,23.0,23.25,23.0,23.0,0.0,0.0,19309700.0
2017-07-18,SCOM,Safaricom Plc,23.5,33.5,22.5,23.25,22.75,23.0,-0.25,0.00010899999999999999,16756300.0
2017-07-19,SCOM,Safaricom Plc,23.5,33.5,23.0,23.25,23.0,22.75,0.25,0.00010999999999999999,13123200.0
2017-07-20,SCOM,Safaricom Plc,23.5,33.5,23.0,23.25,23.0,23.0,0.0,0.0,2224500.0
2017-07-21,SCOM,Safaricom Plc,23.5,33.5,23.0,23.5,23.25,23.0,0.25,0.00010899999999999999,2758200.0
2017-07-24,SCOM,Safaricom Plc,23.5,33.5,23.25,23.75,23.25,23.25,0.0,0.0,2903700.0
2017-07-25,SCOM,Safaricom Plc,23.5,33.5,23.25,24.0,23.5,23.25,0.25,0.00010800000000000001,18098000.0
2017-07-26,SCOM,Safaricom Plc,23.5,33.5,23.5,24.25,23.75,23.5,0.25,0.000106,11133700.0
2017-07-27,SCOM,Safaricom Plc,23.5,33.5,23.5,24.75,23.75,23.75,0.0,0.0,6777600.0
2017-07-28,SCOM,Safaricom Plc,23.5,33.5,23.75,25.0,24.5,23.75,0.75,0.00031600000000000004,7360500.0
2017-07-31,SCOM,Safaricom Plc,23.5,33.5,23.75,25.0,24.5,24.5,0.0,0.0,13019000.0
2017-08-01,SCOM,Safaricom Plc,23.5,33.5,23.5,24.0,23.75,24.5,-0.75,0.000306,23415400.0
2017-08-02,SCOM,Safaricom Plc,23.5,33.5,23.75,24.25,24.0,23.75,0.25,0.000105,12764100.0
2017-08-03,SCOM,Safaricom Plc,23.5,33.5,23.75,24.5,23.75,24.0,-0.25,0.000104,12062800.0
2017-08-04,SCOM,Safaricom Plc,23.5,33.5,23.0,24.25,23.5,23.75,-0.25,0.000105,10616700.0
2017-08-07,SCOM,Safaricom Plc,23.5,33.5,23.5,24.0,23.5,23.5,0.0,0.0,1508700.0
2017-08-09,SCOM,Safaricom Plc,23.5,33.5,23.75,24.25,23.75,23.5,0.25,0.000106,2214300.0
2017-08-10,SCOM,Safaricom Plc,23.5,33.5,23.5,24.75,24.25,23.75,0.5,0.000210999999999999,356900.0
2017-08-11,SCOM,Safaricom Plc,23.5,33.5,23.75,25.5,24.5,24.25,0.25,0.000103,18962100.0
2017-08-14,SCOM,Safaricom Plc,23.5,33.5,24.75,25.5,25.0,24.5,0.5,0.00020400000000000003,6749500.0
2017-08-15,SCOM,Safaricom Plc,23.5,33.5,24.0,25.5,24.75,25.0,-0.25,0.0001,11607100.0
2017-08-16,SCOM,Safaricom Plc,23.5,33.5,24.25,25.0,24.25,24.75,-0.5,0.000202,14322500.0
2017-08-17,SCOM,Safaricom Plc,23.5,33.5,24.0,24.75,24.25,24.25,0.0,0.0,1528900.0
2017-08-18,SCOM,Safaricom Plc,23.5,33.5,24.0,24.75,24.25,24.25,0.0,0.0,4356700.0
2017-08-21,SCOM,Safaricom Plc,23.5,33.5,24.25,25.0,24.75,24.25,0.5,0.000206,1490600.0
2017-08-22,SCOM,Safaricom Plc,23.5,33.5,24.75,25.0,24.75,24.75,0.0,0.0,2932400.0
2017-08-23,SCOM,Safaricom Plc,23.5,33.5,24.75,25.5,25.0,24.75,0.25,0.000101,10431700.0
2017-08-24,SCOM,Safaricom Plc,23.5,33.5,25.0,25.75,25.25,25.0,0.25,0.0001,8728100.0
2017-08-25,SCOM,Safaricom Plc,23.5,33.5,25.5,27.0,26.5,25.25,1.25,0.000495,14323400.0
2017-08-28,SCOM,Safaricom Plc,23.5,33.5,26.5,27.0,26.75,26.5,0.25,9.399999999999899e-05,4601500.0
2017-08-29,SCOM,Safaricom Plc,23.5,33.5,26.25,27.25,26.75,26.75,0.0,0.0,13505600.0
2017-08-30,SCOM,Safaricom Plc,23.5,33.5,25.5,26.75,26.25,26.75,-0.5,0.00018700000000000002,9833000.0
2017-08-31,SCOM,Safaricom Plc,23.5,33.5,25.25,26.5,25.5,26.25,-0.75,0.000286,10264800.0
2017-09-01,SCOM,Safaricom Plc,23.5,33.5,23.0,25.75,24.25,25.5,-1.25,0.00049,44524400.0
2017-09-04,SCOM,Safaricom Plc,23.5,33.5,24.0,25.75,24.0,24.25,-0.25,0.000103,53939500.0
2017-09-05,SCOM,Safaricom Plc,23.5,33.5,24.25,25.0,24.75,24.0,0.75,0.000313,1907900.0
2017-09-06,SCOM,Safaricom Plc,23.5,33.5,24.5,25.5,24.75,24.75,0.0,0.0,36150100.0
2017-09-07,SCOM,Safaricom Plc,23.5,33.5,25.0,26.0,25.25,24.75,0.5,0.000202,6674600.0
2017-09-08,SCOM,Safaricom Plc,23.5,33.5,25.5,26.25,25.75,25.25,0.5,0.000197999999999999,1792700.0
2017-09-11,SCOM,Safaricom Plc,23.5,33.5,25.75,26.5,26.0,25.75,0.25,9.7e-05,19989600.0
2017-09-12,SCOM,Safaricom Plc,23.5,33.5,25.75,27.0,26.0,26.0,0.0,0.0,14713100.0
2017-09-13,SCOM,Safaricom Plc,23.5,33.5,25.0,26.0,25.25,26.0,-0.75,0.000288,10460700.0
2017-09-14,SCOM,Safaricom Plc,23.5,33.5,25.25,25.5,25.25,25.25,0.0,0.0,7317000.0
2017-09-15,SCOM,Safaricom Plc,23.5,33.5,25.0,25.5,25.25,25.25,0.0,0.0,8739500.0
2017-09-18,SCOM,Safaricom Plc,23.5,33.5,24.0,25.0,24.25,25.25,-1.0,0.000395999999999999,3673100.0
2017-09-19,SCOM,Safaricom Plc,23.5,33.5,24.75,25.5,25.0,24.25,0.75,0.000308999999999999,12374900.0
2017-09-20,SCOM,Safaricom Plc,23.5,33.5,25.0,25.5,25.25,25.0,0.25,0.0001,7303700.0
2017-09-21,SCOM,Safaricom Plc,23.5,33.5,25.25,26.5,25.75,25.25,0.5,0.000197999999999999,3771700.0
2017-09-22,SCOM,Safaricom Plc,23.5,33.5,25.5,26.0,25.75,25.75,0.0,0.0,2607700.0
2017-09-25,SCOM,Safaricom Plc,23.5,33.5,25.75,26.0,25.75,25.75,0.0,0.0,6960400.0
2017-09-26,SCOM,Safaricom Plc,23.5,33.5,25.75,26.25,26.0,25.75,0.25,9.7e-05,15581100.0
2017-09-27,SCOM,Safaricom Plc,23.5,33.5,25.75,26.0,25.75,26.0,-0.25,9.599999999999999e-05,6920500.0
2017-09-28,SCOM,Safaricom Plc,23.5,33.5,24.75,26.0,25.25,25.75,-0.5,0.000194,4731000.0
2017-09-29,SCOM,Safaricom Plc,23.5,33.5,24.5,25.0,24.75,25.25,-0.5,0.000197999999999999,12327800.0
2017-10-02,SCOM,Safaricom Plc,23.5,33.5,24.5,25.0,24.5,24.75,-0.25,0.000101,6224100.0
2017-10-04,SCOM,Safaricom Plc,23.5,33.5,24.75,25.25,25.0,24.5,0.5,0.00020400000000000003,1559500.0
2017-10-05,SCOM,Safaricom Plc,23.5,33.5,24.75,25.0,24.75,25.0,-0.25,0.0001,3049900.0
2017-10-06,SCOM,Safaricom Plc,23.5,33.5,24.5,25.0,24.75,24.75,0.0,0.0,5066000.0
2017-10-09,SCOM,Safaricom Plc,23.5,33.5,24.75,25.25,25.0,24.75,0.25,0.000101,9484600.0
2017-10-10,SCOM,Safaricom Plc,23.5,33.5,24.75,25.5,25.0,25.0,0.0,0.0,1178200.0
2017-10-11,SCOM,Safaricom Plc,23.5,33.5,24.75,25.25,25.0,25.0,0.0,0.0,10732200.0
2017-10-12,SCOM,Safaricom Plc,23.5,33.5,24.75,25.25,24.75,25.0,-0.25,0.0001,6133100.0
2017-10-13,SCOM,Safaricom Plc,23.5,33.5,24.75,25.25,24.75,24.75,0.0,0.0,11955500.0
2017-10-16,SCOM,Safaricom Plc,23.5,33.5,24.5,25.25,24.75,24.75,0.0,0.0,951300.0
2017-10-17,SCOM,Safaricom Plc,23.5,33.5,24.25,25.0,24.5,24.75,-0.25,0.000101,17125700.0
2017-10-18,SCOM,Safaricom Plc,23.5,33.5,24.0,24.5,24.25,24.5,-0.25,0.00010200000000000001,13276700.0
2017-10-19,SCOM,Safaricom Plc,23.5,33.5,24.0,24.5,24.0,24.25,-0.25,0.000103,2985100.0
2017-10-23,SCOM,Safaricom Plc,23.5,33.5,23.75,25.0,24.25,24.0,0.25,0.000104,23406300.0
2017-10-24,SCOM,Safaricom Plc,23.5,33.5,24.25,25.25,24.75,24.25,0.5,0.000206,1340200.0
2017-10-27,SCOM,Safaricom Plc,23.5,33.5,25.0,25.5,25.25,24.75,0.5,0.000202,1825500.0
2017-10-30,SCOM,Safaricom Plc,23.5,33.5,25.0,25.5,25.25,25.25,0.0,0.0,2042400.0
2017-10-31,SCOM,Safaricom Plc,23.5,33.5,25.0,26.25,25.5,25.25,0.25,9.8999999999999e-05,3344000.0
2017-11-01,SCOM,Safaricom Plc,23.5,33.5,25.5,26.25,25.75,25.5,0.25,9.8e-05,12490800.0
2017-11-02,SCOM,Safaricom Plc,23.5,33.5,25.0,26.0,25.25,25.75,-0.5,0.000194,18954600.0
2017-11-03,SCOM,Safaricom Plc,23.5,33.5,25.0,26.0,25.5,25.25,0.25,9.8999999999999e-05,4992800.0
2017-11-06,SCOM,Safaricom Plc,23.5,33.5,24.75,25.75,25.0,25.5,-0.5,0.000196,5603400.0
2017-11-07,SCOM,Safaricom Plc,23.5,33.5,24.25,25.0,24.5,25.0,-0.5,0.0002,34976000.0
2017-11-08,SCOM,Safaricom Plc,23.5,33.5,24.5,25.25,24.75,24.5,0.25,0.00010200000000000001,15326600.0
2017-11-09,SCOM,Safaricom Plc,23.5,33.5,24.5,25.0,24.75,24.75,0.0,0.0,3154300.0
2017-11-10,SCOM,Safaricom Plc,23.5,33.5,24.5,25.0,24.5,24.75,-0.25,0.000101,8025100.0
2017-11-13,SCOM,Safaricom Plc,23.5,33.5,24.0,24.75,24.5,24.5,0.0,0.0,25841800.0
2017-11-14,SCOM,Safaricom Plc,23.5,33.5,24.5,25.5,24.5,24.5,0.0,0.0,12062300.0
2017-11-15,SCOM,Safaricom Plc,23.5,33.5,24.5,25.25,25.0,24.5,0.5,0.00020400000000000003,9964100.0
2017-11-16,SCOM,Safaricom Plc,23.5,33.5,25.0,25.75,25.25,25.0,0.25,0.0001,6387700.0
2017-11-17,SCOM,Safaricom Plc,23.5,33.5,25.25,26.0,25.5,25.25,0.25,9.8999999999999e-05,2806300.0
2017-11-20,SCOM,Safaricom Plc,23.5,33.5,25.5,26.0,25.75,25.5,0.25,9.8e-05,3958200.0
2017-11-21,SCOM,Safaricom Plc,23.5,33.5,25.75,27.25,26.75,25.75,1.0,0.000388,7049500.0
2017-11-22,SCOM,Safaricom Plc,23.5,33.5,26.75,28.5,28.0,26.75,1.25,0.00046699999999999997,16463700.0
2017-11-23,SCOM,Safaricom Plc,23.5,33.5,26.0,28.5,26.5,28.0,-1.5,0.000536,16339600.0
2017-11-24,SCOM,Safaricom Plc,23.5,33.5,26.5,28.0,26.75,26.5,0.25,9.399999999999899e-05,5210300.0
2017-11-27,SCOM,Safaricom Plc,23.5,33.5,26.75,28.0,27.5,26.75,0.75,0.000279999999999999,5932200.0
2017-11-29,SCOM,Safaricom Plc,23.5,33.5,27.5,28.0,27.5,27.5,0.0,0.0,11295100.0
2017-11-30,SCOM,Safaricom Plc,23.5,33.5,27.0,28.0,27.5,27.5,0.0,0.0,7087300.0
2017-12-01,SCOM,Safaricom Plc,23.5,33.5,27.0,27.75,27.5,27.5,0.0,0.0,12849800.0
2017-12-04,SCOM,Safaricom Plc,23.5,33.5,27.5,28.25,27.5,27.5,0.0,0.0,15773100.0
2017-12-05,SCOM,Safaricom Plc,23.5,33.5,27.0,27.75,27.25,27.5,-0.25,9.1e-05,6553600.0
2017-12-06,SCOM,Safaricom Plc,23.5,33.5,26.75,27.75,27.25,27.25,0.0,0.0,18979800.0
2017-12-07,SCOM,Safaricom Plc,23.5,33.5,27.0,28.25,27.75,27.25,0.5,0.000183,14222800.0
2017-12-08,SCOM,Safaricom Plc,23.5,33.5,27.75,28.25,27.75,27.75,0.0,0.0,8287200.0
2017-12-11,SCOM,Safaricom Plc,23.5,33.5,27.75,28.25,27.75,27.75,0.0,0.0,5902500.0
2017-12-13,SCOM,Safaricom Plc,23.5,33.5,27.5,28.0,27.5,27.75,-0.25,8.999999999999999e-05,25552800.0
2017-12-14,SCOM,Safaricom Plc,23.5,33.5,26.75,27.75,27.0,27.5,-0.5,0.000182,19073700.0
2017-12-15,SCOM,Safaricom Plc,23.5,33.5,24.5,27.5,26.5,27.0,-0.5,0.000185,11870000.0
2017-12-18,SCOM,Safaricom Plc,23.5,33.5,26.0,27.0,26.25,26.5,-0.25,9.399999999999899e-05,7468000.0
2017-12-19,SCOM,Safaricom Plc,23.5,33.5,25.75,26.5,26.0,26.25,-0.25,9.499999999999999e-05,23809500.0
2017-12-20,SCOM,Safaricom Plc,23.5,33.5,25.75,26.75,26.0,26.0,0.0,0.0,24812000.0
2017-12-21,SCOM,Safaricom Plc,23.5,33.5,26.25,27.0,26.5,26.0,0.5,0.00019199999999999998,11550400.0
2017-12-22,SCOM,Safaricom Plc,23.5,33.5,26.25,26.75,26.25,26.5,-0.25,9.399999999999899e-05,6604600.0
2017-12-27,SCOM,Safaricom Plc,23.5,33.5,26.0,26.5,26.25,26.25,0.0,0.0,7562900.0
2017-12-28,SCOM,Safaricom Plc,23.5,33.5,26.0,26.5,26.25,26.25,0.0,0.0,10951800.0
2017-12-29,SCOM,Safaricom Plc,23.5,33.5,26.25,27.5,26.75,26.25,0.5,0.00018999999999999998,3636200.0
2018-01-02,SCOM,Safaricom Plc,23.5,33.5,26.75,27.0,26.75,26.75,0.0,0.0,3904800.0
2018-01-03,SCOM,Safaricom Plc,23.5,33.5,26.75,27.0,26.75,26.75,0.0,0.0,8347900.0
2018-01-04,SCOM,Safaricom Plc,23.5,33.5,26.75,27.75,27.0,26.75,0.25,9.3e-05,8304500.0
2018-01-05,SCOM,Safaricom Plc,23.5,33.5,27.0,28.5,28.0,27.0,1.0,0.00037,11038400.0
2018-01-08,SCOM,Safaricom Plc,23.5,33.5,27.5,28.25,28.0,28.0,0.0,0.0,6873500.0
2018-01-09,SCOM,Safaricom Plc,23.5,33.5,27.75,28.25,27.75,28.0,-0.25,8.9e-05,20529400.0
2018-01-10,SCOM,Safaricom Plc,23.5,33.5,27.75,28.0,27.75,27.75,0.0,0.0,12920600.0
2018-01-11,SCOM,Safaricom Plc,23.5,33.5,27.75,28.25,27.75,27.75,0.0,0.0,11139600.0
2018-01-12,SCOM,Safaricom Plc,23.5,33.5,27.75,28.5,28.25,27.75,0.5,0.00017999999999999998,2796700.0
2018-01-15,SCOM,Safaricom Plc,23.5,33.5,28.25,29.25,28.75,28.25,0.5,0.000177,3751000.0
2018-01-16,SCOM,Safaricom Plc,23.5,33.5,28.5,29.5,29.0,28.75,0.25,8.7e-05,7295600.0
2018-01-17,SCOM,Safaricom Plc,23.5,33.5,28.5,29.5,29.0,29.0,0.0,0.0,10302400.0
2018-01-18,SCOM,Safaricom Plc,23.5,33.5,29.0,29.5,29.25,29.0,0.25,8.6e-05,9393700.0
2018-01-19,SCOM,Safaricom Plc,23.5,33.5,29.25,29.75,29.25,29.25,0.0,0.0,6590000.0
2018-01-22,SCOM,Safaricom Plc,23.5,33.5,29.0,29.75,29.25,29.25,0.0,0.0,8827800.0
2018-01-23,SCOM,Safaricom Plc,23.5,33.5,29.25,29.75,29.5,29.25,0.25,8.5e-05,16964400.0
2018-01-24,SCOM,Safaricom Plc,23.5,33.5,29.5,29.75,29.5,29.5,0.0,0.0,6560400.0
2018-01-25,SCOM,Safaricom Plc,23.5,33.5,29.5,30.0,29.75,29.5,0.25,8.5e-05,6593600.0
2018-01-26,SCOM,Safaricom Plc,23.5,33.5,29.5,30.5,30.0,29.75,0.25,8.4e-05,26174300.0
2018-01-29,SCOM,Safaricom Plc,23.5,33.5,29.5,30.0,29.75,30.0,-0.25,8.3e-05,3950700.0
2018-01-30,SCOM,Safaricom Plc,23.5,33.5,29.25,30.0,29.5,29.75,-0.25,8.4e-05,18003200.0
2018-01-31,SCOM,Safaricom Plc,23.5,33.5,29.5,30.0,29.5,29.5,0.0,0.0,8892600.0
2018-02-01,SCOM,Safaricom Plc,23.5,33.5,29.5,30.0,29.75,29.5,0.25,8.5e-05,6148300.0
2018-02-02,SCOM,Safaricom Plc,23.5,33.5,29.75,30.25,29.75,29.75,0.0,0.0,3027200.0
2018-02-05,SCOM,Safaricom Plc,23.5,33.5,29.75,30.0,29.75,29.75,0.0,0.0,4090200.0
2018-02-06,SCOM,Safaricom Plc,23.5,33.5,28.75,30.0,29.5,29.75,-0.25,8.4e-05,42110500.0
2018-02-07,SCOM,Safaricom Plc,23.5,33.5,28.0,29.25,28.5,29.5,-1.0,0.000339,20681500.0
2018-02-08,SCOM,Safaricom Plc,23.5,33.5,28.5,29.5,29.25,28.5,0.75,0.000263,14174000.0
2018-02-09,SCOM,Safaricom Plc,23.5,33.5,29.0,29.5,29.0,29.25,-0.25,8.5e-05,12834800.0
2018-02-12,SCOM,Safaricom Plc,23.5,33.5,29.0,29.5,29.0,29.25,-0.25,8.5e-05,12834800.0
2018-02-13,SCOM,Safaricom Plc,23.5,33.5,28.25,29.0,28.5,28.25,0.25,8.800000000000001e-05,6864100.0
2018-02-14,SCOM,Safaricom Plc,23.5,33.5,28.75,29.0,28.75,28.5,0.25,8.800000000000001e-05,3085100.0
2018-02-15,SCOM,Safaricom Plc,23.5,33.5,28.75,29.25,28.75,28.75,0.0,0.0,2708200.0
2018-02-16,SCOM,Safaricom Plc,23.5,33.5,29.0,29.75,29.25,28.75,0.5,0.000174,4729900.0
2018-02-19,SCOM,Safaricom Plc,23.5,33.5,29.25,30.0,29.25,29.25,0.0,0.0,4489000.0
2018-02-20,SCOM,Safaricom Plc,23.5,33.5,29.25,30.5,29.75,29.25,0.5,0.000171,8747000.0
2018-02-21,SCOM,Safaricom Plc,23.5,33.5,29.0,30.25,29.75,29.75,0.0,0.0,15108100.0
2018-02-22,SCOM,Safaricom Plc,23.5,33.5,29.5,30.0,29.5,29.75,-0.25,8.4e-05,6155400.0
2018-02-23,SCOM,Safaricom Plc,23.5,33.5,29.25,30.0,29.5,29.5,0.0,0.0,4996800.0
2018-02-26,SCOM,Safaricom Plc,23.5,33.5,29.25,29.75,29.5,29.5,0.0,0.0,14512400.0
2018-02-27,SCOM,Safaricom Plc,23.5,33.5,29.25,30.0,29.5,29.5,0.0,0.0,7390600.0
2018-02-28,SCOM,Safaricom Plc,23.5,33.5,29.5,30.0,29.75,29.5,0.25,8.5e-05,10937400.0
2018-03-01,SCOM,Safaricom Plc,23.5,33.5,29.25,30.0,29.5,29.75,-0.25,8.4e-05,15254000.0
2018-03-02,SCOM,Safaricom Plc,23.5,33.5,29.0,30.5,29.25,29.5,-0.25,8.5e-05,6130600.0
2018-03-05,SCOM,Safaricom Plc,23.5,33.5,29.0,29.75,29.25,29.25,0.0,0.0,4359200.0
2018-03-06,SCOM,Safaricom Plc,23.5,33.5,29.25,29.75,29.25,29.25,0.0,0.0,7543900.0
2018-03-07,SCOM,Safaricom Plc,23.5,33.5,29.25,29.75,29.25,29.25,0.0,0.0,5825300.0
2018-03-08,SCOM,Safaricom Plc,23.5,33.5,29.25,29.75,29.5,29.25,0.25,8.5e-05,10433200.0
2018-03-09,SCOM,Safaricom Plc,23.5,33.5,29.0,29.75,29.25,29.5,-0.25,8.5e-05,18672600.0
2018-03-12,SCOM,Safaricom Plc,23.5,33.5,29.25,29.75,29.25,29.25,0.0,0.0,6154100.0
2018-03-13,SCOM,Safaricom Plc,23.5,33.5,29.5,30.0,29.75,29.25,0.5,0.000171,4671400.0
2018-03-14,SCOM,Safaricom Plc,23.5,33.5,29.5,30.0,29.75,29.75,0.0,0.0,5992300.0
2018-03-15,SCOM,Safaricom Plc,23.5,33.5,29.5,30.0,29.5,29.75,-0.25,8.4e-05,9961100.0
2018-03-16,SCOM,Safaricom Plc,23.5,33.5,29.5,29.75,29.5,29.5,0.0,0.0,4083500.0
2018-03-19,SCOM,Safaricom Plc,23.5,33.5,29.5,30.75,30.0,29.5,0.5,0.000169,11055500.0
2018-03-20,SCOM,Safaricom Plc,23.5,33.5,30.5,31.25,30.75,30.0,0.75,0.00025,5720600.0
2018-03-21,SCOM,Safaricom Plc,23.5,33.5,31.0,31.75,31.25,30.75,0.5,0.00016299999999999998,17990100.0
2018-03-22,SCOM,Safaricom Plc,23.5,33.5,31.0,32.25,31.75,31.25,0.5,0.00016,13478700.0
2018-03-23,SCOM,Safaricom Plc,23.5,33.5,31.75,32.25,31.75,31.75,0.0,0.0,8328200.0
2018-03-26,SCOM,Safaricom Plc,23.5,33.5,31.25,31.75,31.5,31.75,-0.25,7.900000000000001e-05,4327200.0
2018-03-27,SCOM,Safaricom Plc,23.5,33.5,31.0,31.75,31.25,31.5,-0.25,7.900000000000001e-05,4717400.0
2018-03-28,SCOM,Safaricom Plc,23.5,33.5,30.5,31.25,30.75,31.25,-0.5,0.00016,4346300.0
2018-03-29,SCOM,Safaricom Plc,23.5,33.5,30.5,31.5,31.0,30.75,0.25,8.099999999999999e-05,11679900.0
2018-04-03,SCOM,Safaricom Plc,23.5,33.5,31.0,31.75,31.25,31.0,0.25,8.099999999999999e-05,9281300.0
2018-04-04,SCOM,Safaricom Plc,23.5,33.5,31.25,32.75,32.0,31.25,0.75,0.00024,13500100.0
2018-04-05,SCOM,Safaricom Plc,23.5,33.5,32.5,33.5,32.75,32.0,0.75,0.000233999999999999,8416100.0
2018-04-06,SCOM,Safaricom Plc,23.5,33.5,32.0,33.0,32.25,32.75,-0.5,0.000153,5827300.0
2018-04-09,SCOM,Safaricom Plc,23.5,33.5,31.5,32.25,31.75,32.25,-0.5,0.000155,1947400.0
2018-04-10,SCOM,Safaricom Plc,23.5,33.5,31.75,32.25,31.75,31.75,0.0,0.0,2143000.0
2018-04-11,SCOM,Safaricom Plc,23.5,33.5,31.75,32.5,32.0,31.75,0.25,7.900000000000001e-05,6105600.0
2018-04-12,SCOM,Safaricom Plc,23.5,33.5,31.25,32.0,31.5,32.0,-0.5,0.000156,4496500.0
2018-04-13,SCOM,Safaricom Plc,23.5,33.5,31.0,32.0,31.0,31.5,-0.5,0.00015900000000000002,2960200.0
2018-04-16,SCOM,Safaricom Plc,23.5,33.5,30.25,31.25,30.5,31.0,-0.5,0.000161,6118800.0
2018-04-17,SCOM,Safaricom Plc,23.5,33.5,29.5,30.5,29.75,30.5,-0.75,0.000246,11811500.0
2018-04-18,SCOM,Safaricom Plc,23.5,33.5,29.25,30.0,29.5,29.75,-0.25,8.4e-05,20432300.0
2018-04-19,SCOM,Safaricom Plc,23.5,33.5,29.0,29.75,29.25,29.5,-0.25,8.5e-05,22802900.0
2018-04-20,SCOM,Safaricom Plc,23.5,33.5,28.75,29.5,29.0,29.25,-0.25,8.5e-05,15320800.0
2018-04-23,SCOM,Safaricom Plc,23.5,33.5,28.25,29.75,28.5,29.0,-0.5,0.000172,12822000.0
2018-04-24,SCOM,Safaricom Plc,23.5,33.5,28.0,29.0,28.25,28.5,-0.25,8.800000000000001e-05,17259200.0
2018-04-25,SCOM,Safaricom Plc,23.5,33.5,28.25,29.0,28.5,28.25,0.25,8.800000000000001e-05,22791100.0
2018-04-26,SCOM,Safaricom Plc,23.5,33.5,28.0,28.75,28.25,28.5,-0.25,8.800000000000001e-05,11003100.0
2018-04-27,SCOM,Safaricom Plc,23.5,33.5,28.25,28.5,28.25,28.25,0.0,0.0,8868000.0
2018-04-30,SCOM,Safaricom Plc,23.5,33.5,28.25,28.5,28.25,28.25,0.0,0.0,9959700.0
2018-05-02,SCOM,Safaricom Plc,23.5,33.5,27.0,28.25,27.25,28.25,-1.0,0.000354,18325100.0
2018-05-03,SCOM,Safaricom Plc,23.5,33.5,26.75,27.75,27.0,27.25,-0.25,9.2e-05,27096800.0
2018-05-04,SCOM,Safaricom Plc,23.5,33.5,28.0,29.0,28.5,27.0,1.5,0.000556,37792800.0
2018-05-07,SCOM,Safaricom Plc,23.5,33.5,28.25,29.0,28.5,28.5,0.0,0.0,16076800.0
2018-05-08,SCOM,Safaricom Plc,23.5,33.5,28.25,28.5,28.25,28.5,-0.25,8.800000000000001e-05,9459700.0
2018-05-09,SCOM,Safaricom Plc,23.5,33.5,28.5,29.5,29.0,28.25,0.75,0.000265,17881600.0
2018-05-10,SCOM,Safaricom Plc,23.5,33.5,27.75,29.25,28.0,29.0,-1.0,0.00034500000000000004,14074900.0
2018-05-11,SCOM,Safaricom Plc,23.5,33.5,27.5,28.0,27.75,28.0,-0.25,8.9e-05,6723800.0
2018-05-14,SCOM,Safaricom Plc,23.5,33.5,27.0,28.0,27.25,27.75,-0.5,0.00017999999999999998,6003400.0
2018-05-15,SCOM,Safaricom Plc,23.5,33.5,27.0,28.25,27.25,27.25,0.0,0.0,22976600.0
2018-05-16,SCOM,Safaricom Plc,23.5,33.5,28.0,29.25,28.5,27.25,1.25,0.000458999999999999,5022200.0
2018-05-17,SCOM,Safaricom Plc,23.5,33.5,28.75,29.5,29.0,28.5,0.5,0.00017500000000000003,6485300.0
2018-05-18,SCOM,Safaricom Plc,23.5,33.5,29.0,29.5,29.25,29.0,0.25,8.6e-05,6653700.0
2018-05-21,SCOM,Safaricom Plc,23.5,33.5,29.0,29.25,29.0,29.25,-0.25,8.5e-05,10012300.0
2018-05-22,SCOM,Safaricom Plc,23.5,33.5,29.0,29.75,29.25,29.0,0.25,8.6e-05,7749700.0
2018-05-23,SCOM,Safaricom Plc,23.5,33.5,29.0,29.5,29.0,29.25,-0.25,8.5e-05,2708000.0
2018-05-24,SCOM,Safaricom Plc,23.5,33.5,29.0,29.5,29.0,29.0,0.0,0.0,7640000.0
2018-05-25,SCOM,Safaricom Plc,23.5,33.5,28.5,29.25,29.0,29.0,0.0,0.0,8862200.0
2018-05-28,SCOM,Safaricom Plc,23.5,33.5,28.0,29.0,28.75,29.0,-0.25,8.6e-05,2100300.0
2018-05-29,SCOM,Safaricom Plc,23.5,33.5,28.25,29.0,28.5,28.75,-0.25,8.7e-05,4277900.0
2018-05-30,SCOM,Safaricom Plc,23.5,33.5,28.0,28.5,28.25,28.5,-0.25,8.800000000000001e-05,7646000.0
2018-05-31,SCOM,Safaricom Plc,23.5,33.5,28.25,28.75,28.25,28.25,0.0,0.0,10668400.0
2018-06-04,SCOM,Safaricom Plc,23.5,33.5,28.25,29.0,28.5,28.25,0.25,8.800000000000001e-05,12148900.0
2018-06-05,SCOM,Safaricom Plc,23.5,33.5,28.5,29.25,28.75,28.5,0.25,8.800000000000001e-05,2347400.0
2018-06-06,SCOM,Safaricom Plc,23.5,33.5,28.75,30.0,29.5,28.75,0.75,0.000260999999999999,16561300.0
2018-06-07,SCOM,Safaricom Plc,23.5,33.5,29.0,29.75,29.25,29.5,-0.25,8.5e-05,6310900.0
2018-06-08,SCOM,Safaricom Plc,23.5,33.5,29.25,29.75,29.5,29.25,0.25,8.5e-05,1693000.0
2018-06-11,SCOM,Safaricom Plc,23.5,33.5,29.5,30.5,30.0,29.5,0.5,0.000169,4153700.0
2018-06-12,SCOM,Safaricom Plc,23.5,33.5,30.0,30.5,30.0,30.0,0.0,0.0,13452800.0
2018-06-13,SCOM,Safaricom Plc,23.5,33.5,30.0,30.5,30.0,30.0,0.0,0.0,7289000.0
2018-06-14,SCOM,Safaricom Plc,23.5,33.5,29.75,30.25,30.0,30.0,0.0,0.0,22891700.0
2018-06-18,SCOM,Safaricom Plc,23.5,33.5,29.5,30.25,29.75,30.0,-0.25,8.3e-05,2120100.0
2018-06-19,SCOM,Safaricom Plc,23.5,33.5,27.75,29.75,28.25,29.75,-1.5,0.000504,5655200.0
2018-06-20,SCOM,Safaricom Plc,23.5,33.5,27.25,28.5,27.25,28.25,-1.0,0.000354,16084100.0
2018-06-21,SCOM,Safaricom Plc,23.5,33.5,27.25,27.75,27.25,27.25,0.0,0.0,11719700.0
2018-06-22,SCOM,Safaricom Plc,23.5,33.5,27.25,28.75,28.25,27.25,1.0,0.000366999999999999,13917200.0
2018-06-25,SCOM,Safaricom Plc,23.5,33.5,28.25,29.0,28.5,28.25,0.25,8.800000000000001e-05,2724700.0
2018-06-26,SCOM,Safaricom Plc,23.5,33.5,28.5,29.5,29.0,28.5,0.5,0.00017500000000000003,17602600.0
2018-06-27,SCOM,Safaricom Plc,23.5,33.5,28.75,30.0,29.5,29.0,0.5,0.000172,16543300.0
2018-06-28,SCOM,Safaricom Plc,23.5,33.5,29.25,30.0,29.75,29.5,0.25,8.5e-05,22488900.0
2018-06-29,SCOM,Safaricom Plc,23.5,33.5,29.25,30.0,29.5,29.75,-0.25,8.4e-05,10555800.0
2018-07-02,SCOM,Safaricom Plc,23.5,33.5,28.75,29.75,29.0,29.5,-0.5,0.000169,9571200.0
2018-07-03,SCOM,Safaricom Plc,23.5,33.5,27.75,28.75,28.0,29.0,-1.0,0.00034500000000000004,3750400.0
2018-07-04,SCOM,Safaricom Plc,23.5,33.5,28.0,29.25,28.5,28.0,0.5,0.000179,2894700.0
2018-07-05,SCOM,Safaricom Plc,23.5,33.5,28.5,29.25,29.0,28.5,0.5,0.00017500000000000003,5412700.0
2018-07-06,SCOM,Safaricom Plc,23.5,33.5,28.75,29.25,28.75,29.0,-0.25,8.6e-05,2036900.0
2018-07-09,SCOM,Safaricom Plc,23.5,33.5,28.75,29.25,29.0,28.75,0.25,8.7e-05,2004500.0
2018-07-10,SCOM,Safaricom Plc,23.5,33.5,29.0,29.25,29.0,29.0,0.0,0.0,5693900.0
2018-07-11,SCOM,Safaricom Plc,23.5,33.5,28.25,29.0,28.5,29.0,-0.5,0.000172,5134400.0
2018-07-12,SCOM,Safaricom Plc,23.5,33.5,28.5,29.0,28.5,28.5,0.0,0.0,3335800.0
2018-07-13,SCOM,Safaricom Plc,23.5,33.5,28.25,28.75,28.25,28.5,-0.25,8.800000000000001e-05,4689700.0
2018-07-16,SCOM,Safaricom Plc,23.5,33.5,28.0,28.75,28.25,28.25,0.0,0.0,10493700.0
2018-07-17,SCOM,Safaricom Plc,23.5,33.5,28.25,29.25,28.75,28.25,0.5,0.000177,3960900.0
2018-07-18,SCOM,Safaricom Plc,23.5,33.5,29.0,29.75,29.0,28.75,0.25,8.7e-05,2224500.0
2018-07-19,SCOM,Safaricom Plc,23.5,33.5,28.75,29.75,29.25,29.0,0.25,8.6e-05,10041000.0
2018-07-20,SCOM,Safaricom Plc,23.5,33.5,28.25,29.25,28.5,29.25,-0.75,0.000256,3537600.0
2018-07-23,SCOM,Safaricom Plc,23.5,33.5,28.25,29.0,28.5,28.5,0.0,0.0,656500.0
2018-07-24,SCOM,Safaricom Plc,23.5,33.5,28.5,29.0,28.5,28.5,0.0,0.0,748100.0
2018-07-25,SCOM,Safaricom Plc,23.5,33.5,28.5,29.0,28.75,28.5,0.25,8.800000000000001e-05,5932100.0
2018-07-26,SCOM,Safaricom Plc,23.5,33.5,28.5,29.0,28.5,28.75,-0.25,8.7e-05,4900000.0
2018-07-27,SCOM,Safaricom Plc,23.5,33.5,28.5,29.0,28.5,28.5,0.0,0.0,3334900.0
2018-07-30,SCOM,Safaricom Plc,23.5,33.5,28.25,28.75,28.25,28.5,-0.25,8.800000000000001e-05,11459700.0
2018-07-31,SCOM,Safaricom Plc,23.5,33.5,27.75,28.5,28.0,28.25,-0.25,8.800000000000001e-05,2680900.0
2018-08-01,SCOM,Safaricom Plc,23.5,33.5,27.75,28.5,27.75,28.0,-0.25,8.9e-05,4549500.0
2018-08-02,SCOM,Safaricom Plc,23.5,33.5,28.0,28.5,28.0,27.75,0.25,8.999999999999999e-05,18662800.0
2018-08-03,SCOM,Safaricom Plc,23.5,33.5,28.0,28.25,28.0,28.0,0.0,0.0,5929000.0
2018-08-06,SCOM,Safaricom Plc,23.5,33.5,28.0,28.25,28.0,28.0,0.0,0.0,1404800.0
2018-08-07,SCOM,Safaricom Plc,23.5,33.5,28.0,28.25,28.0,28.0,0.0,0.0,5167200.0
2018-08-08,SCOM,Safaricom Plc,23.5,33.5,28.25,29.5,28.75,28.0,0.75,0.000268,6592000.0
2018-08-09,SCOM,Safaricom Plc,23.5,33.5,28.25,29.25,28.75,28.75,0.0,0.0,3037200.0
2018-08-10,SCOM,Safaricom Plc,23.5,33.5,28.25,29.0,28.25,28.75,-0.5,0.000174,4948100.0
2018-08-13,SCOM,Safaricom Plc,23.5,33.5,28.5,29.0,28.5,28.25,0.25,8.800000000000001e-05,2021800.0
2018-08-14,SCOM,Safaricom Plc,23.5,33.5,28.5,29.0,28.75,28.5,0.25,8.800000000000001e-05,7527000.0
2018-08-15,SCOM,Safaricom Plc,23.5,33.5,28.75,29.25,29.0,28.75,0.25,8.7e-05,8721200.0
2018-08-16,SCOM,Safaricom Plc,23.5,33.5,28.75,29.0,28.75,29.0,-0.25,8.6e-05,6699800.0
2018-08-17,SCOM,Safaricom Plc,23.5,33.5,28.75,29.5,29.0,28.75,0.25,8.7e-05,961200.0
2018-08-20,SCOM,Safaricom Plc,23.5,33.5,29.0,29.5,29.0,29.0,0.0,0.0,7496200.0
2018-08-22,SCOM,Safaricom Plc,23.5,33.5,29.0,29.5,29.0,29.0,0.0,0.0,6420500.0
2018-08-23,SCOM,Safaricom Plc,23.5,33.5,29.0,29.25,29.0,29.0,0.0,0.0,3045900.0
2018-08-24,SCOM,Safaricom Plc,23.5,33.5,29.0,29.25,29.0,29.0,0.0,0.0,2498300.0
2018-08-27,SCOM,Safaricom Plc,23.5,33.5,29.0,29.5,29.0,29.0,0.0,0.0,1647000.0
2018-08-28,SCOM,Safaricom Plc,23.5,33.5,29.0,30.5,29.75,29.0,0.75,0.000259,4929200.0
2018-08-29,SCOM,Safaricom Plc,23.5,33.5,29.75,30.25,29.75,29.75,0.0,0.0,1959600.0
2018-08-30,SCOM,Safaricom Plc,23.5,33.5,29.5,30.0,29.5,29.75,-0.25,8.4e-05,2726600.0
2018-08-31,SCOM,Safaricom Plc,23.5,33.5,28.0,29.75,28.25,29.5,-1.25,0.000424,9077200.0
2018-09-03,SCOM,Safaricom Plc,23.5,33.5,27.0,28.0,27.75,28.25,-0.5,0.000177,1732800.0
2018-09-04,SCOM,Safaricom Plc,23.5,33.5,27.75,29.0,28.25,27.75,0.5,0.00017999999999999998,5216300.0
2018-09-05,SCOM,Safaricom Plc,23.5,33.5,27.5,28.5,27.75,28.25,-0.5,0.000177,5440200.0
2018-09-06,SCOM,Safaricom Plc,23.5,33.5,27.5,28.25,27.75,27.75,0.0,0.0,4172000.0
2018-09-07,SCOM,Safaricom Plc,23.5,33.5,27.25,28.0,27.5,27.75,-0.25,8.999999999999999e-05,6802300.0
2018-09-10,SCOM,Safaricom Plc,23.5,33.5,27.25,27.75,27.25,27.5,-0.25,9.1e-05,773100.0
2018-09-11,SCOM,Safaricom Plc,23.5,33.5,27.0,27.75,27.0,27.25,-0.25,9.2e-05,2355600.0
2018-09-12,SCOM,Safaricom Plc,23.5,33.5,26.75,27.25,27.0,27.0,0.0,0.0,6191100.0
2018-09-13,SCOM,Safaricom Plc,23.5,33.5,25.75,27.25,26.25,27.0,-0.75,0.000278,12514200.0
2018-09-14,SCOM,Safaricom Plc,23.5,33.5,26.25,26.75,26.5,26.25,0.25,9.499999999999999e-05,9138100.0
2018-09-17,SCOM,Safaricom Plc,23.5,33.5,26.25,26.75,26.5,26.5,0.0,0.0,5165700.0
2018-09-18,SCOM,Safaricom Plc,23.5,33.5,26.5,27.25,26.75,26.5,0.25,9.399999999999899e-05,7266500.0
2018-09-19,SCOM,Safaricom Plc,23.5,33.5,25.75,27.25,26.5,26.75,-0.25,9.3e-05,9364500.0
2018-09-20,SCOM,Safaricom Plc,23.5,33.5,24.5,25.75,24.75,26.5,-1.75,0.00066,9358300.0
2018-09-21,SCOM,Safaricom Plc,23.5,33.5,23.75,25.25,24.0,24.75,-0.75,0.000302999999999999,19410000.0
2018-09-24,SCOM,Safaricom Plc,23.5,33.5,24.5,26.0,25.0,24.0,1.0,0.000417,23273800.0
2018-09-25,SCOM,Safaricom Plc,23.5,33.5,24.75,25.25,24.75,25.0,-0.25,0.0001,7497500.0
2018-09-26,SCOM,Safaricom Plc,23.5,33.5,24.5,25.0,24.75,24.75,0.0,0.0,2701500.0
2018-09-27,SCOM,Safaricom Plc,23.5,33.5,24.5,25.0,24.75,24.75,0.0,0.0,14903000.0
2018-09-28,SCOM,Safaricom Plc,23.5,33.5,24.0,25.0,24.5,24.75,-0.25,0.000101,5979700.0
2018-10-01,SCOM,Safaricom Plc,23.5,33.5,24.0,25.0,24.0,24.5,-0.5,0.00020400000000000003,2902300.0
2018-10-02,SCOM,Safaricom Plc,23.5,33.5,24.0,24.75,24.25,24.0,0.25,0.000104,13927300.0
2018-10-03,SCOM,Safaricom Plc,23.5,33.5,24.25,24.5,24.25,24.25,0.0,0.0,5158800.0
2018-10-04,SCOM,Safaricom Plc,23.5,33.5,24.25,24.75,24.5,24.25,0.25,0.000103,21580200.0
2018-10-05,SCOM,Safaricom Plc,23.5,33.5,24.5,25.0,24.75,24.5,0.25,0.00010200000000000001,12411100.0
2018-10-08,SCOM,Safaricom Plc,23.5,33.5,24.5,25.0,24.5,24.75,-0.25,0.000101,4292000.0
2018-10-09,SCOM,Safaricom Plc,23.5,33.5,24.25,25.0,24.5,24.5,0.0,0.0,3526500.0
2018-10-11,SCOM,Safaricom Plc,23.5,33.5,23.5,25.0,24.0,24.5,-0.5,0.00020400000000000003,7960800.0
2018-10-12,SCOM,Safaricom Plc,23.5,33.5,22.75,24.0,23.0,24.0,-1.0,0.000417,7611000.0
2018-10-15,SCOM,Safaricom Plc,23.5,33.5,21.75,23.5,22.25,23.0,-0.75,0.00032599999999999996,8478900.0
2018-10-16,SCOM,Safaricom Plc,23.5,33.5,22.5,24.0,23.5,22.25,1.25,0.000562,13366800.0
2018-10-17,SCOM,Safaricom Plc,23.5,33.5,23.75,24.25,23.75,23.5,0.25,0.000106,4369700.0
2018-10-18,SCOM,Safaricom Plc,23.5,33.5,23.0,24.25,23.5,23.75,-0.25,0.000105,12332700.0
2018-10-19,SCOM,Safaricom Plc,23.5,33.5,23.0,23.75,23.5,23.5,0.0,0.0,14026700.0
2018-10-22,SCOM,Safaricom Plc,23.5,33.5,23.5,24.5,23.75,23.5,0.25,0.000106,6414400.0
2018-10-23,SCOM,Safaricom Plc,23.5,33.5,23.25,24.0,23.75,23.75,0.0,0.0,4292400.0
2018-10-24,SCOM,Safaricom Plc,23.5,33.5,23.25,23.75,23.5,23.75,-0.25,0.000105,3622800.0
2018-10-25,SCOM,Safaricom Plc,23.5,33.5,23.25,23.75,23.5,23.5,0.0,0.0,9827300.0
2018-10-26,SCOM,Safaricom Plc,23.5,33.5,23.5,23.75,23.5,23.5,0.0,0.0,6974000.0
2018-10-29,SCOM,Safaricom Plc,23.5,33.5,23.5,24.0,23.5,23.5,0.0,0.0,9428000.0
2018-10-30,SCOM,Safaricom Plc,23.5,33.5,23.25,24.0,23.5,23.5,0.0,0.0,22059900.0
2018-10-31,SCOM,Safaricom Plc,23.5,33.5,23.25,24.0,23.25,23.5,-0.25,0.000106,4661300.0
2018-11-01,SCOM,Safaricom Plc,23.5,33.5,23.0,23.75,23.25,23.25,0.0,0.0,47502800.0
2018-11-02,SCOM,Safaricom Plc,23.5,33.5,23.75,25.0,24.5,23.25,1.25,0.000538,4152400.0
2018-11-05,SCOM,Safaricom Plc,23.5,33.5,23.0,24.5,23.75,24.5,-0.75,0.000306,4705300.0
2018-11-06,SCOM,Safaricom Plc,23.5,33.5,22.5,24.0,22.5,23.75,-1.25,0.000526,5447100.0
2018-11-07,SCOM,Safaricom Plc,23.5,33.5,22.5,23.5,22.75,22.5,0.25,0.000111,8627800.0
2018-11-08,SCOM,Safaricom Plc,23.5,33.5,23.25,23.75,23.25,22.75,0.5,0.00021999999999999998,9482300.0
2018-11-09,SCOM,Safaricom Plc,23.5,33.5,23.5,24.75,24.25,23.25,1.0,0.00043,10310900.0
2018-11-12,SCOM,Safaricom Plc,23.5,33.5,23.75,24.5,24.25,24.25,0.0,0.0,10296300.0
2018-11-13,SCOM,Safaricom Plc,23.5,33.5,24.0,24.5,24.25,24.25,0.0,0.0,12009100.0
2018-11-14,SCOM,Safaricom Plc,23.5,33.5,23.75,24.5,24.0,24.25,-0.25,0.000103,8868800.0
2018-11-15,SCOM,Safaricom Plc,23.5,33.5,23.5,24.0,23.75,24.0,-0.25,0.000104,15069000.0
2018-11-16,SCOM,Safaricom Plc,23.5,33.5,23.5,24.25,23.75,23.75,0.0,0.0,7079300.0
2018-11-19,SCOM,Safaricom Plc,23.5,33.5,23.5,24.0,23.5,23.75,-0.25,0.000105,2172700.0
2018-11-20,SCOM,Safaricom Plc,23.5,33.5,23.5,24.0,23.5,23.5,0.0,0.0,4664500.0
2018-11-21,SCOM,Safaricom Plc,23.5,33.5,23.5,24.0,23.75,23.5,0.25,0.000106,7003500.0
2018-11-22,SCOM,Safaricom Plc,23.5,33.5,23.75,24.0,23.75,23.75,0.0,0.0,683000.0
2018-11-23,SCOM,Safaricom Plc,23.5,33.5,23.75,24.0,23.75,23.75,0.0,0.0,2451000.0
2018-11-26,SCOM,Safaricom Plc,23.5,33.5,23.6,24.0,23.75,23.75,0.0,0.0,10791300.0
2018-11-27,SCOM,Safaricom Plc,23.5,33.5,23.75,24.0,23.75,23.75,0.0,0.0,27426600.0
2018-11-28,SCOM,Safaricom Plc,23.5,33.5,23.75,24.0,23.75,23.75,0.0,0.0,16748100.0
2018-11-29,SCOM,Safaricom Plc,23.5,33.5,23.5,24.0,23.75,23.75,0.0,0.0,10756400.0
2018-11-30,SCOM,Safaricom Plc,23.5,33.5,23.65,23.85,23.75,23.75,0.0,0.0,15243600.0
2018-12-03,SCOM,Safaricom Plc,23.5,33.5,23.55,23.8,23.75,23.75,0.0,0.0,2723900.0
2018-12-04,SCOM,Safaricom Plc,23.5,33.5,23.5,23.75,23.6,23.75,-0.15,6.3e-05,3485800.0
2018-12-05,SCOM,Safaricom Plc,23.5,33.5,23.5,23.75,23.65,23.6,0.05,2.1e-05,1769900.0
2018-12-06,SCOM,Safaricom Plc,23.5,33.5,23.3,23.6,23.4,23.65,-0.25,0.000106,4442000.0
2018-12-07,SCOM,Safaricom Plc,23.5,33.5,22.8,23.4,23.0,23.4,-0.4,0.000171,12989200.0
2018-12-10,SCOM,Safaricom Plc,23.5,33.5,22.6,23.0,22.65,23.0,-0.35,0.000152,13202600.0
2018-12-11,SCOM,Safaricom Plc,23.5,33.5,21.9,23.0,22.05,22.65,-0.6,0.000265,21143400.0
2018-12-13,SCOM,Safaricom Plc,23.5,33.5,21.9,23.0,22.15,22.05,0.1,4.4999999999999996e-05,22202200.0
2018-12-14,SCOM,Safaricom Plc,23.5,33.5,22.25,23.25,22.9,22.15,0.75,0.000339,29994100.0
2018-12-17,SCOM,Safaricom Plc,23.5,33.5,22.5,23.25,23.0,22.9,0.1,4.4000000000000006e-05,6178300.0
2018-12-18,SCOM,Safaricom Plc,23.5,33.5,22.8,23.1,23.0,23.0,0.0,0.0,17097500.0
2018-12-19,SCOM,Safaricom Plc,23.5,33.5,22.5,23.05,22.9,23.0,-0.1,4.3e-05,8363600.0
2018-12-20,SCOM,Safaricom Plc,23.5,33.5,22.35,22.9,22.45,22.9,-0.45,0.000197,19301300.0
2018-12-21,SCOM,Safaricom Plc,23.5,33.5,22.2,23.25,22.3,22.45,-0.15,6.7e-05,5637600.0
2018-12-24,SCOM,Safaricom Plc,23.5,33.5,22.5,23.5,22.6,22.3,0.3,0.000135,730100.0
2018-12-27,SCOM,Safaricom Plc,23.5,33.5,22.55,23.0,22.6,22.6,0.0,0.0,1778700.0
2018-12-28,SCOM,Safaricom Plc,23.5,33.5,22.8,23.0,22.85,22.6,0.25,0.000111,1269100.0
2018-12-31,SCOM,Safaricom Plc,23.5,33.5,22.1,22.8,22.2,22.85,-0.65,0.000283999999999999,3679200.0
2019-01-02,SCOM,Safaricom Plc,23.5,33.5,22.2,23.0,22.25,22.2,0.05,2.3e-05,1778300.0
2019-01-03,SCOM,Safaricom Plc,23.5,33.5,21.8,22.5,22.15,22.25,-0.1,4.4999999999999996e-05,12255400.0
2019-01-04,SCOM,Safaricom Plc,23.5,33.5,21.0,22.0,21.3,22.15,-0.85,0.00038399999999999996,2210300.0
2019-01-07,SCOM,Safaricom Plc,23.5,33.5,21.3,21.8,21.45,21.3,0.15,6.9999999999999e-05,6283800.0
2019-01-08,SCOM,Safaricom Plc,23.5,33.5,21.5,22.2,22.0,21.45,0.55,0.000256,1532800.0
2019-01-09,SCOM,Safaricom Plc,23.5,33.5,22.15,22.75,22.3,22.0,0.3,0.000136,21758400.0
2019-01-10,SCOM,Safaricom Plc,23.5,33.5,22.4,24.0,23.0,22.3,0.7,0.000314,24914800.0
2019-01-11,SCOM,Safaricom Plc,23.5,33.5,22.8,23.75,23.4,23.0,0.4,0.000174,4875800.0
2019-01-14,SCOM,Safaricom Plc,23.5,33.5,23.25,23.65,23.5,23.4,0.1,4.3e-05,22014500.0
2019-01-15,SCOM,Safaricom Plc,23.5,33.5,23.5,23.8,23.5,23.5,0.0,0.0,21628800.0
2019-01-16,SCOM,Safaricom Plc,23.5,33.5,23.7,24.3,23.8,23.5,0.3,0.000128,14056700.0
2019-01-17,SCOM,Safaricom Plc,23.5,33.5,23.55,24.0,23.75,23.8,-0.05,2.1e-05,5577100.0
2019-01-18,SCOM,Safaricom Plc,23.5,33.5,23.5,23.95,23.7,23.75,-0.05,2.1e-05,28005000.0
2019-01-21,SCOM,Safaricom Plc,23.5,33.5,23.05,23.7,23.5,23.7,-0.2,8.4e-05,20871500.0
2019-01-22,SCOM,Safaricom Plc,23.5,33.5,23.05,23.5,23.3,23.5,-0.2,8.5e-05,3853600.0
2019-01-23,SCOM,Safaricom Plc,23.5,33.5,23.05,23.45,23.25,23.3,-0.05,2.1e-05,2765100.0
2019-01-24,SCOM,Safaricom Plc,23.5,33.5,23.05,23.4,23.2,23.25,-0.05,2.2000000000000003e-05,4049200.0
2019-01-25,SCOM,Safaricom Plc,23.5,33.5,23.15,23.65,23.45,23.2,0.25,0.00010800000000000001,14283100.0
2019-01-28,SCOM,Safaricom Plc,23.5,33.5,23.35,23.75,23.45,23.45,0.0,0.0,23039500.0
2019-01-29,SCOM,Safaricom Plc,23.5,33.5,23.05,23.6,23.45,23.45,0.0,0.0,7797300.0
2019-01-30,SCOM,Safaricom Plc,23.5,33.5,23.4,24.0,23.7,23.45,0.25,0.000107,12467800.0
2019-01-31,SCOM,Safaricom Plc,23.5,33.5,23.6,24.5,23.85,23.7,0.15,6.3e-05,61100700.0
2019-02-01,SCOM,Safaricom Plc,23.5,33.5,24.0,25.6,25.5,23.85,1.65,0.000692,14811400.0
2019-02-04,SCOM,Safaricom Plc,23.5,33.5,25.5,26.25,26.0,25.5,0.5,0.000196,10610100.0
2019-02-05,SCOM,Safaricom Plc,23.5,33.5,26.1,27.0,26.5,26.0,0.5,0.00019199999999999998,20158100.0
2019-02-06,SCOM,Safaricom Plc,23.5,33.5,26.5,27.2,26.9,26.5,0.4,0.000151,19635000.0
2019-02-07,SCOM,Safaricom Plc,23.5,33.5,26.9,27.1,27.05,26.9,0.15,5.6e-05,12456800.0
2019-02-08,SCOM,Safaricom Plc,23.5,33.5,26.5,27.0,26.85,27.05,-0.2,7.400000000000001e-05,22906700.0
2019-02-11,SCOM,Safaricom Plc,23.5,33.5,26.5,26.95,26.8,26.85,-0.05,1.9e-05,12201400.0
2019-02-12,SCOM,Safaricom Plc,23.5,33.5,26.8,27.0,26.9,26.8,0.1,3.7000000000000005e-05,7061000.0
2019-02-13,SCOM,Safaricom Plc,23.5,33.5,26.05,27.0,26.9,26.9,0.0,0.0,5822600.0
2019-02-14,SCOM,Safaricom Plc,23.5,33.5,25.95,26.85,26.45,26.9,-0.45,0.000167,12160700.0
2019-02-15,SCOM,Safaricom Plc,23.5,33.5,26.0,27.0,26.1,26.45,-0.35,0.000132,1611300.0
2019-02-18,SCOM,Safaricom Plc,23.5,33.5,25.9,26.9,26.05,26.1,-0.05,1.9e-05,10594400.0
2019-02-19,SCOM,Safaricom Plc,23.5,33.5,26.0,26.5,26.15,26.05,0.1,3.8e-05,2413900.0
2019-02-20,SCOM,Safaricom Plc,23.5,33.5,26.05,26.5,26.15,26.15,0.0,0.0,2628000.0
2019-02-21,SCOM,Safaricom Plc,23.5,33.5,26.0,26.15,26.0,26.15,-0.15,5.6999999999998993e-05,9916300.0
2019-02-22,SCOM,Safaricom Plc,23.5,33.5,26.0,26.2,26.05,26.0,0.05,1.9e-05,5415200.0
2019-02-25,SCOM,Safaricom Plc,23.5,33.5,26.15,26.7,26.5,26.05,0.45,0.000173,4925400.0
2019-02-26,SCOM,Safaricom Plc,23.5,33.5,26.3,26.65,26.6,26.5,0.1,3.8e-05,3376100.0
2019-02-27,SCOM,Safaricom Plc,23.5,33.5,26.3,26.7,26.55,26.6,-0.05,1.9e-05,4048100.0
2019-02-28,SCOM,Safaricom Plc,23.5,33.5,25.95,26.5,26.0,26.55,-0.55,0.000207,13900000.0
2019-03-01,SCOM,Safaricom Plc,23.5,33.5,26.0,26.5,26.1,26.0,0.1,3.8e-05,9109400.0
2019-03-04,SCOM,Safaricom Plc,23.5,33.5,26.05,26.55,26.45,26.1,0.35,0.000134,3349100.0
2019-03-05,SCOM,Safaricom Plc,23.5,33.5,26.3,26.55,26.5,26.45,0.05,1.9e-05,4233400.0
2019-03-06,SCOM,Safaricom Plc,23.5,33.5,26.4,26.75,26.6,26.5,0.1,3.8e-05,5447000.0
2019-03-07,SCOM,Safaricom Plc,23.5,33.5,26.6,27.0,26.8,26.6,0.2,7.5e-05,2958300.0
2019-03-08,SCOM,Safaricom Plc,23.5,33.5,26.8,27.45,27.0,26.8,0.2,7.5e-05,15997900.0
2019-03-11,SCOM,Safaricom Plc,23.5,33.5,26.75,27.0,26.9,27.0,-0.1,3.7000000000000005e-05,2078300.0
2019-03-12,SCOM,Safaricom Plc,23.5,33.5,26.7,27.0,26.9,26.9,0.0,0.0,4065500.0
2019-03-13,SCOM,Safaricom Plc,23.5,33.5,26.5,27.0,26.75,26.9,-0.15,5.6e-05,13639600.0
2019-03-14,SCOM,Safaricom Plc,23.5,33.5,26.75,27.1,27.0,26.75,0.25,9.3e-05,7634700.0
2019-03-15,SCOM,Safaricom Plc,23.5,33.5,26.8,28.1,27.75,27.0,0.75,0.000278,9914300.0
2019-03-18,SCOM,Safaricom Plc,23.5,33.5,27.5,28.75,28.5,27.75,0.75,0.00027,12842900.0
2019-03-19,SCOM,Safaricom Plc,23.5,33.5,27.6,28.5,28.0,28.5,-0.5,0.00017500000000000003,19000400.0
2019-03-20,SCOM,Safaricom Plc,23.5,33.5,28.0,28.75,28.55,28.0,0.55,0.000196,3771500.0
2019-03-21,SCOM,Safaricom Plc,23.5,33.5,28.3,30.0,28.65,28.55,0.1,3.4999999999999e-05,7725600.0
2019-03-22,SCOM,Safaricom Plc,23.5,33.5,28.0,28.65,28.15,28.65,-0.5,0.00017500000000000003,6937100.0
2019-03-25,SCOM,Safaricom Plc,23.5,33.5,27.5,28.2,27.95,28.15,-0.2,7.0999999999999e-05,22976100.0
2019-03-26,SCOM,Safaricom Plc,23.5,33.5,27.2,27.95,27.6,27.95,-0.35,0.000125,17525700.0
2019-03-27,SCOM,Safaricom Plc,23.5,33.5,26.95,27.75,27.25,27.6,-0.35,0.000127,8522900.0
2019-03-28,SCOM,Safaricom Plc,23.5,33.5,27.0,27.25,27.1,27.25,-0.15,5.4999999999999995e-05,1941600.0
2019-03-29,SCOM,Safaricom Plc,23.5,33.5,27.0,27.7,27.55,27.1,0.45,0.000166,5203900.0
2019-04-01,SCOM,Safaricom Plc,23.5,33.5,27.6,28.1,27.9,27.55,0.35,0.000127,8473300.0
2019-04-02,SCOM,Safaricom Plc,23.5,33.5,28.0,28.5,28.1,27.9,0.2,7.2e-05,12059300.0
2019-04-03,SCOM,Safaricom Plc,23.5,33.5,28.0,28.2,28.1,28.1,0.0,0.0,2479600.0
2019-04-04,SCOM,Safaricom Plc,23.5,33.5,28.0,28.2,28.05,28.1,-0.05,1.8e-05,3202600.0
2019-04-05,SCOM,Safaricom Plc,23.5,33.5,27.65,28.1,28.0,28.05,-0.05,1.8e-05,11067300.0
2019-04-08,SCOM,Safaricom Plc,23.5,33.5,27.65,28.0,28.0,28.0,0.0,0.0,15722000.0
2019-04-09,SCOM,Safaricom Plc,23.5,33.5,27.6,28.0,27.85,28.0,-0.15,5.4000000000000005e-05,10031100.0
2019-04-10,SCOM,Safaricom Plc,23.5,33.5,27.65,28.0,27.75,27.85,-0.1,3.6e-05,10065600.0
2019-04-11,SCOM,Safaricom Plc,23.5,33.5,27.6,27.8,27.7,27.75,-0.05,1.8e-05,3305000.0
2019-04-12,SCOM,Safaricom Plc,23.5,33.5,27.05,27.75,27.5,27.7,-0.2,7.2e-05,6692400.0
2019-04-15,SCOM,Safaricom Plc,23.5,33.5,27.05,27.5,27.3,27.5,-0.2,7.3e-05,1273300.0
2019-04-16,SCOM,Safaricom Plc,23.5,33.5,27.3,27.75,27.5,27.3,0.2,7.3e-05,7255600.0
2019-04-17,SCOM,Safaricom Plc,23.5,33.5,27.6,28.0,27.85,27.5,0.35,0.000127,2210700.0
2019-04-18,SCOM,Safaricom Plc,23.5,33.5,27.65,28.0,27.85,27.85,0.0,0.0,1773800.0
2019-04-23,SCOM,Safaricom Plc,23.5,33.5,27.65,28.0,27.95,27.85,0.1,3.6e-05,4287700.0
2019-04-24,SCOM,Safaricom Plc,23.5,33.5,27.85,28.1,28.0,27.95,0.05,1.8e-05,8046000.0
2019-04-25,SCOM,Safaricom Plc,23.5,33.5,27.9,28.1,27.95,28.0,-0.05,1.8e-05,14337500.0
2019-04-26,SCOM,Safaricom Plc,23.5,33.5,27.85,28.0,27.95,27.95,0.0,0.0,2881500.0
2019-04-29,SCOM,Safaricom Plc,23.5,33.5,27.85,28.5,28.0,27.95,0.05,1.8e-05,3263500.0
2019-04-30,SCOM,Safaricom Plc,23.5,33.5,28.1,28.6,28.15,28.0,0.15,5.4000000000000005e-05,2694500.0
2019-05-02,SCOM,Safaricom Plc,23.5,33.5,28.25,30.0,29.55,28.15,1.4,0.000496999999999999,7890300.0
2019-05-03,SCOM,Safaricom Plc,23.5,33.5,28.35,30.0,29.25,29.55,-0.3,0.00010200000000000001,4963400.0
2019-05-06,SCOM,Safaricom Plc,23.5,33.5,28.5,29.0,28.65,29.25,-0.6,0.000204999999999999,2746400.0
2019-05-07,SCOM,Safaricom Plc,23.5,33.5,28.2,29.5,28.6,28.65,-0.05,1.7e-05,4354900.0
2019-05-08,SCOM,Safaricom Plc,23.5,33.5,28.0,29.0,28.15,28.6,-0.45,0.000157,3401200.0
2019-05-09,SCOM,Safaricom Plc,23.5,33.5,27.8,28.3,27.95,28.15,-0.2,7.0999999999999e-05,5293700.0
2019-05-10,SCOM,Safaricom Plc,23.5,33.5,27.2,27.9,27.45,27.95,-0.5,0.000179,3582300.0
2019-05-13,SCOM,Safaricom Plc,23.5,33.5,27.0,28.0,27.2,27.45,-0.25,9.1e-05,8460600.0
2019-05-14,SCOM,Safaricom Plc,23.5,33.5,26.1,27.2,26.4,27.2,-0.8,0.000294,8458600.0
2019-05-15,SCOM,Safaricom Plc,23.5,33.5,26.35,27.2,26.7,26.4,0.3,0.000113999999999999,9707700.0
2019-05-16,SCOM,Safaricom Plc,23.5,33.5,26.05,26.7,26.25,26.7,-0.45,0.000169,6430300.0
2019-05-17,SCOM,Safaricom Plc,23.5,33.5,26.05,26.6,26.15,26.25,-0.1,3.8e-05,12300000.0
2019-05-20,SCOM,Safaricom Plc,23.5,33.5,26.05,26.5,26.2,26.15,0.05,1.9e-05,5777400.0
2019-05-21,SCOM,Safaricom Plc,23.5,33.5,26.0,26.5,26.35,26.2,0.15,5.6999999999998993e-05,8351400.0
2019-05-22,SCOM,Safaricom Plc,23.5,33.5,26.05,27.0,26.1,26.35,-0.25,9.499999999999999e-05,13510200.0
2019-05-23,SCOM,Safaricom Plc,23.5,33.5,26.05,26.25,26.15,26.1,0.05,1.9e-05,640200.0
2019-05-24,SCOM,Safaricom Plc,23.5,33.5,26.2,27.0,26.45,26.15,0.3,0.000115,12182000.0
2019-05-27,SCOM,Safaricom Plc,23.5,33.5,26.5,27.0,26.8,26.45,0.35,0.000132,889200.0
2019-05-28,SCOM,Safaricom Plc,23.5,33.5,26.9,28.65,28.35,26.8,1.55,0.000578,28201600.0
2019-05-29,SCOM,Safaricom Plc,23.5,33.5,27.8,28.3,28.0,28.35,-0.35,0.000123,17196700.0
2019-05-30,SCOM,Safaricom Plc,23.5,33.5,27.4,27.8,27.65,28.0,-0.35,0.000125,11923400.0
2019-05-31,SCOM,Safaricom Plc,23.5,33.5,27.0,27.65,27.45,27.65,-0.2,7.2e-05,7496300.0
2019-06-03,SCOM,Safaricom Plc,23.5,33.5,27.4,27.8,27.65,27.45,0.2,7.3e-05,1891100.0
2019-06-04,SCOM,Safaricom Plc,23.5,33.5,27.6,27.8,27.7,27.65,0.05,1.8e-05,6881000.0
2019-06-06,SCOM,Safaricom Plc,23.5,33.5,27.65,28.0,27.7,27.7,0.0,0.0,8481500.0
2019-06-07,SCOM,Safaricom Plc,23.5,33.5,27.1,27.9,27.4,27.7,-0.3,0.00010800000000000001,1781200.0
2019-06-10,SCOM,Safaricom Plc,23.5,33.5,27.05,27.6,27.45,27.4,0.05,1.8e-05,1330100.0
2019-06-11,SCOM,Safaricom Plc,23.5,33.5,27.2,27.7,27.55,27.45,0.1,3.6e-05,1708000.0
2019-06-12,SCOM,Safaricom Plc,23.5,33.5,27.3,27.65,27.5,27.55,-0.05,1.8e-05,22670800.0
2019-06-13,SCOM,Safaricom Plc,23.5,33.5,27.1,27.7,27.35,27.5,-0.15,5.4999999999999995e-05,22555700.0
2019-06-14,SCOM,Safaricom Plc,23.5,33.5,27.05,27.5,27.2,27.35,-0.15,5.4999999999999995e-05,5297100.0
2019-06-17,SCOM,Safaricom Plc,23.5,33.5,27.1,27.35,27.25,27.2,0.05,1.8e-05,20526800.0
2019-06-18,SCOM,Safaricom Plc,23.5,33.5,27.1,27.65,27.3,27.25,0.05,1.8e-05,9906500.0
2019-06-19,SCOM,Safaricom Plc,23.5,33.5,27.0,27.3,27.0,27.3,-0.3,0.00010999999999999999,18546400.0
2019-06-20,SCOM,Safaricom Plc,23.5,33.5,27.0,27.5,27.15,27.0,0.15,5.6e-05,9180300.0
2019-06-21,SCOM,Safaricom Plc,23.5,33.5,27.15,27.5,27.25,27.15,0.1,3.7000000000000005e-05,1207600.0
2019-06-24,SCOM,Safaricom Plc,23.5,33.5,27.15,27.35,27.3,27.25,0.05,1.8e-05,4054300.0
2019-06-25,SCOM,Safaricom Plc,23.5,33.5,27.3,28.0,27.45,27.3,0.15,5.4999999999999995e-05,8705800.0
2019-06-26,SCOM,Safaricom Plc,23.5,33.5,27.4,27.9,27.5,27.45,0.05,1.8e-05,3242100.0
2019-06-27,SCOM,Safaricom Plc,23.5,33.5,27.55,28.0,27.55,27.5,0.05,1.8e-05,5346200.0
2019-06-28,SCOM,Safaricom Plc,23.5,33.5,27.6,28.35,28.1,27.55,0.55,0.0002,24611100.0
2019-07-01,SCOM,Safaricom Plc,23.5,33.5,27.35,28.55,28.15,28.1,0.05,1.8e-05,4827100.0
2019-07-02,SCOM,Safaricom Plc,23.5,33.5,28.0,28.3,28.15,28.15,0.0,0.0,7980200.0
2019-07-03,SCOM,Safaricom Plc,23.5,33.5,28.0,28.3,28.15,28.15,0.0,0.0,6185400.0
2019-07-04,SCOM,Safaricom Plc,23.5,33.5,27.45,28.2,27.75,28.15,-0.4,0.000141999999999999,3643000.0
2019-07-05,SCOM,Safaricom Plc,23.5,33.5,27.55,30.0,27.85,27.75,0.1,3.6e-05,14249700.0
2019-07-08,SCOM,Safaricom Plc,23.5,33.5,27.2,28.0,27.55,27.85,-0.3,0.00010800000000000001,2563400.0
2019-07-09,SCOM,Safaricom Plc,23.5,33.5,27.0,27.5,27.0,27.55,-0.55,0.0002,10079500.0
2019-07-10,SCOM,Safaricom Plc,23.5,33.5,27.2,27.75,27.5,27.0,0.5,0.000185,2979900.0
2019-07-11,SCOM,Safaricom Plc,23.5,33.5,27.15,27.8,27.45,27.5,-0.05,1.8e-05,594900.0
2019-07-12,SCOM,Safaricom Plc,23.5,33.5,27.5,28.1,27.75,27.45,0.3,0.00010899999999999999,3066200.0
2019-07-15,SCOM,Safaricom Plc,23.5,33.5,27.25,27.75,27.5,27.75,-0.25,8.999999999999999e-05,2829400.0
2019-07-16,SCOM,Safaricom Plc,23.5,33.5,27.3,28.0,27.7,27.5,0.2,7.3e-05,3400800.0
2019-07-17,SCOM,Safaricom Plc,23.5,33.5,27.5,28.05,27.95,27.7,0.25,8.999999999999999e-05,8950600.0
2019-07-18,SCOM,Safaricom Plc,23.5,33.5,27.5,28.0,27.75,27.95,-0.2,7.2e-05,9863600.0
2019-07-19,SCOM,Safaricom Plc,23.5,33.5,27.65,28.0,27.85,27.75,0.1,3.6e-05,1880000.0
2019-07-22,SCOM,Safaricom Plc,23.5,33.5,27.5,28.0,27.8,27.85,-0.05,1.8e-05,3407400.0
2019-07-23,SCOM,Safaricom Plc,23.5,33.5,27.2,28.0,27.25,27.8,-0.55,0.000197999999999999,6862500.0
2019-07-24,SCOM,Safaricom Plc,23.5,33.5,27.35,27.8,27.5,27.25,0.25,9.2e-05,7562800.0
2019-07-25,SCOM,Safaricom Plc,23.5,33.5,27.35,27.95,27.5,27.5,0.0,0.0,12020100.0
2019-07-26,SCOM,Safaricom Plc,23.5,33.5,27.5,27.8,27.6,27.5,0.1,3.6e-05,5645900.0
2019-07-29,SCOM,Safaricom Plc,23.5,33.5,27.5,27.75,27.55,27.6,-0.05,1.8e-05,898600.0
2019-07-30,SCOM,Safaricom Plc,23.5,33.5,27.4,27.6,27.45,27.55,-0.1,3.6e-05,6603600.0
2019-07-31,SCOM,Safaricom Plc,23.5,33.5,27.25,27.55,27.4,27.45,-0.05,1.8e-05,10863000.0
2019-08-01,SCOM,Safaricom Plc,23.5,33.5,27.5,28.0,27.55,27.4,0.15,5.4999999999999995e-05,2423000.0
2019-08-02,SCOM,Safaricom Plc,23.5,33.5,27.5,28.0,27.6,27.55,0.05,1.8e-05,1658600.0
2019-08-05,SCOM,Safaricom Plc,23.5,33.5,27.5,27.65,27.6,27.6,0.0,0.0,1618800.0
2019-08-06,SCOM,Safaricom Plc,23.5,33.5,27.3,27.6,27.45,27.6,-0.15,5.4000000000000005e-05,3597900.0
2019-08-07,SCOM,Safaricom Plc,23.5,33.5,27.0,27.5,27.2,27.45,-0.25,9.1e-05,6139400.0
2019-08-08,SCOM,Safaricom Plc,23.5,33.5,27.05,27.5,27.3,27.2,0.1,3.7000000000000005e-05,2832400.0
2019-08-09,SCOM,Safaricom Plc,23.5,33.5,27.2,28.0,27.65,27.3,0.35,0.000128,10389600.0
2019-08-13,SCOM,Safaricom Plc,23.5,33.5,27.5,28.15,27.9,27.65,0.25,8.999999999999999e-05,4050300.0
2019-08-14,SCOM,Safaricom Plc,23.5,33.5,27.65,28.15,28.0,27.9,0.1,3.6e-05,6576500.0
2019-08-15,SCOM,Safaricom Plc,23.5,33.5,27.7,28.75,28.5,28.0,0.5,0.000179,11502100.0
2019-08-16,SCOM,Safaricom Plc,23.5,33.5,28.65,29.6,29.2,28.5,0.7,0.000246,23352400.0
2019-08-19,SCOM,Safaricom Plc,23.5,33.5,29.0,29.55,29.45,29.2,0.25,8.6e-05,13620300.0
2019-08-20,SCOM,Safaricom Plc,23.5,33.5,28.95,29.9,29.3,29.45,-0.15,5.1000000000000006e-05,33724500.0
2019-08-21,SCOM,Safaricom Plc,23.5,33.5,28.95,29.35,29.1,29.3,-0.2,6.8e-05,4233900.0
2019-08-22,SCOM,Safaricom Plc,23.5,33.5,28.95,29.2,29.0,29.1,-0.1,3.4e-05,20130900.0
2019-08-23,SCOM,Safaricom Plc,23.5,33.5,28.75,29.1,28.9,29.0,-0.1,3.4e-05,220300.0
2019-08-26,SCOM,Safaricom Plc,23.5,33.5,28.0,28.9,28.3,28.9,-0.6,0.000208,1395100.0
2019-08-27,SCOM,Safaricom Plc,23.5,33.5,28.05,28.3,28.2,28.3,-0.1,3.4999999999999e-05,4926000.0
2019-08-28,SCOM,Safaricom Plc,23.5,33.5,27.95,29.0,28.0,28.2,-0.2,7.0999999999999e-05,2320900.0
2019-08-29,SCOM,Safaricom Plc,23.5,33.5,28.0,28.4,28.25,28.0,0.25,8.9e-05,1409800.0
2019-08-30,SCOM,Safaricom Plc,23.5,33.5,28.0,28.3,28.15,28.25,-0.1,3.4999999999999e-05,3348700.0
2019-09-02,SCOM,Safaricom Plc,23.5,33.5,27.2,28.3,28.05,28.15,-0.1,3.6e-05,12684500.0
2019-09-03,SCOM,Safaricom Plc,23.5,33.5,25.55,26.7,26.2,28.05,-1.85,0.00066,5592600.0
2019-09-04,SCOM,Safaricom Plc,23.5,33.5,26.2,27.0,26.65,26.2,0.45,0.000172,12551400.0
2019-09-05,SCOM,Safaricom Plc,23.5,33.5,26.7,28.5,26.85,26.65,0.2,7.5e-05,19366300.0
2019-09-06,SCOM,Safaricom Plc,23.5,33.5,26.5,27.0,26.8,26.85,-0.05,1.9e-05,9506900.0
2019-09-09,SCOM,Safaricom Plc,23.5,33.5,26.7,26.95,26.85,26.8,0.05,1.9e-05,2307800.0
2019-09-10,SCOM,Safaricom Plc,23.5,33.5,26.9,27.05,26.95,26.85,0.1,3.7000000000000005e-05,3275100.0
2019-09-11,SCOM,Safaricom Plc,23.5,33.5,26.95,27.4,27.05,26.95,0.1,3.7000000000000005e-05,14255500.0
2019-09-12,SCOM,Safaricom Plc,23.5,33.5,27.05,28.0,27.15,27.05,0.1,3.7000000000000005e-05,1167400.0
2019-09-13,SCOM,Safaricom Plc,23.5,33.5,27.05,27.4,27.15,27.15,0.0,0.0,1513000.0
2019-09-16,SCOM,Safaricom Plc,23.5,33.5,27.1,27.35,27.2,27.15,0.05,1.8e-05,1356000.0
2019-09-17,SCOM,Safaricom Plc,23.5,33.5,27.05,27.7,27.15,27.2,-0.05,1.8e-05,5055900.0
2019-09-18,SCOM,Safaricom Plc,23.5,33.5,27.15,27.5,27.25,27.15,0.1,3.7000000000000005e-05,1076700.0
2019-09-19,SCOM,Safaricom Plc,23.5,33.5,27.15,27.5,27.2,27.25,-0.05,1.8e-05,2746200.0
2019-09-20,SCOM,Safaricom Plc,23.5,33.5,27.25,28.0,27.35,27.2,0.15,5.4999999999999995e-05,5855100.0
2019-09-23,SCOM,Safaricom Plc,23.5,33.5,27.4,27.6,27.5,27.35,0.15,5.4999999999999995e-05,1195000.0
2019-09-24,SCOM,Safaricom Plc,23.5,33.5,27.35,27.75,27.5,27.5,0.0,0.0,4280400.0
2019-09-25,SCOM,Safaricom Plc,23.5,33.5,27.4,28.0,27.55,27.5,0.05,1.8e-05,30531000.0
2019-09-26,SCOM,Safaricom Plc,23.5,33.5,27.0,27.5,27.15,27.55,-0.4,0.000144999999999999,2459600.0
2019-09-27,SCOM,Safaricom Plc,23.5,33.5,27.1,27.4,27.1,27.15,-0.05,1.8e-05,6838100.0
2019-09-30,SCOM,Safaricom Plc,23.5,33.5,27.2,28.0,27.5,27.1,0.4,0.00014800000000000002,1392200.0
2019-10-01,SCOM,Safaricom Plc,23.5,33.5,27.25,27.75,27.55,27.5,0.05,1.8e-05,8742600.0
2019-10-02,SCOM,Safaricom Plc,23.5,33.5,27.5,28.0,27.65,27.55,0.1,3.6e-05,8347100.0
2019-10-03,SCOM,Safaricom Plc,23.5,33.5,27.8,28.2,28.1,27.65,0.45,0.00016299999999999998,5614900.0
2019-10-04,SCOM,Safaricom Plc,23.5,33.5,27.8,28.5,28.05,28.1,-0.05,1.8e-05,9273300.0
2019-10-07,SCOM,Safaricom Plc,23.5,33.5,27.75,28.55,27.85,28.05,-0.2,7.0999999999999e-05,4762700.0
2019-10-08,SCOM,Safaricom Plc,23.5,33.5,28.0,28.35,28.2,27.85,0.35,0.000126,1733300.0
2019-10-09,SCOM,Safaricom Plc,23.5,33.5,28.0,28.45,28.3,28.2,0.1,3.4999999999999e-05,3544700.0
2019-10-11,SCOM,Safaricom Plc,23.5,33.5,28.2,29.0,28.45,28.3,0.15,5.3e-05,4501800.0
2019-10-14,SCOM,Safaricom Plc,23.5,33.5,27.9,28.45,28.0,28.45,-0.45,0.00015800000000000002,1129700.0
2019-10-15,SCOM,Safaricom Plc,23.5,33.5,27.7,28.3,27.9,28.0,-0.1,3.6e-05,502000.0
2019-10-16,SCOM,Safaricom Plc,23.5,33.5,27.0,28.0,27.9,27.9,0.0,0.0,8243800.0
2019-10-17,SCOM,Safaricom Plc,23.5,33.5,27.85,28.5,28.45,27.9,0.55,0.000197,5111400.0
2019-10-18,SCOM,Safaricom Plc,23.5,33.5,28.0,28.5,28.25,28.45,-0.2,6.9999999999999e-05,3182300.0
2019-10-22,SCOM,Safaricom Plc,23.5,33.5,27.8,28.55,28.45,28.25,0.2,7.0999999999999e-05,16056000.0
2019-10-23,SCOM,Safaricom Plc,23.5,33.5,28.25,28.55,28.5,28.45,0.05,1.8e-05,3795000.0
2019-10-24,SCOM,Safaricom Plc,23.5,33.5,28.4,28.75,28.6,28.5,0.1,3.4999999999999e-05,3019500.0
2019-10-25,SCOM,Safaricom Plc,23.5,33.5,28.5,28.9,28.7,28.6,0.1,3.4999999999999e-05,24186000.0
2019-10-28,SCOM,Safaricom Plc,23.5,33.5,28.8,28.95,28.85,28.7,0.15,5.2e-05,2595300.0
2019-10-29,SCOM,Safaricom Plc,23.5,33.5,28.8,29.0,28.9,28.85,0.05,1.7e-05,4306200.0
2019-10-30,SCOM,Safaricom Plc,23.5,33.5,28.85,29.6,29.25,28.9,0.35,0.000121,22245100.0
2019-10-31,SCOM,Safaricom Plc,23.5,33.5,28.9,29.85,29.75,29.25,0.5,0.000171,23205300.0
2019-11-01,SCOM,Safaricom Plc,23.5,33.5,29.8,30.95,30.3,29.75,0.55,0.000185,7080600.0
2019-11-04,SCOM,Safaricom Plc,23.5,33.5,29.8,30.6,30.4,30.3,0.1,3.3e-05,8531600.0
2019-11-05,SCOM,Safaricom Plc,23.5,33.5,30.4,30.55,30.5,30.4,0.1,3.3e-05,6699600.0
2019-11-06,SCOM,Safaricom Plc,23.5,33.5,30.5,31.25,30.7,30.5,0.2,6.6e-05,40264800.0
2019-11-07,SCOM,Safaricom Plc,23.5,33.5,30.8,31.5,31.2,30.7,0.5,0.00016299999999999998,10563700.0
2019-11-08,SCOM,Safaricom Plc,23.5,33.5,29.8,30.5,30.0,31.2,-1.2,0.000385,5180600.0
2019-11-11,SCOM,Safaricom Plc,23.5,33.5,28.0,29.85,29.4,30.0,-0.6,0.0002,3247300.0
2019-11-12,SCOM,Safaricom Plc,23.5,33.5,28.65,29.85,29.0,29.4,-0.4,0.000136,15141600.0
2019-11-13,SCOM,Safaricom Plc,23.5,33.5,28.7,30.0,29.3,29.0,0.3,0.000103,2181600.0
2019-11-14,SCOM,Safaricom Plc,23.5,33.5,29.0,30.0,29.95,29.3,0.65,0.000222,9540500.0
2019-11-15,SCOM,Safaricom Plc,23.5,33.5,28.6,29.95,28.75,29.95,-1.2,0.000401,7555600.0
2019-11-18,SCOM,Safaricom Plc,23.5,33.5,28.4,29.95,28.55,28.75,-0.2,6.9999999999999e-05,4095900.0
2019-11-19,SCOM,Safaricom Plc,23.5,33.5,28.25,29.0,28.55,28.55,0.0,0.0,2837400.0
2019-11-20,SCOM,Safaricom Plc,23.5,33.5,28.55,29.5,28.6,28.55,0.05,1.8e-05,1199500.0
2019-11-21,SCOM,Safaricom Plc,23.5,33.5,28.25,28.95,28.5,28.6,-0.1,3.4999999999999e-05,10719600.0
2019-11-22,SCOM,Safaricom Plc,23.5,33.5,28.1,29.0,28.45,28.5,-0.05,1.8e-05,13372900.0
2019-11-25,SCOM,Safaricom Plc,23.5,33.5,28.0,29.0,28.9,28.45,0.45,0.00015800000000000002,3344500.0
2019-11-26,SCOM,Safaricom Plc,23.5,33.5,28.5,29.0,28.85,28.9,-0.05,1.7e-05,2350000.0
2019-11-27,SCOM,Safaricom Plc,23.5,33.5,28.7,29.0,28.9,28.85,0.05,1.7e-05,4305900.0
2019-11-28,SCOM,Safaricom Plc,23.5,33.5,28.45,29.1,28.95,28.9,0.05,1.7e-05,3807600.0
2019-11-29,SCOM,Safaricom Plc,23.5,33.5,29.0,29.95,29.25,28.95,0.3,0.000104,14903000.0
2019-12-02,SCOM,Safaricom Plc,23.5,33.5,29.0,29.8,29.4,29.25,0.15,5.1000000000000006e-05,3394400.0
2019-12-03,SCOM,Safaricom Plc,23.5,33.5,29.15,29.75,29.5,29.4,0.1,3.4e-05,5820700.0
2019-12-04,SCOM,Safaricom Plc,23.5,33.5,29.0,29.5,29.4,29.5,-0.1,3.4e-05,5233400.0
2019-12-05,SCOM,Safaricom Plc,23.5,33.5,29.4,30.0,29.45,29.4,0.05,1.7e-05,13172100.0
2019-12-06,SCOM,Safaricom Plc,23.5,33.5,29.45,30.25,30.0,29.45,0.55,0.00018700000000000002,5925100.0
2019-12-09,SCOM,Safaricom Plc,23.5,33.5,29.8,30.25,30.15,30.0,0.15,5e-05,15072100.0
2019-12-10,SCOM,Safaricom Plc,23.5,33.5,29.8,30.25,30.15,30.15,0.0,0.0,15072100.0
2019-12-11,SCOM,Safaricom Plc,23.5,33.5,30.0,30.6,30.25,30.15,0.1,3.3e-05,3516300.0
2019-12-13,SCOM,Safaricom Plc,23.5,33.5,30.0,30.5,30.3,30.25,0.05,1.7e-05,14786600.0
2019-12-16,SCOM,Safaricom Plc,23.5,33.5,29.8,30.3,30.05,30.3,-0.25,8.3e-05,4849500.0
2019-12-17,SCOM,Safaricom Plc,23.5,33.5,29.5,30.1,30.0,30.05,-0.05,1.7e-05,20994900.0
2019-12-18,SCOM,Safaricom Plc,23.5,33.5,29.55,30.5,30.2,30.0,0.2,6.7e-05,5334700.0
2019-12-19,SCOM,Safaricom Plc,23.5,33.5,30.2,31.1,30.9,30.2,0.7,0.00023199999999999997,4872100.0
2019-12-20,SCOM,Safaricom Plc,23.5,33.5,30.6,31.5,31.3,30.9,0.4,0.000129,36521700.0
2019-12-23,SCOM,Safaricom Plc,23.5,33.5,30.0,32.0,31.65,31.3,0.35,0.000112,7618600.0
2019-12-24,SCOM,Safaricom Plc,23.5,33.5,30.3,32.0,31.7,31.65,0.05,1.6e-05,3069600.0
2019-12-27,SCOM,Safaricom Plc,23.5,33.5,31.0,32.0,31.45,31.7,-0.25,7.900000000000001e-05,938900.0
2019-12-30,SCOM,Safaricom Plc,23.5,33.5,30.0,31.5,31.35,31.45,-0.1,3.2e-05,5297600.0
2019-12-31,SCOM,Safaricom Plc,23.5,33.5,31.0,31.6,31.5,31.35,0.15,4.7999999999999994e-05,6325600.0
2020-01-02,SCOM,Safaricom Plc,23.5,33.5,31.0,31.6,31.3,31.5,-0.2,6.3e-05,349300.0
2020-01-03,SCOM,Safaricom Plc,23.5,33.5,31.0,31.8,31.55,31.3,0.25,8e-05,905000.0
2020-01-06,SCOM,Safaricom Plc,23.5,33.5,31.05,31.7,31.5,31.55,-0.05,1.6e-05,1901800.0
2020-01-07,SCOM,Safaricom Plc,23.5,33.5,31.3,31.7,31.55,31.5,0.05,1.6e-05,7754500.0
2020-01-08,SCOM,Safaricom Plc,23.5,33.5,31.2,32.5,31.85,31.55,0.3,9.499999999999999e-05,3474800.0
2020-01-09,SCOM,Safaricom Plc,23.5,33.5,31.7,33.5,32.8,31.85,0.95,0.000298,4160400.0
2020-01-10,SCOM,Safaricom Plc,23.5,33.5,32.5,33.4,32.8,32.8,0.0,0.0,4937700.0
2020-01-13,SCOM,Safaricom Plc,23.5,33.5,32.5,33.0,32.7,32.8,-0.1,3e-05,10670300.0
2020-01-14,SCOM,Safaricom Plc,23.5,33.5,32.0,32.85,32.75,32.7,0.05,1.5e-05,5840900.0
2020-01-15,SCOM,Safaricom Plc,23.5,33.5,31.5,32.85,32.0,32.75,-0.75,0.000229,8751100.0
2020-01-16,SCOM,Safaricom Plc,23.5,33.5,31.5,32.3,32.0,32.0,0.0,0.0,12749500.0
2020-01-17,SCOM,Safaricom Plc,23.5,33.5,31.0,32.0,31.5,32.0,-0.5,0.000156,8722400.0
2020-01-20,SCOM,Safaricom Plc,23.5,33.5,31.2,32.3,31.55,31.5,0.05,1.6e-05,2710900.0
2020-01-21,SCOM,Safaricom Plc,23.5,33.5,31.3,32.3,31.55,31.55,0.0,0.0,1298900.0
2020-01-22,SCOM,Safaricom Plc,23.5,33.5,31.3,31.75,31.5,31.55,-0.05,1.6e-05,8157000.0
2020-01-23,SCOM,Safaricom Plc,23.5,33.5,31.3,32.0,31.55,31.5,0.05,1.6e-05,11800200.0
2020-01-24,SCOM,Safaricom Plc,23.5,33.5,31.2,32.0,31.3,31.55,-0.25,7.900000000000001e-05,7263900.0
2020-01-27,SCOM,Safaricom Plc,23.5,33.5,30.0,31.5,30.7,31.3,-0.6,0.00019199999999999998,3957800.0
2020-01-28,SCOM,Safaricom Plc,23.5,33.5,29.75,30.5,29.95,30.7,-0.75,0.00024399999999999902,1572800.0
2020-01-29,SCOM,Safaricom Plc,23.5,33.5,29.9,30.5,30.05,29.95,0.1,3.3e-05,13109900.0
2020-01-30,SCOM,Safaricom Plc,23.5,33.5,30.05,30.8,30.6,30.05,0.55,0.000183,4690800.0
2020-01-31,SCOM,Safaricom Plc,23.5,33.5,30.15,30.7,30.45,30.6,-0.15,4.9e-05,3359100.0
2020-02-03,SCOM,Safaricom Plc,23.5,33.5,30.3,31.0,30.8,30.45,0.35,0.000115,1097900.0
2020-02-04,SCOM,Safaricom Plc,23.5,33.5,30.8,31.5,30.95,30.8,0.15,4.9e-05,10786500.0
2020-02-05,SCOM,Safaricom Plc,23.5,33.5,31.0,32.1,31.55,30.95,0.6,0.000194,3136700.0
2020-02-06,SCOM,Safaricom Plc,23.5,33.5,31.05,33.3,32.8,31.55,1.25,0.000395999999999999,9321100.0
2020-02-07,SCOM,Safaricom Plc,23.5,33.5,32.8,33.0,32.9,32.8,0.1,3e-05,18309100.0
2020-02-10,SCOM,Safaricom Plc,23.5,33.5,31.55,32.85,32.65,32.9,-0.25,7.6e-05,2363900.0
2020-02-12,SCOM,Safaricom Plc,23.5,33.5,31.75,32.7,32.5,32.65,-0.15,4.6e-05,12104100.0
2020-02-13,SCOM,Safaricom Plc,23.5,33.5,31.05,32.05,31.5,32.5,-1.0,0.000308,13315500.0
2020-02-14,SCOM,Safaricom Plc,23.5,33.5,30.75,31.5,31.0,31.5,-0.5,0.00015900000000000002,16785200.0
2020-02-17,SCOM,Safaricom Plc,23.5,33.5,30.85,31.5,30.9,31.0,-0.1,3.2e-05,5945600.0
2020-02-18,SCOM,Safaricom Plc,23.5,33.5,30.0,31.0,30.5,30.9,-0.4,0.000129,3515900.0
2020-02-19,SCOM,Safaricom Plc,23.5,33.5,29.8,30.5,29.95,30.5,-0.55,0.00017999999999999998,13930100.0
2020-02-20,SCOM,Safaricom Plc,23.5,33.5,29.9,30.2,29.95,29.95,0.0,0.0,14572700.0
2020-02-21,SCOM,Safaricom Plc,23.5,33.5,29.85,30.1,29.9,29.95,-0.05,1.7e-05,10657300.0
2020-02-24,SCOM,Safaricom Plc,23.5,33.5,29.0,30.0,29.9,29.9,0.0,0.0,4927000.0
2020-02-25,SCOM,Safaricom Plc,23.5,33.5,29.4,29.8,29.75,29.9,-0.15,5e-05,7892300.0
2020-02-26,SCOM,Safaricom Plc,23.5,33.5,27.95,29.5,28.2,29.75,-1.55,0.000521,5608400.0
2020-02-27,SCOM,Safaricom Plc,23.5,33.5,28.05,29.0,28.1,28.2,-0.1,3.4999999999999e-05,19384300.0
2020-02-28,SCOM,Safaricom Plc,23.5,33.5,27.75,28.2,27.9,28.1,-0.2,7.0999999999999e-05,13289800.0
2020-03-02,SCOM,Safaricom Plc,23.5,33.5,27.75,29.5,28.1,27.9,0.2,7.2e-05,13306000.0
2020-03-03,SCOM,Safaricom Plc,23.5,33.5,28.5,29.0,28.85,28.1,0.75,0.000266999999999999,24017700.0
2020-03-04,SCOM,Safaricom Plc,23.5,33.5,28.9,29.45,29.1,28.85,0.25,8.7e-05,20095200.0
2020-03-05,SCOM,Safaricom Plc,23.5,33.5,29.0,29.85,29.55,29.1,0.45,0.000155,545600.0
2020-03-06,SCOM,Safaricom Plc,23.5,33.5,29.4,29.6,29.5,29.55,-0.05,1.7e-05,11035900.0
2020-03-09,SCOM,Safaricom Plc,23.5,33.5,26.55,29.5,27.35,29.5,-2.15,0.000729,28108800.0
2020-03-10,SCOM,Safaricom Plc,23.5,33.5,27.15,28.6,27.75,27.35,0.4,0.000146,21310200.0
2020-03-11,SCOM,Safaricom Plc,23.5,33.5,27.7,28.5,27.85,27.75,0.1,3.6e-05,12535900.0
2020-03-12,SCOM,Safaricom Plc,23.5,33.5,25.35,27.5,25.75,27.85,-2.1,0.0007539999999999999,38181100.0
2020-03-13,SCOM,Safaricom Plc,23.5,33.5,23.5,26.5,24.35,25.75,-1.4,0.000544,29945800.0
2020-03-16,SCOM,Safaricom Plc,23.5,33.5,24.0,25.0,24.45,24.35,0.1,4.0999999999999e-05,44232800.0
2020-03-17,SCOM,Safaricom Plc,23.5,33.5,24.55,26.5,25.1,24.45,0.65,0.00026599999999999996,11561900.0
2020-03-18,SCOM,Safaricom Plc,23.5,33.5,25.3,25.8,25.35,25.1,0.25,0.0001,20856300.0
2020-03-19,SCOM,Safaricom Plc,23.5,33.5,25.35,26.0,25.4,25.35,0.05,2e-05,13759300.0
2020-03-20,SCOM,Safaricom Plc,23.5,33.5,25.35,26.0,25.4,25.4,0.0,0.0,12077400.0
2020-03-23,SCOM,Safaricom Plc,23.5,33.5,24.0,25.5,24.6,25.4,-0.8,0.000315,14714000.0
2020-03-24,SCOM,Safaricom Plc,23.5,33.5,24.35,25.0,24.45,24.6,-0.15,6.0999999999998996e-05,7508200.0
2020-03-25,SCOM,Safaricom Plc,23.5,33.5,24.0,24.8,24.5,24.45,0.05,2e-05,9737200.0
2020-03-26,SCOM,Safaricom Plc,23.5,33.5,24.6,25.05,24.65,24.5,0.15,6.0999999999998996e-05,13626300.0
2020-03-27,SCOM,Safaricom Plc,23.5,33.5,25.0,26.25,25.35,24.65,0.7,0.000283999999999999,14913700.0
2020-03-30,SCOM,Safaricom Plc,23.5,33.5,26.0,26.5,26.0,25.35,0.65,0.000256,4439600.0
2020-03-31,SCOM,Safaricom Plc,23.5,33.5,26.05,27.5,26.45,26.0,0.45,0.000173,16084600.0
2020-04-01,SCOM,Safaricom Plc,23.5,33.5,26.7,27.0,26.9,26.45,0.45,0.00017,9821800.0
2020-04-02,SCOM,Safaricom Plc,23.5,33.5,26.95,29.0,28.25,26.9,1.35,0.000501999999999999,9152600.0
2020-04-03,SCOM,Safaricom Plc,23.5,33.5,27.9,29.5,28.75,28.25,0.5,0.000177,16762100.0
2020-04-06,SCOM,Safaricom Plc,23.5,33.5,26.9,28.5,27.55,28.75,-1.2,0.000417,14371000.0
2020-04-07,SCOM,Safaricom Plc,23.5,33.5,26.7,27.5,26.8,27.55,-0.75,0.000272,15545200.0
2020-04-08,SCOM,Safaricom Plc,23.5,33.5,26.0,26.8,26.2,26.8,-0.6,0.000224,13279600.0
2020-04-09,SCOM,Safaricom Plc,23.5,33.5,26.0,28.0,26.35,26.2,0.15,5.6999999999998993e-05,10166000.0
2020-04-14,SCOM,Safaricom Plc,23.5,33.5,26.3,28.0,27.05,26.35,0.7,0.00026599999999999996,10513800.0
2020-04-15,SCOM,Safaricom Plc,23.5,33.5,26.6,28.0,27.45,27.05,0.4,0.00014800000000000002,9881000.0
2020-04-16,SCOM,Safaricom Plc,23.5,33.5,27.0,27.8,27.4,27.45,-0.05,1.8e-05,2906700.0
2020-04-17,SCOM,Safaricom Plc,23.5,33.5,27.4,28.5,28.0,27.4,0.6,0.00021899999999999998,13712200.0
2020-04-20,SCOM,Safaricom Plc,23.5,33.5,28.0,28.75,28.5,28.0,0.5,0.000179,7590700.0
2020-04-21,SCOM,Safaricom Plc,23.5,33.5,28.0,29.0,28.4,28.5,-0.1,3.4999999999999e-05,19408900.0
2020-04-22,SCOM,Safaricom Plc,23.5,33.5,27.55,29.5,27.95,28.4,-0.45,0.00015800000000000002,10969800.0
2020-04-23,SCOM,Safaricom Plc,23.5,33.5,28.0,29.45,28.2,27.95,0.25,8.9e-05,5791100.0
2020-04-24,SCOM,Safaricom Plc,23.5,33.5,27.2,28.5,27.55,28.2,-0.65,0.00023,9768500.0
2020-04-27,SCOM,Safaricom Plc,23.5,33.5,27.45,28.0,27.55,27.55,0.0,0.0,6878900.0
2020-04-28,SCOM,Safaricom Plc,23.5,33.5,27.6,28.0,27.7,27.55,0.15,5.4000000000000005e-05,5842300.0
2020-04-29,SCOM,Safaricom Plc,23.5,33.5,28.0,29.4,29.0,27.7,1.3,0.00046899999999999996,2936400.0
2020-04-30,SCOM,Safaricom Plc,23.5,33.5,27.85,29.0,28.5,29.0,-0.5,0.000172,9712700.0
2020-05-04,SCOM,Safaricom Plc,23.5,33.5,28.5,29.75,29.5,28.5,1.0,0.00035099999999999997,15931500.0
2020-05-05,SCOM,Safaricom Plc,23.5,33.5,29.5,30.4,29.95,29.5,0.45,0.000153,8285100.0
2020-05-06,SCOM,Safaricom Plc,23.5,33.5,30.0,30.95,30.45,29.95,0.5,0.000167,13225200.0
2020-05-07,SCOM,Safaricom Plc,23.5,33.5,28.5,30.45,28.9,30.45,-1.55,0.000509,6657900.0
2020-05-08,SCOM,Safaricom Plc,23.5,33.5,27.95,30.0,28.35,28.9,-0.55,0.00018999999999999998,8408400.0
2020-05-11,SCOM,Safaricom Plc,23.5,33.5,28.0,29.0,28.3,28.35,-0.05,1.8e-05,7687100.0
2020-05-12,SCOM,Safaricom Plc,23.5,33.5,27.9,29.0,28.0,28.3,-0.3,0.000106,24178700.0
2020-05-13,SCOM,Safaricom Plc,23.5,33.5,27.5,28.5,27.8,28.0,-0.2,7.0999999999999e-05,10501800.0
2020-05-14,SCOM,Safaricom Plc,23.5,33.5,26.9,28.0,27.1,27.8,-0.7,0.000252,4747600.0
2020-05-15,SCOM,Safaricom Plc,23.5,33.5,27.05,28.5,27.65,27.1,0.55,0.00020299999999999997,13420000.0
2020-05-18,SCOM,Safaricom Plc,23.5,33.5,27.85,29.0,28.9,27.65,1.25,0.000452,2052300.0
2020-05-19,SCOM,Safaricom Plc,23.5,33.5,29.0,29.5,29.2,28.9,0.3,0.000104,8828400.0
2020-05-20,SCOM,Safaricom Plc,23.5,33.5,28.9,29.2,29.0,29.2,-0.2,6.8e-05,3729400.0
2020-05-21,SCOM,Safaricom Plc,23.5,33.5,28.7,29.0,28.8,29.0,-0.2,6.9e-05,4493700.0
2020-05-22,SCOM,Safaricom Plc,23.5,33.5,28.9,29.5,29.35,28.8,0.55,0.00019099999999999998,6058400.0
2020-05-26,SCOM,Safaricom Plc,23.5,33.5,28.9,29.35,29.0,29.35,-0.35,0.000118999999999999,6702500.0
2020-05-27,SCOM,Safaricom Plc,23.5,33.5,28.5,29.3,28.65,29.0,-0.35,0.000121,5680400.0
2020-05-28,SCOM,Safaricom Plc,23.5,33.5,27.9,28.6,28.05,28.65,-0.6,0.00020899999999999998,8063900.0
2020-05-29,SCOM,Safaricom Plc,23.5,33.5,28.1,29.5,28.55,28.05,0.5,0.000178,7418000.0
2020-06-02,SCOM,Safaricom Plc,23.5,33.5,28.2,29.0,28.75,28.55,0.2,6.9999999999999e-05,13297400.0
2020-06-03,SCOM,Safaricom Plc,23.5,33.5,28.7,29.95,29.1,28.75,0.35,0.00012199999999999901,6216700.0
2020-06-04,SCOM,Safaricom Plc,23.5,33.5,29.3,30.0,29.6,29.1,0.5,0.000172,6359200.0
2020-06-05,SCOM,Safaricom Plc,23.5,33.5,29.05,29.75,29.5,29.6,-0.1,3.4e-05,8197400.0
2020-06-08,SCOM,Safaricom Plc,23.5,33.5,29.3,30.0,29.9,29.5,0.4,0.000136,14866900.0
2020-06-09,SCOM,Safaricom Plc,23.5,33.5,29.3,30.0,29.65,29.9,-0.25,8.4e-05,6873400.0
2020-06-10,SCOM,Safaricom Plc,23.5,33.5,29.65,30.2,29.95,29.65,0.3,0.000101,17746500.0
2020-06-11,SCOM,Safaricom Plc,23.5,33.5,29.85,30.95,30.45,29.95,0.5,0.000167,3451800.0
2020-06-12,SCOM,Safaricom Plc,23.5,33.5,30.0,30.65,30.45,30.45,0.0,0.0,21340700.0
2020-06-15,SCOM,Safaricom Plc,23.5,33.5,30.25,31.0,30.45,30.45,0.0,0.0,13444800.0
2020-06-16,SCOM,Safaricom Plc,23.5,33.5,30.55,31.0,30.95,30.45,0.5,0.000163999999999999,8473800.0
2020-06-17,SCOM,Safaricom Plc,23.5,33.5,30.65,31.0,30.95,30.95,0.0,0.0,5444600.0
2020-06-18,SCOM,Safaricom Plc,23.5,33.5,30.7,31.0,30.95,30.95,0.0,0.0,9443700.0
2020-06-19,SCOM,Safaricom Plc,23.5,33.5,30.8,31.0,30.9,30.95,-0.05,1.6e-05,11886300.0
2020-06-22,SCOM,Safaricom Plc,23.5,33.5,29.5,30.95,30.2,30.9,-0.7,0.00022700000000000002,898900.0
2020-06-23,SCOM,Safaricom Plc,23.5,33.5,29.0,30.0,29.45,30.2,-0.75,0.000248,2414400.0
2020-06-24,SCOM,Safaricom Plc,23.5,33.5,28.35,29.9,28.65,29.45,-0.8,0.000272,20739800.0
2020-06-25,SCOM,Safaricom Plc,23.5,33.5,28.2,29.4,28.3,28.65,-0.35,0.00012199999999999901,18558800.0
2020-06-26,SCOM,Safaricom Plc,23.5,33.5,28.25,29.4,28.5,28.3,0.2,7.0999999999999e-05,8949200.0
2020-06-29,SCOM,Safaricom Plc,23.5,33.5,28.8,29.5,28.9,28.5,0.4,0.00013999999999999898,3342400.0
2020-06-30,SCOM,Safaricom Plc,23.5,33.5,28.6,29.0,28.65,28.9,-0.25,8.7e-05,8318800.0
2020-07-01,SCOM,Safaricom Plc,23.5,37.0,28.65,29.0,28.7,28.65,0.05,1.7e-05,11597800.0
2020-07-02,SCOM,Safaricom Plc,23.5,35.25,28.8,29.5,29.0,28.7,0.3,0.000105,3283300.0
2020-07-03,SCOM,Safaricom Plc,23.5,35.05,29.0,30.0,29.65,29.0,0.65,0.000224,943900.0
2020-07-06,SCOM,Safaricom Plc,23.5,35.05,28.9,30.2,29.1,29.65,-0.55,0.000185,9154500.0
2020-07-07,SCOM,Safaricom Plc,23.5,35.05,27.9,30.0,28.1,29.1,-1.0,0.000344,22419900.0
2020-07-08,SCOM,Safaricom Plc,23.5,35.05,27.8,28.5,28.0,28.1,-0.1,3.6e-05,18685800.0
2020-07-09,SCOM,Safaricom Plc,23.5,37.0,27.25,28.0,27.5,28.0,-0.5,0.000179,30032300.0
2020-07-10,SCOM,Safaricom Plc,23.5,37.0,27.4,27.95,27.5,27.5,0.0,0.0,12790700.0
2020-07-13,SCOM,Safaricom Plc,23.5,37.0,27.4,28.4,27.5,27.5,0.0,0.0,4798600.0
2020-07-14,SCOM,Safaricom Plc,23.5,37.0,26.75,28.4,26.95,27.5,-0.55,0.0002,19231100.0
2020-07-15,SCOM,Safaricom Plc,23.5,37.0,26.75,27.5,26.95,26.95,0.0,0.0,24455200.0
2020-07-16,SCOM,Safaricom Plc,23.5,37.0,26.95,27.45,27.0,26.95,0.05,1.9e-05,16679100.0
2020-07-17,SCOM,Safaricom Plc,23.5,37.0,26.9,27.25,27.0,27.0,0.0,0.0,10761300.0
2020-07-20,SCOM,Safaricom Plc,23.5,37.0,26.8,27.3,27.0,27.0,0.0,0.0,6843000.0
2020-07-21,SCOM,Safaricom Plc,23.5,37.0,26.45,27.2,26.7,27.0,-0.3,0.000111,31735500.0
2020-07-22,SCOM,Safaricom Plc,23.5,37.0,26.5,27.35,26.85,26.7,0.15,5.6e-05,21409800.0
2020-07-23,SCOM,Safaricom Plc,23.5,37.0,26.9,28.4,27.5,26.85,0.65,0.000242,7197400.0
2020-07-24,SCOM,Safaricom Plc,23.5,35.05,27.85,28.8,28.1,27.5,0.6,0.00021799999999999999,2485900.0
2020-07-27,SCOM,Safaricom Plc,23.5,35.05,28.2,29.95,29.35,28.1,1.25,0.000445,6186700.0
2020-07-28,SCOM,Safaricom Plc,23.5,35.05,28.0,29.0,28.3,29.35,-1.05,0.000358,3034900.0
2020-07-29,SCOM,Safaricom Plc,23.5,35.25,28.2,28.95,28.3,28.3,0.0,0.0,2254600.0
2020-07-30,SCOM,Safaricom Plc,23.5,37.0,28.0,28.6,28.15,28.3,-0.15,5.3e-05,11145000.0
2020-08-03,SCOM,Safaricom Plc,23.5,37.0,26.8,27.5,26.85,28.15,-1.3,0.00046199999999999995,30994800.0
2020-08-04,SCOM,Safaricom Plc,23.5,35.05,26.1,27.0,26.4,26.85,-0.45,0.000168,23895400.0
2020-08-05,SCOM,Safaricom Plc,23.5,37.0,25.95,26.5,26.15,26.4,-0.25,9.499999999999999e-05,22651600.0
2020-08-06,SCOM,Safaricom Plc,23.5,35.05,26.4,28.0,27.4,26.15,1.25,0.000478,2125400.0
2020-08-07,SCOM,Safaricom Plc,23.5,37.0,27.5,27.9,27.7,27.4,0.3,0.00010899999999999999,2152000.0
2020-08-10,SCOM,Safaricom Plc,23.5,37.0,27.05,27.8,27.5,27.7,-0.2,7.2e-05,16156200.0
2020-08-11,SCOM,Safaricom Plc,23.5,37.0,27.0,28.0,27.5,27.5,0.0,0.0,2276700.0
2020-08-12,SCOM,Safaricom Plc,23.5,37.0,27.3,28.0,27.95,27.5,0.45,0.000163999999999999,4507100.0
2020-08-13,SCOM,Safaricom Plc,23.5,37.0,27.55,28.2,27.85,27.95,-0.1,3.6e-05,502400.0
2020-08-14,SCOM,Safaricom Plc,23.5,37.0,27.5,28.2,27.7,27.85,-0.15,5.4000000000000005e-05,5272400.0
2020-08-17,SCOM,Safaricom Plc,23.5,37.0,28.0,28.5,28.4,27.7,0.7,0.00025299999999999997,2813300.0
2020-08-18,SCOM,Safaricom Plc,23.5,37.0,27.85,28.5,28.0,28.4,-0.4,0.00014099999999999998,5918400.0
2020-08-19,SCOM,Safaricom Plc,23.5,37.0,27.8,28.2,28.0,28.0,0.0,0.0,3095400.0
2020-08-20,SCOM,Safaricom Plc,23.5,37.0,28.0,28.2,28.05,28.0,0.05,1.8e-05,1874100.0
2020-08-21,SCOM,Safaricom Plc,23.5,34.5,28.05,28.4,28.2,28.05,0.15,5.3e-05,11654400.0
2020-08-24,SCOM,Safaricom Plc,23.5,37.0,28.0,28.45,28.2,28.2,0.0,0.0,4173300.0
2020-08-25,SCOM,Safaricom Plc,23.5,37.0,28.0,28.95,28.65,28.2,0.45,0.00016,17696200.0
2020-08-26,SCOM,Safaricom Plc,23.5,37.0,28.55,29.25,29.0,28.65,0.35,0.00012199999999999901,7522200.0
2020-08-27,SCOM,Safaricom Plc,23.5,37.0,29.0,29.95,29.45,29.0,0.45,0.000155,10409900.0
2020-08-28,SCOM,Safaricom Plc,23.5,35.05,29.3,30.1,29.85,29.45,0.4,0.000136,11730700.0
2020-08-31,SCOM,Safaricom Plc,23.5,34.5,29.5,30.0,29.9,29.85,0.05,1.7e-05,25963400.0
2020-09-01,SCOM,Safaricom Plc,23.5,35.05,29.5,29.95,29.9,29.9,0.0,0.0,2291000.0
2020-09-02,SCOM,Safaricom Plc,23.5,35.05,29.5,30.05,30.0,29.9,0.1,3.3e-05,25815000.0
2020-09-03,SCOM,Safaricom Plc,23.5,35.05,29.5,30.1,30.05,30.0,0.05,1.7e-05,3234000.0
2020-09-04,SCOM,Safaricom Plc,23.5,37.0,29.3,30.3,29.6,30.05,-0.45,0.00015,3278800.0
2020-09-07,SCOM,Safaricom Plc,23.5,35.05,29.05,29.5,29.05,29.6,-0.55,0.000186,12957200.0
2020-09-08,SCOM,Safaricom Plc,23.5,35.05,28.75,29.2,29.0,29.05,-0.05,1.7e-05,1652300.0
2020-09-09,SCOM,Safaricom Plc,23.5,35.05,28.55,29.5,29.05,29.0,0.05,1.7e-05,1831200.0
2020-09-10,SCOM,Safaricom Plc,23.5,35.05,29.2,30.0,29.95,29.05,0.9,0.00031,28936700.0
2020-09-11,SCOM,Safaricom Plc,23.5,37.0,29.3,30.15,30.05,29.95,0.1,3.3e-05,6191200.0
2020-09-14,SCOM,Safaricom Plc,23.5,37.0,29.3,30.0,29.95,30.05,-0.1,3.3e-05,378400.0
2020-09-15,SCOM,Safaricom Plc,23.5,37.0,29.9,30.25,30.15,29.95,0.2,6.7e-05,5077200.0
2020-09-16,SCOM,Safaricom Plc,23.5,37.0,29.8,30.5,30.1,30.15,-0.05,1.7e-05,13625100.0
2020-09-17,SCOM,Safaricom Plc,23.5,37.0,29.5,30.15,30.0,30.1,-0.1,3.3e-05,115836300.0
2020-09-18,SCOM,Safaricom Plc,23.5,37.0,29.0,30.0,30.0,30.0,0.0,0.0,5894100.0
2020-09-21,SCOM,Safaricom Plc,23.5,37.0,29.3,30.0,29.9,30.0,-0.1,3.3e-05,1425100.0
2020-09-22,SCOM,Safaricom Plc,23.5,37.0,29.5,30.4,30.05,29.9,0.15,5e-05,9994800.0
2020-09-23,SCOM,Safaricom Plc,23.5,37.0,29.35,30.4,30.0,30.05,-0.05,1.7e-05,13820000.0
2020-09-24,SCOM,Safaricom Plc,23.5,37.0,29.1,30.1,30.0,30.0,0.0,0.0,10557800.0
2020-09-25,SCOM,Safaricom Plc,23.5,34.5,29.5,30.05,30.05,30.0,0.05,1.7e-05,12093900.0
2020-09-28,SCOM,Safaricom Plc,23.5,35.05,29.5,30.05,29.8,30.05,-0.25,8.3e-05,5393200.0
2020-09-29,SCOM,Safaricom Plc,23.5,34.5,29.5,30.0,29.8,29.8,0.0,0.0,1216000.0
2020-09-30,SCOM,Safaricom Plc,23.5,34.5,29.7,30.25,29.7,29.8,-0.1,3.4e-05,16260700.0
2020-10-01,SCOM,Safaricom Plc,23.5,34.5,29.7,30.05,29.8,29.7,0.1,3.4e-05,1949700.0
2020-10-02,SCOM,Safaricom Plc,23.5,35.05,29.8,30.15,30.0,29.8,0.2,6.7e-05,4287500.0
2020-10-05,SCOM,Safaricom Plc,23.5,35.05,29.7,30.05,30.0,30.0,0.0,0.0,1100500.0
2020-10-06,SCOM,Safaricom Plc,23.5,35.05,29.9,30.15,29.95,30.0,-0.05,1.7e-05,5086100.0
2020-10-07,SCOM,Safaricom Plc,23.5,35.05,30.0,30.6,30.5,29.95,0.55,0.000184,3276800.0
2020-10-08,SCOM,Safaricom Plc,23.5,35.05,30.0,30.5,30.05,30.5,-0.45,0.00014800000000000002,6302700.0
2020-10-09,SCOM,Safaricom Plc,23.5,37.0,30.0,30.2,30.1,30.05,0.05,1.7e-05,5908500.0
2020-10-12,SCOM,Safaricom Plc,23.5,37.0,30.0,30.1,30.05,30.1,-0.05,1.7e-05,3140000.0
2020-10-13,SCOM,Safaricom Plc,23.5,37.0,30.0,30.5,30.15,30.05,0.1,3.3e-05,3837600.0
2020-10-14,SCOM,Safaricom Plc,23.5,37.0,30.0,30.45,30.1,30.15,-0.05,1.7e-05,12379000.0
2020-10-15,SCOM,Safaricom Plc,23.5,37.0,30.0,30.1,30.05,30.1,-0.05,1.7e-05,102800.0
2020-10-16,SCOM,Safaricom Plc,23.5,37.0,30.0,30.2,30.1,30.05,0.05,1.7e-05,2402400.0
2020-10-19,SCOM,Safaricom Plc,23.5,37.0,30.05,30.2,30.1,30.1,0.0,0.0,2050100.0
2020-10-21,SCOM,Safaricom Plc,23.5,37.0,30.1,30.55,30.25,30.1,0.15,5e-05,6682400.0
2020-10-22,SCOM,Safaricom Plc,23.5,37.0,30.25,31.0,30.65,30.25,0.4,0.000132,1423800.0
2020-10-23,SCOM,Safaricom Plc,23.5,34.5,30.5,31.2,30.95,30.65,0.3,9.8e-05,13401700.0
2020-10-26,SCOM,Safaricom Plc,23.5,37.0,30.1,30.95,30.5,30.95,-0.45,0.000144999999999999,666900.0
2020-10-27,SCOM,Safaricom Plc,23.5,37.0,30.5,30.8,30.6,30.5,0.1,3.3e-05,5362700.0
2020-10-28,SCOM,Safaricom Plc,23.5,34.5,30.5,30.8,30.6,30.6,0.0,0.0,5808600.0
2020-10-29,SCOM,Safaricom Plc,23.5,34.5,30.1,30.8,30.5,30.6,-0.1,3.3e-05,4669400.0
2020-10-30,SCOM,Safaricom Plc,23.5,35.05,30.1,31.15,30.85,30.5,0.35,0.000115,6717400.0
2020-11-02,SCOM,Safaricom Plc,23.5,34.5,31.0,31.6,31.25,30.85,0.4,0.00013,7894900.0
2020-11-03,SCOM,Safaricom Plc,23.5,34.5,30.7,31.7,31.25,31.25,0.0,0.0,15696300.0
2020-11-04,SCOM,Safaricom Plc,23.5,34.5,30.3,31.25,31.15,31.25,-0.1,3.2e-05,9494900.0
2020-11-05,SCOM,Safaricom Plc,23.5,35.05,31.0,31.3,31.25,31.15,0.1,3.2e-05,5517900.0
2020-11-06,SCOM,Safaricom Plc,23.5,35.05,31.0,31.5,31.3,31.25,0.05,1.6e-05,3200800.0
2020-11-09,SCOM,Safaricom Plc,23.5,35.05,30.0,31.3,30.75,31.3,-0.55,0.00017600000000000002,2275300.0
2020-11-10,SCOM,Safaricom Plc,23.5,35.05,30.8,31.35,30.95,30.75,0.2,6.5e-05,6330700.0
2020-11-11,SCOM,Safaricom Plc,23.5,35.05,30.3,32.5,31.8,30.95,0.85,0.000275,8444700.0
2020-11-12,SCOM,Safaricom Plc,23.5,35.05,31.5,32.5,31.7,31.8,-0.1,3.1e-05,10734800.0
2020-11-13,SCOM,Safaricom Plc,23.5,37.0,30.85,32.0,31.8,31.7,0.1,3.2e-05,3265800.0
2020-11-16,SCOM,Safaricom Plc,23.5,37.0,31.5,32.35,32.1,31.8,0.3,9.399999999999899e-05,2511300.0
2020-11-17,SCOM,Safaricom Plc,23.5,37.0,31.5,32.1,32.05,32.1,-0.05,1.6e-05,4834700.0
2020-11-18,SCOM,Safaricom Plc,23.5,37.0,31.7,32.0,31.95,32.05,-0.1,3.1e-05,3010300.0
2020-11-19,SCOM,Safaricom Plc,23.5,37.0,31.3,32.0,31.45,31.95,-0.5,0.000156,1060600.0
2020-11-20,SCOM,Safaricom Plc,23.5,37.0,31.0,32.2,32.0,31.45,0.55,0.00017500000000000003,19617600.0
2020-11-23,SCOM,Safaricom Plc,23.5,37.0,31.5,32.0,32.0,32.0,0.0,0.0,2236900.0
2020-11-24,SCOM,Safaricom Plc,23.5,37.0,31.5,32.1,31.7,32.0,-0.3,9.399999999999899e-05,3455300.0
2020-11-25,SCOM,Safaricom Plc,23.5,37.0,31.75,32.3,32.0,31.7,0.3,9.499999999999999e-05,5307500.0
2020-11-26,SCOM,Safaricom Plc,23.5,37.0,31.75,32.15,32.0,32.0,0.0,0.0,2954800.0
2020-11-27,SCOM,Safaricom Plc,23.5,34.5,31.75,32.2,31.9,32.0,-0.1,3.1e-05,3907100.0
2020-11-30,SCOM,Safaricom Plc,23.5,34.5,32.0,33.45,32.7,31.9,0.8,0.000250999999999999,23703800.0
2020-12-01,SCOM,Safaricom Plc,23.5,34.5,32.05,33.0,32.3,32.7,-0.4,0.00012199999999999901,10666600.0
2020-12-02,SCOM,Safaricom Plc,23.5,34.5,32.3,33.0,32.95,32.3,0.65,0.000200999999999999,13888800.0
2020-12-03,SCOM,Safaricom Plc,23.5,34.5,32.5,33.1,33.0,32.95,0.05,1.5e-05,22937000.0
2020-12-04,SCOM,Safaricom Plc,23.5,35.05,32.35,33.75,33.5,33.0,0.5,0.000152,24609700.0
2020-12-07,SCOM,Safaricom Plc,23.5,35.05,32.5,33.5,33.0,33.5,-0.5,0.000149,1243900.0
2020-12-08,SCOM,Safaricom Plc,23.5,35.05,32.7,33.1,33.0,33.0,0.0,0.0,4133600.0
2020-12-09,SCOM,Safaricom Plc,23.5,35.05,32.55,33.0,32.95,33.0,-0.05,1.5e-05,9002200.0
2020-12-10,SCOM,Safaricom Plc,23.5,35.05,31.8,32.95,32.65,32.95,-0.3,9.1e-05,23692900.0
2020-12-11,SCOM,Safaricom Plc,23.5,37.0,32.1,33.0,32.95,32.65,0.3,9.2e-05,4205400.0
2020-12-14,SCOM,Safaricom Plc,23.5,37.0,32.7,33.5,33.15,32.95,0.2,6.0999999999998996e-05,2534600.0
2020-12-15,SCOM,Safaricom Plc,23.5,37.0,32.75,33.25,33.05,33.15,-0.1,3e-05,6861000.0
2020-12-16,SCOM,Safaricom Plc,23.5,37.0,32.5,33.0,32.8,33.05,-0.25,7.6e-05,6442300.0
2020-12-17,SCOM,Safaricom Plc,23.5,37.0,32.5,33.5,32.9,32.8,0.1,3e-05,5216400.0
2020-12-18,SCOM,Safaricom Plc,23.5,37.0,32.75,33.95,33.55,32.9,0.65,0.000197999999999999,4546800.0
2020-12-21,SCOM,Safaricom Plc,23.5,37.0,33.0,33.8,33.3,33.55,-0.25,7.5e-05,1363900.0
2020-12-22,SCOM,Safaricom Plc,23.5,37.0,33.2,34.05,33.85,33.3,0.55,0.000165,4497100.0
2020-12-23,SCOM,Safaricom Plc,23.5,37.0,33.5,34.1,34.0,33.85,0.15,4.4000000000000006e-05,3049800.0
2020-12-24,SCOM,Safaricom Plc,23.5,37.0,33.85,34.1,34.0,34.0,0.0,0.0,3088500.0
2020-12-28,SCOM,Safaricom Plc,23.5,37.0,33.85,34.2,34.1,34.0,0.1,2.8999999999999997e-05,1832100.0
2020-12-29,SCOM,Safaricom Plc,23.5,37.0,33.9,34.25,34.05,34.1,-0.05,1.5e-05,898300.0
2020-12-30,SCOM,Safaricom Plc,23.5,34.5,33.95,34.4,34.0,34.05,-0.05,1.5e-05,4020000.0
2020-12-31,SCOM,Safaricom Plc,23.5,34.5,34.15,34.5,34.25,34.0,0.25,7.400000000000001e-05,1342600.0
2021-01-04,SCOM,Safaricom Plc,23.5,35.0,34.0,34.5,34.25,34.25,0.0,0.0,3591000.0
2021-01-05,SCOM,Safaricom Plc,23.5,35.05,34.1,35.0,34.4,34.25,0.15,4.4000000000000006e-05,7743600.0
2021-01-06,SCOM,Safaricom Plc,23.5,35.05,34.5,35.05,35.0,34.4,0.6,0.000174,7923000.0
2021-01-07,SCOM,Safaricom Plc,23.5,35.05,34.6,35.05,34.95,35.0,-0.05,1.4e-05,2094700.0
2021-01-11,SCOM,Safaricom Plc,23.5,35.05,34.5,35.0,34.95,35.0,-0.05,1.4e-05,3905300.0
2021-01-12,SCOM,Safaricom Plc,23.5,35.25,34.25,35.05,34.9,34.95,-0.05,1.4e-05,7783600.0
2021-01-13,SCOM,Safaricom Plc,23.5,37.0,35.0,35.25,35.1,34.9,0.2,5.6999999999998993e-05,2770000.0
2021-01-14,SCOM,Safaricom Plc,23.5,37.0,35.0,37.0,36.5,35.1,1.4,0.000399,8378100.0
2021-01-15,SCOM,Safaricom Plc,23.5,37.0,36.25,36.6,36.55,36.5,0.05,1.4e-05,13225100.0
2021-01-18,SCOM,Safaricom Plc,23.5,37.0,36.0,36.5,36.35,36.55,-0.2,5.4999999999999995e-05,8334900.0
2021-01-19,SCOM,Safaricom Plc,23.5,37.0,36.2,36.5,36.4,36.35,0.05,1.4e-05,3441900.0
2021-01-20,SCOM,Safaricom Plc,23.5,37.0,35.05,36.35,35.85,36.4,-0.55,0.000151,4645200.0
2021-01-21,SCOM,Safaricom Plc,23.5,37.0,34.95,35.9,35.3,35.85,-0.55,0.000153,3976400.0
2021-01-22,SCOM,Safaricom Plc,23.5,37.0,35.0,36.0,35.55,35.3,0.25,7.0999999999999e-05,3037000.0
2021-01-25,SCOM,Safaricom Plc,23.5,37.0,35.5,36.75,36.45,35.55,0.9,0.00025299999999999997,10100000.0
2021-01-26,SCOM,Safaricom Plc,23.5,37.0,36.15,37.0,36.55,36.45,0.1,2.7000000000000002e-05,2089800.0
2021-01-27,SCOM,Safaricom Plc,23.5,37.0,36.2,36.5,36.4,36.55,-0.15,4.0999999999999e-05,14316900.0
2021-01-28,SCOM,Safaricom Plc,23.5,37.0,35.5,36.5,36.2,36.4,-0.2,5.4999999999999995e-05,4469900.0
2021-01-29,SCOM,Safaricom Plc,23.5,37.0,35.5,36.25,35.85,36.2,-0.35,9.7e-05,3596400.0
2021-02-01,SCOM,Safaricom Plc,25.95,39.95,34.95,35.85,35.15,35.85,-0.7,0.000195,10614000.0
2021-02-02,SCOM,Safaricom Plc,25.95,39.95,35.05,35.8,35.55,35.15,0.4,0.000113999999999999,10443600.0
2021-02-03,SCOM,Safaricom Plc,25.95,39.95,35.5,36.95,36.45,35.55,0.9,0.00025299999999999997,3181300.0
2021-02-04,SCOM,Safaricom Plc,25.95,39.95,36.2,37.2,36.85,36.45,0.4,0.00010999999999999999,18668800.0
2021-02-05,SCOM,Safaricom Plc,25.95,39.95,35.75,37.0,36.2,36.85,-0.65,0.00017600000000000002,226400.0
2021-02-08,SCOM,Safaricom Plc,25.95,39.95,35.75,36.25,35.95,36.2,-0.25,6.9e-05,2542000.0
2021-02-09,SCOM,Safaricom Plc,25.95,39.95,36.0,37.0,36.6,35.95,0.65,0.000181,8129600.0
2021-02-10,SCOM,Safaricom Plc,25.95,39.95,36.0,36.85,36.4,36.6,-0.2,5.4999999999999995e-05,2833100.0
2021-02-11,SCOM,Safaricom Plc,25.95,39.95,36.65,38.0,37.8,36.4,1.4,0.000385,3948700.0
2021-02-12,SCOM,Safaricom Plc,25.95,39.95,37.8,39.0,38.35,37.8,0.55,0.000146,2847000.0
2021-02-15,SCOM,Safaricom Plc,25.95,39.95,38.55,39.25,39.05,38.35,0.7,0.000183,6090000.0
2021-02-16,SCOM,Safaricom Plc,25.95,39.95,38.25,39.0,38.5,39.05,-0.55,0.00014099999999999998,5197800.0
2021-02-17,SCOM,Safaricom Plc,25.95,39.95,38.35,38.9,38.75,38.5,0.25,6.5e-05,7737700.0
2021-02-18,SCOM,Safaricom Plc,25.95,39.95,38.1,38.9,38.45,38.75,-0.3,7.7e-05,2235000.0
2021-02-19,SCOM,Safaricom Plc,25.95,40.2,38.45,38.95,38.75,38.45,0.3,7.8e-05,7395700.0
2021-02-22,SCOM,Safaricom Plc,25.95,39.95,38.0,39.05,38.9,38.75,0.15,3.9e-05,12603100.0
2021-02-23,SCOM,Safaricom Plc,25.95,40.2,38.55,39.25,39.0,38.9,0.1,2.6e-05,21385900.0
2021-02-24,SCOM,Safaricom Plc,25.95,39.95,38.55,39.0,39.0,39.0,0.0,0.0,9979400.0
2021-02-25,SCOM,Safaricom Plc,25.95,40.2,38.7,39.0,39.0,39.0,0.0,0.0,5449000.0
2021-02-26,SCOM,Safaricom Plc,25.95,39.95,38.1,39.0,38.75,39.0,-0.25,6.4e-05,4880400.0
2021-03-01,SCOM,Safaricom Plc,25.95,39.95,38.1,39.0,38.7,38.75,-0.05,1.3e-05,5745000.0
2021-03-02,SCOM,Safaricom Plc,25.95,39.95,38.0,38.75,38.6,38.7,-0.1,2.6e-05,10457400.0
2021-03-03,SCOM,Safaricom Plc,25.95,39.95,37.5,38.95,38.0,38.6,-0.6,0.000155,1498800.0
2021-03-04,SCOM,Safaricom Plc,25.95,39.95,37.05,38.0,37.85,38.0,-0.15,3.9e-05,11565600.0
2021-03-05,SCOM,Safaricom Plc,25.95,39.95,37.0,38.0,37.3,37.85,-0.55,0.000144999999999999,2917100.0
2021-03-08,SCOM,Safaricom Plc,25.95,39.95,35.5,37.7,35.9,37.3,-1.4,0.000375,8741900.0
2021-03-09,SCOM,Safaricom Plc,25.95,39.95,35.5,36.9,36.15,35.9,0.25,6.9999999999999e-05,7272100.0
2021-03-10,SCOM,Safaricom Plc,25.95,39.95,36.3,38.5,37.55,36.15,1.4,0.000387,15450500.0
2021-03-11,SCOM,Safaricom Plc,25.95,39.95,36.95,38.1,37.55,37.55,0.0,0.0,9576300.0
2021-03-12,SCOM,Safaricom Plc,25.95,39.95,36.75,37.5,37.1,37.55,-0.45,0.00012,3094100.0
2021-03-15,SCOM,Safaricom Plc,25.95,39.95,37.05,37.5,37.35,37.1,0.25,6.7e-05,7024800.0
2021-03-16,SCOM,Safaricom Plc,25.95,39.95,37.0,38.0,37.4,37.35,0.05,1.3e-05,8374200.0
2021-03-17,SCOM,Safaricom Plc,25.95,39.95,37.4,38.0,37.55,37.4,0.15,4e-05,232900.0
2021-03-18,SCOM,Safaricom Plc,25.95,39.95,37.6,38.4,38.1,37.55,0.55,0.000146,1857800.0
2021-03-19,SCOM,Safaricom Plc,25.95,39.95,38.2,39.0,38.6,38.1,0.5,0.000131,3192500.0
2021-03-22,SCOM,Safaricom Plc,25.95,39.95,38.5,39.25,38.9,38.6,0.3,7.8e-05,7901600.0
2021-03-23,SCOM,Safaricom Plc,25.95,39.95,39.05,39.5,39.45,38.9,0.55,0.00014099999999999998,8991700.0
2021-03-24,SCOM,Safaricom Plc,25.95,39.95,39.0,39.75,39.45,39.45,0.0,0.0,8307800.0
2021-03-25,SCOM,Safaricom Plc,25.95,39.95,38.9,39.95,39.5,39.45,0.05,1.3e-05,2262900.0
2021-03-26,SCOM,Safaricom Plc,25.95,41.0,38.5,39.0,38.75,39.5,-0.75,0.00018999999999999998,3904500.0
2021-03-29,SCOM,Safaricom Plc,25.95,41.0,37.4,38.45,37.6,38.75,-1.15,0.000297,8527800.0
2021-03-30,SCOM,Safaricom Plc,25.95,41.0,36.95,38.0,37.35,37.6,-0.25,6.6e-05,16954900.0
2021-03-31,SCOM,Safaricom Plc,25.95,41.0,35.8,37.25,36.25,37.35,-1.1,0.00029499999999999996,14718400.0
2021-04-01,SCOM,Safaricom Plc,25.95,39.95,36.15,37.3,37.05,36.25,0.8,0.000220999999999999,7286500.0
2021-04-06,SCOM,Safaricom Plc,25.95,39.95,36.4,37.05,36.75,37.05,-0.3,8.099999999999999e-05,2456300.0
2021-04-07,SCOM,Safaricom Plc,25.95,39.95,36.5,37.0,36.8,36.75,0.05,1.4e-05,17077300.0
2021-04-08,SCOM,Safaricom Plc,25.95,39.95,36.0,36.7,36.15,36.8,-0.65,0.000177,10535500.0
2021-04-09,SCOM,Safaricom Plc,25.95,39.95,36.0,36.4,36.3,36.15,0.15,4.0999999999999e-05,8004600.0
2021-04-12,SCOM,Safaricom Plc,25.95,39.95,36.3,37.0,36.55,36.3,0.25,6.9e-05,3348200.0
2021-04-13,SCOM,Safaricom Plc,25.95,39.95,36.5,37.0,36.65,36.55,0.1,2.7000000000000002e-05,8410100.0
2021-04-14,SCOM,Safaricom Plc,25.95,39.95,36.7,37.5,37.1,36.65,0.45,0.000123,7655200.0
2021-04-15,SCOM,Safaricom Plc,25.95,39.95,37.35,38.45,38.15,37.1,1.05,0.000283,7139700.0
2021-04-16,SCOM,Safaricom Plc,25.95,39.95,38.15,38.55,38.4,38.15,0.25,6.6e-05,5569200.0
2021-04-19,SCOM,Safaricom Plc,25.95,39.95,37.8,38.4,38.0,38.4,-0.4,0.000104,2238300.0
2021-04-20,SCOM,Safaricom Plc,25.95,39.95,38.0,38.9,38.4,38.0,0.4,0.000105,5128500.0
2021-04-21,SCOM,Safaricom Plc,25.95,39.95,38.5,39.25,39.0,38.4,0.6,0.000156,9418500.0
2021-04-22,SCOM,Safaricom Plc,25.95,39.95,38.8,39.25,39.1,39.0,0.1,2.6e-05,2293400.0
2021-04-23,SCOM,Safaricom Plc,25.95,41.0,38.0,39.1,38.8,39.1,-0.3,7.7e-05,2854800.0
2021-04-26,SCOM,Safaricom Plc,25.95,39.95,38.4,39.2,39.0,38.8,0.2,5.2e-05,6809000.0
2021-04-27,SCOM,Safaricom Plc,25.95,40.2,39.0,39.6,39.35,39.0,0.35,8.999999999999999e-05,10080800.0
2021-04-28,SCOM,Safaricom Plc,25.95,41.0,39.0,40.2,39.9,39.35,0.55,0.00013999999999999898,11071200.0
2021-04-29,SCOM,Safaricom Plc,25.95,41.0,40.0,41.0,40.35,39.9,0.45,0.000113,10140200.0
2021-04-30,SCOM,Safaricom Plc,25.95,41.0,40.0,40.65,40.35,40.35,0.0,0.0,10465400.0
2021-05-03,SCOM,Safaricom Plc,26.4,43.45,40.3,41.0,40.5,40.35,0.15,3.7000000000000005e-05,3331500.0
2021-05-04,SCOM,Safaricom Plc,26.4,43.45,40.45,41.0,40.75,40.5,0.25,6.2e-05,9132400.0
2021-05-05,SCOM,Safaricom Plc,27.0,43.45,40.45,40.75,40.5,40.75,-0.25,6.0999999999998996e-05,4582700.0
2021-05-06,SCOM,Safaricom Plc,26.4,43.45,40.3,40.85,40.65,40.5,0.15,3.7000000000000005e-05,10568600.0
2021-05-07,SCOM,Safaricom Plc,27.5,43.45,40.65,40.9,40.8,40.65,0.15,3.7000000000000005e-05,15341400.0
2021-05-10,SCOM,Safaricom Plc,27.8,44.25,40.65,41.25,40.85,40.8,0.05,1.1999999999999999e-05,3927500.0
2021-05-11,SCOM,Safaricom Plc,27.3,43.45,40.0,40.95,40.6,40.85,-0.25,6.0999999999998996e-05,12185800.0
2021-05-12,SCOM,Safaricom Plc,27.5,43.45,39.6,40.55,40.1,40.6,-0.5,0.000123,5833200.0
2021-05-13,SCOM,Safaricom Plc,27.8,45.25,39.0,39.9,39.4,40.1,-0.7,0.00017500000000000003,2321100.0
2021-05-17,SCOM,Safaricom Plc,27.8,45.25,38.65,39.5,39.0,39.4,-0.4,0.00010200000000000001,24876500.0
2021-05-18,SCOM,Safaricom Plc,28.0,45.25,38.1,39.0,38.35,39.0,-0.65,0.000167,7811900.0
2021-05-19,SCOM,Safaricom Plc,28.0,45.25,37.8,39.0,38.05,38.35,-0.3,7.8e-05,20924500.0
2021-05-20,SCOM,Safaricom Plc,28.0,45.25,38.1,39.95,38.9,38.05,0.85,0.000223,3253700.0
2021-05-21,SCOM,Safaricom Plc,28.55,45.25,39.05,40.1,39.5,38.9,0.6,0.000154,10058400.0
2021-05-24,SCOM,Safaricom Plc,28.55,45.25,40.85,43.45,41.75,39.5,2.25,0.00057,8560800.0
2021-05-25,SCOM,Safaricom Plc,28.55,45.25,42.05,43.1,42.75,41.75,1.0,0.00024,19488900.0
2021-05-26,SCOM,Safaricom Plc,28.55,45.25,41.1,42.8,41.8,42.75,-0.95,0.000222,6141500.0
2021-05-27,SCOM,Safaricom Plc,28.55,45.25,39.25,41.9,40.35,41.8,-1.45,0.00034700000000000003,13876200.0
2021-05-28,SCOM,Safaricom Plc,26.4,43.45,40.0,42.2,41.85,40.35,1.5,0.000372,14150900.0
2021-05-31,SCOM,Safaricom Plc,25.95,43.45,40.0,41.8,40.85,41.85,-1.0,0.000239,1955700.0
2021-06-02,SCOM,Safaricom Plc,25.95,43.45,40.3,41.85,41.1,40.85,0.25,6.0999999999998996e-05,5847500.0
2021-06-03,SCOM,Safaricom Plc,25.95,43.45,40.5,41.75,41.0,41.1,-0.1,2.3999999999999997e-05,4545100.0
2021-06-04,SCOM,Safaricom Plc,27.0,43.45,40.2,41.1,40.5,41.0,-0.5,0.00012199999999999901,1004200.0
2021-06-07,SCOM,Safaricom Plc,26.4,43.45,40.5,41.0,40.55,40.5,0.05,1.1999999999999999e-05,3101100.0
2021-06-08,SCOM,Safaricom Plc,26.4,43.45,40.6,41.2,40.95,40.55,0.4,9.8999999999999e-05,1140500.0
2021-06-09,SCOM,Safaricom Plc,27.0,43.45,41.0,41.5,41.0,40.95,0.05,1.1999999999999999e-05,12544200.0
2021-06-10,SCOM,Safaricom Plc,27.0,43.45,41.0,41.55,41.25,41.0,0.25,6.0999999999998996e-05,6835900.0
2021-06-11,SCOM,Safaricom Plc,27.8,45.25,41.0,41.8,41.25,41.25,0.0,0.0,20279400.0
2021-06-14,SCOM,Safaricom Plc,27.8,44.25,41.25,41.7,41.45,41.25,0.2,4.7999999999999994e-05,805800.0
2021-06-15,SCOM,Safaricom Plc,27.8,44.25,41.3,42.0,41.6,41.45,0.15,3.6e-05,4987800.0
2021-06-16,SCOM,Safaricom Plc,27.8,45.25,41.45,42.2,41.95,41.6,0.35,8.4e-05,9027100.0
2021-06-17,SCOM,Safaricom Plc,27.8,45.25,41.25,41.95,41.6,41.95,-0.35,8.3e-05,1814900.0
2021-06-18,SCOM,Safaricom Plc,28.0,45.25,41.05,41.95,41.25,41.6,-0.35,8.4e-05,12133300.0
2021-06-21,SCOM,Safaricom Plc,28.0,45.25,41.0,41.4,41.3,41.25,0.05,1.1999999999999999e-05,2453100.0
2021-06-22,SCOM,Safaricom Plc,28.0,45.25,41.05,41.5,41.3,41.3,0.0,0.0,18738600.0
2021-06-23,SCOM,Safaricom Plc,28.0,45.25,41.0,41.3,41.15,41.3,-0.15,3.6e-05,5347200.0
2021-06-24,SCOM,Safaricom Plc,28.0,45.25,40.8,41.25,40.95,41.15,-0.2,4.9e-05,9055800.0
2021-06-25,SCOM,Safaricom Plc,25.95,43.45,40.5,41.25,40.75,40.95,-0.2,4.9e-05,7035700.0
2021-06-28,SCOM,Safaricom Plc,28.55,45.25,40.45,41.0,40.7,40.75,-0.05,1.1999999999999999e-05,5135400.0
2021-06-29,SCOM,Safaricom Plc,28.55,45.25,40.55,41.75,40.85,40.7,0.15,3.7000000000000005e-05,5822600.0
2021-06-30,SCOM,Safaricom Plc,28.55,45.25,41.0,42.0,41.45,40.85,0.6,0.000147,1567300.0
2021-07-01,SCOM,Safaricom Plc,25.95,43.45,41.25,42.45,42.0,41.45,0.55,0.00013299999999999998,6616500.0
2021-07-02,SCOM,Safaricom Plc,26.4,43.45,41.2,42.0,41.35,42.0,-0.65,0.000155,10369000.0
2021-07-05,SCOM,Safaricom Plc,25.95,43.45,41.25,41.5,41.4,41.35,0.05,1.1999999999999999e-05,3303100.0
2021-07-06,SCOM,Safaricom Plc,26.4,43.45,41.2,41.5,41.3,41.4,-0.1,2.3999999999999997e-05,8916600.0
2021-07-07,SCOM,Safaricom Plc,26.4,43.45,41.0,42.0,41.4,41.3,0.1,2.3999999999999997e-05,6559400.0
2021-07-08,SCOM,Safaricom Plc,26.4,43.45,41.05,41.5,41.4,41.4,0.0,0.0,2191900.0
2021-07-09,SCOM,Safaricom Plc,27.8,44.25,41.2,41.45,41.25,41.4,-0.15,3.6e-05,4145900.0
2021-07-12,SCOM,Safaricom Plc,27.5,43.45,40.65,41.4,41.15,41.25,-0.1,2.3999999999999997e-05,1212400.0
2021-07-13,SCOM,Safaricom Plc,27.5,43.45,40.7,41.5,41.2,41.15,0.05,1.1999999999999999e-05,6093200.0
2021-07-14,SCOM,Safaricom Plc,27.8,44.25,41.2,42.4,41.75,41.2,0.55,0.00013299999999999998,1736900.0
2021-07-15,SCOM,Safaricom Plc,27.8,44.25,41.55,42.95,42.6,41.75,0.85,0.00020400000000000003,3754200.0
2021-07-16,SCOM,Safaricom Plc,28.0,45.25,42.3,42.9,42.6,42.6,0.0,0.0,7553700.0
2021-07-19,SCOM,Safaricom Plc,28.0,45.25,41.75,42.9,42.6,42.6,0.0,0.0,5471700.0
2021-07-21,SCOM,Safaricom Plc,28.0,45.25,42.5,42.9,42.8,42.6,0.2,4.6999999999998994e-05,8159300.0
2021-07-22,SCOM,Safaricom Plc,28.0,45.25,42.5,42.95,42.8,42.8,0.0,0.0,4880100.0
2021-07-23,SCOM,Safaricom Plc,28.55,45.25,42.55,43.0,42.8,42.8,0.0,0.0,6664300.0
2021-07-26,SCOM,Safaricom Plc,28.55,45.25,42.55,43.0,42.8,42.8,0.0,0.0,754600.0
2021-07-27,SCOM,Safaricom Plc,28.55,45.25,41.1,42.8,41.8,42.8,-1.0,0.000233999999999999,3433400.0
2021-07-28,SCOM,Safaricom Plc,28.55,45.25,41.3,42.55,41.75,41.8,-0.05,1.1999999999999999e-05,3179300.0
2021-07-29,SCOM,Safaricom Plc,28.55,45.25,41.55,42.15,41.9,41.75,0.15,3.6e-05,3728700.0
2021-07-30,SCOM,Safaricom Plc,26.4,43.45,41.75,42.35,41.95,41.9,0.05,1.1999999999999999e-05,9102400.0
2021-08-02,SCOM,Safaricom Plc,25.95,43.45,41.0,41.55,41.4,41.95,-0.55,0.000131,3375700.0
2021-08-03,SCOM,Safaricom Plc,25.95,43.45,41.0,41.3,41.05,41.4,-0.35,8.5e-05,3433600.0
2021-08-04,SCOM,Safaricom Plc,25.95,43.45,41.05,41.2,41.1,41.05,0.05,1.1999999999999999e-05,752200.0
2021-08-05,SCOM,Safaricom Plc,26.4,43.45,41.1,41.65,41.25,41.1,0.15,3.6e-05,7336300.0
2021-08-06,SCOM,Safaricom Plc,27.5,43.45,41.3,42.75,42.1,41.25,0.85,0.000206,3268000.0
2021-08-09,SCOM,Safaricom Plc,27.0,43.45,42.0,43.2,42.95,42.1,0.85,0.000202,15584900.0
2021-08-10,SCOM,Safaricom Plc,27.0,43.45,42.7,43.2,42.95,42.95,0.0,0.0,3824400.0
2021-08-11,SCOM,Safaricom Plc,27.3,43.45,42.5,43.0,42.95,42.95,0.0,0.0,7164800.0
2021-08-12,SCOM,Safaricom Plc,27.5,43.45,42.7,43.2,43.0,42.95,0.05,1.1999999999999999e-05,1311600.0
2021-08-13,SCOM,Safaricom Plc,28.0,45.25,42.85,43.25,43.0,43.0,0.0,0.0,509200.0
2021-08-16,SCOM,Safaricom Plc,27.8,45.25,43.0,44.25,43.6,43.0,0.6,0.00013999999999999898,5818000.0
2021-08-17,SCOM,Safaricom Plc,27.8,45.25,43.6,45.25,44.9,43.6,1.3,0.000298,11965700.0
2021-08-18,SCOM,Safaricom Plc,27.8,45.25,43.65,45.0,44.2,44.9,-0.7,0.000156,4263100.0
2021-08-19,SCOM,Safaricom Plc,28.0,45.25,43.6,44.2,43.85,44.2,-0.35,7.900000000000001e-05,25494800.0
2021-08-20,SCOM,Safaricom Plc,28.55,45.25,43.6,44.75,44.45,43.85,0.6,0.000137,5049400.0
2021-08-23,SCOM,Safaricom Plc,28.0,45.25,44.0,45.25,44.95,44.45,0.5,0.000112,7715500.0
2021-08-24,SCOM,Safaricom Plc,28.0,45.25,44.0,45.0,44.95,44.95,0.0,0.0,2803400.0
2021-08-25,SCOM,Safaricom Plc,28.55,45.25,44.0,44.95,44.6,44.95,-0.35,7.8e-05,6118200.0
2021-08-26,SCOM,Safaricom Plc,28.55,45.25,44.0,45.0,44.45,44.6,-0.15,3.4e-05,8272700.0
2021-08-27,SCOM,Safaricom Plc,28.55,45.25,43.65,44.9,44.35,44.45,-0.1,2.2000000000000003e-05,1947700.0
2021-08-30,SCOM,Safaricom Plc,28.55,45.25,43.6,44.3,43.7,44.35,-0.65,0.000147,614400.0
2021-08-31,SCOM,Safaricom Plc,28.55,45.25,42.05,44.0,42.6,43.7,-1.1,0.000252,6505200.0
2021-09-01,SCOM,Safaricom Plc,31.8,45.25,42.0,42.95,42.6,42.6,0.0,0.0,6425500.0
2021-09-02,SCOM,Safaricom Plc,31.8,45.25,42.25,42.6,42.45,42.6,-0.15,3.4999999999999e-05,1743000.0
2021-09-03,SCOM,Safaricom Plc,31.8,45.25,42.0,42.45,42.15,42.45,-0.3,7.0999999999999e-05,2360600.0
2021-09-06,SCOM,Safaricom Plc,31.8,45.25,41.8,42.4,42.15,42.15,0.0,0.0,2349500.0
2021-09-07,SCOM,Safaricom Plc,32.5,45.25,41.4,42.0,41.6,42.15,-0.55,0.00013,5436400.0
2021-09-08,SCOM,Safaricom Plc,31.8,45.25,41.8,42.15,42.0,41.6,0.4,9.599999999999999e-05,5013700.0
2021-09-09,SCOM,Safaricom Plc,31.8,45.25,42.1,42.6,42.5,42.0,0.5,0.000118999999999999,7335800.0
2021-09-10,SCOM,Safaricom Plc,32.5,45.25,42.0,42.55,42.5,42.5,0.0,0.0,4192100.0
2021-09-13,SCOM,Safaricom Plc,32.5,45.25,42.25,42.8,42.4,42.5,-0.1,2.3999999999999997e-05,9208200.0
2021-09-14,SCOM,Safaricom Plc,32.5,45.25,42.2,43.0,42.45,42.4,0.05,1.1999999999999999e-05,5672500.0
2021-09-15,SCOM,Safaricom Plc,33.0,45.25,42.35,43.0,42.45,42.45,0.0,0.0,6201000.0
2021-09-16,SCOM,Safaricom Plc,33.0,45.25,42.5,43.0,42.65,42.45,0.2,4.6999999999998994e-05,9420400.0
2021-09-17,SCOM,Safaricom Plc,31.5,45.25,42.6,43.9,43.2,42.65,0.55,0.000129,3732700.0
2021-09-20,SCOM,Safaricom Plc,33.5,45.25,42.45,43.5,42.9,43.2,-0.3,6.9e-05,1645900.0
2021-09-21,SCOM,Safaricom Plc,33.5,45.25,41.5,43.0,41.8,42.9,-1.1,0.000256,11426100.0
2021-09-22,SCOM,Safaricom Plc,31.8,45.25,41.65,42.0,41.85,41.8,0.05,1.1999999999999999e-05,7928200.0
2021-09-23,SCOM,Safaricom Plc,31.5,45.25,41.8,42.4,41.95,41.85,0.1,2.3999999999999997e-05,7496400.0
2021-09-24,SCOM,Safaricom Plc,31.8,45.25,41.75,42.0,41.8,41.95,-0.15,3.6e-05,1225100.0
2021-09-27,SCOM,Safaricom Plc,31.8,45.25,41.7,42.05,41.85,41.8,0.05,1.1999999999999999e-05,7587400.0
2021-09-28,SCOM,Safaricom Plc,31.8,45.25,41.4,41.85,41.55,41.85,-0.3,7.2e-05,2098200.0
2021-09-29,SCOM,Safaricom Plc,31.8,45.25,41.15,42.5,41.65,41.55,0.1,2.3999999999999997e-05,3495900.0
2021-09-30,SCOM,Safaricom Plc,31.8,45.25,41.3,42.75,42.1,41.65,0.45,0.00010800000000000001,6713400.0
2021-10-01,SCOM,Safaricom Plc,31.8,45.25,42.0,44.0,43.2,42.1,1.1,0.000260999999999999,2299500.0
2021-10-04,SCOM,Safaricom Plc,31.8,45.25,43.0,44.0,43.6,43.2,0.4,9.3e-05,5958000.0
2021-10-05,SCOM,Safaricom Plc,31.8,45.25,42.65,43.7,42.95,43.6,-0.65,0.000149,6028700.0
2021-10-06,SCOM,Safaricom Plc,31.8,45.25,42.5,43.5,42.95,42.95,0.0,0.0,13218200.0
2021-10-07,SCOM,Safaricom Plc,31.8,45.25,42.05,42.95,42.35,42.95,-0.6,0.00013999999999999898,2423000.0
2021-10-08,SCOM,Safaricom Plc,32.5,45.25,41.55,42.35,41.65,42.35,-0.7,0.000165,22194200.0
2021-10-12,SCOM,Safaricom Plc,32.5,45.25,41.6,42.2,41.85,41.65,0.2,4.7999999999999994e-05,10915100.0
2021-10-13,SCOM,Safaricom Plc,31.8,45.25,41.65,42.35,42.0,41.85,0.15,3.6e-05,482500.0
2021-10-14,SCOM,Safaricom Plc,32.5,45.25,41.85,42.55,42.45,42.0,0.45,0.000107,2458200.0
2021-10-15,SCOM,Safaricom Plc,33.5,45.25,42.5,43.55,43.1,42.45,0.65,0.000153,11272800.0
2021-10-18,SCOM,Safaricom Plc,33.0,45.25,42.3,43.2,42.9,43.1,-0.2,4.6e-05,5229800.0
2021-10-19,SCOM,Safaricom Plc,33.0,45.25,42.0,43.0,42.15,42.9,-0.75,0.00017500000000000003,6477500.0
2021-10-21,SCOM,Safaricom Plc,33.2,45.25,42.4,42.85,42.5,42.15,0.35,8.3e-05,9642700.0
2021-10-22,SCOM,Safaricom Plc,31.8,45.25,42.25,43.1,42.95,42.5,0.45,0.000106,2725100.0
2021-10-25,SCOM,Safaricom Plc,31.75,45.25,41.7,42.95,42.35,42.95,-0.6,0.00013999999999999898,9908300.0
2021-10-26,SCOM,Safaricom Plc,31.75,45.25,41.5,42.2,42.05,42.35,-0.3,7.0999999999999e-05,1093400.0
2021-10-27,SCOM,Safaricom Plc,31.75,45.25,41.85,42.2,42.0,42.05,-0.05,1.1999999999999999e-05,3569600.0
2021-10-28,SCOM,Safaricom Plc,31.8,45.25,42.0,43.1,42.85,42.0,0.85,0.000202,3650300.0
2021-10-29,SCOM,Safaricom Plc,31.8,45.25,42.1,43.0,42.8,42.85,-0.05,1.1999999999999999e-05,4171800.0
2021-11-01,SCOM,Safaricom Plc,31.8,45.25,41.6,42.75,41.95,42.8,-0.85,0.000199,2655400.0
2021-11-02,SCOM,Safaricom Plc,31.8,45.25,41.5,42.0,41.65,41.95,-0.3,7.2e-05,3619800.0
2021-11-03,SCOM,Safaricom Plc,31.8,45.25,41.25,41.8,41.6,41.65,-0.05,1.1999999999999999e-05,8129600.0
2021-11-04,SCOM,Safaricom Plc,31.8,45.25,40.5,41.5,41.05,41.6,-0.55,0.000132,4115800.0
2021-11-05,SCOM,Safaricom Plc,31.8,45.25,39.5,40.8,40.2,41.05,-0.85,0.000207,4074300.0
2021-11-08,SCOM,Safaricom Plc,31.8,45.25,39.9,40.7,40.05,40.2,-0.15,3.7000000000000005e-05,2162200.0
2021-11-09,SCOM,Safaricom Plc,31.8,45.25,39.9,40.35,40.1,40.05,0.05,1.1999999999999999e-05,15943500.0
2021-11-10,SCOM,Safaricom Plc,31.8,45.25,40.05,40.9,40.5,40.1,0.4,0.0001,8330900.0
2021-11-11,SCOM,Safaricom Plc,31.8,45.25,40.0,40.6,40.5,40.5,0.0,0.0,15630100.0
2021-11-12,SCOM,Safaricom Plc,32.5,45.25,40.0,40.5,40.2,40.5,-0.3,7.400000000000001e-05,6007400.0
2021-11-15,SCOM,Safaricom Plc,32.5,45.25,39.85,40.3,40.05,40.2,-0.15,3.7000000000000005e-05,7309400.0
2021-11-16,SCOM,Safaricom Plc,32.5,45.25,40.0,40.2,40.05,40.05,0.0,0.0,744000.0
2021-11-17,SCOM,Safaricom Plc,32.5,45.25,39.55,40.1,39.85,40.05,-0.2,5e-05,6123300.0
2021-11-18,SCOM,Safaricom Plc,32.5,45.25,39.6,39.95,39.7,39.85,-0.15,3.8e-05,2667100.0
2021-11-19,SCOM,Safaricom Plc,31.75,45.25,38.55,39.7,39.25,39.7,-0.45,0.000113,16376700.0
2021-11-22,SCOM,Safaricom Plc,33.5,45.25,36.05,39.0,37.95,39.25,-1.3,0.00033099999999999997,3760000.0
2021-11-23,SCOM,Safaricom Plc,31.5,45.25,36.75,38.25,37.55,37.95,-0.4,0.000105,6190100.0
2021-11-24,SCOM,Safaricom Plc,31.75,45.25,36.6,38.0,36.95,37.55,-0.6,0.00016,15040900.0
2021-11-25,SCOM,Safaricom Plc,31.75,45.25,36.5,37.5,37.0,36.95,0.05,1.4e-05,24867700.0
2021-11-26,SCOM,Safaricom Plc,31.8,45.25,37.05,38.5,38.0,37.0,1.0,0.00027,62798300.0
2021-11-29,SCOM,Safaricom Plc,31.8,45.25,37.0,38.5,38.05,38.0,0.05,1.3e-05,8976600.0
2021-11-30,SCOM,Safaricom Plc,31.8,45.25,37.55,38.15,37.95,38.05,-0.1,2.6e-05,15651000.0
2021-12-01,SCOM,Safaricom Plc,31.8,45.25,37.6,38.25,37.9,37.95,-0.05,1.3e-05,11304200.0
2021-12-02,SCOM,Safaricom Plc,31.8,45.25,37.5,38.45,37.9,37.9,0.0,0.0,9865300.0
2021-12-03,SCOM,Safaricom Plc,31.8,45.25,36.8,37.85,37.05,37.9,-0.85,0.000224,6319400.0
2021-12-06,SCOM,Safaricom Plc,31.8,45.25,36.5,37.2,36.95,37.05,-0.1,2.7000000000000002e-05,5032000.0
2021-12-07,SCOM,Safaricom Plc,31.8,45.25,36.0,36.95,36.5,36.95,-0.45,0.00012199999999999901,12844300.0
2021-12-08,SCOM,Safaricom Plc,31.8,45.25,36.5,37.0,36.6,36.5,0.1,2.7000000000000002e-05,10120600.0
2021-12-09,SCOM,Safaricom Plc,31.8,45.25,36.5,37.55,36.95,36.6,0.35,9.599999999999999e-05,12216600.0
2021-12-10,SCOM,Safaricom Plc,32.5,45.25,37.6,38.0,37.8,36.95,0.85,0.00023,7431200.0
2021-12-14,SCOM,Safaricom Plc,32.5,45.25,37.3,38.2,37.75,37.8,-0.05,1.3e-05,9801200.0
2021-12-15,SCOM,Safaricom Plc,32.5,45.25,37.4,37.9,37.7,37.75,-0.05,1.3e-05,9682800.0
2021-12-16,SCOM,Safaricom Plc,32.5,45.25,37.65,38.0,37.75,37.7,0.05,1.3e-05,6317300.0
2021-12-17,SCOM,Safaricom Plc,33.0,45.25,37.7,38.0,37.95,37.75,0.2,5.3e-05,2245600.0
2021-12-20,SCOM,Safaricom Plc,33.0,45.25,37.75,38.5,38.0,37.95,0.05,1.3e-05,9517100.0
2021-12-21,SCOM,Safaricom Plc,33.2,45.25,37.8,38.45,38.05,38.0,0.05,1.3e-05,4404400.0
2021-12-22,SCOM,Safaricom Plc,33.5,45.25,38.2,39.0,38.65,38.05,0.6,0.00015800000000000002,5159400.0
2021-12-23,SCOM,Safaricom Plc,33.5,45.25,39.05,40.25,39.95,38.65,1.3,0.000336,7033100.0
2021-12-24,SCOM,Safaricom Plc,33.85,45.25,39.55,40.1,40.0,39.95,0.05,1.3e-05,4242200.0
2021-12-28,SCOM,Safaricom Plc,33.85,45.25,38.0,40.1,39.35,40.0,-0.65,0.00016299999999999998,1047800.0
2021-12-29,SCOM,Safaricom Plc,33.95,45.25,38.05,39.55,38.75,39.35,-0.6,0.000152,330800.0
2021-12-30,SCOM,Safaricom Plc,34.0,45.25,37.1,38.3,37.65,38.75,-1.1,0.000283999999999999,1352500.0
2021-12-31,SCOM,Safaricom Plc,34.0,45.25,37.15,38.0,37.95,37.65,0.3,8e-05,6797900.0
2022-01-03,SCOM,Safaricom Plc,33.25,45.25,37.8,38.65,38.15,37.95,0.2,5.3e-05,9414200.0
2022-01-04,SCOM,Safaricom Plc,33.25,45.25,38.65,39.5,39.05,38.15,0.9,0.000236,4115300.0
2022-01-05,SCOM,Safaricom Plc,33.25,45.25,39.0,40.0,39.55,39.05,0.5,0.000128,6747300.0
2022-01-06,SCOM,Safaricom Plc,33.25,45.25,39.55,40.1,40.0,39.55,0.45,0.000113999999999999,5136500.0
2022-01-07,SCOM,Safaricom Plc,33.25,45.25,38.9,40.0,39.9,40.0,-0.1,2.5e-05,4576700.0
2022-01-10,SCOM,Safaricom Plc,33.25,45.25,38.25,39.5,38.5,39.9,-1.4,0.00035099999999999997,4630700.0
2022-01-11,SCOM,Safaricom Plc,33.25,45.25,38.2,38.65,38.45,38.5,-0.05,1.3e-05,7366200.0
2022-01-12,SCOM,Safaricom Plc,33.25,45.25,37.75,38.3,38.0,38.45,-0.45,0.000116999999999999,5913400.0
2022-01-13,SCOM,Safaricom Plc,33.25,45.25,37.8,38.0,37.95,38.0,-0.05,1.3e-05,2428200.0
2022-01-14,SCOM,Safaricom Plc,33.25,45.25,37.75,38.0,37.85,37.95,-0.1,2.6e-05,2009000.0
2022-01-17,SCOM,Safaricom Plc,33.25,45.25,37.5,37.95,37.65,37.85,-0.2,5.3e-05,4225900.0
2022-01-18,SCOM,Safaricom Plc,33.25,45.25,37.3,37.95,37.55,37.65,-0.1,2.7000000000000002e-05,1004400.0
2022-01-19,SCOM,Safaricom Plc,33.25,45.25,36.6,37.5,37.0,37.55,-0.55,0.000146,10997900.0
2022-01-20,SCOM,Safaricom Plc,33.25,45.25,37.0,37.75,37.55,37.0,0.55,0.000149,3168800.0
2022-01-21,SCOM,Safaricom Plc,33.25,45.25,37.2,37.6,37.45,37.55,-0.1,2.7000000000000002e-05,4757900.0
2022-01-24,SCOM,Safaricom Plc,33.25,45.25,37.0,37.65,37.3,37.45,-0.15,4e-05,3478500.0
2022-01-25,SCOM,Safaricom Plc,33.25,45.25,36.05,37.3,36.55,37.3,-0.75,0.000200999999999999,7909100.0
2022-01-26,SCOM,Safaricom Plc,33.25,45.25,35.55,36.6,35.95,36.55,-0.6,0.000163999999999999,7084400.0
2022-01-27,SCOM,Safaricom Plc,33.25,45.25,35.7,36.8,35.9,35.95,-0.05,1.4e-05,2088100.0
2022-01-28,SCOM,Safaricom Plc,33.25,45.25,35.8,37.45,36.2,35.9,0.3,8.4e-05,11041100.0
2022-01-31,SCOM,Safaricom Plc,33.25,45.25,36.5,37.5,36.9,36.2,0.7,0.000192999999999999,2867800.0
2022-02-01,SCOM,Safaricom Plc,33.25,45.25,36.8,38.0,37.5,36.9,0.6,0.00016299999999999998,1874300.0
2022-02-02,SCOM,Safaricom Plc,33.25,45.25,37.1,38.4,37.6,37.5,0.1,2.7000000000000002e-05,5128600.0
2022-02-03,SCOM,Safaricom Plc,33.25,45.25,37.8,38.2,37.8,37.6,0.2,5.3e-05,20020300.0
2022-02-04,SCOM,Safaricom Plc,33.25,45.25,37.85,38.5,38.0,37.8,0.2,5.3e-05,1182300.0
2022-02-07,SCOM,Safaricom Plc,33.25,45.25,37.9,38.5,38.05,38.0,0.05,1.3e-05,2911600.0
2022-02-08,SCOM,Safaricom Plc,33.25,45.25,38.05,40.0,38.9,38.05,0.85,0.000223,15629900.0
2022-02-09,SCOM,Safaricom Plc,33.25,45.25,38.05,38.8,38.3,38.9,-0.6,0.000154,5454100.0
2022-02-10,SCOM,Safaricom Plc,33.2,45.25,38.5,38.95,38.7,38.3,0.4,0.000104,14587600.0
2022-02-11,SCOM,Safaricom Plc,33.25,45.25,38.05,38.7,38.5,38.7,-0.2,5.2e-05,413900.0
2022-02-14,SCOM,Safaricom Plc,33.2,45.25,37.5,38.6,38.1,38.5,-0.4,0.000104,2071100.0
2022-02-15,SCOM,Safaricom Plc,33.25,45.25,37.0,38.5,37.35,38.1,-0.75,0.000197,11463100.0
2022-02-16,SCOM,Safaricom Plc,33.25,45.25,37.35,38.3,37.65,37.35,0.3,8e-05,6751700.0
2022-02-17,SCOM,Safaricom Plc,33.2,45.25,37.7,38.1,37.95,37.65,0.3,8e-05,6805600.0
2022-02-18,SCOM,Safaricom Plc,33.25,45.25,37.75,38.0,37.95,37.95,0.0,0.0,2057900.0
2022-02-21,SCOM,Safaricom Plc,33.25,45.25,37.9,38.0,37.95,37.95,0.0,0.0,1566100.0
2022-02-22,SCOM,Safaricom Plc,33.25,45.25,37.0,38.05,37.85,37.95,-0.1,2.6e-05,6843800.0
2022-02-23,SCOM,Safaricom Plc,33.25,45.25,35.65,37.8,36.6,37.85,-1.25,0.00033,2530300.0
2022-02-24,SCOM,Safaricom Plc,33.25,45.25,34.05,36.45,34.55,36.6,-2.05,0.000559999999999999,18336200.0
2022-02-25,SCOM,Safaricom Plc,33.25,45.25,35.05,36.5,35.65,34.55,1.1,0.00031800000000000003,10821100.0
2022-02-28,SCOM,Safaricom Plc,33.25,45.25,35.7,36.75,35.95,35.65,0.3,8.4e-05,11298700.0
2022-03-01,SCOM,Safaricom Plc,33.25,45.25,35.7,36.8,36.15,35.95,0.2,5.6e-05,1549700.0
2022-03-02,SCOM,Safaricom Plc,33.25,45.25,36.3,37.5,37.0,36.15,0.85,0.000235,10535600.0
2022-03-03,SCOM,Safaricom Plc,33.25,45.25,37.0,37.75,37.5,37.0,0.5,0.000135,5712100.0
2022-03-04,SCOM,Safaricom Plc,33.25,45.25,37.4,37.7,37.5,37.5,0.0,0.0,7450400.0
2022-03-07,SCOM,Safaricom Plc,33.25,45.25,36.25,37.5,36.7,37.5,-0.8,0.000213,1753300.0
2022-03-08,SCOM,Safaricom Plc,33.25,45.25,35.0,37.0,36.05,36.7,-0.65,0.000177,10434800.0
2022-03-09,SCOM,Safaricom Plc,33.25,45.25,34.9,36.05,35.1,36.05,-0.95,0.000264,5545700.0
2022-03-10,SCOM,Safaricom Plc,33.25,45.25,34.8,35.5,35.05,35.1,-0.05,1.4e-05,9826100.0
2022-03-11,SCOM,Safaricom Plc,33.25,45.25,35.2,36.0,35.5,35.05,0.45,0.000128,1807600.0
2022-03-14,SCOM,Safaricom Plc,33.25,45.25,35.3,35.6,35.5,35.5,0.0,0.0,2714200.0
2022-03-15,SCOM,Safaricom Plc,33.25,45.25,35.3,36.8,35.65,35.5,0.15,4.2e-05,3006700.0
2022-03-16,SCOM,Safaricom Plc,33.25,45.25,34.9,35.5,35.4,35.65,-0.25,6.9999999999999e-05,5152100.0
2022-03-17,SCOM,Safaricom Plc,33.25,45.25,34.5,35.5,34.95,35.4,-0.45,0.000127,7984300.0
2022-03-18,SCOM,Safaricom Plc,33.25,45.25,34.25,35.4,34.5,34.95,-0.45,0.000129,2834500.0
2022-03-21,SCOM,Safaricom Plc,33.25,45.25,34.95,35.95,35.5,34.5,1.0,0.000289999999999999,2363700.0
2022-03-22,SCOM,Safaricom Plc,33.25,45.25,34.3,37.0,36.15,35.5,0.65,0.000183,4567700.0
2022-03-23,SCOM,Safaricom Plc,33.25,45.25,35.6,36.15,35.95,36.15,-0.2,5.4999999999999995e-05,5695100.0
2022-03-24,SCOM,Safaricom Plc,33.25,45.25,35.0,35.95,35.5,35.95,-0.45,0.000125,2465300.0
2022-03-25,SCOM,Safaricom Plc,33.25,45.25,35.5,36.05,35.95,35.5,0.45,0.000127,1192700.0
2022-03-28,SCOM,Safaricom Plc,33.25,45.25,35.1,35.7,35.4,35.95,-0.55,0.000153,4134200.0
2022-03-29,SCOM,Safaricom Plc,33.25,45.25,35.2,35.5,35.4,35.4,0.0,0.0,1759300.0
2022-03-30,SCOM,Safaricom Plc,33.25,45.25,34.55,35.5,35.05,35.4,-0.35,9.8999999999999e-05,4293000.0
2022-03-31,SCOM,Safaricom Plc,33.25,45.25,33.5,34.85,34.15,35.05,-0.9,0.000256999999999999,6621600.0
2022-04-01,SCOM,Safaricom Plc,31.5,45.25,33.9,35.05,34.5,34.15,0.35,0.00010200000000000001,12740700.0
2022-04-04,SCOM,Safaricom Plc,31.5,45.25,34.85,36.0,35.35,34.5,0.85,0.000246,3006000.0
2022-04-05,SCOM,Safaricom Plc,31.5,45.25,35.3,35.8,35.45,35.35,0.1,2.8e-05,2668200.0
2022-04-06,SCOM,Safaricom Plc,31.5,45.25,34.9,35.5,35.1,35.45,-0.35,9.8999999999999e-05,2546600.0
2022-04-07,SCOM,Safaricom Plc,31.5,45.25,34.9,35.4,35.05,35.1,-0.05,1.4e-05,4939800.0
2022-04-08,SCOM,Safaricom Plc,30.0,45.25,34.7,35.1,35.0,35.05,-0.05,1.4e-05,1899000.0
2022-04-11,SCOM,Safaricom Plc,30.0,45.25,34.0,35.0,34.1,35.0,-0.9,0.000256999999999999,654600.0
2022-04-12,SCOM,Safaricom Plc,30.0,45.25,34.0,35.05,34.7,34.1,0.6,0.00017600000000000002,16427400.0
2022-04-13,SCOM,Safaricom Plc,30.0,45.25,35.0,35.9,35.45,34.7,0.75,0.00021600000000000002,9471400.0
2022-04-14,SCOM,Safaricom Plc,27.5,45.25,35.0,35.9,35.3,35.45,-0.15,4.2e-05,942000.0
2022-04-19,SCOM,Safaricom Plc,27.5,45.25,34.9,35.5,35.0,35.3,-0.3,8.5e-05,16557300.0
2022-04-20,SCOM,Safaricom Plc,26.05,45.25,35.0,35.5,35.05,35.0,0.05,1.4e-05,2113100.0
2022-04-21,SCOM,Safaricom Plc,26.05,45.25,34.5,35.45,34.75,35.05,-0.3,8.6e-05,15472200.0
2022-04-22,SCOM,Safaricom Plc,33.25,45.25,34.0,35.0,34.2,34.75,-0.55,0.00015800000000000002,2441600.0
2022-04-25,SCOM,Safaricom Plc,25.5,45.25,33.9,35.0,34.0,34.2,-0.2,5.7999999999999994e-05,2071900.0
2022-04-26,SCOM,Safaricom Plc,25.5,45.25,33.25,34.0,33.85,34.0,-0.15,4.4000000000000006e-05,3325700.0
2022-04-27,SCOM,Safaricom Plc,33.25,45.25,33.5,34.0,33.8,33.85,-0.05,1.5e-05,2155100.0
2022-04-28,SCOM,Safaricom Plc,33.2,45.25,33.5,33.9,33.7,33.8,-0.1,3e-05,3389800.0
2022-05-04,SCOM,Safaricom Plc,32.0,45.25,33.2,34.0,33.5,33.7,-0.2,5.9e-05,10003100.0
2022-05-05,SCOM,Safaricom Plc,31.5,45.25,32.0,33.45,32.95,33.5,-0.55,0.000163999999999999,382700.0
2022-05-06,SCOM,Safaricom Plc,30.0,45.25,31.5,33.0,32.0,32.95,-0.95,0.000288,19178800.0
2022-05-09,SCOM,Safaricom Plc,31.5,45.25,32.0,32.5,32.2,32.0,0.2,6.3e-05,22141100.0
2022-05-10,SCOM,Safaricom Plc,31.5,45.25,32.0,32.95,32.25,32.2,0.05,1.6e-05,11056900.0
2022-05-11,SCOM,Safaricom Plc,31.0,45.25,32.3,33.0,32.4,32.25,0.15,4.6999999999998994e-05,9180000.0
2022-05-12,SCOM,Safaricom Plc,30.0,45.25,31.0,33.2,31.85,32.4,-0.55,0.00017,4952400.0
2022-05-13,SCOM,Safaricom Plc,27.5,45.25,30.0,31.8,30.2,31.85,-1.65,0.000518,2640500.0
2022-05-16,SCOM,Safaricom Plc,30.0,45.25,30.1,31.0,30.3,30.2,0.1,3.3e-05,12643600.0
2022-05-17,SCOM,Safaricom Plc,28.0,45.25,30.1,30.55,30.45,30.3,0.15,5e-05,5200100.0
2022-05-18,SCOM,Safaricom Plc,27.5,45.25,28.0,30.5,29.45,30.45,-1.0,0.000327999999999999,6899300.0
2022-05-19,SCOM,Safaricom Plc,27.5,45.25,27.5,29.45,28.05,29.45,-1.4,0.000475,3844600.0
2022-05-20,SCOM,Safaricom Plc,25.5,45.25,27.5,28.5,27.8,28.05,-0.25,8.9e-05,2596200.0
2022-05-23,SCOM,Safaricom Plc,25.5,45.25,26.05,28.0,26.65,27.8,-1.15,0.000414,5713100.0
2022-05-24,SCOM,Safaricom Plc,25.5,45.25,25.5,26.9,26.35,26.65,-0.3,0.000113,20684200.0
2022-05-25,SCOM,Safaricom Plc,25.5,45.25,26.5,27.0,26.55,26.35,0.2,7.6e-05,7833200.0
2022-05-26,SCOM,Safaricom Plc,25.5,45.25,26.55,27.25,26.85,26.55,0.3,0.000113,15557000.0
2022-05-27,SCOM,Safaricom Plc,25.5,45.25,26.3,27.0,26.45,26.85,-0.4,0.000149,5134300.0
2022-05-30,SCOM,Safaricom Plc,25.5,45.25,26.0,26.8,26.25,26.45,-0.2,7.6e-05,2565300.0
2022-05-31,SCOM,Safaricom Plc,25.5,45.25,25.95,26.45,26.0,26.25,-0.25,9.499999999999999e-05,20079900.0
2022-06-02,SCOM,Safaricom Plc,12.15,21.15,25.95,26.4,26.0,26.0,0.0,0.0,7618600.0
2022-06-03,SCOM,Safaricom Plc,12.15,21.15,26.05,26.85,26.2,26.0,0.2,7.7e-05,7264000.0
2022-06-06,SCOM,Safaricom Plc,12.15,21.15,26.3,27.05,26.35,26.2,0.15,5.6999999999998993e-05,5323200.0
2022-06-07,SCOM,Safaricom Plc,12.15,21.15,26.3,26.85,26.4,26.35,0.05,1.9e-05,10187100.0
2022-06-08,SCOM,Safaricom Plc,12.15,21.15,26.35,27.0,26.45,26.4,0.05,1.9e-05,10383400.0
2022-06-09,SCOM,Safaricom Plc,12.15,21.15,26.55,27.9,26.6,26.45,0.15,5.6999999999998993e-05,11001700.0
2022-06-10,SCOM,Safaricom Plc,12.15,21.15,26.6,28.0,26.7,26.6,0.1,3.8e-05,12130500.0
2022-06-13,SCOM,Safaricom Plc,12.15,21.15,26.4,27.4,26.5,26.7,-0.2,7.5e-05,16953300.0
2022-06-14,SCOM,Safaricom Plc,12.15,21.15,26.2,27.3,26.35,26.5,-0.15,5.6999999999998993e-05,5509800.0
2022-06-15,SCOM,Safaricom Plc,12.15,21.15,25.45,26.7,25.7,26.35,-0.65,0.000247,18507900.0
2022-06-16,SCOM,Safaricom Plc,12.15,21.15,24.5,25.8,25.05,25.7,-0.65,0.00025299999999999997,4425700.0
2022-06-17,SCOM,Safaricom Plc,12.15,21.15,24.1,25.5,24.3,25.05,-0.75,0.000299,18296800.0
2022-06-20,SCOM,Safaricom Plc,12.15,21.15,24.1,25.5,24.3,25.05,-0.75,0.000299,18296800.0
2022-06-21,SCOM,Safaricom Plc,12.15,21.15,24.1,25.5,24.3,25.05,-0.75,0.000299,18296800.0
2022-06-22,SCOM,Safaricom Plc,12.15,21.15,23.3,24.0,23.45,24.0,-0.55,0.000229,30606100.0
2022-06-23,SCOM,Safaricom Plc,12.15,21.15,23.35,23.8,23.5,23.45,0.05,2.1e-05,502800.0
2022-06-24,SCOM,Safaricom Plc,12.15,21.15,23.0,24.0,23.1,23.5,-0.4,0.00017,36145200.0
2022-06-27,SCOM,Safaricom Plc,12.15,21.15,23.0,24.0,23.15,23.1,0.05,2.2000000000000003e-05,4577100.0
2022-06-28,SCOM,Safaricom Plc,12.15,21.15,23.0,24.0,23.15,23.1,0.05,2.2000000000000003e-05,4577100.0
2022-06-29,SCOM,Safaricom Plc,12.15,21.15,23.0,24.0,23.15,23.1,0.05,2.2000000000000003e-05,4577100.0
2022-06-30,SCOM,Safaricom Plc,12.15,21.15,24.5,26.5,24.95,24.9,0.05,2e-05,8554700.0
2022-07-01,SCOM,Safaricom Plc,12.15,21.15,24.9,26.45,25.05,24.95,0.1,4e-05,15171700.0
2022-07-04,SCOM,Safaricom Plc,12.15,21.15,24.9,26.45,25.05,24.95,0.1,4e-05,15171700.0
2022-07-05,SCOM,Safaricom Plc,12.15,21.15,27.2,28.0,27.6,26.55,1.05,0.000395,18317400.0
2022-07-06,SCOM,Safaricom Plc,12.15,21.15,27.5,28.7,27.75,27.6,0.15,5.4000000000000005e-05,11302300.0
2022-07-07,SCOM,Safaricom Plc,12.15,21.15,27.8,28.0,27.95,27.75,0.2,7.2e-05,6109800.0
2022-07-08,SCOM,Safaricom Plc,12.15,21.15,28.0,28.7,28.2,27.95,0.25,8.9e-05,4897700.0
2022-07-12,SCOM,Safaricom Plc,12.15,21.15,28.35,30.0,29.5,28.2,1.3,0.00046100000000000004,9781300.0
2022-07-13,SCOM,Safaricom Plc,12.15,21.15,29.95,30.5,30.0,29.5,0.5,0.000169,6032300.0
2022-07-14,SCOM,Safaricom Plc,12.15,21.15,30.25,32.5,32.05,30.0,2.05,0.000683,2795900.0
2022-07-15,SCOM,Safaricom Plc,12.15,21.15,29.5,33.0,31.45,32.05,-0.6,0.00018700000000000002,2575700.0
2022-07-18,SCOM,Safaricom Plc,12.15,21.15,29.0,31.7,30.0,31.45,-1.45,0.00046100000000000004,3273000.0
2022-07-19,SCOM,Safaricom Plc,12.15,21.15,28.5,29.8,28.9,30.0,-1.1,0.000366999999999999,2678200.0
2022-07-20,SCOM,Safaricom Plc,12.15,21.15,28.0,29.0,28.15,28.9,-0.75,0.00026,8901200.0
2022-07-21,SCOM,Safaricom Plc,12.15,21.15,28.2,29.5,28.55,28.15,0.4,0.000141999999999999,3783100.0
2022-07-22,SCOM,Safaricom Plc,11.5,21.15,28.95,30.0,29.0,28.55,0.45,0.00015800000000000002,6648900.0
2022-07-25,SCOM,Safaricom Plc,12.15,21.15,29.0,30.0,29.5,29.0,0.5,0.000172,2313900.0
2022-07-26,SCOM,Safaricom Plc,12.15,21.15,28.9,29.0,29.0,29.5,-0.5,0.000169,2508100.0
2022-07-27,SCOM,Safaricom Plc,12.15,21.15,29.0,29.95,29.55,29.0,0.55,0.00018999999999999998,568100.0
2022-07-28,SCOM,Safaricom Plc,12.15,21.15,29.0,29.95,29.55,29.0,0.55,0.00018999999999999998,568100.0
2022-07-29,SCOM,Safaricom Plc,12.15,21.15,29.5,30.4,29.95,30.0,-0.05,1.7e-05,1843600.0
2022-08-01,SCOM,Safaricom Plc,12.15,21.15,28.8,30.0,29.15,29.95,-0.8,0.000266999999999999,3002100.0
2022-08-02,SCOM,Safaricom Plc,12.15,21.15,29.5,30.1,29.75,29.15,0.6,0.000206,8482600.0
2022-08-03,SCOM,Safaricom Plc,12.15,21.15,29.55,30.0,29.6,29.75,-0.15,5e-05,6899200.0
2022-08-04,SCOM,Safaricom Plc,12.15,21.15,29.6,30.45,30.0,29.6,0.4,0.000135,4305000.0
2022-08-05,SCOM,Safaricom Plc,12.15,21.15,30.0,30.5,30.1,30.0,0.1,3.3e-05,1242900.0
2022-08-08,SCOM,Safaricom Plc,12.15,21.15,29.95,30.6,30.0,30.1,-0.1,3.3e-05,12711700.0
2022-08-10,SCOM,Safaricom Plc,12.15,21.15,30.0,31.1,30.45,30.0,0.45,0.00015,2025600.0
2022-08-11,SCOM,Safaricom Plc,12.15,21.15,31.1,32.5,31.8,30.45,1.35,0.000443,2415600.0
2022-08-12,SCOM,Safaricom Plc,12.15,21.15,30.85,31.95,31.15,31.8,-0.65,0.00020400000000000003,1332600.0
2022-08-15,SCOM,Safaricom Plc,12.15,21.15,30.9,31.8,31.15,31.15,0.0,0.0,5086300.0
2022-08-16,SCOM,Safaricom Plc,12.15,21.15,31.0,31.5,31.1,31.15,-0.05,1.6e-05,2411300.0
2022-08-17,SCOM,Safaricom Plc,12.15,21.15,30.9,31.8,31.1,31.1,0.0,0.0,7573100.0
2022-08-18,SCOM,Safaricom Plc,12.15,21.15,30.5,31.15,31.05,31.1,-0.05,1.6e-05,1947200.0
2022-08-19,SCOM,Safaricom Plc,12.15,21.15,30.7,31.3,31.25,31.05,0.2,6.4e-05,6192400.0
2022-08-22,SCOM,Safaricom Plc,12.15,21.15,29.8,31.3,30.1,31.25,-1.15,0.000368,3324700.0
2022-08-23,SCOM,Safaricom Plc,12.15,21.15,29.15,30.0,29.8,30.1,-0.3,0.0001,2585600.0
2022-08-24,SCOM,Safaricom Plc,12.15,21.15,28.05,29.8,29.1,29.8,-0.7,0.000235,3560300.0
2022-08-25,SCOM,Safaricom Plc,12.15,21.15,28.0,29.0,28.45,29.1,-0.65,0.000223,1614000.0
2022-08-26,SCOM,Safaricom Plc,12.15,21.15,28.0,29.0,28.05,28.45,-0.4,0.00014099999999999998,4559100.0
2022-08-29,SCOM,Safaricom Plc,12.15,21.15,28.0,29.0,28.25,28.05,0.2,7.0999999999999e-05,1756700.0
2022-08-30,SCOM,Safaricom Plc,12.15,21.15,28.1,29.0,28.2,28.25,-0.05,1.8e-05,5198300.0
2022-08-31,SCOM,Safaricom Plc,12.15,21.15,27.5,28.5,27.95,28.2,-0.25,8.9e-05,12171700.0
2022-09-01,SCOM,Safaricom Plc,12.15,21.15,27.75,28.5,27.85,27.95,-0.1,3.6e-05,14308900.0
2022-09-02,SCOM,Safaricom Plc,12.15,21.15,27.95,29.8,28.05,27.85,0.2,7.2e-05,7760900.0
2022-09-05,SCOM,Safaricom Plc,12.15,21.15,28.0,30.6,29.05,28.05,1.0,0.000356999999999999,4281700.0
2022-09-06,SCOM,Safaricom Plc,12.15,21.15,30.15,31.85,31.05,29.05,2.0,0.000688,7397300.0
2022-09-07,SCOM,Safaricom Plc,12.15,21.15,29.5,30.9,29.85,31.05,-1.2,0.000385999999999999,4653700.0
2022-09-08,SCOM,Safaricom Plc,12.15,21.15,29.7,30.0,29.9,29.85,0.05,1.7e-05,3071200.0
2022-09-09,SCOM,Safaricom Plc,12.15,21.15,28.8,29.95,29.25,29.9,-0.65,0.00021700000000000002,3144600.0
2022-09-12,SCOM,Safaricom Plc,12.15,21.15,28.4,29.0,28.65,29.25,-0.6,0.000204999999999999,13162200.0
2022-09-14,SCOM,Safaricom Plc,12.15,21.15,27.85,28.95,28.2,28.65,-0.45,0.000157,4601200.0
2022-09-15,SCOM,Safaricom Plc,12.15,21.15,26.6,28.0,26.85,28.2,-1.35,0.000479,19525800.0
2022-09-16,SCOM,Safaricom Plc,12.15,21.15,26.4,27.0,26.55,26.85,-0.3,0.000112,13486400.0
2022-09-19,SCOM,Safaricom Plc,12.15,21.15,26.6,28.0,26.8,26.55,0.25,9.399999999999899e-05,1335500.0
2022-09-20,SCOM,Safaricom Plc,12.15,21.15,27.05,28.0,27.55,26.8,0.75,0.000279999999999999,5351600.0
2022-09-21,SCOM,Safaricom Plc,12.15,21.15,27.4,28.0,27.5,27.55,-0.05,1.8e-05,6238800.0
2022-09-22,SCOM,Safaricom Plc,12.15,21.15,27.4,28.0,27.5,27.5,0.0,0.0,9561000.0
2022-09-23,SCOM,Safaricom Plc,12.15,21.15,26.8,28.0,27.4,27.5,-0.1,3.6e-05,13487700.0
2022-09-26,SCOM,Safaricom Plc,12.15,21.15,26.2,27.95,27.05,27.4,-0.35,0.000128,7178600.0
2022-09-27,SCOM,Safaricom Plc,12.15,21.15,25.95,26.95,26.25,27.05,-0.8,0.00029600000000000004,4702900.0
2022-09-28,SCOM,Safaricom Plc,12.15,21.15,25.75,26.5,25.95,26.25,-0.3,0.000113999999999999,3706500.0
2022-09-29,SCOM,Safaricom Plc,12.15,21.15,24.7,26.0,25.15,25.95,-0.8,0.000308,2863700.0
2022-09-30,SCOM,Safaricom Plc,12.15,21.15,24.85,25.05,24.95,25.15,-0.2,8e-05,4541600.0
2022-10-03,SCOM,Safaricom Plc,12.15,21.15,24.5,24.8,24.75,24.95,-0.2,8e-05,591400.0
2022-10-04,SCOM,Safaricom Plc,12.15,21.15,23.9,25.0,24.45,24.75,-0.3,0.000121,10379300.0
2022-10-05,SCOM,Safaricom Plc,12.15,21.15,23.65,24.45,23.7,24.45,-0.75,0.000306999999999999,10551300.0
2022-10-06,SCOM,Safaricom Plc,12.15,21.15,23.6,24.3,23.65,23.7,-0.05,2.1e-05,40335300.0
2022-10-07,SCOM,Safaricom Plc,12.15,21.15,24.0,26.0,24.75,23.65,1.1,0.00046499999999999997,20918000.0
2022-10-11,SCOM,Safaricom Plc,12.15,21.15,25.5,26.5,25.95,24.75,1.2,0.000484999999999999,9481300.0
2022-10-12,SCOM,Safaricom Plc,12.15,21.15,25.5,26.5,25.95,24.75,1.2,0.000484999999999999,9481300.0
2022-10-13,SCOM,Safaricom Plc,12.15,21.15,25.25,26.0,25.85,26.35,-0.5,0.00018999999999999998,3895200.0
2022-10-14,SCOM,Safaricom Plc,12.15,21.15,25.15,26.0,25.55,25.85,-0.3,0.00011599999999999999,555000.0
2022-10-17,SCOM,Safaricom Plc,12.15,21.15,25.25,25.5,25.5,25.55,-0.05,2e-05,884700.0
2022-10-18,SCOM,Safaricom Plc,12.15,21.15,25.3,25.5,25.5,25.5,0.0,0.0,1322500.0
2022-10-19,SCOM,Safaricom Plc,12.15,21.15,25.25,25.5,25.45,25.5,-0.05,2e-05,865100.0
2022-10-21,SCOM,Safaricom Plc,12.15,21.15,24.55,25.5,24.95,25.45,-0.5,0.000196,2163100.0
2022-10-24,SCOM,Safaricom Plc,12.15,21.15,24.35,25.5,24.55,24.95,-0.4,0.00016,687200.0
2022-10-25,SCOM,Safaricom Plc,12.15,21.15,24.25,25.0,24.4,24.55,-0.15,6.0999999999998996e-05,1719200.0
2022-10-26,SCOM,Safaricom Plc,12.15,21.15,24.5,25.25,24.95,24.4,0.55,0.000225,3942600.0
2022-10-27,SCOM,Safaricom Plc,12.15,21.15,25.0,25.5,25.3,24.95,0.35,0.00013999999999999898,184300.0
2022-10-28,SCOM,Safaricom Plc,12.15,21.15,24.6,25.5,24.85,25.3,-0.45,0.000178,5331000.0
2022-10-31,SCOM,Safaricom Plc,12.15,21.15,24.8,25.5,25.1,24.85,0.25,0.000101,2762400.0
2022-11-01,SCOM,Safaricom Plc,12.15,21.15,24.95,25.1,25.0,25.1,-0.1,4e-05,12664700.0
2022-11-02,SCOM,Safaricom Plc,12.15,21.15,24.4,25.1,24.8,25.0,-0.2,8e-05,2707000.0
2022-11-03,SCOM,Safaricom Plc,12.15,21.15,24.5,25.0,24.8,24.8,0.0,0.0,1566400.0
2022-11-04,SCOM,Safaricom Plc,12.15,21.15,24.5,25.0,24.8,24.8,0.0,0.0,7198300.0
2022-11-07,SCOM,Safaricom Plc,12.15,21.15,24.55,25.1,24.95,24.8,0.15,6e-05,443100.0
2022-11-08,SCOM,Safaricom Plc,12.15,21.15,24.95,25.5,25.0,24.95,0.05,2e-05,5075700.0
2022-11-09,SCOM,Safaricom Plc,12.15,21.15,25.05,25.6,25.15,25.0,0.15,6e-05,1825300.0
2022-11-10,SCOM,Safaricom Plc,12.15,21.15,25.3,26.0,25.5,25.15,0.35,0.000139,4195400.0
2022-11-11,SCOM,Safaricom Plc,12.15,21.15,24.95,26.0,25.25,25.5,-0.25,9.8e-05,7744500.0
2022-11-14,SCOM,Safaricom Plc,12.15,21.15,24.9,26.0,25.1,25.25,-0.15,5.9e-05,2129000.0
2022-11-15,SCOM,Safaricom Plc,12.15,21.15,25.0,25.45,25.05,25.1,-0.05,2e-05,8613200.0
2022-11-16,SCOM,Safaricom Plc,12.15,21.15,25.05,25.5,25.25,25.05,0.2,8e-05,20419500.0
2022-11-17,SCOM,Safaricom Plc,12.15,21.15,25.05,25.5,25.25,25.25,0.0,0.0,5792100.0
2022-11-18,SCOM,Safaricom Plc,12.15,21.15,25.05,25.5,25.25,25.25,0.0,0.0,12424900.0
2022-11-21,SCOM,Safaricom Plc,12.15,21.15,25.05,25.5,25.25,25.25,0.0,0.0,12424900.0
2022-11-22,SCOM,Safaricom Plc,12.15,21.15,25.05,25.5,25.25,25.25,0.0,0.0,12424900.0
2022-11-23,SCOM,Safaricom Plc,12.15,21.15,24.8,25.35,25.0,25.0,0.0,0.0,4009000.0
2022-11-24,SCOM,Safaricom Plc,12.15,21.15,24.4,25.0,24.85,25.0,-0.15,6e-05,1180300.0
2022-11-25,SCOM,Safaricom Plc,12.15,21.15,24.5,24.95,24.65,24.85,-0.2,8e-05,499100.0
2022-11-28,SCOM,Safaricom Plc,12.15,21.15,24.45,25.0,24.7,24.65,0.05,2e-05,678800.0
2022-11-29,SCOM,Safaricom Plc,12.15,21.15,24.25,24.8,24.45,24.7,-0.25,0.000101,2798100.0
2022-11-30,SCOM,Safaricom Plc,12.15,21.15,24.2,24.7,24.35,24.45,-0.1,4.0999999999999e-05,3735200.0
2022-12-01,SCOM,Safaricom Plc,12.15,21.15,24.4,24.8,24.5,24.35,0.15,6.2e-05,323600.0
2022-12-02,SCOM,Safaricom Plc,12.15,21.15,24.2,24.5,24.35,24.5,-0.15,6.0999999999998996e-05,5275400.0
2022-12-05,SCOM,Safaricom Plc,12.15,21.15,23.0,24.5,23.65,24.35,-0.7,0.000287,3762700.0
2022-12-06,SCOM,Safaricom Plc,12.15,21.15,23.5,24.4,23.85,23.65,0.2,8.5e-05,2657200.0
2022-12-07,SCOM,Safaricom Plc,12.15,21.15,23.9,25.0,24.1,23.85,0.25,0.000105,3595800.0
2022-12-08,SCOM,Safaricom Plc,12.15,21.15,24.05,24.5,24.1,24.1,0.0,0.0,6624500.0
2022-12-09,SCOM,Safaricom Plc,12.15,21.15,24.1,25.0,24.3,24.1,0.2,8.3e-05,1258500.0
2022-12-13,SCOM,Safaricom Plc,12.15,21.15,24.5,25.0,24.75,24.3,0.45,0.000185,876500.0
2022-12-14,SCOM,Safaricom Plc,12.15,21.15,24.65,25.1,25.0,24.75,0.25,0.000101,1645100.0
2022-12-15,SCOM,Safaricom Plc,12.15,21.15,24.55,25.1,24.8,25.0,-0.2,8e-05,2925800.0
2022-12-16,SCOM,Safaricom Plc,12.15,21.15,24.75,25.3,24.95,24.8,0.15,6e-05,4606000.0
2022-12-19,SCOM,Safaricom Plc,12.15,21.15,24.8,25.0,24.9,24.95,-0.05,2e-05,264400.0
2022-12-20,SCOM,Safaricom Plc,12.15,21.15,24.6,25.0,24.8,24.9,-0.1,4e-05,901200.0
2022-12-21,SCOM,Safaricom Plc,12.15,21.15,24.5,25.0,24.75,24.8,-0.05,2e-05,2791700.0
2022-12-22,SCOM,Safaricom Plc,12.15,21.15,24.5,25.0,24.7,24.75,-0.05,2e-05,1202000.0
2022-12-23,SCOM,Safaricom Plc,12.15,21.15,24.3,24.8,24.6,24.7,-0.1,4e-05,624400.0
2022-12-28,SCOM,Safaricom Plc,12.15,21.15,24.3,24.7,24.45,24.6,-0.15,6.0999999999998996e-05,153100.0
2022-12-29,SCOM,Safaricom Plc,12.15,21.15,23.9,24.5,24.0,24.45,-0.45,0.000184,3306100.0
2022-12-30,SCOM,Safaricom Plc,12.15,21.15,24.0,24.5,24.15,24.0,0.15,6.3e-05,13959200.0
2023-01-03,SCOM,Safaricom Plc,12.15,21.15,24.0,24.4,24.05,24.15,-0.1,4.0999999999999e-05,575900.0
2023-01-04,SCOM,Safaricom Plc,12.15,21.15,23.8,24.0,23.9,24.05,-0.15,6.2e-05,1882800.0
2023-01-05,SCOM,Safaricom Plc,12.15,21.15,23.8,24.0,23.9,23.9,0.0,0.0,279300.0
2023-01-06,SCOM,Safaricom Plc,12.15,21.15,23.4,23.9,23.5,23.9,-0.4,0.000167,2024400.0
2023-01-09,SCOM,Safaricom Plc,12.15,21.15,23.15,23.9,23.35,23.5,-0.15,6.4e-05,3736500.0
2023-01-10,SCOM,Safaricom Plc,12.15,21.15,22.8,23.5,22.95,23.35,-0.4,0.000171,5557600.0
2023-01-11,SCOM,Safaricom Plc,12.15,21.15,22.5,22.85,22.65,22.95,-0.3,0.000131,689700.0
2023-01-12,SCOM,Safaricom Plc,12.15,21.15,22.15,22.5,22.25,22.65,-0.4,0.000177,3003600.0
2023-01-13,SCOM,Safaricom Plc,12.15,21.15,21.5,22.35,22.0,22.25,-0.25,0.000112,2403000.0
2023-01-16,SCOM,Safaricom Plc,12.15,21.15,21.0,22.0,21.55,22.0,-0.45,0.000204999999999999,1927800.0
2023-01-17,SCOM,Safaricom Plc,12.15,21.15,21.0,22.0,21.55,22.0,-0.45,0.000204999999999999,1927800.0
2023-01-18,SCOM,Safaricom Plc,12.15,21.15,20.5,21.5,20.6,21.1,-0.5,0.000237,57134500.0
2023-01-19,SCOM,Safaricom Plc,12.15,21.15,21.0,22.05,21.75,20.6,1.15,0.000558,107510300.0
2023-01-20,SCOM,Safaricom Plc,12.15,21.15,21.8,23.65,22.55,21.75,0.8,0.000368,2449000.0
2023-01-23,SCOM,Safaricom Plc,12.15,21.15,22.5,23.0,23.0,22.55,0.45,0.0002,2274700.0
2023-01-24,SCOM,Safaricom Plc,12.15,21.15,22.85,23.5,23.05,23.0,0.05,2.2000000000000003e-05,8077900.0
2023-01-25,SCOM,Safaricom Plc,12.15,21.15,23.0,24.95,23.55,23.05,0.5,0.00021700000000000002,12920300.0
2023-01-26,SCOM,Safaricom Plc,12.15,21.15,23.0,23.95,23.25,23.55,-0.3,0.000127,1304000.0
2023-01-27,SCOM,Safaricom Plc,12.15,21.15,23.0,23.5,23.25,23.25,0.0,0.0,622600.0
2023-01-30,SCOM,Safaricom Plc,12.15,21.15,23.0,24.0,23.05,23.25,-0.2,8.6e-05,847500.0
2023-01-31,SCOM,Safaricom Plc,12.15,21.15,23.0,23.6,23.4,23.05,0.35,0.000152,1940200.0
2023-02-01,SCOM,Safaricom Plc,12.15,21.15,23.05,24.45,24.0,23.4,0.6,0.000256,7298100.0
2023-02-02,SCOM,Safaricom Plc,12.15,21.15,23.75,24.25,24.0,24.0,0.0,0.0,2086300.0
2023-02-03,SCOM,Safaricom Plc,12.15,21.15,24.1,24.8,24.5,24.0,0.5,0.000208,1746900.0
2023-02-06,SCOM,Safaricom Plc,12.15,21.15,24.25,24.95,24.45,24.5,-0.05,2e-05,9459700.0
2023-02-07,SCOM,Safaricom Plc,12.15,21.15,23.5,24.5,24.0,24.45,-0.45,0.000184,3603800.0
2023-02-08,SCOM,Safaricom Plc,12.15,21.15,23.7,24.3,24.0,24.0,0.0,0.0,1128700.0
2023-02-09,SCOM,Safaricom Plc,12.15,21.15,23.95,24.3,24.1,24.0,0.1,4.2e-05,1112900.0
2023-02-10,SCOM,Safaricom Plc,12.15,21.15,23.95,24.3,24.1,24.0,0.1,4.2e-05,1112900.0
2023-02-13,SCOM,Safaricom Plc,12.15,21.15,23.55,24.0,23.75,23.9,-0.15,6.3e-05,390100.0
2023-02-14,SCOM,Safaricom Plc,12.15,21.15,23.5,23.9,23.7,23.75,-0.05,2.1e-05,1185600.0
2023-02-15,SCOM,Safaricom Plc,12.15,21.15,23.5,23.7,23.7,23.7,0.0,0.0,3483300.0
2023-02-16,SCOM,Safaricom Plc,12.15,21.15,23.5,23.7,23.6,23.7,-0.1,4.2e-05,15340000.0
2023-02-17,SCOM,Safaricom Plc,12.15,21.15,23.5,23.7,23.65,23.6,0.05,2.1e-05,205400.0
2023-02-20,SCOM,Safaricom Plc,12.15,21.15,23.2,23.65,23.5,23.65,-0.15,6.3e-05,771800.0
2023-02-21,SCOM,Safaricom Plc,12.15,21.15,23.0,23.6,23.45,23.5,-0.05,2.1e-05,1567800.0
2023-02-22,SCOM,Safaricom Plc,12.15,21.15,23.2,23.6,23.5,23.45,0.05,2.1e-05,11200400.0
2023-02-23,SCOM,Safaricom Plc,12.15,21.15,23.25,23.6,23.4,23.5,-0.1,4.3e-05,970100.0
2023-02-24,SCOM,Safaricom Plc,12.15,21.15,23.2,23.5,23.35,23.4,-0.05,2.1e-05,590100.0
2023-02-27,SCOM,Safaricom Plc,12.15,21.15,22.9,23.5,23.0,23.35,-0.35,0.00015,8930200.0
2023-02-28,SCOM,Safaricom Plc,12.15,21.15,23.05,23.5,23.3,23.0,0.3,0.00013,3743300.0
2023-03-01,SCOM,Safaricom Plc,12.15,21.15,23.0,23.55,23.35,23.3,0.05,2.1e-05,2096800.0
2023-03-02,SCOM,Safaricom Plc,12.15,21.15,23.0,23.6,23.5,23.35,0.15,6.4e-05,2949200.0
2023-03-06,SCOM,Safaricom Plc,12.15,21.15,22.8,23.6,23.0,23.5,-0.5,0.000213,4611000.0
2023-03-07,SCOM,Safaricom Plc,12.15,21.15,22.0,23.0,22.55,23.0,-0.45,0.000196,2794600.0
2023-03-08,SCOM,Safaricom Plc,12.15,21.15,20.85,22.0,20.95,22.55,-1.6,0.0007099999999999999,28703400.0
2023-03-09,SCOM,Safaricom Plc,12.15,21.15,20.85,22.0,20.95,22.55,-1.6,0.0007099999999999999,28703400.0
2023-03-10,SCOM,Safaricom Plc,12.15,21.15,20.0,21.0,20.6,20.95,-0.35,0.000167,1442700.0
2023-03-13,SCOM,Safaricom Plc,12.15,21.15,19.3,20.8,19.6,20.6,-1.0,0.000484999999999999,3227200.0
2023-03-14,SCOM,Safaricom Plc,12.15,21.15,18.9,19.85,19.1,19.6,-0.5,0.00025499999999999996,3589700.0
2023-03-15,SCOM,Safaricom Plc,12.15,21.15,17.75,19.1,18.0,19.1,-1.1,0.000576,16825500.0
2023-03-16,SCOM,Safaricom Plc,12.15,21.15,16.45,18.0,17.0,18.0,-1.0,0.000556,39533700.0
2023-03-17,SCOM,Safaricom Plc,12.15,21.15,16.05,17.25,16.35,17.0,-0.65,0.00038199999999999996,78127900.0
2023-03-20,SCOM,Safaricom Plc,12.15,21.15,17.0,17.95,17.95,16.35,1.6,0.000978999999999999,15620600.0
2023-03-21,SCOM,Safaricom Plc,12.15,21.15,18.0,19.7,18.95,17.95,1.0,0.000557,37107400.0
2023-03-22,SCOM,Safaricom Plc,12.15,21.15,18.95,20.0,19.1,18.95,0.15,7.900000000000001e-05,5680900.0
2023-03-23,SCOM,Safaricom Plc,12.15,21.15,18.55,19.4,19.0,19.1,-0.1,5.2e-05,8703800.0
2023-03-24,SCOM,Safaricom Plc,12.15,21.15,18.5,19.4,18.9,19.0,-0.1,5.3e-05,29109400.0
2023-03-27,SCOM,Safaricom Plc,12.15,21.15,18.75,19.0,18.85,18.9,-0.05,2.6e-05,2344800.0
2023-03-28,SCOM,Safaricom Plc,12.15,21.15,18.4,18.9,18.5,18.85,-0.35,0.000186,5636200.0
2023-03-29,SCOM,Safaricom Plc,12.15,21.15,18.0,18.85,18.5,18.5,0.0,0.0,10100200.0
2023-03-30,SCOM,Safaricom Plc,12.15,21.15,17.8,18.5,18.0,18.5,-0.5,0.00027,15186300.0
2023-03-31,SCOM,Safaricom Plc,12.15,21.15,18.0,18.5,18.1,18.0,0.1,5.6e-05,1704000.0
2023-04-03,SCOM,Safaricom Plc,12.15,21.15,18.1,19.0,18.15,18.1,0.05,2.8e-05,3428600.0
2023-04-04,SCOM,Safaricom Plc,12.15,21.15,17.95,19.0,18.0,18.15,-0.15,8.3e-05,14295800.0
2023-04-05,SCOM,Safaricom Plc,12.15,21.15,18.0,18.5,18.05,18.0,0.05,2.8e-05,24080000.0
2023-04-06,SCOM,Safaricom Plc,12.15,21.15,18.25,19.45,18.6,18.05,0.55,0.000305,4375000.0
2023-04-11,SCOM,Safaricom Plc,12.15,21.15,18.25,19.45,18.6,18.05,0.55,0.000305,4375000.0
2023-04-12,SCOM,Safaricom Plc,12.15,21.15,18.2,19.0,18.35,18.45,-0.1,5.4000000000000005e-05,2908300.0
2023-04-13,SCOM,Safaricom Plc,12.15,21.15,17.25,18.4,17.85,18.35,-0.5,0.000272,2163500.0
2023-04-14,SCOM,Safaricom Plc,12.15,21.15,17.5,18.0,17.8,17.85,-0.05,2.8e-05,2620100.0
2023-04-17,SCOM,Safaricom Plc,12.15,21.15,16.8,17.7,17.05,17.8,-0.75,0.000421,3459200.0
2023-04-18,SCOM,Safaricom Plc,12.15,21.15,16.75,17.5,16.85,17.05,-0.2,0.000116999999999999,2256100.0
2023-04-19,SCOM,Safaricom Plc,12.15,21.15,16.65,17.4,16.7,16.85,-0.15,8.9e-05,4827100.0
2023-04-20,SCOM,Safaricom Plc,12.15,21.15,16.4,17.5,16.5,16.7,-0.2,0.00012,8316600.0
2023-04-24,SCOM,Safaricom Plc,12.15,21.15,16.55,16.8,16.7,16.5,0.2,0.000121,802400.0
2023-04-25,SCOM,Safaricom Plc,12.15,21.15,16.45,17.0,16.5,16.7,-0.2,0.00012,13043100.0
2023-04-26,SCOM,Safaricom Plc,12.15,21.15,16.55,17.0,16.7,16.5,0.2,0.000121,1559200.0
2023-04-27,SCOM,Safaricom Plc,12.15,21.15,16.6,16.8,16.7,16.7,0.0,0.0,616200.0
2023-04-28,SCOM,Safaricom Plc,12.15,21.15,16.35,16.8,16.5,16.7,-0.2,0.00012,10408200.0
2023-05-02,SCOM,Safaricom Plc,12.15,21.15,16.45,16.8,16.5,16.5,0.0,0.0,937800.0
2023-05-03,SCOM,Safaricom Plc,12.15,21.15,15.95,16.7,16.05,16.5,-0.45,0.000273,12831200.0
2023-05-04,SCOM,Safaricom Plc,12.15,21.15,15.95,16.5,16.25,16.05,0.2,0.000125,16373300.0
2023-05-05,SCOM,Safaricom Plc,12.15,21.15,15.65,16.2,15.75,16.25,-0.5,0.000308,6391900.0
2023-05-08,SCOM,Safaricom Plc,12.15,21.15,15.7,16.0,15.95,15.75,0.2,0.000127,573100.0
2023-05-09,SCOM,Safaricom Plc,12.15,21.15,15.25,16.0,15.6,15.95,-0.35,0.00021899999999999998,3955000.0
2023-05-10,SCOM,Safaricom Plc,12.15,21.15,14.9,15.7,15.3,15.6,-0.3,0.00019199999999999998,6690300.0
2023-05-11,SCOM,Safaricom Plc,12.15,21.15,14.0,15.7,14.7,15.3,-0.6,0.000392,18694700.0
2023-05-12,SCOM,Safaricom Plc,12.15,21.15,13.25,14.75,13.25,14.7,-1.45,0.000986,41634500.0
2023-05-15,SCOM,Safaricom Plc,12.15,21.15,12.7,14.5,13.0,13.25,-0.25,0.000189,22757400.0
2023-05-16,SCOM,Safaricom Plc,12.15,21.15,14.1,14.3,14.3,13.0,1.3,0.001,1219300.0
2023-05-17,SCOM,Safaricom Plc,12.15,21.15,15.2,15.7,15.5,14.3,1.2,0.000839,18171800.0
2023-05-18,SCOM,Safaricom Plc,12.15,21.15,14.45,16.5,14.85,15.5,-0.65,0.000419,7282500.0
2023-05-19,SCOM,Safaricom Plc,12.15,21.15,14.8,15.5,15.0,14.85,0.15,0.000101,2100500.0
2023-05-22,SCOM,Safaricom Plc,12.15,21.15,14.9,15.45,15.05,15.0,0.05,3.3e-05,2271800.0
2023-05-23,SCOM,Safaricom Plc,12.15,21.15,14.95,15.45,15.3,15.05,0.25,0.000166,2738400.0
2023-05-24,SCOM,Safaricom Plc,12.15,21.15,15.0,15.35,15.25,15.3,-0.05,3.3e-05,8640900.0
2023-05-25,SCOM,Safaricom Plc,12.15,21.15,15.0,15.35,15.05,15.25,-0.2,0.000131,22905400.0
2023-05-26,SCOM,Safaricom Plc,12.15,21.15,14.95,15.3,15.05,15.05,0.0,0.0,12117800.0
2023-05-29,SCOM,Safaricom Plc,12.15,21.15,14.95,15.65,15.25,15.05,0.2,0.00013299999999999998,444100.0
2023-05-30,SCOM,Safaricom Plc,12.15,21.15,15.3,16.75,15.9,15.25,0.65,0.000426,15838100.0
2023-05-31,SCOM,Safaricom Plc,12.15,21.15,16.0,17.3,16.6,15.9,0.7,0.00043999999999999996,10822100.0
2023-06-02,SCOM,Safaricom Plc,12.15,21.15,16.7,17.25,16.95,16.6,0.35,0.000210999999999999,10047000.0
2023-06-05,SCOM,Safaricom Plc,12.15,21.15,16.75,17.25,16.95,16.95,0.0,0.0,2200300.0
2023-06-06,SCOM,Safaricom Plc,12.15,21.15,16.9,17.2,17.0,16.95,0.05,2.8999999999999997e-05,3968700.0
2023-06-07,SCOM,Safaricom Plc,12.15,21.15,16.85,17.0,16.95,17.0,-0.05,2.8999999999999997e-05,1410600.0
2023-06-08,SCOM,Safaricom Plc,12.15,21.15,16.5,16.95,16.7,16.95,-0.25,0.000147,1734900.0
2023-06-09,SCOM,Safaricom Plc,12.15,21.15,16.45,16.85,16.6,16.7,-0.1,6e-05,568400.0
2023-06-12,SCOM,Safaricom Plc,12.15,21.15,15.45,16.8,15.75,16.6,-0.85,0.000512,5374200.0
2023-06-13,SCOM,Safaricom Plc,12.15,21.15,14.9,16.0,15.05,15.75,-0.7,0.000444,8512100.0
2023-06-14,SCOM,Safaricom Plc,12.15,21.15,14.75,15.8,14.95,15.05,-0.1,6.6e-05,3786800.0
2023-06-15,SCOM,Safaricom Plc,12.15,21.15,14.75,15.8,14.85,14.95,-0.1,6.7e-05,2369800.0
2023-06-16,SCOM,Safaricom Plc,12.15,21.15,14.75,15.45,14.9,14.85,0.05,3.4e-05,13905700.0
2023-06-19,SCOM,Safaricom Plc,12.15,21.15,15.45,16.3,16.05,14.9,1.15,0.0007719999999999989,477200.0
2023-06-20,SCOM,Safaricom Plc,12.15,21.15,15.9,16.5,16.25,16.05,0.2,0.000125,1425100.0
2023-06-21,SCOM,Safaricom Plc,12.15,21.15,16.4,17.0,16.8,16.25,0.55,0.000338,2504300.0
2023-06-22,SCOM,Safaricom Plc,12.15,21.15,17.0,17.8,17.45,16.8,0.65,0.000387,4990500.0
2023-06-23,SCOM,Safaricom Plc,12.15,21.15,17.4,17.8,17.5,17.45,0.05,2.8999999999999997e-05,9481100.0
2023-06-26,SCOM,Safaricom Plc,12.15,21.15,17.45,17.8,17.5,17.5,0.0,0.0,8518700.0
2023-06-27,SCOM,Safaricom Plc,12.15,21.15,17.2,17.8,17.4,17.5,-0.1,5.6999999999998993e-05,867000.0
2023-06-29,SCOM,Safaricom Plc,12.15,21.15,17.2,17.6,17.45,17.4,0.05,2.8999999999999997e-05,329700.0
2023-06-30,SCOM,Safaricom Plc,12.15,21.15,17.4,17.6,17.5,17.45,0.05,2.8999999999999997e-05,1626500.0
2023-07-03,SCOM,Safaricom Plc,12.15,21.15,17.6,18.0,17.75,17.5,0.25,0.000143,467500.0
2023-07-04,SCOM,Safaricom Plc,12.15,21.15,17.6,18.0,17.8,17.75,0.05,2.8e-05,15905700.0
2023-07-05,SCOM,Safaricom Plc,12.15,21.15,17.6,17.9,17.7,17.8,-0.1,5.6e-05,2346400.0
2023-07-06,SCOM,Safaricom Plc,12.15,21.15,17.6,18.45,17.85,17.7,0.15,8.5e-05,18260100.0
2023-07-07,SCOM,Safaricom Plc,12.15,21.15,18.2,19.2,18.9,17.85,1.05,0.000588,3157600.0
2023-07-10,SCOM,Safaricom Plc,12.15,21.15,19.0,20.0,19.55,18.9,0.65,0.000344,2819500.0
2023-07-11,SCOM,Safaricom Plc,12.15,21.15,19.4,20.0,19.7,19.55,0.15,7.7e-05,4534200.0
2023-07-12,SCOM,Safaricom Plc,12.15,21.15,19.4,19.8,19.7,19.7,0.0,0.0,5111900.0
2023-07-13,SCOM,Safaricom Plc,12.15,21.15,19.3,19.65,19.4,19.7,-0.3,0.000152,437100.0
2023-07-14,SCOM,Safaricom Plc,12.15,21.15,19.0,19.5,19.2,19.4,-0.2,0.000103,930500.0
2023-07-17,SCOM,Safaricom Plc,12.15,21.15,19.0,19.5,19.3,19.2,0.1,5.2e-05,314300.0
2023-07-18,SCOM,Safaricom Plc,12.15,21.15,18.0,19.4,18.55,19.3,-0.75,0.00038899999999999997,4618000.0
2023-07-19,SCOM,Safaricom Plc,12.15,21.15,18.0,18.55,18.15,18.55,-0.4,0.00021600000000000002,1425600.0
2023-07-20,SCOM,Safaricom Plc,12.15,21.15,18.0,18.2,18.05,18.15,-0.1,5.4999999999999995e-05,3894900.0
2023-07-21,SCOM,Safaricom Plc,12.15,21.15,17.85,18.1,18.0,18.05,-0.05,2.8e-05,970100.0
2023-07-24,SCOM,Safaricom Plc,12.15,21.15,17.6,18.05,17.85,18.0,-0.15,8.3e-05,941600.0
2023-07-25,SCOM,Safaricom Plc,12.15,21.15,16.5,17.7,16.8,17.85,-1.05,0.000588,8347100.0
2023-07-26,SCOM,Safaricom Plc,12.15,21.15,16.0,16.5,16.15,16.8,-0.65,0.000387,6423200.0
2023-07-27,SCOM,Safaricom Plc,12.15,21.15,16.55,17.7,17.25,16.15,1.1,0.000681,784600.0
2023-07-28,SCOM,Safaricom Plc,12.15,21.15,16.5,17.7,16.6,17.25,-0.65,0.00037699999999999995,208485900.0
2023-07-31,SCOM,Safaricom Plc,12.15,21.15,16.6,17.3,16.9,16.6,0.3,0.000181,558800.0
2023-08-01,SCOM,Safaricom Plc,12.15,21.15,16.6,17.6,17.35,16.9,0.45,0.00026599999999999996,3925500.0
2023-08-02,SCOM,Safaricom Plc,12.15,21.15,16.75,17.5,16.9,17.35,-0.45,0.000259,946700.0
2023-08-03,SCOM,Safaricom Plc,12.15,21.15,16.7,16.9,16.8,16.9,-0.1,5.9e-05,1753000.0
2023-08-04,SCOM,Safaricom Plc,12.15,21.15,16.75,17.0,16.8,16.8,0.0,0.0,597400.0
2023-08-07,SCOM,Safaricom Plc,12.15,21.15,16.65,17.0,16.75,16.8,-0.05,3e-05,599700.0
2023-08-08,SCOM,Safaricom Plc,12.15,21.15,16.0,16.95,16.4,16.75,-0.35,0.00020899999999999998,4449000.0
2023-08-09,SCOM,Safaricom Plc,12.15,21.15,16.1,16.5,16.35,16.4,-0.05,3e-05,308100.0
2023-08-10,SCOM,Safaricom Plc,12.15,21.15,16.0,16.6,16.15,16.35,-0.2,0.00012199999999999901,1236200.0
2023-08-11,SCOM,Safaricom Plc,12.15,21.15,16.0,16.3,16.05,16.15,-0.1,6.2e-05,5178900.0
2023-08-14,SCOM,Safaricom Plc,12.15,21.15,15.5,16.2,15.9,16.05,-0.15,9.3e-05,5431200.0
2023-08-15,SCOM,Safaricom Plc,12.15,21.15,15.8,16.0,15.9,15.9,0.0,0.0,2795500.0
2023-08-16,SCOM,Safaricom Plc,12.15,21.15,15.0,15.95,15.0,15.9,-0.9,0.000566,30962800.0
2023-08-17,SCOM,Safaricom Plc,12.15,21.15,15.6,16.3,15.95,15.0,0.95,0.000633,7023200.0
2023-08-18,SCOM,Safaricom Plc,12.15,21.15,15.95,16.25,16.0,15.95,0.05,3.1e-05,1575200.0
2023-08-21,SCOM,Safaricom Plc,12.15,21.15,15.85,16.25,15.95,16.0,-0.05,3.1e-05,975600.0
2023-08-22,SCOM,Safaricom Plc,12.15,21.15,15.8,16.0,15.9,15.95,-0.05,3.1e-05,1019800.0
2023-08-23,SCOM,Safaricom Plc,12.15,21.15,15.2,15.95,15.55,15.9,-0.35,0.00021999999999999998,3907600.0
2023-08-24,SCOM,Safaricom Plc,12.15,21.15,15.7,16.0,15.75,15.55,0.2,0.000129,520900.0
2023-08-25,SCOM,Safaricom Plc,12.15,21.15,15.3,15.75,15.5,15.75,-0.25,0.00015900000000000002,671600.0
2023-08-28,SCOM,Safaricom Plc,12.15,21.15,15.4,15.5,15.45,15.5,-0.05,3.2e-05,3574900.0
2023-08-29,SCOM,Safaricom Plc,12.15,21.15,15.35,15.5,15.45,15.45,0.0,0.0,1522500.0
2023-08-30,SCOM,Safaricom Plc,12.15,21.15,15.4,15.7,15.5,15.45,0.05,3.2e-05,5767600.0
2023-08-31,SCOM,Safaricom Plc,12.15,21.15,15.2,15.7,15.4,15.5,-0.1,6.5e-05,1497600.0
2023-09-01,SCOM,Safaricom Plc,12.15,21.15,14.9,15.4,15.1,15.4,-0.3,0.000195,2761200.0
2023-09-04,SCOM,Safaricom Plc,12.15,21.15,15.0,15.3,15.1,15.1,0.0,0.0,802900.0
2023-09-05,SCOM,Safaricom Plc,12.15,21.15,15.05,15.4,15.1,15.1,0.0,0.0,11102200.0
2023-09-06,SCOM,Safaricom Plc,12.15,21.15,15.05,15.3,15.1,15.1,0.0,0.0,23586000.0
2023-09-07,SCOM,Safaricom Plc,12.15,21.15,15.2,15.45,15.25,15.1,0.15,9.8999999999999e-05,1374300.0
2023-09-08,SCOM,Safaricom Plc,12.15,21.15,15.3,16.2,15.5,15.25,0.25,0.000163999999999999,8584700.0
2023-09-11,SCOM,Safaricom Plc,12.15,21.15,15.5,16.0,15.75,15.5,0.25,0.000161,10124400.0
2023-09-12,SCOM,Safaricom Plc,12.15,21.15,15.25,16.0,15.35,15.75,-0.4,0.000254,1665700.0
2023-09-13,SCOM,Safaricom Plc,12.15,21.15,14.9,15.75,15.3,15.35,-0.05,3.3e-05,8023600.0
2023-09-14,SCOM,Safaricom Plc,12.15,21.15,15.25,15.95,15.5,15.3,0.2,0.000131,15168100.0
2023-09-15,SCOM,Safaricom Plc,12.15,21.15,15.5,16.0,15.75,15.5,0.25,0.000161,1722600.0
2023-09-18,SCOM,Safaricom Plc,12.15,21.15,15.45,16.0,15.6,15.75,-0.15,9.499999999999999e-05,1446800.0
2023-09-19,SCOM,Safaricom Plc,12.15,21.15,15.2,15.7,15.4,15.6,-0.2,0.000128,935300.0
2023-09-20,SCOM,Safaricom Plc,12.15,21.15,14.95,15.5,15.0,15.4,-0.4,0.00026,32720500.0
2023-09-21,SCOM,Safaricom Plc,12.15,21.15,14.85,15.3,14.95,15.0,-0.05,3.3e-05,1273300.0
2023-09-22,SCOM,Safaricom Plc,12.15,21.15,14.9,15.3,15.0,14.95,0.05,3.3e-05,8289600.0
2023-09-25,SCOM,Safaricom Plc,12.15,21.15,14.8,15.0,14.95,15.0,-0.05,3.3e-05,2139000.0
2023-09-26,SCOM,Safaricom Plc,12.15,21.15,14.8,14.95,14.9,14.95,-0.05,3.3e-05,299700.0
2023-09-27,SCOM,Safaricom Plc,12.15,21.15,14.65,14.9,14.7,14.9,-0.2,0.000134,3180700.0
2023-09-28,SCOM,Safaricom Plc,12.15,21.15,14.5,14.85,14.6,14.7,-0.1,6.8e-05,2383000.0
2023-09-29,SCOM,Safaricom Plc,12.15,21.15,14.5,14.7,14.6,14.6,0.0,0.0,2270500.0
2023-10-02,SCOM,Safaricom Plc,12.15,21.15,14.6,14.9,14.65,14.6,0.05,3.4e-05,1919700.0
2023-10-03,SCOM,Safaricom Plc,12.15,21.15,14.6,14.9,14.65,14.6,0.05,3.4e-05,1919700.0
2023-10-04,SCOM,Safaricom Plc,12.15,21.15,14.55,15.0,14.65,14.7,-0.05,3.4e-05,574900.0
2023-10-05,SCOM,Safaricom Plc,12.15,21.15,14.25,14.7,14.5,14.65,-0.15,0.00010200000000000001,2483600.0
2023-10-06,SCOM,Safaricom Plc,12.15,21.15,13.85,14.65,14.0,14.5,-0.5,0.00034500000000000004,48233400.0
2023-10-09,SCOM,Safaricom Plc,12.15,21.15,13.8,14.0,14.0,14.0,0.0,0.0,809100.0
2023-10-11,SCOM,Safaricom Plc,12.15,21.15,13.8,14.4,13.9,14.0,-0.1,7.0999999999999e-05,5405200.0
2023-10-12,SCOM,Safaricom Plc,12.15,21.15,13.85,14.35,14.0,13.9,0.1,7.2e-05,1661300.0
2023-10-13,SCOM,Safaricom Plc,12.15,21.15,13.85,14.0,13.95,14.0,-0.05,3.6e-05,900800.0
2023-10-16,SCOM,Safaricom Plc,12.15,21.15,13.8,14.2,13.95,13.95,0.0,0.0,1711200.0
2023-10-17,SCOM,Safaricom Plc,12.15,21.15,13.65,14.0,13.8,13.95,-0.15,0.00010800000000000001,504600.0
2023-10-18,SCOM,Safaricom Plc,12.15,21.15,13.65,13.95,13.8,13.8,0.0,0.0,10979700.0
2023-10-19,SCOM,Safaricom Plc,12.15,21.15,13.7,13.8,13.8,13.8,0.0,0.0,6356700.0
2023-10-23,SCOM,Safaricom Plc,12.15,21.15,13.0,13.9,13.6,13.8,-0.2,0.000144999999999999,11962300.0
2023-10-24,SCOM,Safaricom Plc,12.15,21.15,12.7,13.75,13.0,13.6,-0.6,0.000441,1458400.0
2023-10-25,SCOM,Safaricom Plc,12.15,21.15,12.3,13.0,12.5,13.0,-0.5,0.000385,8052800.0
2023-10-26,SCOM,Safaricom Plc,12.15,21.15,12.4,12.7,12.45,12.5,-0.05,4e-05,6886500.0
2023-10-27,SCOM,Safaricom Plc,12.15,21.15,12.5,13.3,12.5,12.45,0.05,4e-05,72111600.0
2023-10-30,SCOM,Safaricom Plc,12.15,21.15,12.45,13.0,12.5,12.5,0.0,0.0,14855700.0
2023-10-31,SCOM,Safaricom Plc,12.15,21.15,12.35,12.5,12.45,12.5,-0.05,4e-05,2338500.0
2023-11-01,SCOM,Safaricom Plc,12.15,21.15,12.2,12.5,12.3,12.45,-0.15,0.00012,811900.0
2023-11-02,SCOM,Safaricom Plc,12.15,21.15,11.95,12.5,12.1,12.3,-0.2,0.00016299999999999998,705400.0
2023-11-03,SCOM,Safaricom Plc,12.15,21.15,11.5,12.0,11.65,12.1,-0.45,0.000372,5888700.0
2023-11-06,SCOM,Safaricom Plc,12.15,21.15,11.5,12.05,11.95,11.65,0.3,0.000258,3796900.0
2023-11-07,SCOM,Safaricom Plc,12.15,21.15,11.8,12.3,12.0,11.95,0.05,4.2e-05,12695600.0
2023-11-08,SCOM,Safaricom Plc,12.15,21.15,12.15,13.15,12.45,12.0,0.45,0.000375,371700.0
2023-11-09,SCOM,Safaricom Plc,12.15,21.15,12.95,13.75,13.3,12.45,0.85,0.000683,17306000.0
2023-11-10,SCOM,Safaricom Plc,12.15,21.15,13.3,14.3,13.5,13.3,0.2,0.00015,59099800.0
2023-11-14,SCOM,Safaricom Plc,12.15,21.15,13.0,14.0,13.3,13.5,-0.2,0.00014800000000000002,1883200.0
2023-11-15,SCOM,Safaricom Plc,12.15,21.15,13.45,13.95,13.5,13.3,0.2,0.00015,6066600.0
2023-11-16,SCOM,Safaricom Plc,12.15,21.15,13.3,14.0,13.5,13.5,0.0,0.0,3915000.0
2023-11-17,SCOM,Safaricom Plc,12.15,21.15,13.05,13.55,13.45,13.5,-0.05,3.7000000000000005e-05,7093700.0
2023-11-20,SCOM,Safaricom Plc,12.15,21.15,13.05,13.5,13.4,13.45,-0.05,3.7000000000000005e-05,2454400.0
2023-11-21,SCOM,Safaricom Plc,12.15,21.15,13.3,13.8,13.45,13.4,0.05,3.7000000000000005e-05,4615700.0
2023-11-22,SCOM,Safaricom Plc,12.15,21.15,13.45,14.0,13.7,13.45,0.25,0.000186,3260900.0
2023-11-23,SCOM,Safaricom Plc,12.15,21.15,13.45,13.7,13.6,13.7,-0.1,7.3e-05,885500.0
2023-11-24,SCOM,Safaricom Plc,12.15,21.15,13.65,13.75,13.7,13.6,0.1,7.400000000000001e-05,219500.0
2023-11-27,SCOM,Safaricom Plc,12.15,21.15,13.35,13.8,13.45,13.7,-0.25,0.000182,2743600.0
2023-12-01,SCOM,Safaricom Plc,12.15,21.15,14.0,14.4,14.05,13.45,0.6,0.000446,1213300.0
2023-12-04,SCOM,Safaricom Plc,12.15,21.15,14.0,14.55,14.5,14.05,0.45,0.00032,1972800.0
2023-12-05,SCOM,Safaricom Plc,12.15,21.15,14.5,15.2,14.8,14.5,0.3,0.000207,8039500.0
2023-12-06,SCOM,Safaricom Plc,12.15,21.15,14.3,15.1,14.6,14.8,-0.2,0.000135,59683100.0
2023-12-07,SCOM,Safaricom Plc,12.15,21.15,14.4,14.9,14.55,14.6,-0.05,3.4e-05,1248800.0
2023-12-08,SCOM,Safaricom Plc,12.15,21.15,14.4,14.6,14.55,14.55,0.0,0.0,2899700.0
2023-12-11,SCOM,Safaricom Plc,12.15,21.15,14.35,14.55,14.5,14.55,-0.05,3.4e-05,1768900.0
2023-12-13,SCOM,Safaricom Plc,12.15,21.15,14.35,14.5,14.45,14.5,-0.05,3.4e-05,14879800.0
2023-12-14,SCOM,Safaricom Plc,12.15,21.15,14.2,14.45,14.4,14.45,-0.05,3.4999999999999e-05,6830400.0
2023-12-15,SCOM,Safaricom Plc,12.15,21.15,13.7,14.45,14.1,14.4,-0.3,0.000208,753200.0
2023-12-18,SCOM,Safaricom Plc,12.15,21.15,13.5,14.0,13.85,14.1,-0.25,0.000177,5857300.0
2023-12-19,SCOM,Safaricom Plc,12.15,21.15,13.4,13.9,13.5,13.85,-0.35,0.00025299999999999997,11518300.0
2023-12-20,SCOM,Safaricom Plc,12.15,21.15,13.5,13.8,13.5,13.5,0.0,0.0,6908500.0
2023-12-21,SCOM,Safaricom Plc,12.15,21.15,13.5,13.8,13.55,13.5,0.05,3.7000000000000005e-05,5824300.0
2023-12-22,SCOM,Safaricom Plc,12.15,21.15,13.5,13.8,13.55,13.55,0.0,0.0,1740200.0
2023-12-27,SCOM,Safaricom Plc,12.15,21.15,13.5,14.0,13.6,13.55,0.05,3.7000000000000005e-05,14199200.0
2023-12-28,SCOM,Safaricom Plc,12.15,21.15,13.6,14.1,13.7,13.6,0.1,7.400000000000001e-05,5262500.0
2023-12-29,SCOM,Safaricom Plc,12.15,21.15,13.8,14.0,13.9,13.7,0.2,0.000146,396700.0
2024-01-02,SCOM,Safaricom Plc,12.15,21.15,13.65,13.95,13.75,13.9,-0.15,-0.00010800000000000001,176500.0
2024-01-03,SCOM,Safaricom Plc,12.15,21.15,13.6,13.9,13.65,13.75,-0.1,-7.3e-05,1666700.0
2024-01-04,SCOM,Safaricom Plc,12.15,21.15,13.55,13.8,13.6,13.65,-0.05,-3.7000000000000005e-05,1000500.0
2024-01-05,SCOM,Safaricom Plc,12.15,21.15,13.55,14.0,13.6,13.6,0.0,0.0,5622200.0
2024-01-08,SCOM,Safaricom Plc,12.15,21.15,13.55,14.0,13.6,13.6,0.0,0.0,5622200.0
2024-01-09,SCOM,Safaricom Plc,12.15,21.15,13.6,14.1,13.65,13.85,-0.2,-0.000144,2192400.0
2024-01-10,SCOM,Safaricom Plc,12.15,21.15,13.6,14.1,13.8,13.65,0.15,0.00010999999999999999,4438100.0
2024-01-11,SCOM,Safaricom Plc,12.15,21.15,13.85,14.0,13.9,13.8,0.1,7.2e-05,10658100.0
2024-01-12,SCOM,Safaricom Plc,12.15,21.15,13.8,14.1,13.9,13.9,0.0,0.0,440300.0
2024-01-15,SCOM,Safaricom Plc,12.15,21.15,13.65,14.1,13.9,13.9,0.0,0.0,407100.0
2024-01-16,SCOM,Safaricom Plc,12.15,21.15,13.8,14.1,13.9,13.9,0.0,0.0,2446300.0
2024-01-17,SCOM,Safaricom Plc,12.15,21.15,13.85,14.2,14.0,13.9,0.1,7.2e-05,5351600.0
2024-01-18,SCOM,Safaricom Plc,12.15,21.15,13.9,14.0,13.95,14.0,-0.05,-3.6e-05,1274700.0
2024-01-19,SCOM,Safaricom Plc,12.15,21.15,13.75,14.0,13.95,13.95,0.0,0.0,11829000.0
2024-01-22,SCOM,Safaricom Plc,12.15,21.15,13.8,13.95,13.9,13.95,-0.05,-3.6e-05,2946700.0
2024-01-23,SCOM,Safaricom Plc,12.15,21.15,13.7,13.95,13.8,13.9,-0.1,-7.2e-05,316400.0
2024-01-24,SCOM,Safaricom Plc,12.15,21.15,13.4,13.95,13.6,13.8,-0.2,-0.000144999999999999,1912400.0
2024-01-25,SCOM,Safaricom Plc,12.15,21.15,13.2,13.5,13.45,13.6,-0.15,-0.00010999999999999999,2189800.0
2024-01-26,SCOM,Safaricom Plc,12.15,21.15,12.95,13.5,13.1,13.45,-0.35,-0.00026,928000.0
2024-01-29,SCOM,Safaricom Plc,12.15,21.15,13.0,13.45,13.1,13.1,0.0,0.0,4917900.0
2024-01-30,SCOM,Safaricom Plc,12.15,21.15,13.5,13.7,13.55,13.1,0.45,0.000344,5800700.0
2024-01-31,SCOM,Safaricom Plc,12.15,21.15,13.5,13.9,13.6,13.55,0.05,3.7000000000000005e-05,3222700.0
2024-02-01,SCOM,Safaricom Plc,12.15,21.15,13.5,13.9,13.6,13.55,0.05,3.7000000000000005e-05,3222700.0
2024-02-02,SCOM,Safaricom Plc,12.15,21.15,13.4,13.75,13.5,13.5,0.0,0.0,6246000.0
2024-02-05,SCOM,Safaricom Plc,12.15,21.15,13.35,13.5,13.45,13.5,-0.05,-3.7000000000000005e-05,7576000.0
2024-02-06,SCOM,Safaricom Plc,12.15,21.15,13.4,13.5,13.45,13.45,0.0,0.0,7787100.0
2024-02-07,SCOM,Safaricom Plc,12.15,21.15,13.0,13.45,13.15,13.45,-0.3,-0.000223,1425100.0
2024-02-08,SCOM,Safaricom Plc,12.15,21.15,13.0,13.4,13.2,13.15,0.05,3.8e-05,1845800.0
2024-02-09,SCOM,Safaricom Plc,12.15,21.15,12.95,13.2,13.05,13.2,-0.15,-0.000113999999999999,4896800.0
2024-02-12,SCOM,Safaricom Plc,12.15,21.15,13.0,13.45,13.2,13.05,0.15,0.000115,242400.0
2024-02-13,SCOM,Safaricom Plc,12.15,21.15,13.0,13.3,13.2,13.2,0.0,0.0,22076600.0
2024-02-14,SCOM,Safaricom Plc,12.15,21.15,12.95,13.35,13.0,13.2,-0.2,-0.000152,1334300.0
2024-02-15,SCOM,Safaricom Plc,12.15,21.15,13.0,13.45,13.05,13.0,0.05,3.8e-05,14330200.0
2024-02-16,SCOM,Safaricom Plc,12.15,21.15,12.95,13.5,13.1,13.05,0.05,3.8e-05,11761400.0
2024-02-19,SCOM,Safaricom Plc,12.15,21.15,13.1,13.5,13.4,13.1,0.3,0.000229,480600.0
2024-02-20,SCOM,Safaricom Plc,12.15,21.15,13.35,13.6,13.5,13.4,0.1,7.5e-05,494000.0
2024-02-21,SCOM,Safaricom Plc,12.15,21.15,13.0,13.9,13.4,13.5,-0.1,-7.400000000000001e-05,4540900.0
2024-02-22,SCOM,Safaricom Plc,12.15,21.15,13.3,13.5,13.4,13.4,0.0,0.0,19041800.0
2024-02-23,SCOM,Safaricom Plc,12.15,21.15,13.35,13.7,13.4,13.4,0.0,0.0,1801500.0
2024-02-26,SCOM,Safaricom Plc,12.15,21.15,13.35,14.0,13.75,13.4,0.35,0.000260999999999999,2030600.0
2024-02-27,SCOM,Safaricom Plc,12.15,21.15,13.5,13.8,13.65,13.75,-0.1,-7.3e-05,5063800.0
2024-02-28,SCOM,Safaricom Plc,12.15,21.15,13.3,13.6,13.5,13.65,-0.15,-0.00010999999999999999,13609500.0
2024-02-29,SCOM,Safaricom Plc,12.15,21.15,13.15,13.45,13.25,13.5,-0.25,-0.000185,5538200.0
2024-03-01,SCOM,Safaricom Plc,12.15,21.15,13.3,13.9,13.5,13.25,0.25,0.000189,11252100.0
2024-03-04,SCOM,Safaricom Plc,12.15,21.15,13.4,14.8,13.5,13.5,0.0,0.0,2195300.0
2024-03-05,SCOM,Safaricom Plc,12.15,21.15,13.5,13.8,13.5,13.5,0.0,0.0,10095000.0
2024-03-06,SCOM,Safaricom Plc,12.15,21.15,13.6,13.9,13.75,13.5,0.25,0.000185,1544400.0
2024-03-07,SCOM,Safaricom Plc,12.15,21.15,13.75,13.9,13.9,13.75,0.15,0.00010899999999999999,1017300.0
2024-03-08,SCOM,Safaricom Plc,12.15,21.15,13.8,14.1,13.9,13.9,0.0,0.0,10298300.0
2024-03-11,SCOM,Safaricom Plc,12.15,21.15,14.0,14.25,14.15,13.9,0.25,0.00017999999999999998,1723000.0
2024-03-12,SCOM,Safaricom Plc,12.15,21.15,14.2,14.7,14.5,14.15,0.35,0.000247,23289700.0
2024-03-13,SCOM,Safaricom Plc,12.15,21.15,14.5,14.65,14.6,14.5,0.1,6.9e-05,37153100.0
2024-03-14,SCOM,Safaricom Plc,12.15,21.15,14.6,15.2,15.0,14.6,0.4,0.000274,42418700.0
2024-03-15,SCOM,Safaricom Plc,12.15,21.15,14.6,15.2,15.0,14.6,0.4,0.000274,42418700.0
2024-03-18,SCOM,Safaricom Plc,12.15,21.15,14.3,15.4,14.6,15.2,-0.6,-0.000395,9307800.0
2024-03-19,SCOM,Safaricom Plc,12.15,21.15,14.55,15.0,14.8,14.6,0.2,0.000137,3772800.0
2024-03-20,SCOM,Safaricom Plc,12.15,21.15,14.9,15.85,15.4,14.8,0.6,0.00040500000000000003,5257500.0
2024-03-21,SCOM,Safaricom Plc,12.15,21.15,15.7,16.85,16.15,15.4,0.75,0.000487,6160500.0
2024-03-22,SCOM,Safaricom Plc,12.15,21.15,16.3,17.2,16.75,16.15,0.6,0.000372,20780000.0
2024-03-25,SCOM,Safaricom Plc,12.15,21.15,16.8,18.15,17.6,16.75,0.85,0.0005070000000000001,104525300.0
2024-03-26,SCOM,Safaricom Plc,12.15,21.15,18.0,19.35,19.25,17.6,1.65,0.0009379999999999999,5313500.0
2024-03-27,SCOM,Safaricom Plc,12.15,21.15,18.15,21.15,19.3,19.25,0.05,2.6e-05,7005400.0
2024-03-28,SCOM,Safaricom Plc,12.15,21.15,17.4,19.5,17.75,19.3,-1.55,-0.000803,13614000.0
2024-04-02,SCOM,Safaricom Plc,12.15,21.15,16.5,18.2,17.55,17.75,-0.2,-0.000113,7807300.0
2024-04-03,SCOM,Safaricom Plc,12.15,21.15,17.5,18.0,18.0,17.55,0.45,0.000256,16829500.0
2024-04-04,SCOM,Safaricom Plc,12.15,21.15,17.5,17.85,17.7,18.0,-0.3,-0.000167,6958200.0
2024-04-05,SCOM,Safaricom Plc,12.15,21.15,17.0,18.05,17.55,17.7,-0.15,-8.5e-05,5390900.0
2024-04-08,SCOM,Safaricom Plc,12.15,21.15,16.5,17.5,16.8,17.55,-0.75,-0.000426999999999999,6289300.0
2024-04-09,SCOM,Safaricom Plc,12.15,21.15,16.3,17.0,16.65,16.8,-0.15,-8.9e-05,8563600.0
2024-04-11,SCOM,Safaricom Plc,12.15,21.15,16.5,16.75,16.65,16.65,0.0,0.0,4093000.0
2024-04-12,SCOM,Safaricom Plc,12.15,21.15,16.5,17.2,16.95,16.65,0.3,0.00017999999999999998,3761800.0
2024-04-15,SCOM,Safaricom Plc,12.15,21.15,17.0,17.3,17.05,16.95,0.1,5.9e-05,5336200.0
2024-04-16,SCOM,Safaricom Plc,12.15,21.15,16.9,17.5,16.95,17.05,-0.1,-5.9e-05,941100.0
2024-04-17,SCOM,Safaricom Plc,12.15,21.15,16.0,16.95,16.75,16.95,-0.2,-0.000118,10621700.0
2024-04-18,SCOM,Safaricom Plc,12.15,21.15,16.3,16.9,16.35,16.75,-0.4,-0.000239,1278400.0
2024-04-19,SCOM,Safaricom Plc,12.15,21.15,15.9,16.5,16.0,16.35,-0.35,-0.000214,11548000.0
2024-04-22,SCOM,Safaricom Plc,12.15,21.15,16.0,16.3,16.1,16.0,0.1,6.3e-05,426400.0
2024-04-23,SCOM,Safaricom Plc,12.15,21.15,16.05,17.0,16.25,16.1,0.15,9.3e-05,5562200.0
2024-04-24,SCOM,Safaricom Plc,12.15,21.15,16.2,16.8,16.35,16.25,0.1,6.2e-05,912400.0
2024-04-25,SCOM,Safaricom Plc,12.15,21.15,16.2,16.5,16.35,16.35,0.0,0.0,3116100.0
2024-04-26,SCOM,Safaricom Plc,12.15,21.15,16.2,16.5,16.3,16.35,-0.05,-3.1e-05,1809200.0
2024-04-29,SCOM,Safaricom Plc,12.15,21.15,15.75,16.3,16.0,16.3,-0.3,-0.000184,4777400.0
2024-04-30,SCOM,Safaricom Plc,12.15,21.15,15.75,16.0,15.95,16.0,-0.05,-3.1e-05,616000.0
2024-05-02,SCOM,Safaricom Plc,12.15,21.15,15.9,16.2,16.0,15.95,0.05,3.1e-05,1898700.0
2024-05-03,SCOM,Safaricom Plc,12.15,21.15,15.85,16.0,15.95,16.0,-0.05,-3.1e-05,1483800.0
2024-05-06,SCOM,Safaricom Plc,12.15,21.15,15.7,15.95,15.75,15.95,-0.2,-0.000125,898500.0
2024-05-07,SCOM,Safaricom Plc,12.15,21.15,15.5,15.85,15.65,15.75,-0.1,-6.3e-05,5009400.0
2024-05-08,SCOM,Safaricom Plc,12.15,21.15,15.75,17.0,15.95,15.65,0.3,0.00019199999999999998,7641200.0
2024-05-09,SCOM,Safaricom Plc,12.15,21.15,16.0,17.4,16.5,15.95,0.55,0.00034500000000000004,2783300.0
2024-05-13,SCOM,Safaricom Plc,12.15,21.15,16.55,17.85,17.35,16.5,0.85,0.0005149999999999999,1325500.0
2024-05-14,SCOM,Safaricom Plc,12.15,21.15,17.05,17.75,17.35,17.35,0.0,0.0,2381100.0
2024-05-15,SCOM,Safaricom Plc,12.15,21.15,17.0,17.35,17.25,17.35,-0.1,-5.7999999999999994e-05,5723200.0
2024-05-16,SCOM,Safaricom Plc,12.15,21.15,17.0,17.35,17.25,17.25,0.0,0.0,526000.0
2024-05-17,SCOM,Safaricom Plc,12.15,21.15,17.25,17.8,17.4,17.25,0.15,8.7e-05,667900.0
2024-05-20,SCOM,Safaricom Plc,12.15,21.15,17.5,18.15,17.95,17.4,0.55,0.00031600000000000004,5743900.0
2024-05-21,SCOM,Safaricom Plc,12.15,21.15,18.0,18.45,18.3,17.95,0.35,0.000195,5896900.0
2024-05-22,SCOM,Safaricom Plc,12.15,21.15,18.4,19.05,18.9,18.3,0.6,0.000327999999999999,16527700.0
2024-05-23,SCOM,Safaricom Plc,12.15,21.15,17.85,18.7,18.0,18.9,-0.9,-0.000475999999999999,13520200.0
2024-05-24,SCOM,Safaricom Plc,12.15,21.15,17.5,18.0,17.75,18.0,-0.25,-0.000139,8426400.0
2024-05-27,SCOM,Safaricom Plc,12.15,21.15,17.7,18.0,17.8,17.75,0.05,2.8e-05,775800.0
2024-05-28,SCOM,Safaricom Plc,12.15,21.15,17.7,18.7,18.5,17.8,0.7,0.000393,30893800.0
2024-05-29,SCOM,Safaricom Plc,12.15,21.15,18.05,18.75,18.35,18.5,-0.15,-8.099999999999999e-05,18215900.0
2024-05-30,SCOM,Safaricom Plc,12.15,21.15,18.0,18.35,18.05,18.35,-0.3,-0.00016299999999999998,11478800.0
2024-05-31,SCOM,Safaricom Plc,11.5,21.15,17.85,18.2,17.9,18.05,-0.15,-8.3e-05,12864800.0
2024-06-03,SCOM,Safaricom Plc,12.15,21.15,17.95,18.5,18.0,17.9,0.1,5.6e-05,6821200.0
2024-06-04,SCOM,Safaricom Plc,12.15,21.15,18.0,18.15,18.0,18.0,0.0,0.0,3279500.0
2024-06-05,SCOM,Safaricom Plc,12.15,21.15,18.0,18.2,18.05,18.0,0.05,2.8e-05,5474800.0
2024-06-06,SCOM,Safaricom Plc,12.15,21.15,18.0,18.7,18.35,18.05,0.3,0.000166,4895200.0
2024-06-07,SCOM,Safaricom Plc,12.15,21.15,18.25,18.35,18.35,18.35,0.0,0.0,3250900.0
2024-06-10,SCOM,Safaricom Plc,12.15,21.15,18.0,18.35,18.1,18.35,-0.25,-0.000136,270300.0
2024-06-11,SCOM,Safaricom Plc,12.15,21.15,18.0,18.15,18.05,18.1,-0.05,-2.8e-05,9094600.0
2024-06-12,SCOM,Safaricom Plc,12.15,21.15,18.0,18.2,18.1,18.05,0.05,2.8e-05,8259700.0
2024-06-13,SCOM,Safaricom Plc,12.15,21.15,18.0,18.25,18.1,18.1,0.0,0.0,7702600.0
2024-06-14,SCOM,Safaricom Plc,12.15,21.15,18.1,18.35,18.2,18.1,0.1,5.4999999999999995e-05,241300.0
2024-06-18,SCOM,Safaricom Plc,12.15,21.15,18.1,18.45,18.3,18.2,0.1,5.4999999999999995e-05,1250100.0
2024-06-19,SCOM,Safaricom Plc,12.15,21.15,18.05,18.7,18.5,18.3,0.2,0.00010899999999999999,4109900.0
2024-06-20,SCOM,Safaricom Plc,12.15,21.15,18.5,18.8,18.7,18.5,0.2,0.00010800000000000001,6462600.0
2024-06-21,SCOM,Safaricom Plc,12.15,21.15,18.05,18.55,18.15,18.7,-0.55,-0.000294,3081600.0
2024-06-24,SCOM,Safaricom Plc,12.15,21.15,17.95,18.3,18.1,18.15,-0.05,-2.8e-05,2153700.0
2024-06-25,SCOM,Safaricom Plc,12.15,21.15,17.95,18.5,18.05,18.1,-0.05,-2.8e-05,2368100.0
2024-06-26,SCOM,Safaricom Plc,11.5,21.15,17.6,18.05,17.85,18.05,-0.2,-0.000111,15357100.0
2024-06-27,SCOM,Safaricom Plc,11.5,21.15,16.95,17.8,17.2,17.85,-0.65,-0.000364,3790800.0
2024-06-28,SCOM,Safaricom Plc,12.15,21.15,16.8,17.6,17.3,17.2,0.1,5.7999999999999994e-05,6538000.0
2024-07-01,SCOM,Safaricom Plc,11.5,21.15,17.3,17.8,17.45,17.3,0.15,8.7e-05,1359700.0
2024-07-02,SCOM,Safaricom Plc,11.5,21.15,17.3,17.7,17.4,17.45,-0.05,-2.8999999999999997e-05,5078000.0
2024-07-03,SCOM,Safaricom Plc,11.5,21.15,17.3,17.5,17.35,17.4,-0.05,-2.8999999999999997e-05,6918000.0
2024-07-04,SCOM,Safaricom Plc,11.5,21.15,17.1,17.8,17.2,17.35,-0.15,-8.6e-05,5027500.0
2024-07-05,SCOM,Safaricom Plc,11.5,21.15,17.1,17.5,17.3,17.2,0.1,5.7999999999999994e-05,2170700.0
2024-07-08,SCOM,Safaricom Plc,11.5,21.15,17.2,17.5,17.3,17.3,0.0,0.0,5022400.0
2024-07-09,SCOM,Safaricom Plc,11.5,21.15,17.2,17.5,17.3,17.3,0.0,0.0,2397400.0
2024-07-10,SCOM,Safaricom Plc,11.5,21.15,16.9,17.3,17.1,17.3,-0.2,-0.00011599999999999999,1644600.0
2024-07-11,SCOM,Safaricom Plc,11.5,21.15,17.0,17.2,17.05,17.1,-0.05,-2.8999999999999997e-05,6594100.0
2024-07-12,SCOM,Safaricom Plc,11.5,21.15,17.05,17.15,17.05,17.05,0.0,0.0,6048400.0
2024-07-15,SCOM,Safaricom Plc,11.5,21.15,16.95,17.15,17.0,17.05,-0.05,-2.8999999999999997e-05,11160600.0
2024-07-16,SCOM,Safaricom Plc,11.5,21.15,16.95,17.15,17.0,17.0,0.0,0.0,928800.0
2024-07-17,SCOM,Safaricom Plc,11.5,21.15,16.6,17.0,16.75,17.0,-0.25,-0.000147,1146200.0
2024-07-18,SCOM,Safaricom Plc,11.5,21.15,16.3,16.9,16.45,16.75,-0.3,-0.000179,1016500.0
2024-07-19,SCOM,Safaricom Plc,11.5,21.15,16.3,16.45,16.4,16.45,-0.05,-3e-05,432500.0
2024-07-22,SCOM,Safaricom Plc,11.5,21.15,16.2,16.45,16.2,16.4,-0.2,-0.00012199999999999901,5541900.0
2024-07-23,SCOM,Safaricom Plc,11.5,21.15,16.0,16.3,16.15,16.2,-0.05,-3.1e-05,6812200.0
2024-07-24,SCOM,Safaricom Plc,11.5,21.15,15.55,16.2,15.95,16.15,-0.2,-0.000124,5218800.0
2024-07-25,SCOM,Safaricom Plc,11.5,21.15,15.05,15.95,15.55,15.95,-0.4,-0.000250999999999999,21303400.0
2024-07-26,SCOM,Safaricom Plc,11.5,21.15,15.05,15.5,15.1,15.55,-0.45,-0.000289,25624900.0
2024-07-29,SCOM,Safaricom Plc,11.5,21.15,15.2,16.0,15.3,15.1,0.2,0.000132,3487600.0
2024-07-30,SCOM,Safaricom Plc,11.5,21.15,15.6,16.5,16.0,15.3,0.7,0.000458,5675600.0
2024-07-31,SCOM,Safaricom Plc,11.5,21.15,15.7,16.0,15.9,16.0,-0.1,-6.3e-05,883400.0
2024-08-01,SCOM,Safaricom Plc,11.5,21.15,15.1,15.8,15.35,15.9,-0.55,-0.000346,1895000.0
2024-08-02,SCOM,Safaricom Plc,11.5,21.15,14.95,15.35,15.05,15.35,-0.3,-0.000195,14638300.0
2024-08-05,SCOM,Safaricom Plc,11.5,21.15,14.2,15.0,14.4,15.05,-0.65,-0.00043200000000000004,12414600.0
2024-08-06,SCOM,Safaricom Plc,11.5,21.15,14.5,15.0,14.85,14.4,0.45,0.000313,4266600.0
2024-08-07,SCOM,Safaricom Plc,11.5,21.15,14.5,14.95,14.7,14.85,-0.15,-0.000101,3229000.0
2024-08-08,SCOM,Safaricom Plc,11.5,21.15,14.65,14.9,14.75,14.7,0.05,3.4e-05,9072900.0
2024-08-09,SCOM,Safaricom Plc,11.5,21.15,14.75,15.0,14.8,14.75,0.05,3.4e-05,1643200.0
2024-08-12,SCOM,Safaricom Plc,11.5,21.15,14.7,15.0,14.8,14.8,0.0,0.0,8245700.0
2024-08-13,SCOM,Safaricom Plc,11.5,21.15,14.55,15.0,14.65,14.8,-0.15,-0.000101,5494700.0
2024-08-14,SCOM,Safaricom Plc,11.5,21.15,14.55,14.75,14.6,14.65,-0.05,-3.4e-05,6745000.0
2024-08-15,SCOM,Safaricom Plc,11.5,21.15,14.6,15.0,14.75,14.6,0.15,0.000103,407200.0
2024-08-16,SCOM,Safaricom Plc,11.5,21.15,14.7,15.2,14.85,14.75,0.1,6.8e-05,3081800.0
2024-08-19,SCOM,Safaricom Plc,11.5,21.15,14.85,15.2,14.95,14.85,0.1,6.7e-05,9567900.0
2024-08-20,SCOM,Safaricom Plc,11.5,21.15,14.95,15.2,15.0,14.95,0.05,3.3e-05,2548300.0
2024-08-21,SCOM,Safaricom Plc,11.5,21.15,14.9,15.15,15.0,15.0,0.0,0.0,14014000.0
2024-08-22,SCOM,Safaricom Plc,11.5,21.15,15.0,15.15,15.05,15.0,0.05,3.3e-05,452900.0
2024-08-23,SCOM,Safaricom Plc,11.5,21.15,15.0,15.2,15.0,15.05,-0.05,-3.3e-05,2522800.0
2024-08-26,SCOM,Safaricom Plc,11.5,21.15,14.8,15.1,14.9,15.0,-0.1,-6.7e-05,471000.0
2024-08-27,SCOM,Safaricom Plc,11.5,21.15,14.5,14.95,14.8,14.9,-0.1,-6.7e-05,7508200.0
2024-08-28,SCOM,Safaricom Plc,11.5,21.15,14.4,14.85,14.55,14.8,-0.25,-0.000169,17813000.0
2024-08-29,SCOM,Safaricom Plc,11.5,21.15,14.4,14.75,14.5,14.55,-0.05,-3.4e-05,28426800.0
2024-08-30,SCOM,Safaricom Plc,11.5,21.15,14.4,14.9,14.5,14.5,0.0,0.0,35609800.0
2024-09-02,SCOM,Safaricom Plc,11.5,21.15,14.5,14.95,14.7,14.5,0.2,0.000138,7264400.0
2024-09-03,SCOM,Safaricom Plc,11.5,21.15,14.5,15.0,14.7,14.7,0.0,0.0,14355600.0
2024-09-04,SCOM,Safaricom Plc,11.5,21.15,14.5,15.0,14.7,14.7,0.0,0.0,17825000.0
2024-09-05,SCOM,Safaricom Plc,11.5,21.15,14.75,14.9,14.9,14.7,0.2,0.000136,8917300.0
2024-09-06,SCOM,Safaricom Plc,11.5,21.15,14.7,15.0,14.8,14.9,-0.1,-6.7e-05,1949200.0
2024-09-09,SCOM,Safaricom Plc,11.5,21.15,14.7,15.0,14.85,14.8,0.05,3.4e-05,590600.0
2024-09-10,SCOM,Safaricom Plc,11.5,21.15,14.9,15.65,15.15,14.85,0.3,0.000202,1208200.0
2024-09-11,SCOM,Safaricom Plc,11.5,21.15,15.2,15.5,15.3,15.15,0.15,9.8999999999999e-05,11419000.0
2024-09-12,SCOM,Safaricom Plc,11.5,21.15,14.9,15.45,15.0,15.3,-0.3,-0.000196,1594100.0
2024-09-13,SCOM,Safaricom Plc,11.5,21.15,15.0,15.5,15.3,15.0,0.3,0.0002,164300.0
2024-09-16,SCOM,Safaricom Plc,11.5,21.15,15.05,15.55,15.45,15.3,0.15,9.8e-05,924500.0
2024-09-17,SCOM,Safaricom Plc,11.5,21.15,15.2,15.5,15.3,15.45,-0.15,-9.7e-05,3420600.0
2024-09-18,SCOM,Safaricom Plc,11.5,21.15,15.1,15.4,15.25,15.3,-0.05,-3.3e-05,12453100.0
2024-09-19,SCOM,Safaricom Plc,11.5,21.15,15.1,15.3,15.2,15.25,-0.05,-3.3e-05,724800.0
2024-09-20,SCOM,Safaricom Plc,11.5,21.15,14.9,15.25,15.0,15.2,-0.2,-0.000132,5714000.0
2024-09-23,SCOM,Safaricom Plc,11.5,21.15,14.95,15.3,15.0,15.0,0.0,0.0,1872100.0
2024-09-24,SCOM,Safaricom Plc,11.5,21.15,14.95,15.2,15.0,15.0,0.0,0.0,1335400.0
2024-09-25,SCOM,Safaricom Plc,11.5,21.15,14.95,15.2,15.1,15.0,0.1,6.7e-05,4168900.0
2024-09-26,SCOM,Safaricom Plc,11.5,21.15,15.0,15.1,15.05,15.1,-0.05,-3.3e-05,306900.0
2024-09-27,SCOM,Safaricom Plc,11.5,21.15,14.95,15.1,15.05,15.05,0.0,0.0,586100.0
2024-09-30,SCOM,Safaricom Plc,11.5,21.15,14.95,15.1,15.0,15.05,-0.05,-3.3e-05,320700.0
2024-10-01,SCOM,Safaricom Plc,11.5,21.15,14.95,15.0,15.0,15.0,0.0,0.0,7388400.0
2024-10-02,SCOM,Safaricom Plc,12.15,21.15,14.9,15.1,15.0,15.0,0.0,0.0,26384900.0
2024-10-03,SCOM,Safaricom Plc,12.15,21.15,14.95,15.1,15.0,15.0,0.0,0.0,2825600.0
2024-10-04,SCOM,Safaricom Plc,12.15,21.15,14.95,15.1,15.0,15.0,0.0,0.0,227400.0
2024-10-07,SCOM,Safaricom Plc,12.15,21.15,14.9,15.0,14.95,15.0,-0.05,-3.3e-05,5648100.0
2024-10-08,SCOM,Safaricom Plc,12.15,21.15,14.85,15.0,14.9,14.95,-0.05,-3.3e-05,423000.0
2024-10-09,SCOM,Safaricom Plc,11.5,21.15,14.9,15.3,15.0,14.9,0.1,6.7e-05,10071400.0
2024-10-11,SCOM,Safaricom Plc,11.5,21.15,15.0,15.5,15.3,15.0,0.3,0.0002,14669600.0
2024-10-14,SCOM,Safaricom Plc,11.5,21.15,15.2,15.95,15.5,15.3,0.2,0.000131,432500.0
2024-10-15,SCOM,Safaricom Plc,11.5,21.15,15.2,15.5,15.35,15.5,-0.15,-9.7e-05,224900.0
2024-10-16,SCOM,Safaricom Plc,11.5,21.15,15.4,15.6,15.55,15.35,0.2,0.00013,693300.0
2024-10-17,SCOM,Safaricom Plc,11.5,21.15,15.4,15.95,15.55,15.55,0.0,0.0,5660600.0
2024-10-18,SCOM,Safaricom Plc,11.5,21.15,15.5,16.3,15.85,15.55,0.3,0.000192999999999999,477000.0
2024-10-22,SCOM,Safaricom Plc,11.5,21.15,15.6,16.15,15.85,15.85,0.0,0.0,22586600.0
2024-10-23,SCOM,Safaricom Plc,11.5,21.15,15.9,16.25,16.15,15.85,0.3,0.000189,4846200.0
2024-10-24,SCOM,Safaricom Plc,11.5,21.15,15.6,16.3,16.15,16.15,0.0,0.0,4563000.0
2024-10-25,SCOM,Safaricom Plc,11.5,21.15,16.1,16.7,16.5,16.15,0.35,0.00021700000000000002,4796700.0
2024-10-28,SCOM,Safaricom Plc,11.5,21.15,16.5,17.0,16.75,16.5,0.25,0.000152,3931300.0
2024-10-29,SCOM,Safaricom Plc,11.5,21.15,16.9,17.65,17.4,16.75,0.65,0.000388,12200600.0
2024-10-30,SCOM,Safaricom Plc,11.5,21.15,16.85,17.5,17.35,17.4,-0.05,-2.8999999999999997e-05,8426900.0
2024-10-31,SCOM,Safaricom Plc,11.5,21.15,16.5,17.2,16.75,17.35,-0.6,-0.000346,2409300.0
2024-11-04,SCOM,Safaricom Plc,11.5,21.15,16.25,16.8,16.7,16.75,-0.05,-3e-05,5049800.0
2024-11-05,SCOM,Safaricom Plc,11.5,21.15,16.3,16.7,16.45,16.7,-0.25,-0.00015,1548000.0
2024-11-06,SCOM,Safaricom Plc,11.8,21.15,16.2,16.45,16.35,16.45,-0.1,-6.0999999999998996e-05,868700.0
2024-11-07,SCOM,Safaricom Plc,12.15,21.15,15.1,16.5,15.7,16.35,-0.65,-0.000398,10478000.0
2024-11-08,SCOM,Safaricom Plc,12.15,21.15,15.5,15.9,15.65,15.7,-0.05,-3.2e-05,3815500.0
2024-11-11,SCOM,Safaricom Plc,12.95,21.15,15.15,15.7,15.4,15.65,-0.25,-0.00016,675500.0
2024-11-12,SCOM,Safaricom Plc,12.95,21.15,15.2,15.5,15.3,15.4,-0.1,-6.5e-05,5287200.0
2024-11-13,SCOM,Safaricom Plc,12.95,21.15,15.2,15.5,15.3,15.3,0.0,0.0,2990000.0
2024-11-14,SCOM,Safaricom Plc,12.95,21.15,15.15,15.5,15.25,15.3,-0.05,-3.3e-05,3024300.0
2024-11-15,SCOM,Safaricom Plc,12.95,21.15,15.1,15.3,15.15,15.25,-0.1,-6.6e-05,2598600.0
2024-11-18,SCOM,Safaricom Plc,12.95,21.15,14.9,15.25,15.0,15.15,-0.15,-9.8999999999999e-05,2583000.0
2024-11-19,SCOM,Safaricom Plc,12.95,21.15,14.5,15.0,14.9,15.0,-0.1,-6.7e-05,12136100.0
2024-11-20,SCOM,Safaricom Plc,12.95,21.15,14.6,15.0,14.8,14.9,-0.1,-6.7e-05,3811100.0
2024-11-21,SCOM,Safaricom Plc,12.95,21.15,14.85,15.3,14.9,14.8,0.1,6.8e-05,8231600.0
2024-11-22,SCOM,Safaricom Plc,12.95,21.15,14.85,15.0,14.9,14.9,0.0,0.0,10138100.0
2024-11-25,SCOM,Safaricom Plc,12.95,21.15,14.7,15.0,14.85,14.9,-0.05,-3.4e-05,17256100.0
2024-11-26,SCOM,Safaricom Plc,12.95,21.15,14.55,14.85,14.65,14.85,-0.2,-0.000135,11698000.0
2024-11-27,SCOM,Safaricom Plc,12.95,21.15,14.1,14.7,14.4,14.65,-0.25,-0.000171,7534300.0
2024-11-28,SCOM,Safaricom Plc,12.95,21.15,14.2,15.0,14.4,14.4,0.0,0.0,53244400.0
2024-11-29,SCOM,Safaricom Plc,12.95,21.15,14.55,15.7,15.0,14.4,0.6,0.000417,6528500.0
2024-12-02,SCOM,Safaricom Plc,12.95,21.15,15.15,15.8,15.35,15.0,0.35,0.00023300000000000003,13041100.0
2024-12-03,SCOM,Safaricom Plc,12.95,21.15,15.1,15.5,15.25,15.35,-0.1,-6.5e-05,7372900.0
2024-12-04,SCOM,Safaricom Plc,12.95,21.15,15.1,15.65,15.4,15.25,0.15,9.8e-05,1694500.0
2024-12-05,SCOM,Safaricom Plc,12.95,21.15,15.4,16.05,15.95,15.4,0.55,0.000356999999999999,8256100.0
2024-12-06,SCOM,Safaricom Plc,12.95,21.15,15.6,16.65,16.25,15.95,0.3,0.000187999999999999,1157400.0
2024-12-09,SCOM,Safaricom Plc,12.95,21.15,16.25,16.7,16.55,16.25,0.3,0.000185,2266500.0
2024-12-10,SCOM,Safaricom Plc,12.95,21.15,16.65,17.95,17.6,16.55,1.05,0.000634,31627500.0
2024-12-11,SCOM,Safaricom Plc,12.95,21.15,16.6,17.5,17.0,17.6,-0.6,-0.000341,45870800.0
2024-12-13,SCOM,Safaricom Plc,12.95,21.15,16.25,17.2,17.0,17.0,0.0,0.0,4285900.0
2024-12-16,SCOM,Safaricom Plc,12.95,21.15,17.0,17.3,17.1,17.0,0.1,5.9e-05,1990100.0
2024-12-17,SCOM,Safaricom Plc,12.95,21.15,17.1,17.5,17.25,17.1,0.15,8.800000000000001e-05,1474800.0
2024-12-18,SCOM,Safaricom Plc,12.95,21.15,17.25,17.7,17.6,17.25,0.35,0.00020299999999999997,13539600.0
2024-12-19,SCOM,Safaricom Plc,12.95,21.15,17.45,17.7,17.6,17.6,0.0,0.0,17685600.0
2024-12-20,SCOM,Safaricom Plc,12.95,21.15,17.4,17.7,17.6,17.6,0.0,0.0,15607800.0
2024-12-23,SCOM,Safaricom Plc,12.95,21.15,17.15,17.7,17.5,17.6,-0.1,-5.6999999999998993e-05,195000.0
2024-12-24,SCOM,Safaricom Plc,12.95,21.15,17.05,17.5,17.2,17.5,-0.3,-0.000171,169800.0
2024-12-27,SCOM,Safaricom Plc,12.95,21.15,17.05,17.5,17.1,17.2,-0.1,-5.7999999999999994e-05,283900.0
2024-12-30,SCOM,Safaricom Plc,12.95,21.15,17.05,17.5,17.15,17.1,0.05,2.8999999999999997e-05,935100.0
2024-12-31,SCOM,Safaricom Plc,12.95,21.15,17.0,17.35,17.05,17.15,-0.1,-5.7999999999999994e-05,1243600.0
