DATE,CODE,NAME,12m Low,12m High,Day Low,Day High,Day Price,Previous,Change,Change%,Volume,Adjust
2013-01-02,KCB,KCB Group Plc,33.75,55.5,30,30.5,30.25,29.75,0.5,1.68%,"144,500",-
2013-01-03,KCB,KCB Group Plc,33.75,55.5,30.25,31.5,31,30.25,0.75,2.48%,"790,400",-
2013-01-04,KCB,KCB Group Plc,33.75,55.5,31,31.5,31,31,-,-,"5,264,700",-
2013-01-07,KCB,KCB Group Plc,33.75,55.5,30.25,31.5,31,31,-,-,"2,037,700",-
2013-01-08,KCB,KCB Group Plc,33.75,55.5,30.25,31.25,31,31,-,-,"637,600",-
2013-01-09,KCB,KCB Group Plc,33.75,55.5,31,32,31.25,31,0.25,0.81%,"1,659,000",-
2013-01-10,KCB,KCB Group Plc,33.75,55.5,31.5,32.25,31.75,31.25,0.5,1.60%,"1,527,700",-
2013-01-11,KCB,KCB Group Plc,33.75,55.5,31.5,33.25,32.75,31.75,1,3.15%,"3,564,900",-
2013-01-14,KCB,KCB Group Plc,33.75,55.5,33,35,33.25,32.75,0.5,1.53%,"447,800",-
2013-01-15,KCB,KCB Group Plc,33.75,55.5,33.5,35,34.25,33.25,1,3.01%,"1,116,600",-
2013-01-16,KCB,KCB Group Plc,33.75,55.5,33.25,35,34.5,34.25,0.25,0.73%,"2,421,500",-
2013-01-17,KCB,KCB Group Plc,33.75,55.5,31.75,34,32.75,34.5,-1.75,5.07%,"681,200",-
2013-01-18,KCB,KCB Group Plc,33.75,55.5,32.5,33.25,32.75,32.75,-,-,"896,500",-
2013-01-21,KCB,KCB Group Plc,33.75,55.5,32.75,33.25,32.75,32.75,-,-,"964,600",-
2013-01-22,KCB,KCB Group Plc,33.75,55.5,33,33.5,33,32.75,0.25,0.76%,"2,667,500",-
2013-01-23,KCB,KCB Group Plc,33.75,55.5,32.75,33.25,33,33,-,-,"703,600",-
2013-01-24,KCB,KCB Group Plc,33.75,55.5,32.75,33.25,32.75,33,-0.25,0.76%,"660,900",-
2013-01-25,KCB,KCB Group Plc,33.75,55.5,33,33.5,33.25,32.75,0.5,1.53%,"791,900",-
2013-01-28,KCB,KCB Group Plc,33.75,55.5,33.25,34,33.5,33.25,0.25,0.75%,"732,500",-
2013-01-29,KCB,KCB Group Plc,33.75,55.5,33.5,34,33.5,33.5,-,-,"1,282,800",-
2013-01-30,KCB,KCB Group Plc,33.75,55.5,33.5,34,33.5,33.5,-,-,"2,921,700",-
2013-01-31,KCB,KCB Group Plc,33.75,55.5,33.5,33.75,33.5,33.5,-,-,"2,170,700",-
2013-02-01,KCB,KCB Group Plc,33.75,55.5,33.5,34,33.5,33.5,-,-,"4,395,100",-
2013-02-04,KCB,KCB Group Plc,33.75,55.5,33.75,34,33.75,33.5,0.25,0.75%,"432,500",-
2013-02-05,KCB,KCB Group Plc,33.75,55.5,33.75,34.5,34.25,33.75,0.5,1.48%,"346,700",-
2013-02-06,KCB,KCB Group Plc,33.75,55.5,34.25,35,34.75,34.25,0.5,1.46%,"4,716,400",-
2013-02-07,KCB,KCB Group Plc,33.75,55.5,34.75,35.5,34.75,34.75,-,-,"16,468,500",-
2013-02-08,KCB,KCB Group Plc,33.75,55.5,35,36,35.5,34.75,0.75,2.16%,"1,472,500",-
2013-02-11,KCB,KCB Group Plc,33.75,55.5,35.75,37.5,36.75,35.5,1.25,3.52%,"2,248,800",-
2013-02-12,KCB,KCB Group Plc,33.75,55.5,37,39,38.25,36.75,1.5,4.08%,"996,000",-
2013-02-13,KCB,KCB Group Plc,33.75,55.5,38.25,39,38.5,38.25,0.25,0.65%,"1,746,800",-
2013-02-14,KCB,KCB Group Plc,33.75,55.5,36,38.25,37,38.5,-1.5,3.90%,"4,161,300",-
2013-02-15,KCB,KCB Group Plc,33.75,55.5,36.5,38,37,37,-,-,"1,820,800",-
2013-02-18,KCB,KCB Group Plc,33.75,55.5,37,38,37.25,37,0.25,0.68%,"5,277,600",-
2013-02-19,KCB,KCB Group Plc,33.75,55.5,36.25,37.5,36.75,37.25,-0.5,1.34%,"2,303,900",-
2013-02-20,KCB,KCB Group Plc,33.75,55.5,35.5,37,36.5,36.75,-0.25,0.68%,"1,647,300",-
2013-02-21,KCB,KCB Group Plc,33.75,55.5,35.75,36.75,36.25,36.5,-0.25,0.68%,"2,615,400",-
2013-02-22,KCB,KCB Group Plc,33.75,55.5,36.25,36.75,36.5,36.25,0.25,0.69%,"1,242,000",-
2013-02-25,KCB,KCB Group Plc,33.75,55.5,36.5,38.5,37,36.5,0.5,1.37%,"3,253,900",-
2013-02-26,KCB,KCB Group Plc,33.75,55.5,38.5,39.5,39.25,37,2.25,6.08%,"8,451,400",-
2013-02-27,KCB,KCB Group Plc,33.75,55.5,37.25,39,38.5,39.25,-0.75,1.91%,"1,038,200",-
2013-02-28,KCB,KCB Group Plc,33.75,55.5,37.5,38.75,38.25,38.5,-0.25,0.65%,"348,100",-
2013-03-01,KCB,KCB Group Plc,33.75,55.5,35,37.5,35.75,38.25,-2.5,6.54%,"9,172,100",-
2013-03-05,KCB,KCB Group Plc,33.75,55.5,35.5,36,35.5,35.75,-0.25,0.70%,"971,600",-
2013-03-06,KCB,KCB Group Plc,33.75,55.5,35.5,36,35.5,35.5,-,-,"2,775,300",-
2013-03-07,KCB,KCB Group Plc,33.75,55.5,35.75,37.5,36,35.5,0.5,1.41%,"926,100",-
2013-03-08,KCB,KCB Group Plc,33.75,55.5,37.5,38.5,38.25,36,2.25,6.25%,"738,400",-
2013-03-11,KCB,KCB Group Plc,33.75,55.5,38,40,39.5,38.25,1.25,3.27%,"2,533,300",-
2013-03-12,KCB,KCB Group Plc,33.75,55.5,39.25,42,40.25,39.5,0.75,1.90%,"2,119,100",-
2013-03-13,KCB,KCB Group Plc,33.75,55.5,39.5,40,39.75,40.25,-0.5,1.24%,"3,323,600",-
2013-03-14,KCB,KCB Group Plc,33.75,55.5,39,39.75,39.25,39.75,-0.5,1.26%,"3,188,000",-
2013-03-15,KCB,KCB Group Plc,33.75,55.5,38,39.25,38.5,39.25,-0.75,1.91%,"1,750,400",-
2013-03-18,KCB,KCB Group Plc,33.75,55.5,38.25,39.25,38.5,38.5,-,-,"451,400",-
2013-03-19,KCB,KCB Group Plc,33.75,55.5,38.5,39,38.75,38.5,0.25,0.65%,"1,208,400",-
2013-03-20,KCB,KCB Group Plc,33.75,55.5,38.25,39,38.5,38.75,-0.25,0.65%,"704,700",-
2013-03-21,KCB,KCB Group Plc,33.75,55.5,38.25,38.75,38.5,38.5,-,-,"1,049,500",-
2013-03-22,KCB,KCB Group Plc,33.75,55.5,38,38.75,38.5,38.5,-,-,"848,300",-
2013-03-25,KCB,KCB Group Plc,33.75,55.5,38.5,39.5,39,38.5,0.5,1.30%,"5,522,600",-
2013-03-26,KCB,KCB Group Plc,33.75,55.5,39.25,40.25,40,39,1,2.56%,"687,600",-
2013-03-27,KCB,KCB Group Plc,33.75,55.5,40,41.75,40.75,40,0.75,1.88%,"6,146,800",-
2013-03-28,KCB,KCB Group Plc,33.75,55.5,41,41.75,41.5,40.75,0.75,1.84%,"1,184,000",-
2013-04-02,KCB,KCB Group Plc,33.75,55.5,41.75,44,42.5,41.5,1,2.41%,"2,609,200",-
2013-04-03,KCB,KCB Group Plc,33.75,55.5,42,42.5,42,42.5,-0.5,1.18%,"2,096,100",-
2013-04-04,KCB,KCB Group Plc,33.75,55.5,42.25,42.75,42.25,42,0.25,0.60%,"1,630,000",-
2013-04-05,KCB,KCB Group Plc,33.75,55.5,42.25,42.75,42.5,42.25,0.25,0.59%,"1,061,900",-
2013-04-08,KCB,KCB Group Plc,33.75,55.5,41.75,42.75,42.25,42.5,-0.25,0.59%,"338,300",-
2013-04-10,KCB,KCB Group Plc,33.75,55.5,41.75,42.75,42.25,42.25,-,-,"806,900",-
2013-04-11,KCB,KCB Group Plc,33.75,55.5,42,42.75,42.25,42.25,-,-,"1,520,500",-
2013-04-12,KCB,KCB Group Plc,33.75,55.5,42,42.5,42,42.25,-0.25,0.59%,"2,160,600",-
2013-04-15,KCB,KCB Group Plc,33.75,55.5,42,42.5,42,42,-,-,"399,600",-
2013-04-16,KCB,KCB Group Plc,33.75,55.5,41.75,42.5,42,42,-,-,"2,654,700",-
2013-04-17,KCB,KCB Group Plc,33.75,55.5,41.25,42,41.75,42,-0.25,0.60%,"9,715,100",-
2013-04-18,KCB,KCB Group Plc,33.75,55.5,40,41.75,41,41.75,-0.75,1.80%,"5,338,300",-
2013-04-19,KCB,KCB Group Plc,33.75,55.5,40.25,41.25,40.75,41,-0.25,0.61%,"230,500",-
2013-04-22,KCB,KCB Group Plc,33.75,55.5,39.75,41,40.5,40.75,-0.25,0.61%,"355,500",-
2013-04-23,KCB,KCB Group Plc,33.75,55.5,40.5,41,40.75,40.5,0.25,0.62%,"1,220,300",-
2013-04-24,KCB,KCB Group Plc,33.75,55.5,40.5,42,41.75,40.75,1,2.45%,"2,844,000",-
2013-04-25,KCB,KCB Group Plc,33.75,55.5,41,42,41.5,41.75,-0.25,0.60%,"1,352,200",-
2013-04-26,KCB,KCB Group Plc,33.75,55.5,41.5,41.75,41.5,41.5,-,-,"545,100",-
2013-04-29,KCB,KCB Group Plc,33.75,55.5,41.5,41.75,41.5,41.5,-,-,"485,700",-
2013-04-30,KCB,KCB Group Plc,33.75,55.5,41.5,42.5,42,41.5,0.5,1.20%,"6,183,300",-
2013-05-02,KCB,KCB Group Plc,33.75,55.5,41.75,42.5,42,42,-,-,"8,871,700",-
2013-05-03,KCB,KCB Group Plc,33.75,55.5,41.75,42.5,42,42,-,-,"1,229,500",-
2013-05-06,KCB,KCB Group Plc,33.75,55.5,41.75,42.75,42.25,42,0.25,0.60%,"4,541,500",-
2013-05-07,KCB,KCB Group Plc,33.75,55.5,41.75,42.75,42.25,42.25,-,-,"9,702,500",-
2013-05-08,KCB,KCB Group Plc,33.75,55.5,42.5,43.25,42.75,42.25,0.5,1.18%,"2,210,200",-
2013-05-09,KCB,KCB Group Plc,33.75,55.5,42.5,43.5,43,42.75,0.25,0.58%,"530,300",-
2013-05-10,KCB,KCB Group Plc,33.75,55.5,42.75,43.5,43,43,-,-,"1,752,500",-
2013-05-13,KCB,KCB Group Plc,33.75,55.5,42,43,42.75,43,-0.25,0.58%,"2,436,500",-
2013-05-14,KCB,KCB Group Plc,33.75,55.5,39,41,40.5,42.75,-2.25,5.26%,"3,191,300",-
2013-05-15,KCB,KCB Group Plc,33.75,55.5,40.5,41.75,41.25,40.5,0.75,1.85%,"4,338,200",-
2013-05-16,KCB,KCB Group Plc,33.75,55.5,41,41.5,41,41.25,-0.25,0.61%,"3,799,000",-
2013-05-17,KCB,KCB Group Plc,33.75,55.5,41,41.75,41.25,41,0.25,0.61%,"2,287,900",-
2013-05-20,KCB,KCB Group Plc,33.75,55.5,41.25,41.75,41.25,41.25,-,-,"124,400",-
2013-05-21,KCB,KCB Group Plc,33.75,55.5,41.25,42,41.5,41.25,0.25,0.61%,"5,304,400",-
2013-05-22,KCB,KCB Group Plc,33.75,55.5,41.5,42.25,41.75,41.5,0.25,0.60%,"901,800",-
2013-05-23,KCB,KCB Group Plc,33.75,55.5,41.75,42.25,42,41.75,0.25,0.60%,"963,200",-
2013-05-24,KCB,KCB Group Plc,33.75,55.5,41.5,42.5,41.75,42,-0.25,0.60%,"928,700",-
2013-05-27,KCB,KCB Group Plc,33.75,55.5,41.25,42,41.25,41.75,-0.5,1.20%,"1,518,700",-
2013-05-28,KCB,KCB Group Plc,33.75,55.5,41.25,42.75,41.75,41.25,0.5,1.21%,"1,272,600",-
2013-05-29,KCB,KCB Group Plc,33.75,55.5,41.75,42.5,42,41.75,0.25,0.60%,"2,008,100",-
2013-05-30,KCB,KCB Group Plc,33.75,55.5,41.75,42.25,41.75,42,-0.25,0.60%,"1,459,200",-
2013-05-31,KCB,KCB Group Plc,33.75,55.5,41.25,42,41.5,41.75,-0.25,0.60%,"3,477,300",-
2013-06-03,KCB,KCB Group Plc,33.75,55.5,41,41.75,41,41.5,-0.5,1.20%,"3,127,200",-
2013-06-04,KCB,KCB Group Plc,33.75,55.5,41.25,41.75,41.25,41,0.25,0.61%,"4,021,600",-
2013-06-05,KCB,KCB Group Plc,33.75,55.5,41.25,41.75,41.5,41.25,0.25,0.61%,"2,453,700",-
2013-06-06,KCB,KCB Group Plc,33.75,55.5,41.25,41.75,41.25,41.5,-0.25,0.60%,"1,682,600",-
2013-06-07,KCB,KCB Group Plc,33.75,55.5,40,41.5,41,41.25,-0.25,0.61%,"2,904,400",-
2013-06-10,KCB,KCB Group Plc,33.75,55.5,40,41,40.5,41,-0.5,1.22%,"611,500",-
2013-06-11,KCB,KCB Group Plc,33.75,55.5,40,41,40.5,40.5,-,-,"1,354,100",-
2013-06-12,KCB,KCB Group Plc,33.75,55.5,39,40.5,39.75,40.5,-0.75,1.85%,"1,001,500",-
2013-06-13,KCB,KCB Group Plc,33.75,55.5,38,40,39,39.75,-0.75,1.89%,"1,279,600",-
2013-06-14,KCB,KCB Group Plc,33.75,55.5,37.75,39,38.25,39,-0.75,1.92%,"1,206,300",-
2013-06-17,KCB,KCB Group Plc,33.75,55.5,36.5,38.25,37.25,38.25,-1,2.61%,"639,500",-
2013-06-18,KCB,KCB Group Plc,33.75,55.5,35.5,37,36.25,37.25,-1,2.68%,"1,152,700",-
2013-06-19,KCB,KCB Group Plc,33.75,55.5,36.25,38.25,37.5,36.25,1.25,3.45%,"4,049,400",-
2013-06-20,KCB,KCB Group Plc,33.75,55.5,38,39.25,38.75,37.5,1.25,3.33%,"4,250,000",-
2013-06-21,KCB,KCB Group Plc,33.75,55.5,38.5,39.25,38.75,38.75,-,-,"1,488,400",-
2013-06-24,KCB,KCB Group Plc,33.75,55.5,37,38.75,37.5,38.75,-1.25,3.23%,"4,779,400",-
2013-06-25,KCB,KCB Group Plc,33.75,55.5,36.5,37.25,36.5,37.5,-1,2.67%,"2,888,400",-
2013-06-26,KCB,KCB Group Plc,33.75,55.5,36.75,37.5,36.75,36.5,0.25,0.68%,"3,819,600",-
2013-06-27,KCB,KCB Group Plc,33.75,55.5,36.75,37.25,36.75,36.75,-,-,"3,662,000",-
2013-06-28,KCB,KCB Group Plc,33.75,55.5,36.75,37.5,37,36.75,0.25,0.68%,"744,700",-
2013-07-01,KCB,KCB Group Plc,33.75,55.5,36.75,37.75,37.25,37,0.25,0.68%,"1,966,100",-
2013-07-02,KCB,KCB Group Plc,33.75,55.5,37,38,37.5,37.25,0.25,0.67%,"1,885,700",-
2013-07-03,KCB,KCB Group Plc,33.75,55.5,37.25,38,37.5,37.5,-,-,"919,300",-
2013-07-04,KCB,KCB Group Plc,33.75,55.5,37.75,39,38,37.5,0.5,1.33%,"137,000",-
2013-07-05,KCB,KCB Group Plc,33.75,55.5,38,38.75,38.25,38,0.25,0.66%,"823,800",-
2013-07-08,KCB,KCB Group Plc,33.75,55.5,38.25,39.75,39.25,38.25,1,2.61%,"2,052,500",-
2013-07-09,KCB,KCB Group Plc,33.75,55.5,39,40,39.75,39.25,0.5,1.27%,"368,300",-
2013-07-10,KCB,KCB Group Plc,33.75,55.5,39.75,41,40.25,39.75,0.5,1.26%,"537,900",-
2013-07-11,KCB,KCB Group Plc,33.75,55.5,40.25,41,40.5,40.25,0.25,0.62%,"633,900",-
2013-07-12,KCB,KCB Group Plc,33.75,55.5,40.5,41,40.5,40.5,-,-,"2,444,000",-
2013-07-15,KCB,KCB Group Plc,33.75,55.5,40.5,40.75,40.5,40.5,-,-,"1,263,500",-
2013-07-16,KCB,KCB Group Plc,33.75,55.5,40.25,41.25,40.75,40.5,0.25,0.62%,"877,000",-
2013-07-17,KCB,KCB Group Plc,33.75,55.5,40.75,42,41.25,40.75,0.5,1.23%,"2,289,000",-
2013-07-18,KCB,KCB Group Plc,33.75,55.5,41.25,42.25,41.75,41.25,0.5,1.21%,"1,059,500",-
2013-07-19,KCB,KCB Group Plc,33.75,55.5,41.75,42.25,42,41.75,0.25,0.60%,"994,100",-
2013-07-22,KCB,KCB Group Plc,33.75,55.5,42,42.25,42,42,-,-,"262,900",-
2013-07-23,KCB,KCB Group Plc,33.75,55.5,41.75,42.25,42,42,-,-,"921,700",-
2013-07-24,KCB,KCB Group Plc,33.75,55.5,41.25,42.75,42.5,42,0.5,1.19%,"4,405,400",-
2013-07-25,KCB,KCB Group Plc,33.75,55.5,41.75,42.5,42.25,42.5,-0.25,0.59%,"775,600",-
2013-07-26,KCB,KCB Group Plc,33.75,55.5,42.25,43,42.5,42.25,0.25,0.59%,"399,300",-
2013-07-29,KCB,KCB Group Plc,33.75,55.5,42.25,43,42.75,42.5,0.25,0.59%,"929,000",-
2013-07-30,KCB,KCB Group Plc,33.75,55.5,42.5,43.75,43,42.75,0.25,0.58%,"2,302,700",-
2013-07-31,KCB,KCB Group Plc,33.75,55.5,42.5,43.25,42.75,43,-0.25,0.58%,"2,470,100",-
2013-08-01,KCB,KCB Group Plc,33.75,55.5,42.5,42.75,42.5,42.75,-0.25,0.58%,"855,700",-
2013-08-02,KCB,KCB Group Plc,33.75,55.5,42.25,43,42.5,42.5,-,-,"1,703,400",-
2013-08-05,KCB,KCB Group Plc,33.75,55.5,42.25,43.25,42.75,42.5,0.25,0.59%,"1,526,200",-
2013-08-06,KCB,KCB Group Plc,33.75,55.5,42.5,43.5,43.25,42.75,0.5,1.17%,"2,268,000",-
2013-08-07,KCB,KCB Group Plc,33.75,55.5,43,44,43.75,43.25,0.5,1.16%,"2,249,400",-
2013-08-08,KCB,KCB Group Plc,33.75,55.5,43.5,44.25,43.75,43.75,-,-,"3,282,500",-
2013-08-12,KCB,KCB Group Plc,33.75,55.5,44,44.5,44.25,43.75,0.5,1.14%,"425,500",-
2013-08-13,KCB,KCB Group Plc,33.75,55.5,44,44.5,44.25,44.25,-,-,"1,869,300",-
2013-08-14,KCB,KCB Group Plc,33.75,55.5,44,44.75,44.25,44.25,-,-,"686,600",-
2013-08-15,KCB,KCB Group Plc,33.75,55.5,44,44.75,44.25,44.25,-,-,"482,900",-
2013-08-16,KCB,KCB Group Plc,33.75,55.5,44.25,45.5,45,44.25,0.75,1.69%,"11,195,700",-
2013-08-19,KCB,KCB Group Plc,33.75,55.5,44.25,45.5,44.75,45,-0.25,0.56%,"2,997,900",-
2013-08-20,KCB,KCB Group Plc,33.75,55.5,44.75,45.5,44.75,44.75,-,-,"925,200",-
2013-08-21,KCB,KCB Group Plc,33.75,55.5,44.5,45,44.75,44.75,-,-,"6,030,700",-
2013-08-22,KCB,KCB Group Plc,33.75,55.5,44.75,45,44.75,44.75,-,-,"5,259,300",-
2013-08-23,KCB,KCB Group Plc,33.75,55.5,44.75,45.5,45,44.75,0.25,0.56%,"2,004,000",-
2013-08-26,KCB,KCB Group Plc,33.75,55.5,44.5,45.25,44.75,45,-0.25,0.56%,"2,014,200",-
2013-08-27,KCB,KCB Group Plc,33.75,55.5,43.75,45,44.5,44.75,-0.25,0.56%,"954,800",-
2013-08-28,KCB,KCB Group Plc,33.75,55.5,42.5,44,43,44.5,-1.5,3.37%,"2,263,200",-
2013-08-29,KCB,KCB Group Plc,33.75,55.5,42.25,43,42.75,43,-0.25,0.58%,"4,342,900",-
2013-08-30,KCB,KCB Group Plc,33.75,55.5,41.25,42.75,42,42.75,-0.75,1.75%,"2,830,000",-
2013-09-02,KCB,KCB Group Plc,33.75,55.5,41.75,42.25,42,42,-,-,"791,400",-
2013-09-03,KCB,KCB Group Plc,33.75,55.5,42,42.75,42.25,42,0.25,0.60%,"1,114,000",-
2013-09-04,KCB,KCB Group Plc,33.75,55.5,42.5,45,43,42.25,0.75,1.78%,"462,200",-
2013-09-05,KCB,KCB Group Plc,33.75,55.5,43,45.5,45,43,2,4.65%,"2,890,000",-
2013-09-06,KCB,KCB Group Plc,33.75,55.5,45,46,45,45,-,-,"757,900",-
2013-09-09,KCB,KCB Group Plc,33.75,55.5,44.25,45.25,45,45,-,-,"492,100",-
2013-09-10,KCB,KCB Group Plc,33.75,55.5,44.25,45.25,44.75,45,-0.25,0.56%,"468,000",-
2013-09-11,KCB,KCB Group Plc,33.75,55.5,44,44.75,44.25,44.75,-0.5,1.12%,"1,858,100",-
2013-09-12,KCB,KCB Group Plc,33.75,55.5,43.5,44.25,44,44.25,-0.25,0.56%,"1,960,500",-
2013-09-13,KCB,KCB Group Plc,33.75,55.5,44,44.5,44,44,-,-,"446,700",-
2013-09-16,KCB,KCB Group Plc,33.75,55.5,44,44.75,44.25,44,0.25,0.57%,"121,900",-
2013-09-17,KCB,KCB Group Plc,33.75,55.5,44.25,45,44.75,44.25,0.5,1.13%,"2,522,900",-
2013-09-18,KCB,KCB Group Plc,33.75,55.5,44.5,44.75,44.5,44.75,-0.25,0.56%,"288,700",-
2013-09-19,KCB,KCB Group Plc,33.75,55.5,44.5,45.25,45,44.5,0.5,1.12%,"872,500",-
2013-09-20,KCB,KCB Group Plc,33.75,55.5,44.5,47,45,45,-,-,"428,300",-
2013-09-23,KCB,KCB Group Plc,33.75,55.5,44.75,45,44.75,45,-0.25,0.56%,"416,700",-
2013-09-24,KCB,KCB Group Plc,33.75,55.5,44.5,45.75,45,44.75,0.25,0.56%,"643,300",-
2013-09-25,KCB,KCB Group Plc,33.75,55.5,45,46.75,46,45,1,2.22%,"1,019,700",-
2013-09-26,KCB,KCB Group Plc,33.75,55.5,46,46.75,46.5,46,0.5,1.09%,"888,400",-
2013-09-27,KCB,KCB Group Plc,33.75,55.5,46.5,46.75,46.5,46.5,-,-,"329,400",-
2013-09-30,KCB,KCB Group Plc,33.75,55.5,46.5,47,46.5,46.5,-,-,"1,143,800",-
2013-10-02,KCB,KCB Group Plc,33.75,55.5,46.5,46.75,46.5,46.5,-,-,"1,432,500",-
2013-10-03,KCB,KCB Group Plc,33.75,55.5,46.5,47,46.5,46.5,-,-,"1,058,500",-
2013-10-04,KCB,KCB Group Plc,33.75,55.5,46.5,48,47,46.5,0.5,1.08%,"1,417,500",-
2013-10-07,KCB,KCB Group Plc,33.75,55.5,47.5,49.5,48.75,47,1.75,3.72%,"1,425,500",-
2013-10-08,KCB,KCB Group Plc,33.75,55.5,48.75,50,49.75,48.75,1,2.05%,"2,998,900",-
2013-10-09,KCB,KCB Group Plc,33.75,55.5,49,49.75,49.25,49.75,-0.5,1.01%,"2,240,000",-
2013-10-10,KCB,KCB Group Plc,33.75,55.5,48.75,49.75,49.25,49.25,-,-,"500,100",-
2013-10-11,KCB,KCB Group Plc,33.75,55.5,48.5,49,48.5,49.25,-0.75,1.52%,"117,300",-
2013-10-14,KCB,KCB Group Plc,33.75,55.5,47.5,48.75,48,48.5,-0.5,1.03%,"2,698,200",-
2013-10-15,KCB,KCB Group Plc,33.75,55.5,47,48,47.25,48,-0.75,1.56%,"202,700",-
2013-10-16,KCB,KCB Group Plc,33.75,55.5,47,48.5,47.75,47.25,0.5,1.06%,"622,800",-
2013-10-17,KCB,KCB Group Plc,33.75,55.5,48,48.75,48.25,47.75,0.5,1.05%,"144,400",-
2013-10-18,KCB,KCB Group Plc,33.75,55.5,48.5,49.5,49,48.25,0.75,1.55%,"411,600",-
2013-10-22,KCB,KCB Group Plc,33.75,55.5,49.25,50,49.5,49,0.5,1.02%,"1,141,000",-
2013-10-23,KCB,KCB Group Plc,33.75,55.5,49,50,49.5,49.5,-,-,"419,600",-
2013-10-24,KCB,KCB Group Plc,33.75,55.5,49,50.5,49.5,49.5,-,-,"2,580,800",-
2013-10-25,KCB,KCB Group Plc,33.75,55.5,48,49.5,48.75,49.5,-0.75,1.52%,"1,148,300",-
2013-10-28,KCB,KCB Group Plc,33.75,55.5,48,50,48.5,48.75,-0.25,0.51%,"166,100",-
2013-10-30,KCB,KCB Group Plc,33.75,55.5,48.5,49.5,48.5,48.5,-,-,"4,249,000",-
2013-10-31,KCB,KCB Group Plc,33.75,55.5,48.25,49,48.5,48.5,-,-,"3,719,300",-
2013-11-01,KCB,KCB Group Plc,33.75,55.5,48.25,49,48.5,48.5,-,-,"1,867,000",-
2013-11-04,KCB,KCB Group Plc,33.75,55.5,48.5,49.5,48.75,48.5,0.25,0.52%,"752,000",-
2013-11-05,KCB,KCB Group Plc,33.75,55.5,48.5,49.5,48.75,48.75,-,-,"1,100,400",-
2013-11-06,KCB,KCB Group Plc,33.75,55.5,47.75,49,48.25,48.75,-0.5,1.03%,"2,576,800",-
2013-11-07,KCB,KCB Group Plc,33.75,55.5,47,48,47.5,48.25,-0.75,1.55%,"2,691,700",-
2013-11-08,KCB,KCB Group Plc,33.75,55.5,45.75,47.5,46.25,47.5,-1.25,2.63%,"4,147,100",-
2013-11-11,KCB,KCB Group Plc,33.75,55.5,46.25,47,46.5,46.25,0.25,0.54%,"2,104,500",-
2013-11-12,KCB,KCB Group Plc,33.75,55.5,46.25,47,46.5,46.5,-,-,"2,405,600",-
2013-11-13,KCB,KCB Group Plc,33.75,55.5,46.25,47,46.5,46.5,-,-,"4,053,100",-
2013-11-14,KCB,KCB Group Plc,33.75,55.5,46.25,46.75,46.5,46.5,-,-,"1,064,500",-
2013-11-15,KCB,KCB Group Plc,33.75,55.5,46,46.5,46,46.5,-0.5,1.08%,"3,188,800",-
2013-11-18,KCB,KCB Group Plc,33.75,55.5,46,47,46.5,46,0.5,1.09%,"1,227,400",-
2013-11-19,KCB,KCB Group Plc,33.75,55.5,46.75,47.5,47,46.5,0.5,1.08%,"1,755,800",-
2013-11-20,KCB,KCB Group Plc,33.75,55.5,47.25,48.5,47.5,47,0.5,1.06%,"1,158,300",-
2013-11-21,KCB,KCB Group Plc,33.75,55.5,47.75,49.5,48.75,47.5,1.25,2.63%,"211,800",-
2013-11-22,KCB,KCB Group Plc,33.75,55.5,48.5,49.5,48.75,48.75,-,-,"1,345,100",-
2013-11-25,KCB,KCB Group Plc,33.75,55.5,49,49.5,49,48.75,0.25,0.51%,"1,802,800",-
2013-11-26,KCB,KCB Group Plc,33.75,55.5,48.75,49.25,48.75,49,-0.25,0.51%,"2,254,700",-
2013-11-27,KCB,KCB Group Plc,33.75,55.5,48.5,49,48.5,48.75,-0.25,0.51%,"2,990,200",-
2013-11-28,KCB,KCB Group Plc,33.75,55.5,48,48.75,48.5,48.5,-,-,"682,400",-
2013-11-29,KCB,KCB Group Plc,33.75,55.5,47,48.5,48,48.5,-0.5,1.03%,"724,800",-
2013-12-02,KCB,KCB Group Plc,33.75,55.5,46.75,47.5,46.75,48,-1.25,2.60%,"1,118,500",-
2013-12-03,KCB,KCB Group Plc,33.75,55.5,46,47,46.5,46.75,-0.25,0.53%,"4,146,400",-
2013-12-04,KCB,KCB Group Plc,33.75,55.5,45.75,46.5,46,46.5,-0.5,1.08%,"6,839,700",-
2013-12-05,KCB,KCB Group Plc,33.75,55.5,45,46,45.5,46,-0.5,1.09%,"1,400,300",-
2013-12-06,KCB,KCB Group Plc,33.75,55.5,44.75,45.5,45,45.5,-0.5,1.10%,"973,200",-
2013-12-09,KCB,KCB Group Plc,33.75,55.5,44.5,45.25,44.75,45,-0.25,0.56%,"2,493,300",-
2013-12-10,KCB,KCB Group Plc,33.75,55.5,44.5,45,44.5,44.75,-0.25,0.56%,"6,192,100",-
2013-12-11,KCB,KCB Group Plc,33.75,55.5,44.5,45,44.75,44.5,0.25,0.56%,"1,782,600",-
2013-12-16,KCB,KCB Group Plc,33.75,55.5,44.75,45.25,45,44.75,0.25,0.56%,"735,000",-
2013-12-17,KCB,KCB Group Plc,33.75,55.5,44.5,45,44.75,45,-0.25,0.56%,"3,192,500",-
2013-12-18,KCB,KCB Group Plc,33.75,55.5,44.25,44.75,44.25,44.75,-0.5,1.12%,"1,321,500",-
2013-12-19,KCB,KCB Group Plc,33.75,55.5,44.25,44.75,44.5,44.25,0.25,0.56%,"4,906,700",-
2013-12-20,KCB,KCB Group Plc,33.75,55.5,44.25,44.75,44.5,44.5,-,-,"4,675,100",-
2013-12-23,KCB,KCB Group Plc,33.75,55.5,44.5,45,44.5,44.5,-,-,"1,360,500",-
2013-12-24,KCB,KCB Group Plc,33.75,55.5,44.75,47,46.25,44.5,1.75,3.93%,"157,400",-
2013-12-27,KCB,KCB Group Plc,33.75,55.5,46.25,48,46.75,46.25,0.5,1.08%,"1,673,600",-
2013-12-30,KCB,KCB Group Plc,33.75,55.5,47.5,49,47.5,46.75,0.75,1.60%,"1,839,500",-
2013-12-31,KCB,KCB Group Plc,33.75,55.5,47,48.25,47.25,47.5,-0.25,0.53%,"1,369,600",-
2014-01-02,KCB,KCB Group Plc,33.75,55.5,47,48.25,47.75,47.25,0.5,1.06%,"1,897,800",-
2014-01-03,KCB,KCB Group Plc,33.75,55.5,47.75,48.25,48,47.75,0.25,0.52%,"2,227,000",-
2014-01-06,KCB,KCB Group Plc,33.75,55.5,48.25,49.25,48.5,48,0.5,1.04%,"976,500",-
2014-01-07,KCB,KCB Group Plc,33.75,55.5,48.5,49,48.5,48.5,-,-,"667,500",-
2014-01-08,KCB,KCB Group Plc,33.75,55.5,48.25,49,48.25,48.5,-0.25,0.52%,"233,600",-
2014-01-09,KCB,KCB Group Plc,33.75,55.5,48,48.75,48.5,48.25,0.25,0.52%,"2,359,400",-
2014-01-10,KCB,KCB Group Plc,33.75,55.5,47,48.25,47.5,48.5,-1,2.06%,"1,419,500",-
2014-01-13,KCB,KCB Group Plc,33.75,55.5,46.5,48,46.75,47.5,-0.75,1.58%,"374,500",-
2014-01-14,KCB,KCB Group Plc,33.75,55.5,46.75,47.25,46.75,46.75,-,-,"2,043,600",-
2014-01-15,KCB,KCB Group Plc,33.75,55.5,46,47,46,46.75,-0.75,1.60%,"3,774,800",-
2014-01-16,KCB,KCB Group Plc,33.75,55.5,45.75,46.25,45.75,46,-0.25,0.54%,"1,000,600",-
2014-01-17,KCB,KCB Group Plc,33.75,55.5,45.5,46,45.75,45.75,-,-,"409,600",-
2014-01-20,KCB,KCB Group Plc,33.75,55.5,45,45.75,45.25,45.75,-0.5,1.09%,"5,842,000",-
2014-01-21,KCB,KCB Group Plc,33.75,55.5,45.25,46.25,45.5,45.25,0.25,0.55%,"2,564,800",-
2014-01-22,KCB,KCB Group Plc,33.75,55.5,45.25,45.75,45.5,45.5,-,-,"2,560,700",-
2014-01-23,KCB,KCB Group Plc,33.75,55.5,45.25,46,45.5,45.5,-,-,"4,055,800",-
2014-01-24,KCB,KCB Group Plc,33.75,55.5,45.5,46,45.75,45.5,0.25,0.55%,"641,100",-
2014-01-27,KCB,KCB Group Plc,33.75,55.5,45.75,46.5,46,45.75,0.25,0.55%,"6,089,100",-
2014-01-28,KCB,KCB Group Plc,33.75,55.5,46,46.5,46.25,46,0.25,0.54%,"712,100",-
2014-01-29,KCB,KCB Group Plc,33.75,55.5,45.25,46.25,45.5,46.25,-0.75,1.62%,"3,790,500",-
2014-01-30,KCB,KCB Group Plc,33.75,55.5,44.75,45.5,45.25,45.5,-0.25,0.55%,"2,080,200",-
2014-01-31,KCB,KCB Group Plc,33.75,55.5,42.5,45.5,43.25,45.25,-2,4.42%,"3,182,700",-
2014-02-03,KCB,KCB Group Plc,33.75,55.5,42.25,43.5,42.5,43.25,-0.75,1.73%,"765,300",-
2014-02-04,KCB,KCB Group Plc,33.75,55.5,43.5,45.5,44,42.5,1.5,3.53%,"3,718,700",-
2014-02-05,KCB,KCB Group Plc,33.75,55.5,44,45,44,44,-,-,"1,419,200",-
2014-02-06,KCB,KCB Group Plc,33.75,55.5,43,44.5,43.75,44,-0.25,0.57%,"2,610,700",-
2014-02-07,KCB,KCB Group Plc,33.75,55.5,43.25,44,43.75,43.75,-,-,"1,615,700",-
2014-02-10,KCB,KCB Group Plc,33.75,55.5,43.5,44,43.75,43.75,-,-,"1,986,500",-
2014-02-11,KCB,KCB Group Plc,33.75,55.5,44,45,44.75,43.75,1,2.29%,"929,600",-
2014-02-12,KCB,KCB Group Plc,33.75,55.5,44.75,46,45,44.75,0.25,0.56%,"1,543,600",-
2014-02-13,KCB,KCB Group Plc,33.75,55.5,45.5,46.25,45.75,45,0.75,1.67%,"373,000",-
2014-02-14,KCB,KCB Group Plc,33.75,55.5,45.5,46,45.75,45.75,-,-,"850,600",-
2014-02-17,KCB,KCB Group Plc,33.75,55.5,44.25,45.5,44.25,45.75,-1.5,3.28%,"2,617,700",-
2014-02-18,KCB,KCB Group Plc,33.75,55.5,44,45.5,44.25,44.25,-,-,"193,500",-
2014-02-19,KCB,KCB Group Plc,33.75,55.5,44,44.5,44,44.25,-0.25,0.56%,"1,690,700",-
2014-02-20,KCB,KCB Group Plc,33.75,55.5,44,45.75,44.25,44,0.25,0.57%,"4,585,700",-
2014-02-21,KCB,KCB Group Plc,33.75,55.5,43.75,45,44,44.25,-0.25,0.56%,"2,732,400",-
2014-02-24,KCB,KCB Group Plc,33.75,55.5,44,44.5,44,44,-,-,"965,400",-
2014-02-25,KCB,KCB Group Plc,33.75,55.5,43.5,44.25,43.75,44,-0.25,0.57%,"2,191,100",-
2014-02-26,KCB,KCB Group Plc,33.75,55.5,43.5,44.25,43.75,43.75,-,-,"19,479,300",-
2014-02-27,KCB,KCB Group Plc,33.75,55.5,44.5,45,44.75,43.75,1,2.29%,"1,085,100",-
2014-02-28,KCB,KCB Group Plc,33.75,55.5,43.5,45,43.75,44.75,-1,2.23%,"3,480,200",-
2014-03-03,KCB,KCB Group Plc,33.75,55.5,43,44.75,44,43.75,0.25,0.57%,"1,279,200",-
2014-03-04,KCB,KCB Group Plc,33.75,55.5,43.75,44.25,44,44,-,-,"879,400",-
2014-03-05,KCB,KCB Group Plc,33.75,55.5,43.75,44.5,44,44,-,-,"4,812,500",-
2014-03-06,KCB,KCB Group Plc,33.75,55.5,44,45.5,44.75,44,0.75,1.70%,"2,964,200",-
2014-03-07,KCB,KCB Group Plc,33.75,55.5,45,45.5,45,44.75,0.25,0.56%,"2,282,100",-
2014-03-10,KCB,KCB Group Plc,33.75,55.5,45.25,45.75,45.25,45,0.25,0.56%,"310,600",-
2014-03-11,KCB,KCB Group Plc,33.75,55.5,45.25,46.25,45.75,45.25,0.5,1.10%,"2,417,700",-
2014-03-12,KCB,KCB Group Plc,33.75,55.5,46,46.5,46.25,45.75,0.5,1.09%,"1,287,300",-
2014-03-13,KCB,KCB Group Plc,33.75,55.5,46,46.5,46,46.25,-0.25,0.54%,"2,893,300",-
2014-03-14,KCB,KCB Group Plc,33.75,55.5,46,46.5,46,46,-,-,"7,568,300",-
2014-03-17,KCB,KCB Group Plc,33.75,55.5,46,46.5,46,46,-,-,"1,806,900",-
2014-03-18,KCB,KCB Group Plc,33.75,55.5,46.25,47,46.5,46,0.5,1.09%,"1,846,700",-
2014-03-19,KCB,KCB Group Plc,33.75,55.5,46.5,47,46.5,46.5,-,-,"2,386,600",-
2014-03-20,KCB,KCB Group Plc,33.75,55.5,46.5,47.25,46.5,46.5,-,-,"2,801,300",-
2014-03-21,KCB,KCB Group Plc,33.75,55.5,46.5,47,46.75,46.5,0.25,0.54%,"2,477,900",-
2014-03-24,KCB,KCB Group Plc,33.75,55.5,46.75,47,46.75,46.75,-,-,"1,278,100",-
2014-03-25,KCB,KCB Group Plc,33.75,55.5,46.75,47,46.75,46.75,-,-,"855,800",-
2014-03-26,KCB,KCB Group Plc,33.75,55.5,46,46.75,46.5,46.75,-0.25,0.53%,"2,745,300",-
2014-03-27,KCB,KCB Group Plc,33.75,55.5,45.25,46.25,46,46.5,-0.5,1.08%,"1,955,700",-
2014-03-28,KCB,KCB Group Plc,33.75,55.5,45.5,46.25,46,46,-,-,"1,638,100",-
2014-03-31,KCB,KCB Group Plc,33.75,55.5,46,46.25,46,46,-,-,"1,666,700",-
2014-04-01,KCB,KCB Group Plc,33.75,55.5,46,46.5,46,46,-,-,"1,769,800",-
2014-04-02,KCB,KCB Group Plc,33.75,55.5,45.75,46.5,46,46,-,-,"1,058,300",-
2014-04-03,KCB,KCB Group Plc,33.75,55.5,46,47,46.25,46,0.25,0.54%,"1,417,200",-
2014-04-04,KCB,KCB Group Plc,33.75,55.5,46,46.25,46,46.25,-0.25,0.54%,"3,330,300",-
2014-04-07,KCB,KCB Group Plc,33.75,55.5,46,46.25,46,46,-,-,"1,308,100",-
2014-04-08,KCB,KCB Group Plc,33.75,55.5,46,46.25,46,46,-,-,"1,146,100",-
2014-04-09,KCB,KCB Group Plc,33.75,55.5,46,46.75,46.25,46,0.25,0.54%,"2,067,700",-
2014-04-10,KCB,KCB Group Plc,33.75,55.5,46.25,46.75,46.25,46.25,-,-,"191,500",-
2014-04-11,KCB,KCB Group Plc,33.75,55.5,46.25,47.75,47.25,46.25,1,2.16%,"3,347,600",-
2014-04-14,KCB,KCB Group Plc,33.75,55.5,47,48,47.25,47.25,-,-,"442,000",-
2014-04-15,KCB,KCB Group Plc,33.75,55.5,46.75,47.75,47.25,47.25,-,-,"2,677,400",-
2014-04-16,KCB,KCB Group Plc,33.75,55.5,46.5,47.25,46.75,47.25,-0.5,1.06%,"9,117,400",-
2014-04-17,KCB,KCB Group Plc,33.75,55.5,46.5,47.75,47.25,46.75,0.5,1.07%,"448,800",-
2014-04-22,KCB,KCB Group Plc,33.75,55.5,47.25,48,47.75,47.25,0.5,1.06%,"1,581,000",-
2014-04-23,KCB,KCB Group Plc,33.75,55.5,47.75,49.75,48.5,47.75,0.75,1.57%,"2,438,700",-
2014-04-24,KCB,KCB Group Plc,33.75,55.5,48.75,49.75,49.25,48.5,0.75,1.55%,"1,386,000",-
2014-04-25,KCB,KCB Group Plc,33.75,55.5,49.25,50,49.75,49.25,0.5,1.02%,"3,602,200",-
2014-04-28,KCB,KCB Group Plc,33.75,55.5,49.25,49.75,49.25,49.75,-0.5,1.01%,"418,900",-
2014-04-29,KCB,KCB Group Plc,33.75,55.5,48.5,50.5,49.75,49.25,0.5,1.02%,"8,827,100",-
2014-04-30,KCB,KCB Group Plc,33.75,55.5,48.5,49.25,49,49.75,-0.75,1.51%,"487,800",-
2014-05-02,KCB,KCB Group Plc,33.75,55.5,49,51,50,49,1,2.04%,"5,929,300",-
2014-05-05,KCB,KCB Group Plc,33.75,55.5,49.5,50,49.75,50,-0.25,0.50%,"1,706,200",-
2014-05-06,KCB,KCB Group Plc,33.75,55.5,49.5,50,49.5,49.75,-0.25,0.50%,"3,227,500",-
2014-05-07,KCB,KCB Group Plc,33.75,55.5,49,50,49.5,49.5,-,-,"2,817,100",-
2014-05-08,KCB,KCB Group Plc,33.75,55.5,48.5,49.5,48.75,49.5,-0.75,1.52%,"6,380,600",-
2014-05-09,KCB,KCB Group Plc,33.75,55.5,48.75,49,48.75,48.75,-,-,"486,500",-
2014-05-12,KCB,KCB Group Plc,33.75,55.5,48.25,49.75,49,48.75,0.25,0.51%,"4,047,700",-
2014-05-13,KCB,KCB Group Plc,33.75,55.5,47,48,47,49,-2,4.08%,"650,500",-
2014-05-14,KCB,KCB Group Plc,33.75,55.5,47,47.5,47,47,-,-,"1,021,100",-
2014-05-15,KCB,KCB Group Plc,33.75,55.5,47,47.5,47,47,-,-,"986,500",-
2014-05-16,KCB,KCB Group Plc,33.75,55.5,46.5,47.5,46.75,47,-0.25,0.53%,"179,700",-
2014-05-19,KCB,KCB Group Plc,33.75,55.5,46.25,47,46.75,46.75,-,-,"511,400",-
2014-05-20,KCB,KCB Group Plc,33.75,55.5,46.5,47,46.75,46.75,-,-,"7,467,000",-
2014-05-21,KCB,KCB Group Plc,33.75,55.5,46,46.75,46.25,46.75,-0.5,1.07%,"5,288,100",-
2014-05-22,KCB,KCB Group Plc,33.75,55.5,46.25,47,46.5,46.25,0.25,0.54%,"2,428,300",-
2014-05-23,KCB,KCB Group Plc,33.75,55.5,46.75,47.25,46.75,46.5,0.25,0.54%,"1,783,300",-
2014-05-26,KCB,KCB Group Plc,33.75,55.5,47,48,47.5,46.75,0.75,1.60%,"225,600",-
2014-05-27,KCB,KCB Group Plc,33.75,55.5,47.5,48.5,47.75,47.5,0.25,0.53%,"715,100",-
2014-05-28,KCB,KCB Group Plc,33.75,55.5,48,49,48.5,47.75,0.75,1.57%,"318,100",-
2014-05-29,KCB,KCB Group Plc,33.75,55.5,49,50,49.75,48.5,1.25,2.58%,"28,809,600",-
2014-05-30,KCB,KCB Group Plc,33.75,55.5,47,49.5,49,49.75,-0.75,1.51%,"1,964,100",-
2014-06-03,KCB,KCB Group Plc,33.75,55.5,47.5,48.75,48,49,-1,2.04%,"2,089,100",-
2014-06-04,KCB,KCB Group Plc,33.75,55.5,48,49,48.75,48,0.75,1.56%,"1,629,900",-
2014-06-05,KCB,KCB Group Plc,33.75,55.5,48.5,49.25,48.75,48.75,-,-,"2,109,700",-
2014-06-06,KCB,KCB Group Plc,33.75,55.5,48.75,49.75,49.25,48.75,0.5,1.03%,"3,291,100",-
2014-06-09,KCB,KCB Group Plc,33.75,55.5,48.75,50,49.5,49.25,0.25,0.51%,"3,297,800",-
2014-06-10,KCB,KCB Group Plc,33.75,55.5,49.5,50.5,49.75,49.5,0.25,0.51%,"7,016,100",-
2014-06-11,KCB,KCB Group Plc,33.75,55.5,49.75,50.5,50,49.75,0.25,0.50%,"1,145,300",-
2014-06-12,KCB,KCB Group Plc,33.75,55.5,49.5,50.5,49.75,50,-0.25,0.50%,"1,570,700",-
2014-06-13,KCB,KCB Group Plc,33.75,55.5,49.75,50.5,50,49.75,0.25,0.50%,"1,050,800",-
2014-06-16,KCB,KCB Group Plc,33.75,55.5,50,51,50,50,-,-,"184,900",-
2014-06-17,KCB,KCB Group Plc,33.75,55.5,49,50,49.75,50,-0.25,0.50%,"1,336,400",-
2014-06-18,KCB,KCB Group Plc,33.75,55.5,48.75,50.5,49.75,49.75,-,-,"5,400,800",-
2014-06-19,KCB,KCB Group Plc,33.75,55.5,49.5,50,49.75,49.75,-,-,"1,359,400",-
2014-06-20,KCB,KCB Group Plc,33.75,55.5,49.75,50,49.75,49.75,-,-,"3,879,400",-
2014-06-23,KCB,KCB Group Plc,33.75,55.5,49.5,50.5,49.75,49.75,-,-,"555,100",-
2014-06-24,KCB,KCB Group Plc,33.75,55.5,49.75,51,50,49.75,0.25,0.50%,"1,044,500",-
2014-06-25,KCB,KCB Group Plc,33.75,55.5,49.75,51,50,50,-,-,"954,900",-
2014-06-26,KCB,KCB Group Plc,33.75,55.5,50,50.5,50,50,-,-,"426,300",-
2014-06-27,KCB,KCB Group Plc,33.75,55.5,49.5,50.5,49.75,50,-0.25,0.50%,"1,397,300",-
2014-06-30,KCB,KCB Group Plc,33.75,55.5,49.5,52,50.5,49.75,0.75,1.51%,"299,600",-
2014-07-01,KCB,KCB Group Plc,33.75,55.5,50.5,53,52,50.5,1.5,2.97%,"2,561,100",-
2014-07-02,KCB,KCB Group Plc,33.75,55.5,52,53,52,52,-,-,"5,014,200",-
2014-07-03,KCB,KCB Group Plc,33.75,55.5,51,53,51.5,52,-0.5,0.96%,"237,800",-
2014-07-04,KCB,KCB Group Plc,33.75,55.5,51,52,51,51.5,-0.5,0.97%,"1,576,200",-
2014-07-07,KCB,KCB Group Plc,33.75,55.5,51,52.5,51.5,51,0.5,0.98%,"1,597,500",-
2014-07-08,KCB,KCB Group Plc,33.75,55.5,51,52,51.5,51.5,-,-,"462,000",-
2014-07-09,KCB,KCB Group Plc,33.75,55.5,50,52,51,51.5,-0.5,0.97%,"2,080,200",-
2014-07-10,KCB,KCB Group Plc,33.75,55.5,50,51.5,51,51,-,-,"220,200",-
2014-07-11,KCB,KCB Group Plc,33.75,55.5,51,51.5,51,51,-,-,"324,100",-
2014-07-14,KCB,KCB Group Plc,33.75,55.5,51,52,51.5,51,0.5,0.98%,"625,600",-
2014-07-15,KCB,KCB Group Plc,33.75,55.5,51.5,53.5,52,51.5,0.5,0.97%,"2,143,000",-
2014-07-16,KCB,KCB Group Plc,33.75,55.5,52,54.5,53.5,52,1.5,2.88%,"1,686,400",-
2014-07-17,KCB,KCB Group Plc,33.75,55.5,53.5,54.5,53.5,53.5,-,-,"166,900",-
2014-07-18,KCB,KCB Group Plc,33.75,55.5,53.5,54.5,54,53.5,0.5,0.93%,"3,085,000",-
2014-07-21,KCB,KCB Group Plc,33.75,55.5,53.5,55,54,54,-,-,"929,300",-
2014-07-22,KCB,KCB Group Plc,33.75,55.5,53.5,54.5,53.5,54,-0.5,0.93%,"3,536,500",-
2014-07-23,KCB,KCB Group Plc,33.75,55.5,53.5,54,53.5,53.5,-,-,"526,500",-
2014-07-24,KCB,KCB Group Plc,33.75,55.5,53.5,54,53.5,53.5,-,-,"2,514,600",-
2014-07-25,KCB,KCB Group Plc,33.75,55.5,53,54,53,53.5,-0.5,0.93%,"2,239,300",-
2014-07-28,KCB,KCB Group Plc,33.75,55.5,53,54.5,53.5,53,0.5,0.94%,"1,118,600",-
2014-07-30,KCB,KCB Group Plc,33.75,55.5,54,55,54,53.5,0.5,0.93%,"1,042,100",-
2014-07-31,KCB,KCB Group Plc,33.75,55.5,53,55.5,54.5,54,0.5,0.93%,"5,413,900",-
2014-08-01,KCB,KCB Group Plc,33.75,55.5,53.5,55,54.5,54.5,-,-,"6,045,900",-
2014-08-04,KCB,KCB Group Plc,33.75,55.5,54.5,57,56,54.5,1.5,2.75%,"1,329,600",-
2014-08-05,KCB,KCB Group Plc,33.75,55.5,56,60,58.5,56,2.5,4.46%,"3,228,500",-
2014-08-06,KCB,KCB Group Plc,33.75,55.5,57,59,58,58.5,-0.5,0.85%,"1,484,000",-
2014-08-07,KCB,KCB Group Plc,33.75,55.5,54.5,57.5,55,58,-3,5.17%,"12,935,500",-
2014-08-08,KCB,KCB Group Plc,33.75,55.5,53,55,54,55,-1,1.82%,"6,897,700",-
2014-08-11,KCB,KCB Group Plc,33.75,55.5,53,55,53.5,54,-0.5,0.93%,"3,424,700",-
2014-08-12,KCB,KCB Group Plc,33.75,55.5,54,54.5,54,53.5,0.5,0.93%,"1,015,800",-
2014-08-13,KCB,KCB Group Plc,33.75,55.5,54,56,55,54,1,1.85%,"1,126,600",-
2014-08-14,KCB,KCB Group Plc,33.75,55.5,55,57,56,55,1,1.82%,"977,000",-
2014-08-15,KCB,KCB Group Plc,33.75,55.5,56,57.5,56.5,56,0.5,0.89%,"2,228,300",-
2014-08-18,KCB,KCB Group Plc,33.75,55.5,56.5,57.5,56.5,56.5,-,-,"530,700",-
2014-08-19,KCB,KCB Group Plc,33.75,55.5,56,57.5,56.5,56.5,-,-,"2,487,600",-
2014-08-20,KCB,KCB Group Plc,33.75,55.5,56,57.5,56.5,56.5,-,-,"1,453,200",-
2014-08-21,KCB,KCB Group Plc,33.75,55.5,56.5,58,57,56.5,0.5,0.88%,"835,100",-
2014-08-22,KCB,KCB Group Plc,33.75,55.5,56.5,58,57,57,-,-,"539,400",-
2014-08-25,KCB,KCB Group Plc,33.75,55.5,57,57.5,57,57,-,-,"493,800",-
2014-08-26,KCB,KCB Group Plc,33.75,55.5,57,58,57.5,57,0.5,0.88%,"682,900",-
2014-08-27,KCB,KCB Group Plc,33.75,55.5,57,58,57,57.5,-0.5,0.87%,"1,463,300",-
2014-08-28,KCB,KCB Group Plc,33.75,55.5,56.5,57.5,57,57,-,-,"635,800",-
2014-08-29,KCB,KCB Group Plc,33.75,55.5,56.5,58.5,57.5,57,0.5,0.88%,"1,297,800",-
2014-09-01,KCB,KCB Group Plc,33.75,55.5,57.5,59,58,57.5,0.5,0.87%,"400,700",-
2014-09-02,KCB,KCB Group Plc,33.75,55.5,58,58.5,58,58,-,-,"886,100",-
2014-09-03,KCB,KCB Group Plc,33.75,55.5,58,59,58.5,58,0.5,0.86%,"801,900",-
2014-09-04,KCB,KCB Group Plc,33.75,55.5,57,59,57.5,58.5,-1,1.71%,"782,600",-
2014-09-05,KCB,KCB Group Plc,33.75,55.5,57,58.5,57.5,57.5,-,-,"431,100",-
2014-09-08,KCB,KCB Group Plc,33.75,55.5,57.5,58.5,57.5,57.5,-,-,"316,700",-
2014-09-09,KCB,KCB Group Plc,33.75,55.5,57,58,57,57.5,-0.5,0.87%,"1,998,400",-
2014-09-10,KCB,KCB Group Plc,33.75,55.5,57,57.5,57,57,-,-,"800,100",-
2014-09-11,KCB,KCB Group Plc,33.75,55.5,57,58,57.5,57,0.5,0.88%,"914,400",-
2014-09-12,KCB,KCB Group Plc,33.75,55.5,57.5,58.5,57.5,57.5,-,-,"2,258,600",-
2014-09-15,KCB,KCB Group Plc,33.75,55.5,57.5,59,58.5,57.5,1,1.74%,"1,957,600",-
2014-09-16,KCB,KCB Group Plc,33.75,55.5,58.5,60,59,58.5,0.5,0.85%,"3,727,800",-
2014-09-17,KCB,KCB Group Plc,33.75,55.5,58.5,59,58.5,59,-0.5,0.85%,"1,130,200",-
2014-09-18,KCB,KCB Group Plc,33.75,55.5,58.5,59,58.5,58.5,-,-,"1,316,500",-
2014-09-19,KCB,KCB Group Plc,33.75,55.5,58.5,60,59.5,58.5,1,1.71%,"1,272,600",-
2014-09-22,KCB,KCB Group Plc,33.75,55.5,59,62,60,59.5,0.5,0.84%,"4,594,700",-
2014-09-23,KCB,KCB Group Plc,33.75,55.5,57.5,61,59,60,-1,1.67%,"1,751,600",-
2014-09-24,KCB,KCB Group Plc,33.75,55.5,57.5,59,57.5,59,-1.5,2.54%,"735,300",-
2014-09-25,KCB,KCB Group Plc,33.75,55.5,57.5,59.5,57.5,57.5,-,-,"279,700",-
2014-09-26,KCB,KCB Group Plc,33.75,55.5,57.5,58.5,57.5,57.5,-,-,"1,063,200",-
2014-09-29,KCB,KCB Group Plc,33.75,55.5,57.5,58.5,58,57.5,0.5,0.87%,"3,151,100",-
2014-09-30,KCB,KCB Group Plc,33.75,55.5,57.5,59,58,58,-,-,"4,810,400",-
2014-10-01,KCB,KCB Group Plc,33.75,55.5,58,59,58.5,58,0.5,0.86%,"2,206,800",-
2014-10-02,KCB,KCB Group Plc,33.75,55.5,58.5,59,58.5,58.5,-,-,"1,609,600",-
2014-10-03,KCB,KCB Group Plc,33.75,55.5,58,59,58.5,58.5,-,-,"264,100",-
2014-10-06,KCB,KCB Group Plc,33.75,55.5,58,59,58.5,58.5,-,-,"1,188,100",-
2014-10-07,KCB,KCB Group Plc,33.75,55.5,58.5,60,58.5,58.5,-,-,"443,100",-
2014-10-08,KCB,KCB Group Plc,33.75,55.5,58.5,59.5,59,58.5,0.5,0.85%,"20,722,000",-
2014-10-09,KCB,KCB Group Plc,33.75,55.5,59,59.5,59,59,-,-,"1,519,600",-
2014-10-10,KCB,KCB Group Plc,33.75,55.5,58.5,59.5,59,59,-,-,"1,042,500",-
2014-10-13,KCB,KCB Group Plc,33.75,55.5,57.5,58.5,57.5,59,-1.5,2.54%,"209,900",-
2014-10-14,KCB,KCB Group Plc,33.75,55.5,58,58.5,58,57.5,0.5,0.87%,"2,297,500",-
2014-10-15,KCB,KCB Group Plc,33.75,55.5,58,59.5,58.5,58,0.5,0.86%,"951,400",-
2014-10-16,KCB,KCB Group Plc,33.75,55.5,57.5,59.5,58,58.5,-0.5,0.85%,"2,934,400",-
2014-10-17,KCB,KCB Group Plc,33.75,55.5,56.5,58.5,57,58,-1,1.72%,"4,193,100",-
2014-10-21,KCB,KCB Group Plc,33.75,55.5,55,57,56,57,-1,1.75%,"1,766,200",-
2014-10-22,KCB,KCB Group Plc,33.75,55.5,56,57,56.5,56,0.5,0.89%,"564,100",-
2014-10-23,KCB,KCB Group Plc,33.75,55.5,56,57,56,56.5,-0.5,0.88%,"2,238,200",-
2014-10-24,KCB,KCB Group Plc,33.75,55.5,55,56.5,55.5,56,-0.5,0.89%,"435,800",-
2014-10-27,KCB,KCB Group Plc,33.75,55.5,53.5,56,53.5,55.5,-2,3.60%,"864,200",-
2014-10-28,KCB,KCB Group Plc,33.75,55.5,53.5,55.5,54.5,53.5,1,1.87%,"825,900",-
2014-10-29,KCB,KCB Group Plc,33.75,55.5,54,55.5,54,54.5,-0.5,0.92%,"4,761,100",-
2014-10-30,KCB,KCB Group Plc,33.75,55.5,54.5,55.5,54.5,54,0.5,0.93%,"3,624,100",-
2014-10-31,KCB,KCB Group Plc,33.75,55.5,54.5,55,54.5,54.5,-,-,"5,339,500",-
2014-11-03,KCB,KCB Group Plc,33.75,55.5,54.5,55.5,54.5,54.5,-,-,"3,873,200",-
2014-11-04,KCB,KCB Group Plc,33.75,55.5,54.5,55,54.5,54.5,-,-,"749,700",-
2014-11-05,KCB,KCB Group Plc,33.75,55.5,54.5,55.5,54.5,54.5,-,-,"736,700",-
2014-11-06,KCB,KCB Group Plc,33.75,55.5,53,54.5,54,54.5,-0.5,0.92%,"562,100",-
2014-11-07,KCB,KCB Group Plc,33.75,55.5,53,54.5,53.5,54,-0.5,0.93%,"1,708,200",-
2014-11-10,KCB,KCB Group Plc,33.75,55.5,53,55,53.5,53.5,-,-,"375,900",-
2014-11-11,KCB,KCB Group Plc,33.75,55.5,54,55.5,55,53.5,1.5,2.80%,"189,000",-
2014-11-12,KCB,KCB Group Plc,33.75,55.5,54.5,56.5,55.5,55,0.5,0.91%,"2,240,800",-
2014-11-13,KCB,KCB Group Plc,33.75,55.5,55.5,56.5,56,55.5,0.5,0.90%,"1,180,500",-
2014-11-14,KCB,KCB Group Plc,33.75,55.5,56,57.5,56.5,56,0.5,0.89%,"1,832,100",-
2014-11-17,KCB,KCB Group Plc,33.75,55.5,56,57,56,56.5,-0.5,0.88%,"399,800",-
2014-11-18,KCB,KCB Group Plc,33.75,55.5,55,56.5,56,56,-,-,"915,400",-
2014-11-19,KCB,KCB Group Plc,33.75,55.5,55,57,56,56,-,-,"1,607,300",-
2014-11-20,KCB,KCB Group Plc,33.75,55.5,55.5,57,56,56,-,-,"528,100",-
2014-11-21,KCB,KCB Group Plc,33.75,55.5,56,57.5,56.5,56,0.5,0.89%,"1,484,700",-
2014-11-24,KCB,KCB Group Plc,33.75,55.5,56,57.5,56.5,56.5,-,-,"1,575,000",-
2014-11-25,KCB,KCB Group Plc,33.75,55.5,56.5,58,57,56.5,0.5,0.88%,"2,199,800",-
2014-11-26,KCB,KCB Group Plc,33.75,55.5,57,59,58,57,1,1.75%,"3,023,600",-
2014-11-27,KCB,KCB Group Plc,33.75,55.5,57.5,59.5,58.5,58,0.5,0.86%,"6,067,000",-
2014-11-28,KCB,KCB Group Plc,33.75,55.5,56.5,58.5,58,58.5,-0.5,0.85%,"1,973,000",-
2014-12-01,KCB,KCB Group Plc,33.75,55.5,57.5,60,58.5,58,0.5,0.86%,"498,300",-
2014-12-02,KCB,KCB Group Plc,33.75,55.5,58,60,58.5,58.5,-,-,"617,500",-
2014-12-03,KCB,KCB Group Plc,33.75,55.5,58.5,59.5,59,58.5,0.5,0.85%,"3,493,000",-
2014-12-04,KCB,KCB Group Plc,33.75,55.5,58.5,60,59.5,59,0.5,0.85%,"7,564,500",-
2014-12-05,KCB,KCB Group Plc,33.75,55.5,58,60,58.5,59.5,-1,1.68%,"1,481,800",-
2014-12-08,KCB,KCB Group Plc,33.75,55.5,57.5,59,58,58.5,-0.5,0.85%,"626,400",-
2014-12-09,KCB,KCB Group Plc,33.75,55.5,58,59,58,58,-,-,"350,000",-
2014-12-10,KCB,KCB Group Plc,33.75,55.5,58,58.5,58,58,-,-,"2,296,700",-
2014-12-11,KCB,KCB Group Plc,33.75,55.5,58,58.5,58,58,-,-,"2,590,500",-
2014-12-15,KCB,KCB Group Plc,33.75,55.5,57,58.5,58,58,-,-,"3,062,000",-
2014-12-16,KCB,KCB Group Plc,33.75,55.5,56.5,58,57,58,-1,1.72%,"23,437,900",-
2014-12-17,KCB,KCB Group Plc,33.75,55.5,55,57.5,56,57,-1,1.75%,"2,243,900",-
2014-12-18,KCB,KCB Group Plc,33.75,55.5,51.5,56,52.5,56,-3.5,6.25%,"5,072,800",-
2014-12-19,KCB,KCB Group Plc,33.75,55.5,53,55,53,52.5,0.5,0.95%,"1,723,100",-
2014-12-22,KCB,KCB Group Plc,33.75,55.5,53.5,56,54,53,1,1.89%,"3,202,000",-
2014-12-23,KCB,KCB Group Plc,33.75,55.5,55,56,55,54,1,1.85%,"769,000",-
2014-12-24,KCB,KCB Group Plc,33.75,55.5,55,59,57.5,55,2.5,4.55%,"1,983,600",-
2014-12-29,KCB,KCB Group Plc,33.75,55.5,57.5,59,58.5,57.5,1,1.74%,"1,180,800",-
2014-12-30,KCB,KCB Group Plc,33.75,55.5,58.5,60,59,58.5,0.5,0.85%,"4,524,300",-
2014-12-31,KCB,KCB Group Plc,33.75,55.5,56,59.5,57,59,-2,3.39%,"1,307,500",-
2015-01-02,KCB,KCB Group Plc,33.75,55.5,56,58,57,57,-,-,"651,500",-
2015-01-05,KCB,KCB Group Plc,33.75,55.5,56,58,56.5,57,-0.5,0.88%,"146,400",-
2015-01-06,KCB,KCB Group Plc,33.75,55.5,56,56.5,56,56.5,-0.5,0.88%,"986,800",-
2015-01-07,KCB,KCB Group Plc,33.75,55.5,56,56.5,56,56,-,-,"148,600",-
2015-01-08,KCB,KCB Group Plc,33.75,55.5,56,57,56,56,-,-,"657,000",-
2015-01-09,KCB,KCB Group Plc,33.75,55.5,55.5,58,56,56,-,-,"1,394,800",-
2015-01-12,KCB,KCB Group Plc,33.75,55.5,56,57,56.5,56,0.5,0.89%,"222,400",-
2015-01-13,KCB,KCB Group Plc,33.75,55.5,56.5,59,57.5,56.5,1,1.77%,"735,500",-
2015-01-14,KCB,KCB Group Plc,33.75,55.5,57,59.5,59,57.5,1.5,2.61%,"1,727,600",-
2015-01-15,KCB,KCB Group Plc,33.75,55.5,57.5,59,58,59,-1,1.69%,"676,900",-
2015-01-16,KCB,KCB Group Plc,33.75,55.5,58,60,59,58,1,1.72%,"2,084,400",-
2015-01-19,KCB,KCB Group Plc,33.75,55.5,58,60,59,59,-,-,"1,002,400",-
2015-01-20,KCB,KCB Group Plc,33.75,55.5,58.5,59.5,58.5,59,-0.5,0.85%,"391,300",-
2015-01-21,KCB,KCB Group Plc,33.75,55.5,58,59,58,58.5,-0.5,0.85%,"279,200",-
2015-01-22,KCB,KCB Group Plc,33.75,55.5,58,59.5,59,58,1,1.72%,"667,300",-
2015-01-23,KCB,KCB Group Plc,33.75,55.5,59,60,59.5,59,0.5,0.85%,"2,458,600",-
2015-01-26,KCB,KCB Group Plc,33.75,55.5,58,60,59,59.5,-0.5,0.84%,"263,200",-
2015-01-27,KCB,KCB Group Plc,33.75,55.5,58,59,58,59,-1,1.69%,"435,800",-
2015-01-28,KCB,KCB Group Plc,33.75,55.5,58,59.5,58.5,58,0.5,0.86%,"3,765,900",-
2015-01-29,KCB,KCB Group Plc,33.75,55.5,58,59,58,58.5,-0.5,0.85%,"1,771,400",-
2015-01-30,KCB,KCB Group Plc,33.75,55.5,58,59,58.5,58,0.5,0.86%,"3,101,200",-
2015-02-02,KCB,KCB Group Plc,33.75,55.5,58.5,59,58.5,58.5,-,-,"1,349,100",-
2015-02-03,KCB,KCB Group Plc,33.75,55.5,58.5,59.5,59,58.5,0.5,0.85%,"372,900",-
2015-02-04,KCB,KCB Group Plc,33.75,55.5,59,60,59,59,-,-,"629,400",-
2015-02-05,KCB,KCB Group Plc,33.75,55.5,59,60,59,59,-,-,"764,600",-
2015-02-06,KCB,KCB Group Plc,33.75,55.5,59,60,59.5,59,0.5,0.85%,"226,100",-
2015-02-09,KCB,KCB Group Plc,33.75,55.5,59.5,60,59.5,59.5,-,-,"529,400",-
2015-02-10,KCB,KCB Group Plc,33.75,55.5,58,60,59,59.5,-0.5,0.84%,"4,334,100",-
2015-02-11,KCB,KCB Group Plc,33.75,55.5,58,59.5,58.5,59,-0.5,0.85%,"8,987,300",-
2015-02-12,KCB,KCB Group Plc,33.75,55.5,58.5,64,59.5,58.5,1,1.71%,"1,094,900",-
2015-02-13,KCB,KCB Group Plc,33.75,55.5,58.5,59.5,59,59.5,-0.5,0.84%,"5,662,400",-
2015-02-16,KCB,KCB Group Plc,33.75,55.5,58.5,60,59,59,-,-,"149,600",-
2015-02-17,KCB,KCB Group Plc,33.75,55.5,59,60,59,59,-,-,"7,091,900",-
2015-02-18,KCB,KCB Group Plc,33.75,55.5,58.5,59.5,58.5,59,-0.5,0.85%,"756,200",-
2015-02-19,KCB,KCB Group Plc,33.75,55.5,58.5,60,59,58.5,0.5,0.85%,"290,300",-
2015-02-20,KCB,KCB Group Plc,33.75,55.5,59,61,59.5,59,0.5,0.85%,"2,946,900",-
2015-02-23,KCB,KCB Group Plc,33.75,55.5,59,60,59,59.5,-0.5,0.84%,"6,213,400",-
2015-02-24,KCB,KCB Group Plc,33.75,55.5,59,60,59.5,59,0.5,0.85%,"624,900",-
2015-02-25,KCB,KCB Group Plc,33.75,55.5,59.5,60,59.5,59.5,-,-,"2,336,300",-
2015-02-26,KCB,KCB Group Plc,33.75,55.5,59,60,59,59.5,-0.5,0.84%,"1,981,600",-
2015-02-27,KCB,KCB Group Plc,33.75,55.5,59,64.5,60,59,1,1.69%,"2,580,600",-
2015-03-02,KCB,KCB Group Plc,33.75,55.5,59,60.5,59.5,60,-0.5,0.83%,"874,000",-
2015-03-03,KCB,KCB Group Plc,33.75,55.5,59,59.5,59,59.5,-0.5,0.84%,"4,689,600",-
2015-03-04,KCB,KCB Group Plc,33.75,55.5,59,59.5,59,59,-,-,"2,009,600",-
2015-03-05,KCB,KCB Group Plc,33.75,55.5,59,60,59,59,-,-,"4,282,800",-
2015-03-06,KCB,KCB Group Plc,33.75,55.5,59,60,59,59,-,-,"6,636,200",-
2015-03-09,KCB,KCB Group Plc,33.75,55.5,58,59,58.5,59,-0.5,0.85%,"148,900",-
2015-03-10,KCB,KCB Group Plc,33.75,55.5,58,59,58,58.5,-0.5,0.85%,"525,000",-
2015-03-11,KCB,KCB Group Plc,33.75,55.5,58,59.5,59,58,1,1.72%,"838,000",-
2015-03-12,KCB,KCB Group Plc,33.75,55.5,59,60,59,59,-,-,"210,700",-
2015-03-13,KCB,KCB Group Plc,33.75,55.5,59,60.5,59.5,59,0.5,0.85%,"1,360,900",-
2015-03-16,KCB,KCB Group Plc,33.75,55.5,59.5,61,60,59.5,0.5,0.84%,"1,062,600",-
2015-03-17,KCB,KCB Group Plc,33.75,55.5,59.5,60.5,60,60,-,-,"1,274,900",-
2015-03-18,KCB,KCB Group Plc,33.75,55.5,60,60.5,60,60,-,-,"836,800",-
2015-03-19,KCB,KCB Group Plc,33.75,55.5,60,61.5,60.5,60,0.5,0.83%,"7,722,300",-
2015-03-20,KCB,KCB Group Plc,33.75,55.5,60.5,61,60.5,60.5,-,-,"1,164,900",-
2015-03-23,KCB,KCB Group Plc,33.75,55.5,60,60.5,60,60.5,-0.5,0.83%,"2,444,500",-
2015-03-24,KCB,KCB Group Plc,33.75,55.5,59.5,61,60,60,-,-,"2,352,200",-
2015-03-25,KCB,KCB Group Plc,33.75,55.5,60,61,60.5,60,0.5,0.83%,"1,041,700",-
2015-03-26,KCB,KCB Group Plc,33.75,55.5,60.5,61.5,60.5,60.5,-,-,"2,467,000",-
2015-03-27,KCB,KCB Group Plc,33.75,55.5,60.5,61.5,60.5,60.5,-,-,"7,704,900",-
2015-03-30,KCB,KCB Group Plc,33.75,55.5,60.5,61.5,61,60.5,0.5,0.83%,"1,477,500",-
2015-03-31,KCB,KCB Group Plc,33.75,55.5,60,61.5,60.5,61,-0.5,0.82%,"933,100",-
2015-04-01,KCB,KCB Group Plc,33.75,55.5,60,61.5,60.5,60.5,-,-,"3,913,800",-
2015-04-02,KCB,KCB Group Plc,33.75,55.5,60.5,61.5,60.5,60.5,-,-,"4,820,800",-
2015-04-07,KCB,KCB Group Plc,33.75,55.5,60.5,61.5,60.5,60.5,-,-,"3,168,200",-
2015-04-08,KCB,KCB Group Plc,33.75,55.5,60.5,62,61.5,60.5,1,1.65%,"4,563,700",-
2015-04-09,KCB,KCB Group Plc,33.75,55.5,61.5,64,61.5,61.5,-,-,"1,716,000",-
2015-04-10,KCB,KCB Group Plc,33.75,55.5,61,64,62.5,61.5,1,1.63%,"231,900",-
2015-04-13,KCB,KCB Group Plc,33.75,55.5,63,65,64,62.5,1.5,2.40%,"3,178,500",-
2015-04-14,KCB,KCB Group Plc,33.75,55.5,64,65.5,64.5,64,0.5,0.78%,"2,560,300",-
2015-04-15,KCB,KCB Group Plc,33.75,55.5,64.5,65.5,65,64.5,0.5,0.78%,"471,200",-
2015-04-16,KCB,KCB Group Plc,33.75,55.5,64.5,65.5,64.5,65,-0.5,0.77%,"4,180,700",-
2015-04-17,KCB,KCB Group Plc,33.75,55.5,64,65,64,64.5,-0.5,0.78%,"2,907,400",-
2015-04-20,KCB,KCB Group Plc,33.75,55.5,64,65,64,64,-,-,"2,066,600",-
2015-04-21,KCB,KCB Group Plc,33.75,55.5,64,65,64.5,64,0.5,0.78%,"3,557,200",-
2015-04-22,KCB,KCB Group Plc,33.75,55.5,64,65,64.5,64.5,-,-,"1,196,600",-
2015-04-23,KCB,KCB Group Plc,33.75,55.5,63,65,64,64.5,-0.5,0.78%,"2,590,300",-
2015-04-24,KCB,KCB Group Plc,33.75,55.5,62,64,63,64,-1,1.56%,"771,700",-
2015-04-27,KCB,KCB Group Plc,33.75,55.5,61,63.5,63,63,-,-,"933,600",-
2015-04-28,KCB,KCB Group Plc,33.75,55.5,62,63,62.5,63,-0.5,0.79%,"411,900",-
2015-04-29,KCB,KCB Group Plc,33.75,55.5,61.5,62.5,62,62.5,-0.5,0.80%,"858,600",-
2015-04-30,KCB,KCB Group Plc,33.75,55.5,62,63,62.5,62,0.5,0.81%,"3,218,500",-
2015-05-04,KCB,KCB Group Plc,33.75,55.5,62,64,62.5,62.5,-,-,"3,115,000",-
2015-05-05,KCB,KCB Group Plc,33.75,55.5,61.5,63,62,62.5,-0.5,0.80%,"3,008,300",-
2015-05-06,KCB,KCB Group Plc,33.75,55.5,59.5,62,60.5,62,-1.5,2.42%,"5,160,700",-
2015-05-07,KCB,KCB Group Plc,33.75,55.5,58.5,62,59,60.5,-1.5,2.48%,"5,565,500",-
2015-05-08,KCB,KCB Group Plc,33.75,55.5,58.5,62,60.5,59,1.5,2.54%,"995,700",-
2015-05-09,KCB,KCB Group Plc,33.75,55.5,32,33.75,33.25,33.25,-,-,"5,265,000",-
2015-05-11,KCB,KCB Group Plc,33.75,55.5,60,62,60,60.5,-0.5,0.83%,"268,000",-
2015-05-12,KCB,KCB Group Plc,33.75,55.5,57.5,60,58,60,-2,3.33%,"12,778,200",-
2015-05-13,KCB,KCB Group Plc,33.75,55.5,57,59,57.5,58,-0.5,0.86%,"960,600",-
2015-05-14,KCB,KCB Group Plc,33.75,55.5,57,58.5,58,57.5,0.5,0.87%,"9,637,500",-
2015-05-15,KCB,KCB Group Plc,33.75,55.5,58,59,58,58,-,-,"4,621,400",-
2015-05-18,KCB,KCB Group Plc,33.75,55.5,57.5,59,58,58,-,-,"479,200",-
2015-05-19,KCB,KCB Group Plc,33.75,55.5,58,62.5,59,58,1,1.72%,"1,608,900",-
2015-05-20,KCB,KCB Group Plc,33.75,55.5,60,61.5,61,59,2,3.39%,"4,248,500",-
2015-05-21,KCB,KCB Group Plc,33.75,55.5,60,61,60,61,-1,1.64%,"1,570,800",-
2015-05-22,KCB,KCB Group Plc,33.75,55.5,59,60,59.5,60,-0.5,0.83%,"567,300",-
2015-05-25,KCB,KCB Group Plc,33.75,55.5,59.5,60.5,59.5,59.5,-,-,"2,681,200",-
2015-05-26,KCB,KCB Group Plc,33.75,55.5,59.5,61,60,59.5,0.5,0.84%,"5,354,400",-
2015-05-27,KCB,KCB Group Plc,33.75,55.5,57,60,59,60,-1,1.67%,"803,200",-
2015-05-28,KCB,KCB Group Plc,33.75,55.5,57,59,57,59,-2,3.39%,"471,000",-
2015-05-29,KCB,KCB Group Plc,33.75,55.5,55.5,57.5,56.5,57,-0.5,0.88%,"9,573,300",-
2015-06-02,KCB,KCB Group Plc,33.75,55.5,56,59,57.5,56.5,1,1.77%,"2,482,800",-
2015-06-03,KCB,KCB Group Plc,33.75,55.5,58,60,58.5,57.5,1,1.74%,"904,100",-
2015-06-04,KCB,KCB Group Plc,33.75,55.5,58.5,60,59.5,58.5,1,1.71%,"1,613,700",-
2015-06-05,KCB,KCB Group Plc,33.75,55.5,58.5,59.5,59,59.5,-0.5,0.84%,"119,400",-
2015-06-08,KCB,KCB Group Plc,33.75,55.5,58,59.5,58.5,59,-0.5,0.85%,"691,300",-
2015-06-09,KCB,KCB Group Plc,33.75,55.5,58,59.5,58.5,58.5,-,-,"119,000",-
2015-06-10,KCB,KCB Group Plc,33.75,55.5,58,59.5,58.5,58.5,-,-,"2,691,100",-
2015-06-11,KCB,KCB Group Plc,33.75,55.5,57,58.5,58,58.5,-0.5,0.85%,"390,900",-
2015-06-12,KCB,KCB Group Plc,33.75,55.5,57,59,58,58,-,-,"85,600",-
2015-06-15,KCB,KCB Group Plc,33.75,55.5,57,58,57.5,58,-0.5,0.86%,"189,300",-
2015-06-16,KCB,KCB Group Plc,33.75,55.5,57,58,57,57.5,-0.5,0.87%,"1,814,900",-
2015-06-17,KCB,KCB Group Plc,33.75,55.5,56,58,56.5,57,-0.5,0.88%,"304,800",-
2015-06-18,KCB,KCB Group Plc,33.75,55.5,56.5,57.5,56.5,56.5,-,-,"1,306,200",-
2015-06-19,KCB,KCB Group Plc,33.75,55.5,56.5,57.5,56.5,56.5,-,-,"396,300",-
2015-06-22,KCB,KCB Group Plc,33.75,55.5,55.5,57,56,56.5,-0.5,0.88%,"1,732,100",-
2015-06-23,KCB,KCB Group Plc,33.75,55.5,55.5,56.5,56,56,-,-,"165,300",-
2015-06-24,KCB,KCB Group Plc,33.75,55.5,55.5,57,56,56,-,-,"28,166,600",-
2015-06-25,KCB,KCB Group Plc,33.75,55.5,55.5,56,55.5,56,-0.5,0.89%,"3,036,800",-
2015-06-26,KCB,KCB Group Plc,33.75,55.5,55.5,56,55.5,55.5,-,-,"228,000",-
2015-06-29,KCB,KCB Group Plc,33.75,55.5,54.5,56.5,55.5,55.5,-,-,"2,602,100",-
2015-06-30,KCB,KCB Group Plc,33.75,55.5,54,56,55,55.5,-0.5,0.90%,"571,600",-
2015-07-01,KCB,KCB Group Plc,33.75,55.5,54,55,54,55,-1,1.82%,"3,866,800",-
2015-07-02,KCB,KCB Group Plc,33.75,55.5,53.5,55,54,54,-,-,"2,231,900",-
2015-07-03,KCB,KCB Group Plc,33.75,55.5,54.5,55.5,55,54,1,1.85%,"366,200",-
2015-07-06,KCB,KCB Group Plc,33.75,55.5,54.5,56,54.5,55,-0.5,0.91%,"3,782,600",-
2015-07-07,KCB,KCB Group Plc,33.75,55.5,55,57,56,54.5,1.5,2.75%,"2,222,800",-
2015-07-08,KCB,KCB Group Plc,33.75,55.5,55,56,55,56,-1,1.79%,"642,100",-
2015-07-09,KCB,KCB Group Plc,33.75,55.5,54.5,56,54.5,55,-0.5,0.91%,"3,259,200",-
2015-07-13,KCB,KCB Group Plc,33.75,55.5,54.5,56,54.5,54.5,-,-,"2,429,600",-
2015-07-14,KCB,KCB Group Plc,33.75,55.5,54,56,54.5,54.5,-,-,"306,600",-
2015-07-15,KCB,KCB Group Plc,33.75,55.5,54,54.5,54,54.5,-0.5,0.92%,"2,619,100",-
2015-07-16,KCB,KCB Group Plc,33.75,55.5,54,55,54,54,-,-,"4,323,500",-
2015-07-17,KCB,KCB Group Plc,33.75,55.5,54,56,54.5,54,0.5,0.93%,"1,928,500",-
2015-07-20,KCB,KCB Group Plc,33.75,55.5,54.5,56.5,55.5,54.5,1,1.83%,"1,575,600",-
2015-07-21,KCB,KCB Group Plc,33.75,55.5,55,56.5,55.5,55.5,-,-,"1,038,700",-
2015-07-22,KCB,KCB Group Plc,33.75,55.5,55.5,57,55.5,55.5,-,-,"815,400",-
2015-07-23,KCB,KCB Group Plc,33.75,55.5,54.5,56.5,55,55.5,-0.5,0.90%,"1,590,000",-
2015-07-24,KCB,KCB Group Plc,33.75,55.5,54,55,54.5,55,-0.5,0.91%,"110,300",-
2015-07-27,KCB,KCB Group Plc,33.75,55.5,51,55,54,54.5,-0.5,0.92%,"1,236,200",-
2015-07-28,KCB,KCB Group Plc,33.75,55.5,52,54.5,53.5,54,-0.5,0.93%,"2,414,900",-
2015-07-29,KCB,KCB Group Plc,33.75,55.5,50,53,51.5,53.5,-2,3.74%,"243,400",-
2015-07-30,KCB,KCB Group Plc,33.75,55.5,50,51,50.5,51.5,-1,1.94%,"5,067,900",-
2015-07-31,KCB,KCB Group Plc,33.75,55.5,45.5,51,50,50.5,-0.5,0.99%,"6,399,500",-
2015-08-03,KCB,KCB Group Plc,33.75,55.5,46,50,49,50,-1,2.00%,"5,710,800",-
2015-08-04,KCB,KCB Group Plc,33.75,55.5,46.5,49,47,49,-2,4.08%,"4,700,100",-
2015-08-05,KCB,KCB Group Plc,33.75,55.5,45.75,47,46,47,-1,2.13%,"9,614,700",-
2015-08-06,KCB,KCB Group Plc,33.75,55.5,46,47,46,46,-,-,"3,901,900",-
2015-08-07,KCB,KCB Group Plc,33.75,55.5,46,49.75,49.25,46,3.25,7.07%,"3,565,300",-
2015-08-10,KCB,KCB Group Plc,33.75,55.5,48.25,50,49.5,49.25,0.25,0.51%,"2,830,300",-
2015-08-11,KCB,KCB Group Plc,33.75,55.5,47,50,49.5,49.5,-,-,"1,908,100",-
2015-08-12,KCB,KCB Group Plc,33.75,55.5,46,49.5,48.75,49.5,-0.75,1.52%,"1,169,400",-
2015-08-13,KCB,KCB Group Plc,33.75,55.5,47.5,49.5,48.25,48.75,-0.5,1.03%,"1,997,200",-
2015-08-14,KCB,KCB Group Plc,33.75,55.5,47.25,48.5,47.5,48.25,-0.75,1.55%,"592,600",-
2015-08-17,KCB,KCB Group Plc,33.75,55.5,47,48,47.25,47.5,-0.25,0.53%,"695,000",-
2015-08-18,KCB,KCB Group Plc,33.75,55.5,46.5,47.5,47,47.25,-0.25,0.53%,"1,175,300",-
2015-08-19,KCB,KCB Group Plc,33.75,55.5,46.5,47.25,46.5,47,-0.5,1.06%,"3,324,500",-
2015-08-20,KCB,KCB Group Plc,33.75,55.5,46,47,46.5,46.5,-,-,"3,955,900",-
2015-08-21,KCB,KCB Group Plc,33.75,55.5,45.5,47,46,46.5,-0.5,1.08%,"3,644,500",-
2015-08-24,KCB,KCB Group Plc,33.75,55.5,45,46.25,45.5,46,-0.5,1.09%,"491,900",-
2015-08-25,KCB,KCB Group Plc,33.75,55.5,43,45.75,44.75,45.5,-0.75,1.65%,"1,164,400",-
2015-08-26,KCB,KCB Group Plc,33.75,55.5,43,45.5,43.5,44.75,-1.25,2.79%,"980,900",-
2015-08-27,KCB,KCB Group Plc,33.75,55.5,42.75,44.25,43,43.5,-0.5,1.15%,"7,555,700",-
2015-08-28,KCB,KCB Group Plc,33.75,55.5,42.25,44,43.75,43,0.75,1.74%,"7,857,200",-
2015-08-31,KCB,KCB Group Plc,33.75,55.5,44,44.75,44,43.75,0.25,0.57%,"4,809,200",-
2015-09-01,KCB,KCB Group Plc,33.75,55.5,43.25,45,44,44,-,-,"1,630,100",-
2015-09-02,KCB,KCB Group Plc,33.75,55.5,43.25,44,43.5,44,-0.5,1.14%,"818,100",-
2015-09-03,KCB,KCB Group Plc,33.75,55.5,43.5,45.5,44,43.5,0.5,1.15%,"350,900",-
2015-09-04,KCB,KCB Group Plc,33.75,55.5,45,46.25,45,44,1,2.27%,"854,400",-
2015-09-07,KCB,KCB Group Plc,33.75,55.5,46,47.5,46.25,45,1.25,2.78%,"107,600",-
2015-09-08,KCB,KCB Group Plc,33.75,55.5,46,47,46.5,46.25,0.25,0.54%,"2,248,500",-
2015-09-09,KCB,KCB Group Plc,33.75,55.5,46,47,46,46.5,-0.5,1.08%,"3,858,000",-
2015-09-10,KCB,KCB Group Plc,33.75,55.5,46.25,47,46.25,46,0.25,0.54%,"1,425,000",-
2015-09-11,KCB,KCB Group Plc,33.75,55.5,45.75,46.5,46,46.25,-0.25,0.54%,"1,349,800",-
2015-09-14,KCB,KCB Group Plc,33.75,55.5,45,47,46.25,46,0.25,0.54%,"2,121,700",-
2015-09-15,KCB,KCB Group Plc,33.75,55.5,46,47,46.25,46.25,-,-,"3,318,900",-
2015-09-16,KCB,KCB Group Plc,33.75,55.5,46.5,47,46.5,46.25,0.25,0.54%,"2,673,100",-
2015-09-17,KCB,KCB Group Plc,33.75,55.5,46.25,48,46.75,46.5,0.25,0.54%,"1,589,200",-
2015-09-18,KCB,KCB Group Plc,33.75,55.5,47.25,49,47.75,46.75,1,2.14%,"513,200",-
2015-09-21,KCB,KCB Group Plc,33.75,55.5,47,47.5,47,47.75,-0.75,1.57%,"839,600",-
2015-09-22,KCB,KCB Group Plc,33.75,55.5,47,47.75,47,47,-,-,"327,200",-
2015-09-23,KCB,KCB Group Plc,33.75,55.5,47,47.75,47.25,47,0.25,0.53%,"144,300",-
2015-09-24,KCB,KCB Group Plc,33.75,55.5,47.25,50,48,47.25,0.75,1.59%,"1,530,800",-
2015-09-25,KCB,KCB Group Plc,33.75,55.5,48,50,48.75,48,0.75,1.56%,"258,300",-
2015-09-28,KCB,KCB Group Plc,33.75,55.5,48.5,49.5,49,48.75,0.25,0.51%,"490,700",-
2015-09-29,KCB,KCB Group Plc,33.75,55.5,47.25,49,47.75,49,-1.25,2.55%,"1,651,900",-
2015-09-30,KCB,KCB Group Plc,33.75,55.5,47,48.5,47,47.75,-0.75,1.57%,"868,900",-
2015-10-01,KCB,KCB Group Plc,33.75,55.5,45,47.5,45.5,47,-1.5,3.19%,"159,600",-
2015-10-02,KCB,KCB Group Plc,33.75,55.5,43.5,46,43.75,45.5,-1.75,3.85%,"2,630,200",-
2015-10-05,KCB,KCB Group Plc,33.75,55.5,43.5,46,44.25,43.75,0.5,1.14%,"1,154,800",-
2015-10-07,KCB,KCB Group Plc,33.75,55.5,44.5,45.75,45,44.25,0.75,1.69%,"11,395,900",-
2015-10-08,KCB,KCB Group Plc,33.75,55.5,44.5,45,44.75,45,-0.25,0.56%,"845,700",-
2015-10-09,KCB,KCB Group Plc,33.75,55.5,43.25,45,44,44.75,-0.75,1.68%,"2,294,700",-
2015-10-12,KCB,KCB Group Plc,33.75,55.5,43,45,43.25,44,-0.75,1.70%,"2,218,900",-
2015-10-13,KCB,KCB Group Plc,33.75,55.5,40.5,43.5,42.25,43.25,-1,2.31%,"937,700",-
2015-10-14,KCB,KCB Group Plc,33.75,55.5,39,42.5,40.25,42.25,-2,4.73%,"5,997,300",-
2015-10-15,KCB,KCB Group Plc,33.75,55.5,39.75,42.5,41.25,40.25,1,2.48%,"10,145,900",-
2015-10-16,KCB,KCB Group Plc,33.75,55.5,41.25,43,41.75,41.25,0.5,1.21%,"5,535,300",-
2015-10-19,KCB,KCB Group Plc,33.75,55.5,42,43.5,42.5,41.75,0.75,1.80%,"685,300",-
2015-10-21,KCB,KCB Group Plc,33.75,55.5,42,43.5,42.5,42.5,-,-,"4,934,900",-
2015-10-22,KCB,KCB Group Plc,33.75,55.5,41.75,42.5,41.75,42.5,-0.75,1.76%,"3,225,700",-
2015-10-23,KCB,KCB Group Plc,33.75,55.5,41.5,42,41.75,41.75,-,-,"354,600",-
2015-10-26,KCB,KCB Group Plc,33.75,55.5,41.5,42,41.75,41.75,-,-,"1,133,900",-
2015-10-27,KCB,KCB Group Plc,33.75,55.5,41,41.5,41,41.75,-0.75,1.80%,"375,600",-
2015-10-28,KCB,KCB Group Plc,33.75,55.5,40,41.25,40.5,41,-0.5,1.22%,"2,077,900",-
2015-10-29,KCB,KCB Group Plc,33.75,55.5,40.25,41,40.5,40.5,-,-,"1,029,700",-
2015-10-30,KCB,KCB Group Plc,33.75,55.5,39.75,40.75,40.25,40.5,-0.25,0.62%,"2,008,300",-
2015-11-02,KCB,KCB Group Plc,33.75,55.5,39.75,40.25,39.75,40.25,-0.5,1.24%,"413,800",-
2015-11-03,KCB,KCB Group Plc,33.75,55.5,38.25,40,38.75,39.75,-1,2.52%,"5,294,700",-
2015-11-04,KCB,KCB Group Plc,33.75,55.5,38.75,40.25,39.75,38.75,1,2.58%,"1,450,600",-
2015-11-05,KCB,KCB Group Plc,33.75,55.5,40,42.5,40.5,39.75,0.75,1.89%,"3,080,400",-
2015-11-06,KCB,KCB Group Plc,33.75,55.5,41,43,42.5,40.5,2,4.94%,"267,600",-
2015-11-09,KCB,KCB Group Plc,33.75,55.5,42,43,42.25,42.5,-0.25,0.59%,"898,500",-
2015-11-10,KCB,KCB Group Plc,33.75,55.5,40,42.5,41.5,42.25,-0.75,1.78%,"1,005,100",-
2015-11-11,KCB,KCB Group Plc,33.75,55.5,40.5,42,41.25,41.5,-0.25,0.60%,"1,112,600",-
2015-11-12,KCB,KCB Group Plc,33.75,55.5,41,42,41.5,41.25,0.25,0.61%,"2,148,000",-
2015-11-13,KCB,KCB Group Plc,33.75,55.5,40,42,41,41.5,-0.5,1.20%,"1,719,000",-
2015-11-16,KCB,KCB Group Plc,33.75,55.5,39.75,41,40.25,41,-0.75,1.83%,"4,610,100",-
2015-11-17,KCB,KCB Group Plc,33.75,55.5,39.75,41,39.75,40.25,-0.5,1.24%,"3,790,800",-
2015-11-18,KCB,KCB Group Plc,33.75,55.5,40,41.75,40.75,39.75,1,2.52%,"2,765,400",-
2015-11-19,KCB,KCB Group Plc,33.75,55.5,40.5,41,40.75,40.75,-,-,"3,530,500",-
2015-11-20,KCB,KCB Group Plc,33.75,55.5,41,42,41.5,40.75,0.75,1.84%,"2,270,500",-
2015-11-23,KCB,KCB Group Plc,33.75,55.5,41.5,42.75,41.75,41.5,0.25,0.60%,"362,700",-
2015-11-24,KCB,KCB Group Plc,33.75,55.5,41.5,42,41.75,41.75,-,-,"1,094,900",-
2015-11-25,KCB,KCB Group Plc,33.75,55.5,41.25,42,41.5,41.75,-0.25,0.60%,"4,958,700",-
2015-11-27,KCB,KCB Group Plc,33.75,55.5,41,41.75,41.25,41.5,-0.25,0.60%,"398,500",-
2015-11-30,KCB,KCB Group Plc,33.75,55.5,39.5,41.5,39.75,41.25,-1.5,3.64%,"2,840,900",-
2015-12-01,KCB,KCB Group Plc,33.75,55.5,40,41.25,40.5,39.75,0.75,1.89%,"118,500",-
2015-12-02,KCB,KCB Group Plc,33.75,55.5,40,41.25,40.5,40.5,-,-,"681,900",-
2015-12-03,KCB,KCB Group Plc,33.75,55.5,40,41,40.25,40.5,-0.25,0.62%,"3,406,200",-
2015-12-04,KCB,KCB Group Plc,33.75,55.5,40,40.5,40.25,40.25,-,-,"350,200",-
2015-12-07,KCB,KCB Group Plc,33.75,55.5,40.25,41.5,40.5,40.25,0.25,0.62%,"5,967,100",-
2015-12-08,KCB,KCB Group Plc,33.75,55.5,40.5,41.75,40.75,40.5,0.25,0.62%,"1,237,000",-
2015-12-09,KCB,KCB Group Plc,33.75,55.5,40.5,41.5,40.75,40.75,-,-,"2,581,700",-
2015-12-10,KCB,KCB Group Plc,33.75,55.5,40.5,41,40.5,40.75,-0.25,0.61%,"899,100",-
2015-12-11,KCB,KCB Group Plc,33.75,55.5,39.75,41,40.25,40.5,-0.25,0.62%,"2,662,600",-
2015-12-14,KCB,KCB Group Plc,33.75,55.5,39.75,40.5,40,40.25,-0.25,0.62%,"1,275,900",-
2015-12-15,KCB,KCB Group Plc,33.75,55.5,39.75,40.5,40,40,-,-,"9,817,200",-
2015-12-16,KCB,KCB Group Plc,33.75,55.5,39.5,40,39.5,40,-0.5,1.25%,"1,351,800",-
2015-12-17,KCB,KCB Group Plc,33.75,55.5,39.75,40,39.75,39.5,0.25,0.63%,"503,000",-
2015-12-18,KCB,KCB Group Plc,33.75,55.5,39.75,40.5,39.75,39.75,-,-,"5,232,800",-
2015-12-21,KCB,KCB Group Plc,33.75,55.5,39.75,40.25,39.75,39.75,-,-,"590,800",-
2015-12-22,KCB,KCB Group Plc,33.75,55.5,39.75,40,39.75,39.75,-,-,"1,643,300",-
2015-12-23,KCB,KCB Group Plc,33.75,55.5,39.75,40.25,40,39.75,0.25,0.63%,"921,500",-
2015-12-24,KCB,KCB Group Plc,33.75,55.5,39.75,41.75,40,40,-,-,"158,300",-
2015-12-28,KCB,KCB Group Plc,33.75,55.5,39.75,41.75,40,40,-,-,"1,068,000",-
2015-12-29,KCB,KCB Group Plc,33.75,55.5,39.75,41,39.75,40,-0.25,0.63%,"169,600",-
2015-12-30,KCB,KCB Group Plc,33.75,55.5,39.75,43,40,39.75,0.25,0.63%,"13,910,200",-
2015-12-31,KCB,KCB Group Plc,33.75,55.5,42,44,43.75,40,3.75,9.38%,"3,959,700",-
2016-01-04,KCB,KCB Group Plc,33.75,55.5,41,43.5,43,43.75,-0.75,1.71%,"1,479,300",-
2016-01-05,KCB,KCB Group Plc,33.75,55.5,42,44.25,43.5,43,0.5,1.16%,"2,292,400",-
2016-01-06,KCB,KCB Group Plc,33.75,55.5,42,44,42.75,43.5,-0.75,1.72%,"473,700",-
2016-01-07,KCB,KCB Group Plc,33.75,55.5,41.5,42.25,41.75,42.75,-1,2.34%,"2,071,900",-
2016-01-08,KCB,KCB Group Plc,33.75,55.5,40.5,42,41.5,41.75,-0.25,0.60%,"26,515,400",-
2016-01-11,KCB,KCB Group Plc,33.75,55.5,41.25,43,41.5,41.5,-,-,"2,540,100",-
2016-01-12,KCB,KCB Group Plc,33.75,55.5,41,41.75,41.25,41.5,-0.25,0.60%,"452,300",-
2016-01-13,KCB,KCB Group Plc,33.75,55.5,40.25,41.75,41,41.25,-0.25,0.61%,"316,400",-
2016-01-14,KCB,KCB Group Plc,33.75,55.5,39,41,39.75,41,-1.25,3.05%,"4,295,800",-
2016-01-15,KCB,KCB Group Plc,33.75,55.5,39.75,41,39.75,39.75,-,-,"977,300",-
2016-01-18,KCB,KCB Group Plc,33.75,55.5,39,41,39.5,39.75,-0.25,0.63%,"396,900",-
2016-01-19,KCB,KCB Group Plc,33.75,55.5,37.75,39.75,38.5,39.5,-1,2.53%,"686,800",-
2016-01-20,KCB,KCB Group Plc,33.75,55.5,37,39,37.5,38.5,-1,2.60%,"6,935,800",-
2016-01-21,KCB,KCB Group Plc,33.75,55.5,37.25,39,37.5,37.5,-,-,"3,267,900",-
2016-01-22,KCB,KCB Group Plc,33.75,55.5,38,39,38.5,37.5,1,2.67%,"2,461,700",-
2016-01-25,KCB,KCB Group Plc,33.75,55.5,38.5,39,38.5,38.5,-,-,"24,365,900",-
2016-01-26,KCB,KCB Group Plc,33.75,55.5,38,39,38.25,38.5,-0.25,0.65%,"919,600",-
2016-01-27,KCB,KCB Group Plc,33.75,55.5,38,39,38,38.25,-0.25,0.65%,"2,780,600",-
2016-01-28,KCB,KCB Group Plc,33.75,55.5,37.5,38.5,38,38,-,-,"3,718,200",-
2016-01-29,KCB,KCB Group Plc,33.75,55.5,38,38.75,38.25,38,0.25,0.66%,"4,915,300",-
2016-02-02,KCB,KCB Group Plc,33.75,55.5,38,38.5,38,38.25,-0.25,0.65%,"11,347,000",-
2016-02-03,KCB,KCB Group Plc,33.75,55.5,38.25,39,38.5,38,0.5,1.32%,"3,298,700",-
2016-02-04,KCB,KCB Group Plc,33.75,55.5,38.75,40.25,39,38.5,0.5,1.30%,"2,196,400",-
2016-02-05,KCB,KCB Group Plc,33.75,55.5,39.75,40.5,40,39,1,2.56%,"7,289,900",-
2016-02-08,KCB,KCB Group Plc,33.75,55.5,39.75,41,40.25,40,0.25,0.63%,"181,300",-
2016-02-09,KCB,KCB Group Plc,33.75,55.5,39.5,41.25,40,40.25,-0.25,0.62%,"742,700",-
2016-02-10,KCB,KCB Group Plc,33.75,55.5,39.75,40,39.75,40,-0.25,0.63%,"929,500",-
2016-02-11,KCB,KCB Group Plc,33.75,55.5,39.25,40,39.5,39.75,-0.25,0.63%,"1,610,900",-
2016-02-12,KCB,KCB Group Plc,33.75,55.5,39.5,40,39.5,39.5,-,-,"1,845,200",-
2016-02-15,KCB,KCB Group Plc,33.75,55.5,39.75,40,39.75,39.5,0.25,0.63%,"922,200",-
2016-02-16,KCB,KCB Group Plc,33.75,55.5,39.5,40.25,39.75,39.75,-,-,"3,850,800",-
2016-02-17,KCB,KCB Group Plc,33.75,55.5,39.5,40,39.75,39.75,-,-,"2,144,500",-
2016-02-18,KCB,KCB Group Plc,33.75,55.5,39.5,40,39.5,39.75,-0.25,0.63%,"427,200",-
2016-02-19,KCB,KCB Group Plc,33.75,55.5,39.5,40,39.5,39.5,-,-,"3,037,800",-
2016-02-22,KCB,KCB Group Plc,33.75,55.5,39.25,40,39.5,39.5,-,-,"327,400",-
2016-02-23,KCB,KCB Group Plc,33.75,55.5,39.5,40,39.75,39.5,0.25,0.63%,"420,200",-
2016-02-24,KCB,KCB Group Plc,33.75,55.5,39.25,39.75,39.5,39.75,-0.25,0.63%,"1,180,500",-
2016-02-25,KCB,KCB Group Plc,33.75,55.5,39.5,40,39.75,39.5,0.25,0.63%,"2,723,200",-
2016-02-26,KCB,KCB Group Plc,33.75,55.5,39.5,41,40,39.75,0.25,0.63%,"1,012,700",-
2016-02-29,KCB,KCB Group Plc,33.75,55.5,39,41,39.75,40,-0.25,0.63%,"1,917,900",-
2016-03-01,KCB,KCB Group Plc,33.75,55.5,39,41,39.5,39.75,-0.25,0.63%,"1,976,400",-
2016-03-02,KCB,KCB Group Plc,33.75,55.5,40,41,40.75,39.5,1.25,3.16%,"3,982,200",-
2016-03-03,KCB,KCB Group Plc,33.75,55.5,40.75,41.75,40.75,40.75,-,-,"4,668,400",-
2016-03-04,KCB,KCB Group Plc,33.75,55.5,41.25,42,41.75,40.75,1,2.45%,"913,400",-
2016-03-07,KCB,KCB Group Plc,33.75,55.5,41,42,41.25,41.75,-0.5,1.20%,"482,500",-
2016-03-08,KCB,KCB Group Plc,33.75,55.5,41,41.5,41,41.25,-0.25,0.61%,"9,294,100",-
2016-03-09,KCB,KCB Group Plc,33.75,55.5,41,41.5,41,41,-,-,"4,460,000",-
2016-03-10,KCB,KCB Group Plc,33.75,55.5,40.5,41.5,40.5,41,-0.5,1.22%,"351,900",-
2016-03-11,KCB,KCB Group Plc,33.75,55.5,40.25,41,40.5,40.5,-,-,"127,200",-
2016-03-14,KCB,KCB Group Plc,33.75,55.5,40.5,41.5,41,40.5,0.5,1.23%,"3,509,600",-
2016-03-15,KCB,KCB Group Plc,33.75,55.5,40.75,41.5,41,41,-,-,"4,031,400",-
2016-03-16,KCB,KCB Group Plc,33.75,55.5,41,41.5,41,41,-,-,"1,447,100",-
2016-03-17,KCB,KCB Group Plc,33.75,55.5,41,42,41.25,41,0.25,0.61%,"3,432,700",-
2016-03-18,KCB,KCB Group Plc,33.75,55.5,41,42,41.25,41.25,-,-,"5,973,900",-
2016-03-21,KCB,KCB Group Plc,33.75,55.5,41,41.5,41.25,41.25,-,-,"1,766,600",-
2016-03-22,KCB,KCB Group Plc,33.75,55.5,41,41.5,41,41.25,-0.25,0.61%,"5,904,400",-
2016-03-23,KCB,KCB Group Plc,33.75,55.5,41,42,41.25,41,0.25,0.61%,"2,887,300",-
2016-03-24,KCB,KCB Group Plc,33.75,55.5,41.5,42.5,42,41.25,0.75,1.82%,"433,000",-
2016-03-29,KCB,KCB Group Plc,33.75,55.5,41.5,42.75,42,42,-,-,"713,500",-
2016-03-30,KCB,KCB Group Plc,33.75,55.5,41.25,42,41.5,42,-0.5,1.19%,"778,100",-
2016-03-31,KCB,KCB Group Plc,33.75,55.5,41.25,42,41.5,41.5,-,-,"2,037,300",-
2016-04-01,KCB,KCB Group Plc,33.75,55.5,41.5,42,41.75,41.5,0.25,0.60%,"763,800",-
2016-04-04,KCB,KCB Group Plc,33.75,55.5,41.5,42.25,41.75,41.75,-,-,"175,000",-
2016-04-05,KCB,KCB Group Plc,33.75,55.5,41.75,43,41.75,41.75,-,-,"2,984,800",-
2016-04-06,KCB,KCB Group Plc,33.75,55.5,42,43,42.25,41.75,0.5,1.20%,"183,200",-
2016-04-07,KCB,KCB Group Plc,33.75,55.5,42,43,42.5,42.25,0.25,0.59%,"521,700",-
2016-04-08,KCB,KCB Group Plc,33.75,55.5,42,43,42,42.5,-0.5,1.18%,"2,191,000",-
2016-04-11,KCB,KCB Group Plc,33.75,55.5,42,42.75,42,42,-,-,"3,488,600",-
2016-04-12,KCB,KCB Group Plc,33.75,55.5,42.5,43,42.5,42,0.5,1.19%,"3,167,100",-
2016-04-13,KCB,KCB Group Plc,33.75,55.5,42.25,43,42.5,42.5,-,-,"5,472,600",-
2016-04-14,KCB,KCB Group Plc,33.75,55.5,42.5,43.25,42.75,42.5,0.25,0.59%,"754,100",-
2016-04-15,KCB,KCB Group Plc,33.75,55.5,42.5,43.25,42.75,42.75,-,-,"1,992,600",-
2016-04-18,KCB,KCB Group Plc,33.75,55.5,42,43,42.75,42.75,-,-,"1,381,100",-
2016-04-19,KCB,KCB Group Plc,33.75,55.5,42.25,43,42.5,42.75,-0.25,0.58%,"604,300",-
2016-04-20,KCB,KCB Group Plc,33.75,55.5,42.5,43.5,42.75,42.5,0.25,0.59%,"3,026,100",-
2016-04-21,KCB,KCB Group Plc,33.75,55.5,42.5,43.5,42.75,42.75,-,-,"2,000,000",-
2016-04-22,KCB,KCB Group Plc,33.75,55.5,42.5,43,42.5,42.75,-0.25,0.58%,"210,400",-
2016-04-25,KCB,KCB Group Plc,33.75,55.5,42.5,42.75,42.5,42.5,-,-,"674,100",-
2016-04-26,KCB,KCB Group Plc,33.75,55.5,42,42.75,42,42.5,-0.5,1.18%,"1,632,600",-
2016-04-27,KCB,KCB Group Plc,33.75,55.5,39,42.5,41.75,42,-0.25,0.60%,"539,900",-
2016-04-28,KCB,KCB Group Plc,33.75,55.5,41.25,42,41.5,41.75,-0.25,0.60%,"3,235,400",-
2016-04-29,KCB,KCB Group Plc,33.75,55.5,41,41.75,41.5,41.5,-,-,"1,320,100",-
2016-05-03,KCB,KCB Group Plc,33.75,55.5,40.75,42,41.5,41.5,-,-,"2,006,300",-
2016-05-04,KCB,KCB Group Plc,33.75,55.5,39,40,39.25,41.5,-2.25,5.42%,"1,707,300",-
2016-05-05,KCB,KCB Group Plc,33.75,55.5,36,39.5,38.75,39.25,-0.5,1.27%,"887,800",-
2016-05-06,KCB,KCB Group Plc,33.75,55.5,39,41,39.75,38.75,1,2.58%,"617,300",-
2016-05-09,KCB,KCB Group Plc,33.75,55.5,39.5,40,39.5,39.75,-0.25,0.63%,"257,400",-
2016-05-10,KCB,KCB Group Plc,33.75,55.5,39.5,41,40,39.5,0.5,1.27%,"2,780,300",-
2016-05-11,KCB,KCB Group Plc,33.75,55.5,40.5,41,40.5,40,0.5,1.25%,"1,204,300",-
2016-05-12,KCB,KCB Group Plc,33.75,55.5,40.75,42.25,41.75,40.5,1.25,3.09%,"1,258,400",-
2016-05-13,KCB,KCB Group Plc,33.75,55.5,41.5,42.5,41.75,41.75,-,-,"3,600,300",-
2016-05-16,KCB,KCB Group Plc,33.75,55.5,41.25,42,41.5,41.75,-0.25,0.60%,"332,700",-
2016-05-17,KCB,KCB Group Plc,33.75,55.5,41,41.5,41,41.5,-0.5,1.20%,"454,100",-
2016-05-18,KCB,KCB Group Plc,33.75,55.5,41,41.75,41.25,41,0.25,0.61%,"3,679,500",-
2016-05-19,KCB,KCB Group Plc,33.75,55.5,40.5,41.75,41,41.25,-0.25,0.61%,"1,758,700",-
2016-05-20,KCB,KCB Group Plc,33.75,55.5,40.5,41,40.75,41,-0.25,0.61%,"893,900",-
2016-05-23,KCB,KCB Group Plc,33.75,55.5,40.5,41,40.75,40.75,-,-,"2,706,900",-
2016-05-24,KCB,KCB Group Plc,33.75,55.5,40.5,41,40.5,40.75,-0.25,0.61%,"760,900",-
2016-05-25,KCB,KCB Group Plc,33.75,55.5,38.5,40.75,39.25,40.5,-1.25,3.09%,"3,436,700",-
2016-05-26,KCB,KCB Group Plc,33.75,55.5,39.5,40,39.75,39.25,0.5,1.27%,"1,169,300",-
2016-05-27,KCB,KCB Group Plc,33.75,55.5,39,40,39.5,39.75,-0.25,0.63%,"3,085,400",-
2016-05-30,KCB,KCB Group Plc,33.75,55.5,38.75,39.5,39,39.5,-0.5,1.27%,"462,600",-
2016-05-31,KCB,KCB Group Plc,33.75,55.5,38,39.5,38.75,39,-0.25,0.64%,"1,261,700",-
2016-06-02,KCB,KCB Group Plc,33.75,55.5,37,41,38.25,38.75,-0.5,1.29%,"4,900,200",-
2016-06-03,KCB,KCB Group Plc,33.75,55.5,37,38.5,37.25,38.25,-1,2.61%,"812,400",-
2016-06-06,KCB,KCB Group Plc,33.75,55.5,37,38.25,37.5,37.25,0.25,0.67%,"2,240,100",-
2016-06-07,KCB,KCB Group Plc,33.75,55.5,36.5,37.75,37,37.5,-0.5,1.33%,"2,506,900",-
2016-06-08,KCB,KCB Group Plc,33.75,55.5,36.5,38.25,36.5,37,-0.5,1.35%,"1,837,500",-
2016-06-09,KCB,KCB Group Plc,33.75,55.5,36,37.5,36,36.5,-0.5,1.37%,"4,328,900",-
2016-06-10,KCB,KCB Group Plc,33.75,55.5,36,37,36.25,36,0.25,0.69%,"1,800,400",-
2016-06-13,KCB,KCB Group Plc,33.75,55.5,36,36.75,36,36.25,-0.25,0.69%,"487,900",-
2016-06-14,KCB,KCB Group Plc,33.75,55.5,35.5,36.25,35.5,36,-0.5,1.39%,"3,759,000",-
2016-06-15,KCB,KCB Group Plc,33.75,55.5,35,36,35.25,35.5,-0.25,0.70%,"1,897,400",-
2016-06-16,KCB,KCB Group Plc,33.75,55.5,35.25,36,35.5,35.25,0.25,0.71%,"584,100",-
2016-06-17,KCB,KCB Group Plc,33.75,55.5,34.75,36,35,35.5,-0.5,1.41%,"7,962,400",-
2016-06-20,KCB,KCB Group Plc,33.75,55.5,35,35.75,35.25,35,0.25,0.71%,"345,000",-
2016-06-21,KCB,KCB Group Plc,33.75,55.5,34.75,35.5,35,35.25,-0.25,0.71%,"8,232,300",-
2016-06-22,KCB,KCB Group Plc,33.75,55.5,34.75,35,34.75,35,-0.25,0.71%,"1,228,900",-
2016-06-23,KCB,KCB Group Plc,33.75,55.5,34.75,35,34.75,34.75,-,-,"805,200",-
2016-06-24,KCB,KCB Group Plc,33.75,55.5,34.5,35,34.5,34.75,-0.25,0.72%,"376,500",-
2016-06-27,KCB,KCB Group Plc,33.75,55.5,31.5,34.75,34,34.5,-0.5,1.45%,"2,251,300",-
2016-06-28,KCB,KCB Group Plc,33.75,55.5,33.5,34.75,33.75,34,-0.25,0.74%,"922,500",-
2016-06-29,KCB,KCB Group Plc,33.75,55.5,33.5,34,33.75,33.75,-,-,"6,237,500",-
2016-06-30,KCB,KCB Group Plc,33.75,55.5,33,34.5,33.75,33.75,-,-,"478,400",-
2016-07-01,KCB,KCB Group Plc,33.75,55.5,33.5,34,33.75,33.75,-,-,"1,611,800",-
2016-07-04,KCB,KCB Group Plc,33.75,55.5,33,34,33.5,33.75,-0.25,0.74%,"5,034,800",-
2016-07-05,KCB,KCB Group Plc,33.75,55.5,33.75,34,33.75,33.5,0.25,0.75%,"54,300",-
2016-07-06,KCB,KCB Group Plc,33.75,55.5,33.5,34.25,33.5,33.75,-0.25,0.74%,"661,300",-
2016-07-08,KCB,KCB Group Plc,33.75,55.5,33.25,34,33.25,33.5,-0.25,0.75%,"2,801,800",-
2016-07-11,KCB,KCB Group Plc,33.75,55.5,32.5,33.5,33,33.25,-0.25,0.75%,"1,196,400",-
2016-07-12,KCB,KCB Group Plc,33.75,55.5,31,33,32,33,-1,3.03%,"2,429,300",-
2016-07-13,KCB,KCB Group Plc,33.75,55.5,32,33,32.75,32,0.75,2.34%,"3,121,000",-
2016-07-14,KCB,KCB Group Plc,33.75,55.5,32,33,32.25,32.75,-0.5,1.53%,"3,394,600",-
2016-07-15,KCB,KCB Group Plc,33.75,55.5,32,32.75,32.25,32.25,-,-,"1,216,800",-
2016-07-18,KCB,KCB Group Plc,33.75,55.5,31.75,32.75,32,32.25,-0.25,0.78%,"172,500",-
2016-07-19,KCB,KCB Group Plc,33.75,55.5,32.25,33,32.25,32,0.25,0.78%,"749,300",-
2016-07-20,KCB,KCB Group Plc,33.75,55.5,32.25,33,32.25,32.25,-,-,"1,539,300",-
2016-07-21,KCB,KCB Group Plc,33.75,55.5,32,32.5,32.25,32.25,-,-,"738,300",-
2016-07-22,KCB,KCB Group Plc,33.75,55.5,32.25,33,32.5,32.25,0.25,0.78%,"390,600",-
2016-07-25,KCB,KCB Group Plc,33.75,55.5,32.25,32.75,32.25,32.5,-0.25,0.77%,"917,400",-
2016-07-26,KCB,KCB Group Plc,33.75,55.5,32.5,33,32.75,32.25,0.5,1.55%,"526,000",-
2016-07-27,KCB,KCB Group Plc,33.75,55.5,32.5,33,32.5,32.75,-0.25,0.76%,"2,200,300",-
2016-07-28,KCB,KCB Group Plc,33.75,55.5,31.75,32.75,32.25,32.5,-0.25,0.77%,"2,392,500",-
2016-07-29,KCB,KCB Group Plc,33.75,55.5,31.75,32.25,32,32.25,-0.25,0.78%,"676,700",-
2016-08-01,KCB,KCB Group Plc,33.75,55.5,32,32.25,32,32,-,-,"181,300",-
2016-08-02,KCB,KCB Group Plc,33.75,55.5,31.75,32.5,31.75,32,-0.25,0.78%,"2,369,700",-
2016-08-03,KCB,KCB Group Plc,33.75,55.5,31.25,32,31.5,31.75,-0.25,0.79%,"626,600",-
2016-08-04,KCB,KCB Group Plc,33.75,55.5,31,32.25,31.5,31.5,-,-,"1,405,500",-
2016-08-05,KCB,KCB Group Plc,33.75,55.5,31.5,32.5,32,31.5,0.5,1.59%,"2,036,700",-
2016-08-08,KCB,KCB Group Plc,33.75,55.5,32,33,32.25,32,0.25,0.78%,"433,700",-
2016-08-09,KCB,KCB Group Plc,33.75,55.5,32.25,32.75,32.5,32.25,0.25,0.78%,"1,753,800",-
2016-08-10,KCB,KCB Group Plc,33.75,55.5,32.5,32.75,32.5,32.5,-,-,"1,593,200",-
2016-08-11,KCB,KCB Group Plc,33.75,55.5,32.5,33,32.5,32.5,-,-,"1,890,700",-
2016-08-12,KCB,KCB Group Plc,33.75,55.5,32.25,32.75,32.5,32.5,-,-,"1,348,700",-
2016-08-15,KCB,KCB Group Plc,33.75,55.5,32.5,32.75,32.5,32.5,-,-,"664,800",-
2016-08-16,KCB,KCB Group Plc,33.75,55.5,32.5,32.75,32.5,32.5,-,-,"821,200",-
2016-08-17,KCB,KCB Group Plc,33.75,55.5,32.5,33,32.5,32.5,-,-,"8,740,500",-
2016-08-18,KCB,KCB Group Plc,33.75,55.5,32.5,33,32.75,32.5,0.25,0.77%,"11,780,400",-
2016-08-19,KCB,KCB Group Plc,33.75,55.5,32.5,33,32.5,32.75,-0.25,0.76%,"1,051,200",-
2016-08-22,KCB,KCB Group Plc,33.75,55.5,32,32.75,32.25,32.5,-0.25,0.77%,"2,358,300",-
2016-08-23,KCB,KCB Group Plc,33.75,55.5,32.25,33,32.5,32.25,0.25,0.78%,"1,252,300",-
2016-08-24,KCB,KCB Group Plc,33.75,55.5,32.5,33,32.75,32.5,0.25,0.77%,"4,125,600",-
2016-08-25,KCB,KCB Group Plc,33.75,55.5,29.5,31,30,32.75,-2.75,8.40%,"135,000",-
2016-08-26,KCB,KCB Group Plc,33.75,55.5,27,27,27,30,-3,10.00%,"41,600",-
2016-08-29,KCB,KCB Group Plc,33.75,55.5,24.5,25,24.5,27,-2.5,9.26%,"18,783,800",-
2016-08-30,KCB,KCB Group Plc,33.75,55.5,22.5,26.75,25.5,24.5,1,4.08%,"12,438,300",-
2016-08-31,KCB,KCB Group Plc,33.75,55.5,26.5,28,27.75,25.5,2.25,8.82%,"24,456,700",-
2016-09-01,KCB,KCB Group Plc,33.75,55.5,26.25,27,26.5,27.75,-1.25,4.50%,"11,282,500",-
2016-09-02,KCB,KCB Group Plc,33.75,55.5,26.25,27,26.5,26.5,-,-,"19,454,700",-
2016-09-05,KCB,KCB Group Plc,33.75,55.5,26.25,26.5,26.25,26.5,-0.25,0.94%,"716,700",-
2016-09-06,KCB,KCB Group Plc,33.75,55.5,26,26.5,26.25,26.25,-,-,"2,975,000",-
2016-09-07,KCB,KCB Group Plc,33.75,55.5,26,27,26.75,26.25,0.5,1.90%,"1,278,300",-
2016-09-08,KCB,KCB Group Plc,33.75,55.5,26.75,27.75,27,26.75,0.25,0.93%,"8,256,800",-
2016-09-09,KCB,KCB Group Plc,33.75,55.5,27.5,29,28.25,27,1.25,4.63%,"450,100",-
2016-09-13,KCB,KCB Group Plc,33.75,55.5,27,29,27.5,28.25,-0.75,2.65%,"441,000",-
2016-09-14,KCB,KCB Group Plc,33.75,55.5,27,28,27.5,27.5,-,-,"4,204,800",-
2016-09-15,KCB,KCB Group Plc,33.75,55.5,26.25,27.5,26.5,27.5,-1,3.64%,"3,647,100",-
2016-09-16,KCB,KCB Group Plc,33.75,55.5,26.25,27,26.25,26.5,-0.25,0.94%,"1,659,500",-
2016-09-19,KCB,KCB Group Plc,33.75,55.5,26.25,27.5,26.5,26.25,0.25,0.95%,"570,300",-
2016-09-20,KCB,KCB Group Plc,33.75,55.5,25.75,26.75,26,26.5,-0.5,1.89%,"4,847,300",-
2016-09-21,KCB,KCB Group Plc,33.75,55.5,25.5,26.25,25.75,26,-0.25,0.96%,"1,024,700",-
2016-09-22,KCB,KCB Group Plc,33.75,55.5,25.75,26,25.75,25.75,-,-,"1,675,100",-
2016-09-23,KCB,KCB Group Plc,33.75,55.5,25.5,26,25.75,25.75,-,-,"590,000",-
2016-09-26,KCB,KCB Group Plc,33.75,55.5,25,25.75,25.25,25.75,-0.5,1.94%,"3,060,400",-
2016-09-27,KCB,KCB Group Plc,33.75,55.5,25,25.5,25.25,25.25,-,-,"577,800",-
2016-09-28,KCB,KCB Group Plc,33.75,55.5,25,27,25.5,25.25,0.25,0.99%,"3,206,900",-
2016-09-29,KCB,KCB Group Plc,33.75,55.5,26.5,27.5,27,25.5,1.5,5.88%,"4,118,700",-
2016-09-30,KCB,KCB Group Plc,33.75,55.5,27.5,28.5,28,27,1,3.70%,"739,400",-
2016-10-03,KCB,KCB Group Plc,33.75,55.5,28.5,30.5,29.25,28,1.25,4.46%,"3,318,200",-
2016-10-04,KCB,KCB Group Plc,33.75,55.5,28.5,29.75,29,29.25,-0.25,0.85%,"2,417,500",-
2016-10-05,KCB,KCB Group Plc,33.75,55.5,28.25,29.5,28.75,29,-0.25,0.86%,"109,000",-
2016-10-06,KCB,KCB Group Plc,33.75,55.5,27.5,29.5,28.25,28.75,-0.5,1.74%,"935,700",-
2016-10-07,KCB,KCB Group Plc,33.75,55.5,27.5,28.25,27.75,28.25,-0.5,1.77%,"392,100",-
2016-10-10,KCB,KCB Group Plc,33.75,55.5,27.5,28.5,27.75,27.75,-,-,"554,700",-
2016-10-11,KCB,KCB Group Plc,33.75,55.5,26,29,27,27.75,-0.75,2.70%,"1,460,600",-
2016-10-12,KCB,KCB Group Plc,33.75,55.5,27,28,27,27,-,-,"6,492,300",-
2016-10-13,KCB,KCB Group Plc,33.75,55.5,27,28,27,27,-,-,"192,800",-
2016-10-14,KCB,KCB Group Plc,33.75,55.5,26.75,27.75,27,27,-,-,"8,585,300",-
2016-10-17,KCB,KCB Group Plc,33.75,55.5,27,27.5,27,27,-,-,"160,400",-
2016-10-18,KCB,KCB Group Plc,33.75,55.5,27,27.5,27.25,27,0.25,0.93%,"141,200",-
2016-10-19,KCB,KCB Group Plc,33.75,55.5,27.25,29,27.25,27.25,-,-,"1,025,100",-
2016-10-21,KCB,KCB Group Plc,33.75,55.5,27.25,27.5,27.25,27.25,-,-,"3,355,000",-
2016-10-24,KCB,KCB Group Plc,33.75,55.5,27.25,27.5,27.25,27.25,-,-,"300,700",-
2016-10-25,KCB,KCB Group Plc,33.75,55.5,27,27.5,27.25,27.25,-,-,"451,300",-
2016-10-26,KCB,KCB Group Plc,33.75,55.5,27,27.5,27,27.25,-0.25,0.92%,"1,101,200",-
2016-10-27,KCB,KCB Group Plc,33.75,55.5,27.25,27.5,27.25,27,0.25,0.93%,"2,427,100",-
2016-10-28,KCB,KCB Group Plc,33.75,55.5,27,27.5,27,27.25,-0.25,0.92%,"230,800",-
2016-10-31,KCB,KCB Group Plc,33.75,55.5,27,27.5,27.25,27,0.25,0.93%,"5,752,500",-
2016-11-01,KCB,KCB Group Plc,33.75,55.5,27.25,28,27.5,27.25,0.25,0.92%,"1,012,000",-
2016-11-02,KCB,KCB Group Plc,33.75,55.5,27.5,28,27.75,27.5,0.25,0.91%,"604,600",-
2016-11-04,KCB,KCB Group Plc,33.75,55.5,28.25,29,28.75,27.75,1,3.60%,"347,400",-
2016-11-07,KCB,KCB Group Plc,33.75,55.5,28.25,29.5,28.75,28.75,-,-,"1,717,400",-
2016-11-08,KCB,KCB Group Plc,33.75,55.5,28.75,29.5,29,28.75,0.25,0.87%,"757,300",-
2016-11-09,KCB,KCB Group Plc,33.75,55.5,28.5,29.5,28.5,29,-0.5,1.72%,"1,089,500",-
2016-11-10,KCB,KCB Group Plc,33.75,55.5,28.5,30,28.75,28.5,0.25,0.88%,"3,729,200",-
2016-11-11,KCB,KCB Group Plc,33.75,55.5,29,30.25,29.75,28.75,1,3.48%,"2,971,100",-
2016-11-14,KCB,KCB Group Plc,33.75,55.5,30,31,30.5,29.75,0.75,2.52%,"1,751,800",-
2016-11-15,KCB,KCB Group Plc,33.75,55.5,30.25,31.25,30.75,30.5,0.25,0.82%,"1,053,800",-
2016-11-16,KCB,KCB Group Plc,33.75,55.5,30.5,31,30.5,30.75,-0.25,0.81%,"560,800",-
2016-11-17,KCB,KCB Group Plc,33.75,55.5,30.75,31,30.75,30.5,0.25,0.82%,"1,438,400",-
2016-11-18,KCB,KCB Group Plc,33.75,55.5,30.75,31,30.75,30.75,-,-,"1,989,400",-
2016-11-21,KCB,KCB Group Plc,33.75,55.5,30.5,31,30.5,30.75,-0.25,0.81%,"878,800",-
2016-11-22,KCB,KCB Group Plc,33.75,55.5,30.5,30.75,30.5,30.5,-,-,"2,281,100",-
2016-11-23,KCB,KCB Group Plc,33.75,55.5,30.25,30.75,30.5,30.5,-,-,"95,300",-
2016-11-24,KCB,KCB Group Plc,33.75,55.5,30.5,31,30.5,30.5,-,-,"279,100",-
2016-11-25,KCB,KCB Group Plc,33.75,55.5,30.25,30.75,30.5,30.5,-,-,"1,781,400",-
2016-11-28,KCB,KCB Group Plc,33.75,55.5,30.25,30.75,30.5,30.5,-,-,"4,335,900",-
2016-11-29,KCB,KCB Group Plc,33.75,55.5,30.25,30.75,30.25,30.5,-0.25,0.82%,"90,800",-
2016-11-30,KCB,KCB Group Plc,33.75,55.5,30,30.5,30,30.25,-0.25,0.83%,"3,164,400",-
2016-12-01,KCB,KCB Group Plc,33.75,55.5,29.5,30.5,29.75,30,-0.25,0.83%,"112,400",-
2016-12-02,KCB,KCB Group Plc,33.75,55.5,29.75,30,29.75,29.75,-,-,"521,800",-
2016-12-05,KCB,KCB Group Plc,33.75,55.5,28.75,29.5,29,29.75,-0.75,2.52%,"51,000",-
2016-12-06,KCB,KCB Group Plc,33.75,55.5,27.5,29.5,28,29,-1,3.45%,"1,573,000",-
2016-12-07,KCB,KCB Group Plc,33.75,55.5,28,30,28.5,28,0.5,1.79%,"237,700",-
2016-12-08,KCB,KCB Group Plc,33.75,55.5,28,29,28.25,28.5,-0.25,0.88%,"2,909,100",-
2016-12-09,KCB,KCB Group Plc,33.75,55.5,28,29,28.25,28.25,-,-,"243,800",-
2016-12-13,KCB,KCB Group Plc,33.75,55.5,27.5,28.5,28,28.25,-0.25,0.88%,"2,354,300",-
2016-12-14,KCB,KCB Group Plc,33.75,55.5,28,28.5,28,28,-,-,"313,700",-
2016-12-15,KCB,KCB Group Plc,33.75,55.5,28,28.5,28,28,-,-,"760,500",-
2016-12-16,KCB,KCB Group Plc,33.75,55.5,28.25,29,28.25,28,0.25,0.89%,"76,200",-
2016-12-19,KCB,KCB Group Plc,33.75,55.5,28,28.75,28.25,28.25,-,-,"271,700",-
2016-12-20,KCB,KCB Group Plc,33.75,55.5,28.25,28.75,28.5,28.25,0.25,0.88%,"3,683,000",-
2016-12-21,KCB,KCB Group Plc,33.75,55.5,28.25,29,28.5,28.5,-,-,"6,431,600",-
2016-12-22,KCB,KCB Group Plc,33.75,55.5,28.25,28.5,28.25,28.5,-0.25,0.88%,"289,800",-
2016-12-23,KCB,KCB Group Plc,33.75,55.5,28.25,28.75,28.25,28.25,-,-,"5,655,300",-
2016-12-28,KCB,KCB Group Plc,33.75,55.5,28.25,28.75,28.25,28.25,-,-,"1,010,700",-
2016-12-29,KCB,KCB Group Plc,33.75,55.5,28.5,29,28.5,28.25,0.25,0.88%,"161,600",-
2016-12-30,KCB,KCB Group Plc,33.75,55.5,28.5,29.25,28.75,28.5,0.25,0.88%,"62,900",-
2017-01-03,KCB,KCB Group Plc,33.75,55.5,28.75,29.25,29,28.75,0.25,0.87%,"1,580,800",-
2017-01-04,KCB,KCB Group Plc,33.75,55.5,29,29.5,29.25,29,0.25,0.86%,"3,662,300",-
2017-01-05,KCB,KCB Group Plc,33.75,55.5,28.5,29.25,28.75,29.25,-0.5,1.71%,"3,330,100",-
2017-01-06,KCB,KCB Group Plc,33.75,55.5,27.25,28.75,27.75,28.75,-1,3.48%,"3,180,400",-
2017-01-09,KCB,KCB Group Plc,33.75,55.5,27,28,27.25,27.75,-0.5,1.80%,"3,692,800",-
2017-01-10,KCB,KCB Group Plc,33.75,55.5,27.25,28,27.25,27.25,-,-,"80,100",-
2017-01-11,KCB,KCB Group Plc,33.75,55.5,26.75,27.5,27,27.25,-0.25,0.92%,"2,974,400",-
2017-01-12,KCB,KCB Group Plc,33.75,55.5,26.5,27.25,26.5,27,-0.5,1.85%,"354,300",-
2017-01-13,KCB,KCB Group Plc,33.75,55.5,26.5,26.75,26.5,26.5,-,-,"2,678,400",-
2017-01-16,KCB,KCB Group Plc,33.75,55.5,26.5,28.25,26.75,26.5,0.25,0.94%,"128,500",-
2017-01-17,KCB,KCB Group Plc,33.75,55.5,26.75,28,27.25,26.75,0.5,1.87%,"1,567,200",-
2017-01-18,KCB,KCB Group Plc,33.75,55.5,26.5,27.25,26.75,27.25,-0.5,1.83%,"1,098,500",-
2017-01-19,KCB,KCB Group Plc,33.75,55.5,26,27,26.5,26.75,-0.25,0.93%,"3,046,400",-
2017-01-20,KCB,KCB Group Plc,33.75,55.5,26.25,27,26.5,26.5,-,-,"864,900",-
2017-01-23,KCB,KCB Group Plc,33.75,55.5,26,26.75,26.5,26.5,-,-,"40,600",-
2017-01-24,KCB,KCB Group Plc,33.75,55.5,26.25,27,26.25,26.5,-0.25,0.94%,"237,900",-
2017-01-25,KCB,KCB Group Plc,33.75,55.5,25,26.75,25.75,26.25,-0.5,1.90%,"3,339,500",-
2017-01-26,KCB,KCB Group Plc,33.75,55.5,24.5,26,25,25.75,-0.75,2.91%,"282,800",-
2017-01-27,KCB,KCB Group Plc,33.75,55.5,23.75,25,24,25,-1,4.00%,"2,720,200",-
2017-01-30,KCB,KCB Group Plc,33.75,55.5,23,24,23.25,24,-0.75,3.13%,"4,412,000",-
2017-01-31,KCB,KCB Group Plc,33.75,55.5,23,23.75,23,23.25,-0.25,1.08%,"1,947,800",-
2017-02-01,KCB,KCB Group Plc,33.75,55.5,23,24,23.25,23,0.25,1.09%,"3,562,300",-
2017-02-02,KCB,KCB Group Plc,33.75,55.5,23.75,25,24.25,23.25,1,4.30%,"351,800",-
2017-02-03,KCB,KCB Group Plc,33.75,55.5,24.25,25,24.25,24.25,-,-,"3,887,400",-
2017-02-06,KCB,KCB Group Plc,33.75,55.5,24.5,25,24.5,24.25,0.25,1.03%,"5,513,300",-
2017-02-07,KCB,KCB Group Plc,33.75,55.5,24.75,26.75,25.25,24.5,0.75,3.06%,"368,600",-
2017-02-08,KCB,KCB Group Plc,33.75,55.5,25.25,26.75,25.75,25.25,0.5,1.98%,"6,607,200",-
2017-02-09,KCB,KCB Group Plc,33.75,55.5,25.25,26,25.75,25.75,-,-,"3,124,200",-
2017-02-10,KCB,KCB Group Plc,33.75,55.5,25.25,26,25.5,25.75,-0.25,0.97%,"440,400",-
2017-02-13,KCB,KCB Group Plc,33.75,55.5,25.25,25.75,25.5,25.5,-,-,"352,300",-
2017-02-14,KCB,KCB Group Plc,33.75,55.5,25,25.75,25.5,25.5,-,-,"201,500",-
2017-02-15,KCB,KCB Group Plc,33.75,55.5,24.75,25.5,25,25.5,-0.5,1.96%,"1,840,300",-
2017-02-16,KCB,KCB Group Plc,33.75,55.5,24.5,25,24.75,25,-0.25,1.00%,"259,300",-
2017-02-17,KCB,KCB Group Plc,33.75,55.5,24.5,25,24.5,24.75,-0.25,1.01%,"536,700",-
2017-02-20,KCB,KCB Group Plc,33.75,55.5,24,24.5,24,24.5,-0.5,2.04%,"1,719,200",-
2017-02-21,KCB,KCB Group Plc,33.75,55.5,24,24.75,24.25,24,0.25,1.04%,"225,300",-
2017-02-22,KCB,KCB Group Plc,33.75,55.5,24.5,25.5,25,24.25,0.75,3.09%,"503,900",-
2017-02-23,KCB,KCB Group Plc,33.75,55.5,25.25,26.75,25.75,25,0.75,3.00%,"842,200",-
2017-02-24,KCB,KCB Group Plc,33.75,55.5,25,26.5,25.75,25.75,-,-,"6,749,500",-
2017-02-27,KCB,KCB Group Plc,33.75,55.5,25.5,26,25.75,25.75,-,-,"96,800",-
2017-02-28,KCB,KCB Group Plc,33.75,55.5,24.75,26,25.25,25.75,-0.5,1.94%,"323,400",-
2017-03-01,KCB,KCB Group Plc,33.75,55.5,25,25.75,25,25.25,-0.25,0.99%,"205,400",-
2017-03-02,KCB,KCB Group Plc,33.75,55.5,25,25.5,25,25,-,-,"1,465,900",-
2017-03-03,KCB,KCB Group Plc,33.75,55.5,25.25,26,25.5,25,0.5,2.00%,"1,977,300",-
2017-03-06,KCB,KCB Group Plc,33.75,55.5,25.5,26.5,25.75,25.5,0.25,0.98%,"3,259,200",-
2017-03-07,KCB,KCB Group Plc,33.75,55.5,26,27,26,25.75,0.25,0.97%,"3,393,100",-
2017-03-08,KCB,KCB Group Plc,33.75,55.5,26.5,27.5,27,26,1,3.85%,"1,301,500",-
2017-03-09,KCB,KCB Group Plc,33.75,55.5,27.75,29.75,28.5,27,1.5,5.56%,"2,674,900",-
2017-03-10,KCB,KCB Group Plc,33.75,55.5,29,30.5,29.5,28.5,1,3.51%,"914,000",-
2017-03-13,KCB,KCB Group Plc,33.75,55.5,29.75,30,29.75,29.5,0.25,0.85%,"3,935,100",-
2017-03-14,KCB,KCB Group Plc,33.75,55.5,29.5,30.5,29.75,29.75,-,-,"507,600",-
2017-03-15,KCB,KCB Group Plc,33.75,55.5,29.25,29.75,29.5,29.75,-0.25,0.84%,"1,927,400",-
2017-03-16,KCB,KCB Group Plc,33.75,55.5,29.25,30,29.25,29.5,-0.25,0.85%,"978,800",-
2017-03-17,KCB,KCB Group Plc,33.75,55.5,29.5,31,30,29.25,0.75,2.56%,"3,255,100",-
2017-03-20,KCB,KCB Group Plc,33.75,55.5,30.5,32,31.5,30,1.5,5.00%,"726,300",-
2017-03-21,KCB,KCB Group Plc,33.75,55.5,31.5,32.5,31.75,31.5,0.25,0.79%,"2,630,600",-
2017-03-22,KCB,KCB Group Plc,33.75,55.5,31.75,32.5,31.75,31.75,-,-,"2,079,900",-
2017-03-23,KCB,KCB Group Plc,33.75,55.5,31,32,31.25,31.75,-0.5,1.57%,"452,000",-
2017-03-24,KCB,KCB Group Plc,33.75,55.5,31,32,31.5,31.25,0.25,0.80%,"2,499,300",-
2017-03-24,KCB,KCB Group Plc,33.75,55.5,31,32,31.5,31.25,0.25,0.80%,"2,499,300",-
2017-03-27,KCB,KCB Group Plc,33.75,55.5,31.75,33,32.25,31.5,0.75,2.38%,"274,600",-
2017-03-28,KCB,KCB Group Plc,33.75,55.5,32,33,32.75,32.25,0.5,1.55%,"850,600",-
2017-03-29,KCB,KCB Group Plc,33.75,55.5,32,34,33,32.75,0.25,0.76%,"575,000",-
2017-03-30,KCB,KCB Group Plc,33.75,55.5,33.5,35.25,34.25,33,1.25,3.79%,"491,500",-
2017-03-31,KCB,KCB Group Plc,33.75,55.5,33,35.25,34.75,34.25,0.5,1.46%,"4,995,500",-
2017-04-03,KCB,KCB Group Plc,33.75,55.5,33.5,34.5,34,34.75,-0.75,2.16%,"156,700",-
2017-04-04,KCB,KCB Group Plc,33.75,55.5,33.75,35,34,34,-,-,"2,250,000",-
2017-04-05,KCB,KCB Group Plc,33.75,55.5,33.5,34.5,33.75,34,-0.25,0.74%,"1,749,800",-
2017-04-06,KCB,KCB Group Plc,33.75,55.5,33.5,34.25,33.75,33.75,-,-,"14,077,200",-
2017-04-07,KCB,KCB Group Plc,33.75,55.5,33.75,34,33.75,33.75,-,-,"687,400",-
2017-04-10,KCB,KCB Group Plc,33.75,55.5,33.25,34,33.5,33.75,-0.25,0.74%,"3,019,100",-
2017-04-11,KCB,KCB Group Plc,33.75,55.5,33,33.75,33,33.5,-0.5,1.49%,"2,178,200",-
2017-04-12,KCB,KCB Group Plc,33.75,55.5,33,34,33,33,-,-,"13,169,700",-
2017-04-13,KCB,KCB Group Plc,33.75,55.5,33,34,33,33,-,-,"2,480,100",-
2017-04-18,KCB,KCB Group Plc,33.75,55.5,33,34.5,33,33,-,-,"11,499,400",-
2017-04-19,KCB,KCB Group Plc,33.75,55.5,33,34,33.25,33,0.25,0.76%,"317,400",-
2017-04-20,KCB,KCB Group Plc,33.75,55.5,33.5,34.5,34,33.25,0.75,2.26%,"9,182,600",-
2017-04-21,KCB,KCB Group Plc,33.75,55.5,33.75,34.75,34,34,-,-,"1,120,900",-
2017-04-24,KCB,KCB Group Plc,33.75,55.5,34.25,34.75,34.25,34,0.25,0.74%,"1,319,200",-
2017-04-25,KCB,KCB Group Plc,33.75,55.5,30,32.5,31.25,34.25,-3,8.76%,"7,347,200",-
2017-04-26,KCB,KCB Group Plc,33.75,55.5,31.5,33,32,31.25,0.75,2.40%,"8,497,600",-
2017-04-27,KCB,KCB Group Plc,33.75,55.5,32,33,32,32,-,-,"2,275,400",-
2017-04-28,KCB,KCB Group Plc,33.75,55.5,31.25,32,31.5,32,-0.5,1.56%,"2,140,700",-
2017-05-02,KCB,KCB Group Plc,33.75,55.5,31.75,32,31.75,31.5,0.25,0.79%,"1,396,500",-
2017-05-03,KCB,KCB Group Plc,33.75,55.5,32,32.75,32.25,31.75,0.5,1.57%,"673,900",-
2017-05-05,KCB,KCB Group Plc,33.75,55.5,32.5,33.5,33,32.25,0.75,2.33%,"285,300",-
2017-05-08,KCB,KCB Group Plc,33.75,55.5,32.5,33.75,33.25,33,0.25,0.76%,"6,447,600",-
2017-05-10,KCB,KCB Group Plc,33.75,55.5,32.5,34,33.75,33.25,0.5,1.50%,"11,200,400",-
2017-05-11,KCB,KCB Group Plc,33.75,55.5,32.75,35,34,33.75,0.25,0.74%,"208,700",-
2017-05-12,KCB,KCB Group Plc,33.75,55.5,34.5,36,35,34,1,2.94%,"1,306,000",-
2017-05-15,KCB,KCB Group Plc,33.75,55.5,34.75,36,35.25,35,0.25,0.71%,"164,100",-
2017-05-16,KCB,KCB Group Plc,33.75,55.5,35,36.75,36.25,35.25,1,2.84%,"7,737,000",-
2017-05-17,KCB,KCB Group Plc,33.75,55.5,36.25,37.25,36.5,36.25,0.25,0.69%,"10,687,500",-
2017-05-18,KCB,KCB Group Plc,33.75,55.5,36.5,38,37.75,36.5,1.25,3.42%,"1,894,000",-
2017-05-19,KCB,KCB Group Plc,33.75,55.5,37.25,38,37.5,37.75,-0.25,0.66%,"940,800",-
2017-05-22,KCB,KCB Group Plc,33.75,55.5,37.5,38.5,37.75,37.5,0.25,0.67%,"764,400",-
2017-05-23,KCB,KCB Group Plc,33.75,55.5,38,39,38.5,37.75,0.75,1.99%,"4,702,800",-
2017-05-24,KCB,KCB Group Plc,33.75,55.5,38.75,40,39.5,38.5,1,2.60%,"897,100",-
2017-05-25,KCB,KCB Group Plc,33.75,55.5,39.75,40.5,40,39.5,0.5,1.27%,"7,573,200",-
2017-05-26,KCB,KCB Group Plc,33.75,55.5,37.75,40.25,39,40,-1,2.50%,"1,031,500",-
2017-05-29,KCB,KCB Group Plc,33.75,55.5,37.5,40,38.25,39,-0.75,1.92%,"2,557,200",-
2017-05-30,KCB,KCB Group Plc,33.75,55.5,38,39,38.5,38.25,0.25,0.65%,"651,200",-
2017-05-31,KCB,KCB Group Plc,33.75,55.5,37,40.5,39.75,38.5,1.25,3.25%,"2,749,400",-
2017-06-02,KCB,KCB Group Plc,33.75,55.5,39.75,41,40,39.75,0.25,0.63%,"1,392,000",-
2017-06-05,KCB,KCB Group Plc,33.75,55.5,40,41.25,40.75,40,0.75,1.88%,"3,915,700",-
2017-06-06,KCB,KCB Group Plc,33.75,55.5,40,40.75,40,40.75,-0.75,1.84%,"361,000",-
2017-06-07,KCB,KCB Group Plc,33.75,55.5,40,40.25,40,40,-,-,"1,418,100",-
2017-06-08,KCB,KCB Group Plc,33.75,55.5,39.75,40.25,40,40,-,-,"1,369,400",-
2017-06-09,KCB,KCB Group Plc,33.75,55.5,39.5,40.5,39.75,40,-0.25,0.63%,"1,568,100",-
2017-06-12,KCB,KCB Group Plc,33.75,55.5,38.25,40,38.75,39.75,-1,2.52%,"1,462,600",-
2017-06-13,KCB,KCB Group Plc,33.75,55.5,37,39,38.25,38.75,-0.5,1.29%,"2,642,100",-
2017-06-14,KCB,KCB Group Plc,33.75,55.5,37.75,39,38,38.25,-0.25,0.65%,"3,092,000",-
2017-06-15,KCB,KCB Group Plc,33.75,55.5,37.5,38,37.75,38,-0.25,0.66%,"2,216,200",-
2017-06-16,KCB,KCB Group Plc,33.75,55.5,36.75,37.75,37,37.75,-0.75,1.99%,"270,200",-
2017-06-19,KCB,KCB Group Plc,33.75,55.5,36,37.75,36,37,-1,2.70%,"4,573,900",-
2017-06-20,KCB,KCB Group Plc,33.75,55.5,36,38,37,36,1,2.78%,"3,946,500",-
2017-06-21,KCB,KCB Group Plc,33.75,55.5,37.25,38,37.5,37,0.5,1.35%,"1,009,600",-
2017-06-22,KCB,KCB Group Plc,33.75,55.5,37.25,38.25,37.5,37.5,-,-,"4,427,200",-
2017-06-23,KCB,KCB Group Plc,33.75,55.5,37.5,38.25,37.75,37.5,0.25,0.67%,"2,148,900",-
2017-06-27,KCB,KCB Group Plc,33.75,55.5,37.5,38,37.75,37.75,-,-,"1,057,300",-
2017-06-28,KCB,KCB Group Plc,33.75,55.5,37,38,37,37.75,-0.75,1.99%,"251,000",-
2017-06-29,KCB,KCB Group Plc,33.75,55.5,37.5,37.75,37.5,37,0.5,1.35%,"176,100",-
2017-06-30,KCB,KCB Group Plc,33.75,55.5,37.5,39,37.75,37.5,0.25,0.67%,"1,564,800",-
2017-07-03,KCB,KCB Group Plc,33.75,55.5,37.5,38.5,37.75,37.75,-,-,"796,800",-
2017-07-04,KCB,KCB Group Plc,33.75,55.5,37.75,38.75,38,37.75,0.25,0.66%,"1,455,400",-
2017-07-06,KCB,KCB Group Plc,33.75,55.5,37.75,38,37.75,38,-0.25,0.66%,"235,700",-
2017-07-07,KCB,KCB Group Plc,33.75,55.5,37.75,38.25,37.75,37.75,-,-,"2,575,500",-
2017-07-10,KCB,KCB Group Plc,33.75,55.5,37.5,38,37.75,37.75,-,-,"82,400",-
2017-07-11,KCB,KCB Group Plc,33.75,55.5,37.75,38.5,38,37.75,0.25,0.66%,"1,894,700",-
2017-07-12,KCB,KCB Group Plc,33.75,55.5,38,38.5,38,38,-,-,"84,700",-
2017-07-13,KCB,KCB Group Plc,33.75,55.5,38.25,39.25,38.75,38,0.75,1.97%,"573,700",-
2017-07-14,KCB,KCB Group Plc,33.75,55.5,39,40,39.25,38.75,0.5,1.29%,"4,294,000",-
2017-07-17,KCB,KCB Group Plc,33.75,55.5,39.5,40,39.75,39.25,0.5,1.27%,"8,965,700",-
2017-07-18,KCB,KCB Group Plc,33.75,55.5,39.5,40,39.75,39.75,-,-,"136,000",-
2017-07-19,KCB,KCB Group Plc,33.75,55.5,38.5,40,39.25,39.75,-0.5,1.26%,"1,398,400",-
2017-07-20,KCB,KCB Group Plc,33.75,55.5,38.5,40,39.75,39.25,0.5,1.27%,"6,820,700",-
2017-07-21,KCB,KCB Group Plc,33.75,55.5,39,40,39.75,39.75,-,-,"5,101,700",-
2017-07-24,KCB,KCB Group Plc,33.75,55.5,39.5,40,39.75,39.75,-,-,"2,075,100",-
2017-07-25,KCB,KCB Group Plc,33.75,55.5,39,40,39.5,39.75,-0.25,0.63%,"1,135,800",-
2017-07-26,KCB,KCB Group Plc,33.75,55.5,39.5,40,39.75,39.5,0.25,0.63%,"1,379,200",-
2017-07-27,KCB,KCB Group Plc,33.75,55.5,39.75,40.5,40,39.75,0.25,0.63%,"5,105,400",-
2017-07-28,KCB,KCB Group Plc,33.75,55.5,40,41.75,41,40,1,2.50%,"385,600",-
2017-07-31,KCB,KCB Group Plc,33.75,55.5,40,41,40.75,41,-0.25,0.61%,"2,277,200",-
2017-08-01,KCB,KCB Group Plc,33.75,55.5,39.5,40.75,39.5,40.75,-1.25,3.07%,"2,104,600",-
2017-08-02,KCB,KCB Group Plc,33.75,55.5,39.5,40.5,39.5,39.5,-,-,"3,121,600",-
2017-08-03,KCB,KCB Group Plc,33.75,55.5,40,41,40.5,39.5,1,2.53%,"1,202,600",-
2017-08-04,KCB,KCB Group Plc,33.75,55.5,40.5,42.75,40.5,40.5,-,-,"1,808,600",-
2017-08-07,KCB,KCB Group Plc,33.75,55.5,40.5,42.5,41.5,40.5,1,2.47%,"34,000",-
2017-08-09,KCB,KCB Group Plc,33.75,55.5,42,43,42.5,41.5,1,2.41%,"2,013,800",-
2017-08-10,KCB,KCB Group Plc,33.75,55.5,42,43,42.5,42.5,-,-,"1,555,900",-
2017-08-11,KCB,KCB Group Plc,33.75,55.5,43,44.5,43.5,42.5,1,2.35%,"11,410,700",-
2017-08-14,KCB,KCB Group Plc,33.75,55.5,43.75,47.5,45.25,43.5,1.75,4.02%,"201,400",-
2017-08-15,KCB,KCB Group Plc,33.75,55.5,44.75,46,45.25,45.25,-,-,"1,764,500",-
2017-08-16,KCB,KCB Group Plc,33.75,55.5,44.5,45.25,44.75,45.25,-0.5,1.10%,"4,543,100",-
2017-08-17,KCB,KCB Group Plc,33.75,55.5,43.75,45,44,44.75,-0.75,1.68%,"1,394,400",-
2017-08-18,KCB,KCB Group Plc,33.75,55.5,43.75,44.5,44,44,-,-,"2,126,300",-
2017-08-21,KCB,KCB Group Plc,33.75,55.5,44,44.75,44.25,44,0.25,0.57%,"109,000",-
2017-08-22,KCB,KCB Group Plc,33.75,55.5,44,45.25,44.75,44.25,0.5,1.13%,"3,855,200",-
2017-08-23,KCB,KCB Group Plc,33.75,55.5,44.75,45.5,45,44.75,0.25,0.56%,"184,100",-
2017-08-24,KCB,KCB Group Plc,33.75,55.5,45,45.75,45.25,45,0.25,0.56%,"158,900",-
2017-08-25,KCB,KCB Group Plc,33.75,55.5,45.25,46,45.5,45.25,0.25,0.55%,"929,700",-
2017-08-28,KCB,KCB Group Plc,33.75,55.5,45.25,46,45.25,45.5,-0.25,0.55%,"1,173,300",-
2017-08-29,KCB,KCB Group Plc,33.75,55.5,45.25,46,45.25,45.25,-,-,"1,625,200",-
2017-08-30,KCB,KCB Group Plc,33.75,55.5,45.25,45.5,45.25,45.25,-,-,"1,130,500",-
2017-08-31,KCB,KCB Group Plc,33.75,55.5,45,45.5,45,45.25,-0.25,0.55%,"665,600",-
2017-09-01,KCB,KCB Group Plc,33.75,55.5,40.5,45.25,43.75,45,-1.25,2.78%,"2,217,600",-
2017-09-04,KCB,KCB Group Plc,33.75,55.5,41,42.75,41.5,43.75,-2.25,5.14%,"452,400",-
2017-09-05,KCB,KCB Group Plc,33.75,55.5,41,42.5,41.75,41.5,0.25,0.60%,"1,543,600",-
2017-09-06,KCB,KCB Group Plc,33.75,55.5,41.75,42.5,42,41.75,0.25,0.60%,"902,100",-
2017-09-07,KCB,KCB Group Plc,33.75,55.5,42,42.5,42.25,42,0.25,0.60%,"1,981,600",-
2017-09-08,KCB,KCB Group Plc,33.75,55.5,42,42.5,42.25,42.25,-,-,"1,792,100",-
2017-09-11,KCB,KCB Group Plc,33.75,55.5,42,42.5,42,42.25,-0.25,0.59%,"458,400",-
2017-09-12,KCB,KCB Group Plc,33.75,55.5,41.75,42.25,42,42,-,-,"1,681,000",-
2017-09-13,KCB,KCB Group Plc,33.75,55.5,41.75,42.25,42,42,-,-,"794,300",-
2017-09-14,KCB,KCB Group Plc,33.75,55.5,42,42.25,42,42,-,-,"2,207,700",-
2017-09-15,KCB,KCB Group Plc,33.75,55.5,41.5,42.25,42,42,-,-,"18,931,200",-
2017-09-18,KCB,KCB Group Plc,33.75,55.5,41.5,42.25,41.75,42,-0.25,0.60%,"1,151,100",-
2017-09-19,KCB,KCB Group Plc,33.75,55.5,41.75,42.5,42,41.75,0.25,0.60%,"2,202,700",-
2017-09-20,KCB,KCB Group Plc,33.75,55.5,42.25,43,42.75,42,0.75,1.79%,"702,100",-
2017-09-21,KCB,KCB Group Plc,33.75,55.5,42.5,44,43,42.75,0.25,0.58%,"2,550,700",-
2017-09-22,KCB,KCB Group Plc,33.75,55.5,42.75,44,43,43,-,-,"1,704,500",-
2017-09-25,KCB,KCB Group Plc,33.75,55.5,42,43.5,42.5,43,-0.5,1.16%,"323,900",-
2017-09-26,KCB,KCB Group Plc,33.75,55.5,41.75,42.25,41.75,42.5,-0.75,1.76%,"1,858,600",-
2017-09-27,KCB,KCB Group Plc,33.75,55.5,40,42,41.5,41.75,-0.25,0.60%,"987,400",-
2017-09-28,KCB,KCB Group Plc,33.75,55.5,40,42,41.25,41.5,-0.25,0.60%,"918,300",-
2017-09-29,KCB,KCB Group Plc,33.75,55.5,41,42,41,41.25,-0.25,0.61%,"888,800",-
2017-10-02,KCB,KCB Group Plc,33.75,55.5,40.75,41.5,41,41,-,-,"923,700",-
2017-10-04,KCB,KCB Group Plc,33.75,55.5,40.25,41,40.5,41,-0.5,1.22%,"2,537,900",-
2017-10-05,KCB,KCB Group Plc,33.75,55.5,40,41,40.25,40.5,-0.25,0.62%,"93,600",-
2017-10-06,KCB,KCB Group Plc,33.75,55.5,39.75,40.5,40,40.25,-0.25,0.62%,"155,000",-
2017-10-09,KCB,KCB Group Plc,33.75,55.5,39,41,39.5,40,-0.5,1.25%,"174,200",-
2017-10-10,KCB,KCB Group Plc,33.75,55.5,38.75,39.25,39,39.5,-0.5,1.27%,"209,200",-
2017-10-11,KCB,KCB Group Plc,33.75,55.5,37.5,39,37.75,39,-1.25,3.21%,"377,200",-
2017-10-12,KCB,KCB Group Plc,33.75,55.5,37.25,37.75,37.5,37.75,-0.25,0.66%,"101,800",-
2017-10-13,KCB,KCB Group Plc,33.75,55.5,37,37.75,37,37.5,-0.5,1.33%,"7,964,700",-
2017-10-16,KCB,KCB Group Plc,33.75,55.5,36.75,37.75,37,37,-,-,"1,505,800",-
2017-10-17,KCB,KCB Group Plc,33.75,55.5,36.75,37.75,37,37,-,-,"4,303,700",-
2017-10-18,KCB,KCB Group Plc,33.75,55.5,36.5,37,36.5,37,-0.5,1.35%,"1,076,800",-
2017-10-19,KCB,KCB Group Plc,33.75,55.5,36.5,36.75,36.5,36.5,-,-,"1,466,600",-
2017-10-23,KCB,KCB Group Plc,33.75,55.5,36.5,37,36.75,36.5,0.25,0.68%,"3,975,500",-
2017-10-24,KCB,KCB Group Plc,33.75,55.5,37.75,40,38.25,36.75,1.5,4.08%,"1,731,000",-
2017-10-27,KCB,KCB Group Plc,33.75,55.5,38.25,39.75,38.5,38.25,0.25,0.65%,"3,097,000",-
2017-10-30,KCB,KCB Group Plc,33.75,55.5,37.75,38.75,38.25,38.5,-0.25,0.65%,"3,055,000",-
2017-10-31,KCB,KCB Group Plc,33.75,55.5,38,39,38,38.25,-0.25,0.65%,"5,747,000",-
2017-11-01,KCB,KCB Group Plc,33.75,55.5,39,41.75,39.25,38,1.25,3.29%,"5,195,000",-
2017-11-02,KCB,KCB Group Plc,33.75,55.5,40.75,43,41,39.25,1.75,4.46%,"3,500,200",-
2017-11-03,KCB,KCB Group Plc,33.75,55.5,41.25,42,41.5,41,0.5,1.22%,"863,900",-
2017-11-06,KCB,KCB Group Plc,33.75,55.5,41,42,41.25,41.5,-0.25,0.60%,"1,711,800",-
2017-11-07,KCB,KCB Group Plc,33.75,55.5,40,41.5,40.75,41.25,-0.5,1.21%,"798,700",-
2017-11-08,KCB,KCB Group Plc,33.75,55.5,40.75,41.5,40.75,40.75,-,-,"807,900",-
2017-11-09,KCB,KCB Group Plc,33.75,55.5,40.75,41.5,41,40.75,0.25,0.61%,"520,000",-
2017-11-10,KCB,KCB Group Plc,33.75,55.5,40.25,41,40.5,41,-0.5,1.22%,"993,500",-
2017-11-13,KCB,KCB Group Plc,33.75,55.5,39.25,41,39.75,40.5,-0.75,1.85%,"1,592,100",-
2017-11-14,KCB,KCB Group Plc,33.75,55.5,39.25,40.5,39.5,39.75,-0.25,0.63%,"946,000",-
2017-11-15,KCB,KCB Group Plc,33.75,55.5,40,41,40.5,39.5,1,2.53%,"2,548,200",-
2017-11-16,KCB,KCB Group Plc,33.75,55.5,40.5,42,40.75,40.5,0.25,0.62%,"2,240,900",-
2017-11-17,KCB,KCB Group Plc,33.75,55.5,40.5,41.5,41,40.75,0.25,0.61%,"5,749,500",-
2017-11-20,KCB,KCB Group Plc,33.75,55.5,41.5,43,42.25,41,1.25,3.05%,"1,136,400",-
2017-11-21,KCB,KCB Group Plc,33.75,55.5,43,44.5,43.25,42.25,1,2.37%,"161,700",-
2017-11-22,KCB,KCB Group Plc,33.75,55.5,43.5,44,43.75,43.25,0.5,1.16%,"2,846,400",-
2017-11-23,KCB,KCB Group Plc,33.75,55.5,43,44,43.25,43.75,-0.5,1.14%,"1,053,400",-
2017-11-24,KCB,KCB Group Plc,33.75,55.5,42.75,43.5,42.75,43.25,-0.5,1.16%,"188,100",-
2017-11-27,KCB,KCB Group Plc,33.75,55.5,41.75,43.5,42,42.75,-0.75,1.75%,"2,857,900",-
2017-11-29,KCB,KCB Group Plc,33.75,55.5,41.5,43,41.75,42,-0.25,0.60%,"3,337,400",-
2017-11-30,KCB,KCB Group Plc,33.75,55.5,41,42,41.25,41.75,-0.5,1.20%,"3,095,900",-
2017-12-01,KCB,KCB Group Plc,33.75,55.5,40.75,41.5,40.75,41.25,-0.5,1.21%,"1,197,100",-
2017-12-04,KCB,KCB Group Plc,33.75,55.5,40.75,41.5,41,40.75,0.25,0.61%,"814,300",-
2017-12-05,KCB,KCB Group Plc,33.75,55.5,41,42,41.25,41,0.25,0.61%,"2,266,400",-
2017-12-06,KCB,KCB Group Plc,33.75,55.5,41.5,42.5,42,41.25,0.75,1.82%,"1,983,100",-
2017-12-07,KCB,KCB Group Plc,33.75,55.5,42,42.5,42.25,42,0.25,0.60%,"93,400",-
2017-12-08,KCB,KCB Group Plc,33.75,55.5,42.25,42.5,42.25,42.25,-,-,"933,200",-
2017-12-11,KCB,KCB Group Plc,33.75,55.5,41.75,42.5,42,42.25,-0.25,0.59%,"399,800",-
2017-12-13,KCB,KCB Group Plc,33.75,55.5,41.5,42.5,42,42,-,-,"1,606,300",-
2017-12-14,KCB,KCB Group Plc,33.75,55.5,42,42.5,42.25,42,0.25,0.60%,"1,754,500",-
2017-12-15,KCB,KCB Group Plc,33.75,55.5,41.75,42.5,42,42.25,-0.25,0.59%,"3,799,300",-
2017-12-18,KCB,KCB Group Plc,33.75,55.5,41.5,42,41.5,42,-0.5,1.19%,"358,500",-
2017-12-19,KCB,KCB Group Plc,33.75,55.5,41.75,42.5,42.25,41.5,0.75,1.81%,"2,019,700",-
2017-12-20,KCB,KCB Group Plc,33.75,55.5,42.25,42.75,42.5,42.25,0.25,0.59%,"1,931,300",-
2017-12-21,KCB,KCB Group Plc,33.75,55.5,42.25,43,42.75,42.5,0.25,0.59%,"264,500",-
2017-12-22,KCB,KCB Group Plc,33.75,55.5,42.5,43,42.75,42.75,-,-,"1,302,400",-
2017-12-27,KCB,KCB Group Plc,33.75,55.5,42.5,43.25,42.75,42.75,-,-,"378,500",-
2017-12-28,KCB,KCB Group Plc,33.75,55.5,42.25,43,42.75,42.75,-,-,"691,100",-
2017-12-29,KCB,KCB Group Plc,33.75,55.5,42.5,43.25,42.75,42.75,-,-,"624,400",-
2018-01-02,KCB,KCB Group Plc,33.75,55.5,42.5,43.5,42.75,42.75,-,-,"170,900",-
2018-01-03,KCB,KCB Group Plc,33.75,55.5,42.25,42.75,42.25,42.75,-0.5,1.17%,"1,490,500",-
2018-01-04,KCB,KCB Group Plc,33.75,55.5,42.5,43,42.5,42.25,0.25,0.59%,"41,800",-
2018-01-05,KCB,KCB Group Plc,33.75,55.5,42.5,43.25,42.75,42.5,0.25,0.59%,"1,323,700",-
2018-01-08,KCB,KCB Group Plc,33.75,55.5,42.5,43,42.7,42.75,-0.05,0.12%,"194,300",-
2018-01-09,KCB,KCB Group Plc,33.75,55.5,42.75,43,42.75,42.7,0.05,0.12%,"762,600",-
2018-01-10,KCB,KCB Group Plc,33.75,55.5,42.75,43.5,43,42.75,0.25,0.58%,"1,354,100",-
2018-01-11,KCB,KCB Group Plc,33.75,55.5,43,43.75,43.25,43,0.25,0.58%,"1,291,000",-
2018-01-12,KCB,KCB Group Plc,33.75,55.5,43.75,45,44.25,43.25,1,2.31%,"1,484,800",-
2018-01-15,KCB,KCB Group Plc,33.75,55.5,44.75,45.25,44.75,44.25,0.5,1.13%,"1,117,900",-
2018-01-16,KCB,KCB Group Plc,33.75,55.5,44.75,45.25,44.75,44.75,-,-,"1,742,800",-
2018-01-17,KCB,KCB Group Plc,33.75,55.5,45,45.5,45.25,44.75,0.5,1.12%,"10,882,700",-
2018-01-18,KCB,KCB Group Plc,33.75,55.5,45.25,46,45.25,45.25,-,-,"10,807,300",-
2018-01-19,KCB,KCB Group Plc,33.75,55.5,45.25,47,45.25,45.25,-,-,"1,909,100",-
2018-01-22,KCB,KCB Group Plc,33.75,55.5,44.75,45.75,45,45.25,-0.25,0.55%,"1,216,500",-
2018-01-23,KCB,KCB Group Plc,33.75,55.5,43.5,45,44.25,45,-0.75,1.67%,"761,200",-
2018-01-24,KCB,KCB Group Plc,33.75,55.5,42.75,44,43,44.25,-1.25,2.82%,"1,473,200",-
2018-01-25,KCB,KCB Group Plc,33.75,55.5,43,45,43.25,43,0.25,0.58%,"2,157,100",-
2018-01-26,KCB,KCB Group Plc,33.75,55.5,43,44.5,43.75,43.25,0.5,1.16%,"1,294,800",-
2018-01-29,KCB,KCB Group Plc,33.75,55.5,43.75,45,44,43.75,0.25,0.57%,"216,600",-
2018-01-30,KCB,KCB Group Plc,33.75,55.5,44,45.5,44.75,44,0.75,1.70%,"2,977,000",-
2018-01-31,KCB,KCB Group Plc,33.75,55.5,45,45.5,45.25,44.75,0.5,1.12%,"1,787,100",-
2018-02-01,KCB,KCB Group Plc,33.75,55.5,45.25,46,45.5,45.25,0.25,0.55%,"257,600",-
2018-02-02,KCB,KCB Group Plc,33.75,55.5,45.5,46.25,45.75,45.5,0.25,0.55%,"639,400",-
2018-02-05,KCB,KCB Group Plc,33.75,55.5,46,46.5,46.25,45.75,0.5,1.09%,"196,300",-
2018-02-06,KCB,KCB Group Plc,33.75,55.5,46,46.5,46.25,46.25,-,-,"3,316,800",-
2018-02-07,KCB,KCB Group Plc,33.75,55.5,45,46.25,45.25,46.25,-1,2.16%,"5,318,900",-
2018-02-08,KCB,KCB Group Plc,33.75,55.5,45,46,45.5,45.25,0.25,0.55%,"2,098,100",-
2018-02-09,KCB,KCB Group Plc,33.75,55.5,45,45.5,45.25,45.5,-0.25,0.55%,"8,475,800",-
2018-02-12,KCB,KCB Group Plc,33.75,55.5,45,45.5,45.25,45.5,-0.25,0.55%,"8,475,800",-
2018-02-13,KCB,KCB Group Plc,33.75,55.5,45,46,45.25,45,0.25,0.56%,"1,088,100",-
2018-02-14,KCB,KCB Group Plc,33.75,55.5,45.5,45.75,45.5,45.25,0.25,0.55%,"378,200",-
2018-02-15,KCB,KCB Group Plc,33.75,55.5,45.5,45.75,45.5,45.5,-,-,"2,772,600",-
2018-02-16,KCB,KCB Group Plc,33.75,55.5,45,45.75,45.5,45.5,-,-,"2,658,200",-
2018-02-19,KCB,KCB Group Plc,33.75,55.5,45.25,45.75,45.5,45.5,-,-,"855,800",-
2018-02-20,KCB,KCB Group Plc,33.75,55.5,45.5,46,45.5,45.5,-,-,"6,307,800",-
2018-02-21,KCB,KCB Group Plc,33.75,55.5,45,46,45.5,45.5,-,-,"1,752,900",-
2018-02-22,KCB,KCB Group Plc,33.75,55.5,45,45.75,45.25,45.5,-0.25,0.55%,"475,300",-
2018-02-23,KCB,KCB Group Plc,33.75,55.5,45.25,45.75,45.5,45.25,0.25,0.55%,"4,120,100",-
2018-02-26,KCB,KCB Group Plc,33.75,55.5,45.5,45.75,45.5,45.5,-,-,"212,000",-
2018-02-27,KCB,KCB Group Plc,33.75,55.5,45.5,47.25,46,45.5,0.5,1.10%,"1,483,300",-
2018-02-28,KCB,KCB Group Plc,33.75,55.5,46.25,49,47.25,46,1.25,2.72%,"2,062,900",-
2018-03-01,KCB,KCB Group Plc,33.75,55.5,47,49,47.75,47.25,0.5,1.06%,"1,300,300",-
2018-03-02,KCB,KCB Group Plc,33.75,55.5,47.5,48.25,47.75,47.75,-,-,"988,900",-
2018-03-05,KCB,KCB Group Plc,33.75,55.5,47.5,48.75,48,47.75,0.25,0.52%,"352,200",-
2018-03-06,KCB,KCB Group Plc,33.75,55.5,48,49,48.75,48,0.75,1.56%,"2,548,500",-
2018-03-07,KCB,KCB Group Plc,33.75,55.5,48.75,49.75,49.25,48.75,0.5,1.03%,"6,262,400",-
2018-03-08,KCB,KCB Group Plc,33.75,55.5,48,49.25,48.25,49.25,-1,2.03%,"3,120,400",-
2018-03-09,KCB,KCB Group Plc,33.75,55.5,48.25,49.5,48.75,48.25,0.5,1.04%,"986,900",-
2018-03-12,KCB,KCB Group Plc,33.75,55.5,49,49.75,49.25,48.75,0.5,1.03%,"3,893,200",-
2018-03-13,KCB,KCB Group Plc,33.75,55.5,49.25,51,50,49.25,0.75,1.52%,"10,319,500",-
2018-03-14,KCB,KCB Group Plc,33.75,55.5,50.5,51.5,51,50,1,2.00%,"2,686,100",-
2018-03-15,KCB,KCB Group Plc,33.75,55.5,51,52,51,51,-,-,"3,894,100",-
2018-03-16,KCB,KCB Group Plc,33.75,55.5,51,51.5,51,51,-,-,"2,129,900",-
2018-03-19,KCB,KCB Group Plc,33.75,55.5,51.5,52.5,52,51,1,1.96%,"6,487,100",-
2018-03-20,KCB,KCB Group Plc,33.75,55.5,49.75,52,50,52,-2,3.85%,"3,743,300",-
2018-03-21,KCB,KCB Group Plc,33.75,55.5,50.5,51.5,51,50,1,2.00%,"7,148,800",-
2018-03-22,KCB,KCB Group Plc,33.75,55.5,51,52,51.5,51,0.5,0.98%,"6,383,500",-
2018-03-23,KCB,KCB Group Plc,33.75,55.5,51,52,51.5,51.5,-,-,"1,634,600",-
2018-03-26,KCB,KCB Group Plc,33.75,55.5,51,51.5,51,51.5,-0.5,0.97%,"826,400",-
2018-03-27,KCB,KCB Group Plc,33.75,55.5,50.5,51.5,50.5,51,-0.5,0.98%,"1,072,700",-
2018-03-28,KCB,KCB Group Plc,33.75,55.5,50.5,52,51,50.5,0.5,0.99%,"1,197,100",-
2018-03-29,KCB,KCB Group Plc,33.75,55.5,51.5,53,52,51,1,1.96%,"7,452,600",-
2018-04-03,KCB,KCB Group Plc,33.75,55.5,52.5,54,52.5,52,0.5,0.96%,"1,811,000",-
2018-04-04,KCB,KCB Group Plc,33.75,55.5,52.5,54,53,52.5,0.5,0.95%,"1,209,500",-
2018-04-05,KCB,KCB Group Plc,33.75,55.5,53,55,53.5,53,0.5,0.94%,"695,000",-
2018-04-06,KCB,KCB Group Plc,33.75,55.5,53.5,55,54,53.5,0.5,0.93%,"377,300",-
2018-04-09,KCB,KCB Group Plc,33.75,55.5,54,54.5,54,54,-,-,"341,500",-
2018-04-10,KCB,KCB Group Plc,33.75,55.5,53.5,54.5,54,54,-,-,"419,800",-
2018-04-11,KCB,KCB Group Plc,33.75,55.5,53,54.5,54,54,-,-,"1,524,600",-
2018-04-12,KCB,KCB Group Plc,33.75,55.5,53,55,53,54,-1,1.85%,"680,000",-
2018-04-13,KCB,KCB Group Plc,33.75,55.5,52,53.5,52.5,53,-0.5,0.94%,"1,402,100",-
2018-04-16,KCB,KCB Group Plc,33.75,55.5,51.5,53,51.5,52.5,-1,1.90%,"1,768,700",-
2018-04-17,KCB,KCB Group Plc,33.75,55.5,51,52.5,51.5,51.5,-,-,"1,280,800",-
2018-04-18,KCB,KCB Group Plc,33.75,55.5,51.5,52,51.5,51.5,-,-,"1,653,600",-
2018-04-19,KCB,KCB Group Plc,33.75,55.5,51.5,52.5,51.5,51.5,-,-,"1,033,700",-
2018-04-20,KCB,KCB Group Plc,33.75,55.5,51.5,53,52,51.5,0.5,0.97%,"585,400",-
2018-04-23,KCB,KCB Group Plc,33.75,55.5,52,53.5,52.5,52,0.5,0.96%,"2,124,200",-
2018-04-24,KCB,KCB Group Plc,33.75,55.5,52.5,54,53,52.5,0.5,0.95%,"5,692,100",-
2018-04-25,KCB,KCB Group Plc,33.75,55.5,51.5,53,52,53,-1,1.89%,"4,311,400",-
2018-04-26,KCB,KCB Group Plc,33.75,55.5,50,52,51,52,-1,1.92%,"500,000",-
2018-04-27,KCB,KCB Group Plc,33.75,55.5,49,50.5,49.5,51,-1.5,2.94%,"592,500",-
2018-04-30,KCB,KCB Group Plc,33.75,55.5,49.25,51.5,50,49.5,0.5,1.01%,"1,763,000",-
2018-05-02,KCB,KCB Group Plc,33.75,55.5,47.75,49.5,47.75,50,-2.25,4.50%,"1,302,300",-
2018-05-03,KCB,KCB Group Plc,33.75,55.5,47.5,48,47.5,47.75,-0.25,0.52%,"3,263,800",-
2018-05-04,KCB,KCB Group Plc,33.75,55.5,47.5,48,47.75,47.5,0.25,0.53%,"1,330,400",-
2018-05-07,KCB,KCB Group Plc,33.75,55.5,47.75,50,48.25,47.75,0.5,1.05%,"733,600",-
2018-05-08,KCB,KCB Group Plc,33.75,55.5,48.25,49.5,48.75,48.25,0.5,1.04%,"2,176,400",-
2018-05-09,KCB,KCB Group Plc,33.75,55.5,49,50,49.5,48.75,0.75,1.54%,"368,400",-
2018-05-10,KCB,KCB Group Plc,33.75,55.5,49.5,50,49.75,49.5,0.25,0.51%,"423,400",-
2018-05-11,KCB,KCB Group Plc,33.75,55.5,49.75,52,50,49.75,0.25,0.50%,"2,296,800",-
2018-05-14,KCB,KCB Group Plc,33.75,55.5,49.75,51.5,50,50,-,-,"358,500",-
2018-05-15,KCB,KCB Group Plc,33.75,55.5,50,50.5,50,50,-,-,"1,172,000",-
2018-05-16,KCB,KCB Group Plc,33.75,55.5,50,51.5,50.5,50,0.5,1.00%,"1,820,700",-
2018-05-17,KCB,KCB Group Plc,33.75,55.5,50,51.5,50.5,50.5,-,-,"1,915,700",-
2018-05-18,KCB,KCB Group Plc,33.75,55.5,49,50.5,49.75,50.5,-0.75,1.49%,"2,143,300",-
2018-05-21,KCB,KCB Group Plc,33.75,55.5,47.75,50.5,48,49.75,-1.75,3.52%,"1,275,900",-
2018-05-22,KCB,KCB Group Plc,33.75,55.5,47.25,48.25,47.5,48,-0.5,1.04%,"1,112,500",-
2018-05-23,KCB,KCB Group Plc,33.75,55.5,46.75,47.5,46.75,47.5,-0.75,1.58%,"6,288,200",-
2018-05-24,KCB,KCB Group Plc,33.75,55.5,46.5,47,46.75,46.75,-,-,"2,205,000",-
2018-05-25,KCB,KCB Group Plc,33.75,55.5,46,47,46.25,46.75,-0.5,1.07%,"560,700",-
2018-05-28,KCB,KCB Group Plc,33.75,55.5,46,47,46.75,46.25,0.5,1.08%,"493,100",-
2018-05-29,KCB,KCB Group Plc,33.75,55.5,46.5,49,46.75,46.75,-,-,"604,000",-
2018-05-30,KCB,KCB Group Plc,33.75,55.5,46,47,46.25,46.75,-0.5,1.07%,"2,155,900",-
2018-05-31,KCB,KCB Group Plc,33.75,55.5,45.75,46.75,46,46.25,-0.25,0.54%,"6,114,300",-
2018-06-04,KCB,KCB Group Plc,33.75,55.5,45.5,47.25,46.25,46,0.25,0.54%,"709,900",-
2018-06-05,KCB,KCB Group Plc,33.75,55.5,47,48,47.5,46.25,1.25,2.70%,"3,353,700",-
2018-06-06,KCB,KCB Group Plc,33.75,55.5,47.75,49.25,48.75,47.5,1.25,2.63%,"2,615,400",-
2018-06-07,KCB,KCB Group Plc,33.75,55.5,48,49.5,48.75,48.75,-,-,"5,467,100",-
2018-06-08,KCB,KCB Group Plc,33.75,55.5,48,49.25,48.5,48.75,-0.25,0.51%,"474,300",-
2018-06-11,KCB,KCB Group Plc,33.75,55.5,48.5,49.25,49,48.5,0.5,1.03%,"1,721,700",-
2018-06-12,KCB,KCB Group Plc,33.75,55.5,48.5,50,48.75,49,-0.25,0.51%,"631,200",-
2018-06-13,KCB,KCB Group Plc,33.75,55.5,48.5,49,48.5,48.75,-0.25,0.51%,"543,300",-
2018-06-14,KCB,KCB Group Plc,33.75,55.5,48.5,49,48.5,48.5,-,-,"2,539,900",-
2018-06-18,KCB,KCB Group Plc,33.75,55.5,48.75,49.25,48.75,48.5,0.25,0.52%,"671,100",-
2018-06-19,KCB,KCB Group Plc,33.75,55.5,48.5,49.5,48.75,48.75,-,-,"1,888,900",-
2018-06-20,KCB,KCB Group Plc,33.75,55.5,48.5,49,48.5,48.75,-0.25,0.51%,"493,200",-
2018-06-21,KCB,KCB Group Plc,33.75,55.5,48.5,48.75,48.5,48.5,-,-,"1,537,500",-
2018-06-22,KCB,KCB Group Plc,33.75,55.5,47.75,48.75,48.25,48.5,-0.25,0.52%,"583,700",-
2018-06-25,KCB,KCB Group Plc,33.75,55.5,47.5,48.5,47.5,48.25,-0.75,1.55%,"733,000",-
2018-06-26,KCB,KCB Group Plc,33.75,55.5,46.25,47.75,46.75,47.5,-0.75,1.58%,"1,890,400",-
2018-06-27,KCB,KCB Group Plc,33.75,55.5,46,48.25,46.5,46.75,-0.25,0.53%,"3,343,800",-
2018-06-28,KCB,KCB Group Plc,33.75,55.5,45.75,46.5,45.75,46.5,-0.75,1.61%,"3,223,200",-
2018-06-29,KCB,KCB Group Plc,33.75,55.5,46,46.5,46.25,45.75,0.5,1.09%,"1,511,600",-
2018-07-02,KCB,KCB Group Plc,33.75,55.5,45.25,46.25,45.5,46.25,-0.75,1.62%,"2,100,400",-
2018-07-03,KCB,KCB Group Plc,33.75,55.5,45.25,46,45.25,45.5,-0.25,0.55%,"2,455,400",-
2018-07-04,KCB,KCB Group Plc,33.75,55.5,45,45.5,45.25,45.25,-,-,"1,620,000",-
2018-07-05,KCB,KCB Group Plc,33.75,55.5,45.25,46.25,45.5,45.25,0.25,0.55%,"4,916,100",-
2018-07-06,KCB,KCB Group Plc,33.75,55.5,45.5,47,46.25,45.5,0.75,1.65%,"659,600",-
2018-07-09,KCB,KCB Group Plc,33.75,55.5,46.5,48.25,47.5,46.25,1.25,2.70%,"1,762,400",-
2018-07-10,KCB,KCB Group Plc,33.75,55.5,48,49.25,48.75,47.5,1.25,2.63%,"3,916,800",-
2018-07-11,KCB,KCB Group Plc,33.75,55.5,47.5,48.75,48,48.75,-0.75,1.54%,"2,160,000",-
2018-07-12,KCB,KCB Group Plc,33.75,55.5,47.5,48,47.75,48,-0.25,0.52%,"204,500",-
2018-07-13,KCB,KCB Group Plc,33.75,55.5,47.5,48,47.5,47.75,-0.25,0.52%,"91,000",-
2018-07-16,KCB,KCB Group Plc,33.75,55.5,47.25,48,47.5,47.5,-,-,"3,255,100",-
2018-07-17,KCB,KCB Group Plc,33.75,55.5,47.5,48,47.5,47.5,-,-,"1,424,800",-
2018-07-18,KCB,KCB Group Plc,33.75,55.5,47.5,48.25,48,47.5,0.5,1.05%,"2,988,500",-
2018-07-19,KCB,KCB Group Plc,33.75,55.5,48,48.75,48.25,48,0.25,0.52%,"1,022,500",-
2018-07-20,KCB,KCB Group Plc,33.75,55.5,47.5,48.75,48.25,48.25,-,-,"744,200",-
2018-07-23,KCB,KCB Group Plc,33.75,55.5,47,48.25,47.5,48.25,-0.75,1.55%,"1,736,600",-
2018-07-24,KCB,KCB Group Plc,33.75,55.5,47.25,48,47.5,47.5,-,-,"859,300",-
2018-07-25,KCB,KCB Group Plc,33.75,55.5,47.5,48,47.5,47.5,-,-,"810,800",-
2018-07-26,KCB,KCB Group Plc,33.75,55.5,47.5,48,47.5,47.5,-,-,"1,064,000",-
2018-07-27,KCB,KCB Group Plc,33.75,55.5,47.25,47.75,47.25,47.5,-0.25,0.53%,"1,655,000",-
2018-07-30,KCB,KCB Group Plc,33.75,55.5,47.25,47.75,47.25,47.25,-,-,"2,361,100",-
2018-07-31,KCB,KCB Group Plc,33.75,55.5,46.5,47.5,46.75,47.25,-0.5,1.06%,"432,400",-
2018-08-01,KCB,KCB Group Plc,33.75,55.5,47,47.5,47.25,46.75,0.5,1.07%,"523,200",-
2018-08-02,KCB,KCB Group Plc,33.75,55.5,47.25,48,47.75,47.25,0.5,1.06%,"1,580,200",-
2018-08-03,KCB,KCB Group Plc,33.75,55.5,47.75,48.25,48,47.75,0.25,0.52%,"795,800",-
2018-08-06,KCB,KCB Group Plc,33.75,55.5,48,49,48.5,48,0.5,1.04%,"1,464,700",-
2018-08-07,KCB,KCB Group Plc,33.75,55.5,48.25,49.25,48.75,48.5,0.25,0.52%,"697,800",-
2018-08-08,KCB,KCB Group Plc,33.75,55.5,49.25,50,49.75,48.75,1,2.05%,"3,492,700",-
2018-08-09,KCB,KCB Group Plc,33.75,55.5,49.5,50.5,50,49.75,0.25,0.50%,"1,427,300",-
2018-08-10,KCB,KCB Group Plc,33.75,55.5,50,51.5,51,50,1,2.00%,"2,498,600",-
2018-08-13,KCB,KCB Group Plc,33.75,55.5,50,52,50.5,51,-0.5,0.98%,"3,981,600",-
2018-08-14,KCB,KCB Group Plc,33.75,55.5,49.5,50.5,50,50.5,-0.5,0.99%,"1,631,400",-
2018-08-15,KCB,KCB Group Plc,33.75,55.5,49.25,51,49.5,50,-0.5,1.00%,"1,366,800",-
2018-08-16,KCB,KCB Group Plc,33.75,55.5,48.75,50,49,49.5,-0.5,1.01%,"666,300",-
2018-08-17,KCB,KCB Group Plc,33.75,55.5,48.75,50,49.5,49,0.5,1.02%,"185,000",-
2018-08-20,KCB,KCB Group Plc,33.75,55.5,49,49.5,49,49.5,-0.5,1.01%,"1,087,700",-
2018-08-22,KCB,KCB Group Plc,33.75,55.5,48,50,48.25,49,-0.75,1.53%,"371,900",-
2018-08-23,KCB,KCB Group Plc,33.75,55.5,47.75,48.5,47.75,48.25,-0.5,1.04%,"1,590,500",-
2018-08-24,KCB,KCB Group Plc,33.75,55.5,47.75,48.5,48,47.75,0.25,0.52%,"340,800",-
2018-08-27,KCB,KCB Group Plc,33.75,55.5,47.25,48.5,47.5,48,-0.5,1.04%,"421,800",-
2018-08-28,KCB,KCB Group Plc,33.75,55.5,47,47.5,47,47.5,-0.5,1.05%,"1,308,600",-
2018-08-29,KCB,KCB Group Plc,33.75,55.5,46.75,47.25,47,47,-,-,"1,462,200",-
2018-08-30,KCB,KCB Group Plc,33.75,55.5,46,47,46.5,47,-0.5,1.06%,"491,700",-
2018-08-31,KCB,KCB Group Plc,33.75,55.5,44.75,47,45,46.5,-1.5,3.23%,"2,154,900",-
2018-09-03,KCB,KCB Group Plc,33.75,55.5,44,46.5,45,45,-,-,"4,875,600",-
2018-09-04,KCB,KCB Group Plc,33.75,55.5,43.5,46.5,44.5,45,-0.5,1.11%,"2,232,900",-
2018-09-05,KCB,KCB Group Plc,33.75,55.5,44.25,45,44.5,44.5,-,-,"716,100",-
2018-09-06,KCB,KCB Group Plc,33.75,55.5,43,44.5,43.5,44.5,-1,2.25%,"1,464,500",-
2018-09-07,KCB,KCB Group Plc,33.75,55.5,42.5,43.5,42.75,43.5,-0.75,1.72%,"945,900",-
2018-09-10,KCB,KCB Group Plc,33.75,55.5,42.5,43,42.5,42.75,-0.25,0.58%,"79,500",-
2018-09-11,KCB,KCB Group Plc,33.75,55.5,41.5,43,42,42.5,-0.5,1.18%,"2,886,600",-
2018-09-12,KCB,KCB Group Plc,33.75,55.5,41.25,42,41.5,42,-0.5,1.19%,"432,100",-
2018-09-13,KCB,KCB Group Plc,33.75,55.5,40.5,42,40.75,41.5,-0.75,1.81%,"1,702,300",-
2018-09-14,KCB,KCB Group Plc,33.75,55.5,40.75,43.25,41.25,40.75,0.5,1.23%,"8,958,000",-
2018-09-17,KCB,KCB Group Plc,33.75,55.5,41,42,41,41.25,-0.25,0.61%,"506,800",-
2018-09-18,KCB,KCB Group Plc,33.75,55.5,40.75,42.5,41,41,-,-,"3,224,900",-
2018-09-19,KCB,KCB Group Plc,33.75,55.5,38.75,41.5,40.25,41,-0.75,1.83%,"944,300",-
2018-09-20,KCB,KCB Group Plc,33.75,55.5,38.5,40,38.75,40.25,-1.5,3.73%,"1,812,600",-
2018-09-21,KCB,KCB Group Plc,33.75,55.5,37,40,38,38.75,-0.75,1.94%,"3,435,100",-
2018-09-24,KCB,KCB Group Plc,33.75,55.5,39,41.75,39.75,38,1.75,4.61%,"3,285,300",-
2018-09-25,KCB,KCB Group Plc,33.75,55.5,39.5,40,39.75,39.75,-,-,"1,821,900",-
2018-09-26,KCB,KCB Group Plc,33.75,55.5,40.25,41.5,40.75,39.75,1,2.52%,"2,354,100",-
2018-09-27,KCB,KCB Group Plc,33.75,55.5,40.25,41,40.5,40.75,-0.25,0.61%,"3,411,600",-
2018-09-28,KCB,KCB Group Plc,33.75,55.5,40,40.75,40,40.5,-0.5,1.23%,"2,651,800",-
2018-10-01,KCB,KCB Group Plc,33.75,55.5,40,41,40.5,40,0.5,1.25%,"31,900",-
2018-10-02,KCB,KCB Group Plc,33.75,55.5,39.5,41,40,40.5,-0.5,1.23%,"2,407,900",-
2018-10-03,KCB,KCB Group Plc,33.75,55.5,39.25,40,39.5,40,-0.5,1.25%,"3,861,800",-
2018-10-04,KCB,KCB Group Plc,33.75,55.5,38.75,40,39,39.5,-0.5,1.27%,"1,627,700",-
2018-10-05,KCB,KCB Group Plc,33.75,55.5,38,39.5,38.75,39,-0.25,0.64%,"928,900",-
2018-10-08,KCB,KCB Group Plc,33.75,55.5,38,39.25,38.5,38.75,-0.25,0.65%,"298,000",-
2018-10-09,KCB,KCB Group Plc,33.75,55.5,38.5,39,38.5,38.5,-,-,"228,000",-
2018-10-11,KCB,KCB Group Plc,33.75,55.5,37,39.25,38,38.5,-0.5,1.30%,"3,988,100",-
2018-10-12,KCB,KCB Group Plc,33.75,55.5,35.75,38,36.75,38,-1.25,3.29%,"1,591,000",-
2018-10-15,KCB,KCB Group Plc,33.75,55.5,36,37,36,36.75,-0.75,2.04%,"1,118,200",-
2018-10-16,KCB,KCB Group Plc,33.75,55.5,35.5,36.75,35.75,36,-0.25,0.69%,"2,344,500",-
2018-10-17,KCB,KCB Group Plc,33.75,55.5,35.75,37,35.75,35.75,-,-,"1,006,200",-
2018-10-18,KCB,KCB Group Plc,33.75,55.5,36.5,38.75,36.75,35.75,1,2.80%,"71,400",-
2018-10-19,KCB,KCB Group Plc,33.75,55.5,37.75,39.25,38.25,36.75,1.5,4.08%,"1,929,600",-
2018-10-22,KCB,KCB Group Plc,33.75,55.5,38.25,39.5,39,38.25,0.75,1.96%,"172,400",-
2018-10-23,KCB,KCB Group Plc,33.75,55.5,38.75,39.5,38.75,39,-0.25,0.64%,"1,852,200",-
2018-10-24,KCB,KCB Group Plc,33.75,55.5,38.5,39.5,38.75,38.75,-,-,"1,899,100",-
2018-10-25,KCB,KCB Group Plc,33.75,55.5,38.5,39,38.5,38.75,-0.25,0.65%,"1,466,400",-
2018-10-26,KCB,KCB Group Plc,33.75,55.5,38.25,39,38.5,38.5,-,-,"3,221,300",-
2018-10-29,KCB,KCB Group Plc,33.75,55.5,38.25,39,38.25,38.5,-0.25,0.65%,"1,280,500",-
2018-10-30,KCB,KCB Group Plc,33.75,55.5,38.25,38.75,38.5,38.25,0.25,0.65%,"1,946,000",-
2018-10-31,KCB,KCB Group Plc,33.75,55.5,38.25,38.5,38.25,38.5,-0.25,0.65%,"1,887,600",-
2018-11-01,KCB,KCB Group Plc,33.75,55.5,37.75,38.5,38,38.25,-0.25,0.65%,"7,911,400",-
2018-11-02,KCB,KCB Group Plc,33.75,55.5,37.5,38.5,38,38,-,-,"4,019,100",-
2018-11-05,KCB,KCB Group Plc,33.75,55.5,37.75,38.5,38,38,-,-,"124,600",-
2018-11-06,KCB,KCB Group Plc,33.75,55.5,37,38.25,37.5,38,-0.5,1.32%,"464,100",-
2018-11-07,KCB,KCB Group Plc,33.75,55.5,37.5,38,37.5,37.5,-,-,"151,800",-
2018-11-08,KCB,KCB Group Plc,33.75,55.5,37.5,38,37.5,37.5,-,-,"973,600",-
2018-11-09,KCB,KCB Group Plc,33.75,55.5,37.5,38.25,37.75,37.5,0.25,0.67%,"1,357,800",-
2018-11-12,KCB,KCB Group Plc,33.75,55.5,38,38.5,38,37.75,0.25,0.66%,"1,090,700",-
2018-11-13,KCB,KCB Group Plc,33.75,55.5,38,38.5,38,38,-,-,"506,700",-
2018-11-14,KCB,KCB Group Plc,33.75,55.5,38,38.5,38,38,-,-,"2,442,200",-
2018-11-15,KCB,KCB Group Plc,33.75,55.5,38.5,39.5,38.75,38,0.75,1.97%,"1,829,400",-
2018-11-16,KCB,KCB Group Plc,33.75,55.5,39,39.75,39,38.75,0.25,0.65%,"5,097,000",-
2018-11-19,KCB,KCB Group Plc,33.75,55.5,39,39.5,39,39,-,-,"1,332,000",-
2018-11-20,KCB,KCB Group Plc,33.75,55.5,38.75,39.5,39,39,-,-,"260,500",-
2018-11-21,KCB,KCB Group Plc,33.75,55.5,38.5,39,38.75,39,-0.25,0.64%,"1,494,700",-
2018-11-22,KCB,KCB Group Plc,33.75,55.5,38.5,39.25,38.75,38.75,-,-,"403,700",-
2018-11-23,KCB,KCB Group Plc,33.75,55.5,38.5,39.25,38.75,38.75,-,-,"1,730,000",-
2018-11-26,KCB,KCB Group Plc,33.75,55.5,38.5,40,38.75,38.75,-,-,"4,715,600",-
2018-11-27,KCB,KCB Group Plc,33.75,55.5,39,39.5,39.25,38.75,0.5,1.29%,"163,100",-
2018-11-28,KCB,KCB Group Plc,33.75,55.5,39,40,39.25,39.25,-,-,"1,632,800",-
2018-11-29,KCB,KCB Group Plc,33.75,55.5,39.25,39.5,39.25,39.25,-,-,"230,500",-
2018-11-30,KCB,KCB Group Plc,33.75,55.5,39.25,39.75,39.5,39.25,0.25,0.64%,"3,608,700",-
2018-12-03,KCB,KCB Group Plc,33.75,55.5,39.8,40,39.8,39.5,0.3,0.76%,"2,326,400",-
2018-12-04,KCB,KCB Group Plc,33.75,55.5,39.9,41,40,39.8,0.2,0.50%,"1,281,500",-
2018-12-05,KCB,KCB Group Plc,33.75,55.5,40,42,40.55,40,0.55,1.38%,"624,900",-
2018-12-06,KCB,KCB Group Plc,33.75,55.5,39.95,41,40.05,40.55,-0.5,1.23%,"347,600",-
2018-12-07,KCB,KCB Group Plc,33.75,55.5,39.5,41,39.95,40.05,-0.1,0.25%,"2,033,100",-
2018-12-10,KCB,KCB Group Plc,33.75,55.5,39.6,40,39.85,39.95,-0.1,0.25%,"1,014,200",-
2018-12-11,KCB,KCB Group Plc,33.75,55.5,39.5,40,39.7,39.85,-0.15,0.38%,"224,500",-
2018-12-13,KCB,KCB Group Plc,33.75,55.5,39.3,40,39.6,39.7,-0.1,0.25%,"2,268,200",-
2018-12-14,KCB,KCB Group Plc,33.75,55.5,39,39.5,39.4,39.6,-0.2,0.51%,"1,391,900",-
2018-12-17,KCB,KCB Group Plc,33.75,55.5,39.1,39.6,39.45,39.4,0.05,0.13%,"292,800",-
2018-12-18,KCB,KCB Group Plc,33.75,55.5,37.5,39.7,38.8,39.45,-0.65,1.65%,"494,600",-
2018-12-19,KCB,KCB Group Plc,33.75,55.5,37.5,38.8,38,38.8,-0.8,2.06%,"1,454,700",-
2018-12-20,KCB,KCB Group Plc,33.75,55.5,37.75,38.8,38.05,38,0.05,0.13%,"1,245,400",-
2018-12-21,KCB,KCB Group Plc,33.75,55.5,37.65,38.5,37.95,38.05,-0.1,0.26%,"453,600",-
2018-12-24,KCB,KCB Group Plc,33.75,55.5,37.5,38.5,37.7,37.95,-0.25,0.66%,"399,100",-
2018-12-27,KCB,KCB Group Plc,33.75,55.5,37.05,39.5,37.5,37.7,-0.2,0.53%,"264,200",-
2018-12-28,KCB,KCB Group Plc,33.75,55.5,37.25,37.5,37.45,37.5,-0.05,0.13%,"587,600",-
2018-12-31,KCB,KCB Group Plc,33.75,55.5,37.4,38,37.45,37.45,-,-,"1,016,000",-
2019-01-02,KCB,KCB Group Plc,33.75,55.5,37,37.45,37.1,37.45,-0.35,0.93%,"876,500",-
2019-01-03,KCB,KCB Group Plc,33.75,55.5,37,37.5,37.05,37.1,-0.05,0.13%,"908,200",-
2019-01-04,KCB,KCB Group Plc,33.75,55.5,37.05,37.4,37.35,37.05,0.3,0.81%,"41,900",-
2019-01-07,KCB,KCB Group Plc,33.75,55.5,37.15,37.45,37.35,37.35,-,-,"508,300",-
2019-01-08,KCB,KCB Group Plc,33.75,55.5,37.35,38,37.4,37.35,0.05,0.13%,"69,100",-
2019-01-09,KCB,KCB Group Plc,33.75,55.5,37.3,37.5,37.35,37.4,-0.05,0.13%,"1,002,100",-
2019-01-10,KCB,KCB Group Plc,33.75,55.5,36.75,37.4,37,37.35,-0.35,0.94%,"2,868,000",-
2019-01-11,KCB,KCB Group Plc,33.75,55.5,36.75,37,36.9,37,-0.1,0.27%,"605,000",-
2019-01-14,KCB,KCB Group Plc,33.75,55.5,36.05,37.5,36.75,36.9,-0.15,0.41%,"639,000",-
2019-01-15,KCB,KCB Group Plc,33.75,55.5,36.15,37.3,36.4,36.75,-0.35,0.95%,"3,136,700",-
2019-01-16,KCB,KCB Group Plc,33.75,55.5,36.4,37.9,37.35,36.4,0.95,2.61%,"2,491,300",-
2019-01-17,KCB,KCB Group Plc,33.75,55.5,37.75,39.9,37.95,37.35,0.6,1.61%,"3,793,000",-
2019-01-18,KCB,KCB Group Plc,33.75,55.5,38,40.95,38.8,37.95,0.85,2.24%,"588,700",-
2019-01-21,KCB,KCB Group Plc,33.75,55.5,39.15,41,40.7,38.8,1.9,4.90%,"4,306,000",-
2019-01-22,KCB,KCB Group Plc,33.75,55.5,40.1,40.6,40.4,40.7,-0.3,0.74%,"1,290,300",-
2019-01-23,KCB,KCB Group Plc,33.75,55.5,40,41.5,40.25,40.4,-0.15,0.37%,"1,119,700",-
2019-01-24,KCB,KCB Group Plc,33.75,55.5,39.75,40.5,39.95,40.25,-0.3,0.75%,"2,580,400",-
2019-01-25,KCB,KCB Group Plc,33.75,55.5,39.8,40,39.9,39.95,-0.05,0.13%,"4,906,600",-
2019-01-28,KCB,KCB Group Plc,33.75,55.5,39.65,41,39.9,39.9,-,-,"1,999,400",-
2019-01-29,KCB,KCB Group Plc,33.75,55.5,39.8,40,39.9,39.9,-,-,"1,672,100",-
2019-01-30,KCB,KCB Group Plc,33.75,55.5,39.8,40,39.9,39.9,-,-,"1,413,200",-
2019-01-31,KCB,KCB Group Plc,33.75,55.5,39.9,41.2,40.7,39.9,0.8,2.01%,"9,444,600",-
2019-02-01,KCB,KCB Group Plc,33.75,55.5,40.6,41,40.9,40.7,0.2,0.49%,"5,775,900",-
2019-02-04,KCB,KCB Group Plc,33.75,55.5,41,41.5,41.05,40.9,0.15,0.37%,"3,927,300",-
2019-02-05,KCB,KCB Group Plc,33.75,55.5,41.3,43,42.15,41.05,1.1,2.68%,"1,611,200",-
2019-02-06,KCB,KCB Group Plc,33.75,55.5,42.6,44.2,43.95,42.15,1.8,4.27%,"2,727,800",-
2019-02-07,KCB,KCB Group Plc,33.75,55.5,43,44,43.4,43.95,-0.55,1.25%,"363,100",-
2019-02-08,KCB,KCB Group Plc,33.75,55.5,43.5,44,43.6,43.4,0.2,0.46%,"525,700",-
2019-02-11,KCB,KCB Group Plc,33.75,55.5,43.3,44,43.6,43.6,-,-,"261,000",-
2019-02-12,KCB,KCB Group Plc,33.75,55.5,43.6,44,43.9,43.6,0.3,0.69%,"3,247,000",-
2019-02-13,KCB,KCB Group Plc,33.75,55.5,43.6,44,43.8,43.9,-0.1,0.23%,"2,129,200",-
2019-02-14,KCB,KCB Group Plc,33.75,55.5,43.5,43.9,43.75,43.8,-0.05,0.11%,"521,800",-
2019-02-15,KCB,KCB Group Plc,33.75,55.5,43.2,44,43.45,43.75,-0.3,0.69%,"1,321,800",-
2019-02-18,KCB,KCB Group Plc,33.75,55.5,42.55,43.8,42.8,43.45,-0.65,1.50%,"901,300",-
2019-02-19,KCB,KCB Group Plc,33.75,55.5,42.05,43,42.65,42.8,-0.15,0.35%,"801,500",-
2019-02-20,KCB,KCB Group Plc,33.75,55.5,41,42.2,41.7,42.65,-0.95,2.23%,"1,123,200",-
2019-02-21,KCB,KCB Group Plc,33.75,55.5,41.05,42.5,41.95,41.7,0.25,0.60%,"1,729,400",-
2019-02-22,KCB,KCB Group Plc,33.75,55.5,41.9,42.5,42,41.95,0.05,0.12%,"822,200",-
2019-02-25,KCB,KCB Group Plc,33.75,55.5,42,42.5,42.15,42,0.15,0.36%,"1,262,000",-
2019-02-26,KCB,KCB Group Plc,33.75,55.5,42,42.3,42.15,42.15,-,-,"462,500",-
2019-02-27,KCB,KCB Group Plc,33.75,55.5,41.5,42.2,42.05,42.15,-0.1,0.24%,"793,500",-
2019-02-28,KCB,KCB Group Plc,33.75,55.5,41.3,42.05,41.65,42.05,-0.4,0.95%,"2,777,300",-
2019-03-01,KCB,KCB Group Plc,33.75,55.5,41.3,42,41.65,41.65,-,-,"2,313,700",-
2019-03-04,KCB,KCB Group Plc,33.75,55.5,41.25,42,41.45,41.65,-0.2,0.48%,"78,600",-
2019-03-05,KCB,KCB Group Plc,33.75,55.5,42,43,42.2,41.45,0.75,1.81%,"1,484,500",-
2019-03-06,KCB,KCB Group Plc,33.75,55.5,42.45,44,43.05,42.2,0.85,2.01%,"833,600",-
2019-03-07,KCB,KCB Group Plc,33.75,55.5,43.3,44.25,43.85,43.05,0.8,1.86%,"438,300",-
2019-03-08,KCB,KCB Group Plc,33.75,55.5,43.85,44,43.95,43.85,0.1,0.23%,"1,130,600",-
2019-03-11,KCB,KCB Group Plc,33.75,55.5,43.5,44,43.9,43.95,-0.05,0.11%,"798,000",-
2019-03-12,KCB,KCB Group Plc,33.75,55.5,43.4,43.9,43.65,43.9,-0.25,0.57%,"517,800",-
2019-03-13,KCB,KCB Group Plc,33.75,55.5,43.45,43.9,43.5,43.65,-0.15,0.34%,"293,900",-
2019-03-14,KCB,KCB Group Plc,33.75,55.5,42.9,43.65,43.3,43.5,-0.2,0.46%,"446,100",-
2019-03-15,KCB,KCB Group Plc,33.75,55.5,43.4,45,44.3,43.3,1,2.31%,"9,444,400",-
2019-03-18,KCB,KCB Group Plc,33.75,55.5,44,45,44.95,44.3,0.65,1.47%,"6,549,700",-
2019-03-19,KCB,KCB Group Plc,33.75,55.5,44.6,44.8,44.75,44.95,-0.2,0.44%,"2,495,200",-
2019-03-20,KCB,KCB Group Plc,33.75,55.5,44.75,45,44.8,44.75,0.05,0.11%,"1,706,400",-
2019-03-21,KCB,KCB Group Plc,33.75,55.5,44.65,48,44.75,44.8,-0.05,0.11%,"1,035,600",-
2019-03-22,KCB,KCB Group Plc,33.75,55.5,44.6,44.95,44.7,44.75,-0.05,0.11%,"1,083,500",-
2019-03-25,KCB,KCB Group Plc,33.75,55.5,44.35,44.75,44.4,44.7,-0.3,0.67%,"1,451,100",-
2019-03-26,KCB,KCB Group Plc,33.75,55.5,44,44.75,44.35,44.4,-0.05,0.11%,"746,400",-
2019-03-27,KCB,KCB Group Plc,33.75,55.5,43.3,44.7,44.25,44.35,-0.1,0.23%,"1,249,400",-
2019-03-28,KCB,KCB Group Plc,33.75,55.5,43.3,44.2,43.9,44.25,-0.35,0.79%,"419,900",-
2019-03-29,KCB,KCB Group Plc,33.75,55.5,43.9,44.2,44.05,43.9,0.15,0.34%,"3,347,700",-
2019-04-01,KCB,KCB Group Plc,33.75,55.5,44,44.35,44.15,44.05,0.1,0.23%,"696,000",-
2019-04-02,KCB,KCB Group Plc,33.75,55.5,44.2,45,44.4,44.15,0.25,0.57%,"4,626,100",-
2019-04-03,KCB,KCB Group Plc,33.75,55.5,44.6,45,44.9,44.4,0.5,1.13%,"1,142,900",-
2019-04-04,KCB,KCB Group Plc,33.75,55.5,44.6,45,44.8,44.9,-0.1,0.22%,"132,400",-
2019-04-05,KCB,KCB Group Plc,33.75,55.5,44.7,44.9,44.8,44.8,-,-,"263,600",-
2019-04-08,KCB,KCB Group Plc,33.75,55.5,44.65,44.85,44.75,44.8,-0.05,0.11%,"116,200",-
2019-04-09,KCB,KCB Group Plc,33.75,55.5,44.6,44.9,44.75,44.75,-,-,"4,432,800",-
2019-04-10,KCB,KCB Group Plc,33.75,55.5,44.8,44.9,44.85,44.75,0.1,0.22%,"1,604,500",-
2019-04-11,KCB,KCB Group Plc,33.75,55.5,44.7,44.95,44.75,44.85,-0.1,0.22%,"373,300",-
2019-04-12,KCB,KCB Group Plc,33.75,55.5,44.7,44.9,44.8,44.75,0.05,0.11%,"152,900",-
2019-04-15,KCB,KCB Group Plc,33.75,55.5,44.75,44.9,44.85,44.8,0.05,0.11%,"661,300",-
2019-04-16,KCB,KCB Group Plc,33.75,55.5,44.75,45,44.9,44.85,0.05,0.11%,"678,400",-
2019-04-17,KCB,KCB Group Plc,33.75,55.5,44.9,45,44.95,44.9,0.05,0.11%,"687,200",-
2019-04-18,KCB,KCB Group Plc,33.75,55.5,44.9,45,45,44.95,0.05,0.11%,"4,061,800",-
2019-04-23,KCB,KCB Group Plc,33.75,55.5,44.8,45.2,44.95,45,-0.05,0.11%,"6,993,500",-
2019-04-24,KCB,KCB Group Plc,33.75,55.5,44.8,44.95,44.9,44.95,-0.05,0.11%,"747,700",-
2019-04-25,KCB,KCB Group Plc,33.75,55.5,44.9,45.5,45,44.9,0.1,0.22%,"2,010,700",-
2019-04-26,KCB,KCB Group Plc,33.75,55.5,45.05,46,45.2,45,0.2,0.44%,"1,700,100",-
2019-04-29,KCB,KCB Group Plc,33.75,55.5,44.9,45.25,45,45.2,-0.2,0.44%,"3,899,700",-
2019-04-30,KCB,KCB Group Plc,33.75,55.5,40.5,44,42.4,45,-2.6,5.78%,"3,479,800",-
2019-05-02,KCB,KCB Group Plc,33.75,55.5,42.1,42.95,42.25,42.4,-0.15,0.35%,"1,706,600",-
2019-05-03,KCB,KCB Group Plc,33.75,55.5,40.5,45.6,41.3,42.25,-0.95,2.25%,"1,185,800",-
2019-05-06,KCB,KCB Group Plc,33.75,55.5,41,41.5,41.3,41.3,-,-,"1,285,000",-
2019-05-07,KCB,KCB Group Plc,33.75,55.5,41.3,41.5,41.35,41.3,0.05,0.12%,"2,186,600",-
2019-05-08,KCB,KCB Group Plc,33.75,55.5,41.2,41.5,41.4,41.35,0.05,0.12%,"479,500",-
2019-05-09,KCB,KCB Group Plc,33.75,55.5,40.75,41.4,41.15,41.4,-0.25,0.60%,"607,600",-
2019-05-10,KCB,KCB Group Plc,33.75,55.5,40.5,41.15,40.5,41.15,-0.65,1.58%,"1,585,000",-
2019-05-13,KCB,KCB Group Plc,33.75,55.5,38.5,40.7,40.05,40.5,-0.45,1.11%,"800,100",-
2019-05-14,KCB,KCB Group Plc,33.75,55.5,37.9,39.5,38.2,40.05,-1.85,4.62%,"697,900",-
2019-05-15,KCB,KCB Group Plc,33.75,55.5,36,38,36.7,38.2,-1.5,3.93%,"1,735,200",-
2019-05-16,KCB,KCB Group Plc,33.75,55.5,36.2,37.7,36.45,36.7,-0.25,0.68%,"1,262,500",-
2019-05-17,KCB,KCB Group Plc,33.75,55.5,36.25,37.9,36.3,36.45,-0.15,0.41%,"2,927,000",-
2019-05-20,KCB,KCB Group Plc,33.75,55.5,36.4,37.8,36.5,36.3,0.2,0.55%,"4,505,700",-
2019-05-21,KCB,KCB Group Plc,33.75,55.5,36.8,39,38.6,36.5,2.1,5.75%,"527,100",-
2019-05-22,KCB,KCB Group Plc,33.75,55.5,38.5,40,38.95,38.6,0.35,0.91%,"698,200",-
2019-05-23,KCB,KCB Group Plc,33.75,55.5,38.65,40,39,38.95,0.05,0.13%,"1,493,900",-
2019-05-24,KCB,KCB Group Plc,33.75,55.5,38.85,40,38.95,39,-0.05,0.13%,"542,000",-
2019-05-27,KCB,KCB Group Plc,33.75,55.5,38.95,40,39.35,38.95,0.4,1.03%,"51,200",-
2019-05-28,KCB,KCB Group Plc,33.75,55.5,39.2,41,40.45,39.35,1.1,2.80%,"8,270,300",-
2019-05-29,KCB,KCB Group Plc,33.75,55.5,40,40.6,40.35,40.45,-0.1,0.25%,"2,776,100",-
2019-05-30,KCB,KCB Group Plc,33.75,55.5,39.8,40.3,40,40.35,-0.35,0.87%,"3,072,900",-
2019-05-31,KCB,KCB Group Plc,33.75,55.5,39.5,40,39.5,40,-0.5,1.25%,"538,100",-
2019-06-03,KCB,KCB Group Plc,33.75,55.5,39.5,40,39.65,39.5,0.15,0.38%,"445,500",-
2019-06-04,KCB,KCB Group Plc,33.75,55.5,39.5,40,39.65,39.65,-,-,"437,400",-
2019-06-06,KCB,KCB Group Plc,33.75,55.5,39.5,40,39.6,39.65,-0.05,0.13%,"667,500",-
2019-06-07,KCB,KCB Group Plc,33.75,55.5,39.3,39.65,39.55,39.6,-0.05,0.13%,"691,100",-
2019-06-10,KCB,KCB Group Plc,33.75,55.5,39.1,39.5,39.3,39.55,-0.25,0.63%,"557,000",-
2019-06-11,KCB,KCB Group Plc,33.75,55.5,39.4,39.85,39.5,39.3,0.2,0.51%,"4,905,300",-
2019-06-12,KCB,KCB Group Plc,33.75,55.5,39.5,39.95,39.7,39.5,0.2,0.51%,"1,107,700",-
2019-06-13,KCB,KCB Group Plc,33.75,55.5,39.6,39.9,39.7,39.7,-,-,"4,182,000",-
2019-06-14,KCB,KCB Group Plc,33.75,55.5,39.4,39.95,39.65,39.7,-0.05,0.13%,"511,000",-
2019-06-17,KCB,KCB Group Plc,33.75,55.5,39.4,39.8,39.5,39.65,-0.15,0.38%,"440,300",-
2019-06-18,KCB,KCB Group Plc,33.75,55.5,39.4,39.8,39.5,39.5,-,-,"682,500",-
2019-06-19,KCB,KCB Group Plc,33.75,55.5,39.05,39.5,39.45,39.5,-0.05,0.13%,"1,964,100",-
2019-06-20,KCB,KCB Group Plc,33.75,55.5,38.6,39.5,39.05,39.45,-0.4,1.01%,"688,000",-
2019-06-21,KCB,KCB Group Plc,33.75,55.5,39,39.45,39.1,39.05,0.05,0.13%,"393,000",-
2019-06-24,KCB,KCB Group Plc,33.75,55.5,38.5,39.4,38.95,39.1,-0.15,0.38%,"76,600",-
2019-06-25,KCB,KCB Group Plc,33.75,55.5,38.55,39.1,38.85,38.95,-0.1,0.26%,"2,224,000",-
2019-06-26,KCB,KCB Group Plc,33.75,55.5,38.05,39,38.5,38.85,-0.35,0.90%,"983,900",-
2019-06-27,KCB,KCB Group Plc,33.75,55.5,37.9,38.85,38.15,38.5,-0.35,0.91%,"5,803,100",-
2019-06-28,KCB,KCB Group Plc,33.75,55.5,38,38.85,38.25,38.15,0.1,0.26%,"3,655,900",-
2019-07-01,KCB,KCB Group Plc,33.75,55.5,38,39.5,38.7,38.25,0.45,1.18%,"326,200",-
2019-07-02,KCB,KCB Group Plc,33.75,55.5,38.5,40,39.2,38.7,0.5,1.29%,"805,400",-
2019-07-03,KCB,KCB Group Plc,33.75,55.5,39,42,39.45,39.2,0.25,0.64%,"348,400",-
2019-07-04,KCB,KCB Group Plc,33.75,55.5,39.5,41,40.15,39.45,0.7,1.77%,"791,100",-
2019-07-05,KCB,KCB Group Plc,33.75,55.5,40,41,40,40.15,-0.15,0.37%,"626,600",-
2019-07-08,KCB,KCB Group Plc,33.75,55.5,39.8,40.95,40,40,-,-,"161,900",-
2019-07-09,KCB,KCB Group Plc,33.75,55.5,39.5,39.8,39.6,40,-0.4,1.00%,"251,100",-
2019-07-10,KCB,KCB Group Plc,33.75,55.5,39.4,39.7,39.5,39.6,-0.1,0.25%,"190,900",-
2019-07-11,KCB,KCB Group Plc,33.75,55.5,39.2,39.7,39.45,39.5,-0.05,0.13%,"922,000",-
2019-07-12,KCB,KCB Group Plc,33.75,55.5,39.05,39.7,39.25,39.45,-0.2,0.51%,"962,900",-
2019-07-15,KCB,KCB Group Plc,33.75,55.5,39.25,39.7,39.45,39.25,0.2,0.51%,"99,100",-
2019-07-16,KCB,KCB Group Plc,33.75,55.5,39,39.7,39.4,39.45,-0.05,0.13%,"707,700",-
2019-07-17,KCB,KCB Group Plc,33.75,55.5,38.8,39.5,39,39.4,-0.4,1.02%,"8,035,000",-
2019-07-18,KCB,KCB Group Plc,33.75,55.5,39.2,39.5,39.2,39,0.2,0.51%,"5,623,200",-
2019-07-19,KCB,KCB Group Plc,33.75,55.5,39.25,41,39.55,39.2,0.35,0.89%,"1,018,200",-
2019-07-22,KCB,KCB Group Plc,33.75,55.5,39.6,40,39.8,39.55,0.25,0.63%,"1,963,700",-
2019-07-23,KCB,KCB Group Plc,33.75,55.5,39.7,40,39.85,39.8,0.05,0.13%,"2,367,400",-
2019-07-24,KCB,KCB Group Plc,33.75,55.5,39.9,40,40,39.85,0.15,0.38%,"1,101,100",-
2019-07-25,KCB,KCB Group Plc,33.75,55.5,39.8,40,39.9,40,-0.1,0.25%,"1,880,900",-
2019-07-26,KCB,KCB Group Plc,33.75,55.5,39.8,40,39.9,39.9,-,-,"1,426,700",-
2019-07-29,KCB,KCB Group Plc,33.75,55.5,39.7,40,39.9,39.9,-,-,"2,478,400",-
2019-07-30,KCB,KCB Group Plc,33.75,55.5,39.8,40,39.95,39.9,0.05,0.13%,"445,900",-
2019-07-31,KCB,KCB Group Plc,33.75,55.5,39.95,40.2,40,39.95,0.05,0.13%,"2,975,200",-
2019-08-01,KCB,KCB Group Plc,33.75,55.5,39.95,40.2,40,40,-,-,"360,900",-
2019-08-02,KCB,KCB Group Plc,33.75,55.5,39.95,40.25,40,40,-,-,"213,400",-
2019-08-05,KCB,KCB Group Plc,33.75,55.5,39.45,39.95,39.5,40,-0.5,1.25%,"958,300",-
2019-08-06,KCB,KCB Group Plc,33.75,55.5,39,39.5,39.4,39.5,-0.1,0.25%,"314,800",-
2019-08-07,KCB,KCB Group Plc,33.75,55.5,39.2,39.5,39.25,39.4,-0.15,0.38%,"425,900",-
2019-08-08,KCB,KCB Group Plc,33.75,55.5,39.3,39.8,39.45,39.25,0.2,0.51%,"113,300",-
2019-08-09,KCB,KCB Group Plc,33.75,55.5,39.5,40,39.8,39.45,0.35,0.89%,"295,800",-
2019-08-13,KCB,KCB Group Plc,33.75,55.5,39.55,40,39.65,39.8,-0.15,0.38%,"99,500",-
2019-08-14,KCB,KCB Group Plc,33.75,55.5,39.6,40,39.9,39.65,0.25,0.63%,"1,262,000",-
2019-08-15,KCB,KCB Group Plc,33.75,55.5,39.6,39.95,39.85,39.9,-0.05,0.13%,"249,700",-
2019-08-16,KCB,KCB Group Plc,33.75,55.5,39.7,39.9,39.8,39.85,-0.05,0.13%,"406,100",-
2019-08-19,KCB,KCB Group Plc,33.75,55.5,39.5,40,39.75,39.8,-0.05,0.13%,"1,436,100",-
2019-08-20,KCB,KCB Group Plc,33.75,55.5,39.5,40,39.85,39.75,0.1,0.25%,"1,092,700",-
2019-08-21,KCB,KCB Group Plc,33.75,55.5,39.9,40,39.9,39.85,0.05,0.13%,"206,600",-
2019-08-22,KCB,KCB Group Plc,33.75,55.5,39.9,40.1,40,39.9,0.1,0.25%,"2,736,100",-
2019-08-23,KCB,KCB Group Plc,33.75,55.5,40,40.2,40.1,40,0.1,0.25%,"82,000",-
2019-08-26,KCB,KCB Group Plc,33.75,55.5,40,40.25,40.05,40.1,-0.05,0.12%,"392,600",-
2019-08-27,KCB,KCB Group Plc,33.75,55.5,40,40.3,40.2,40.05,0.15,0.37%,"461,300",-
2019-08-28,KCB,KCB Group Plc,33.75,55.5,40.1,40.5,40.2,40.2,-,-,"142,200",-
2019-08-29,KCB,KCB Group Plc,33.75,55.5,40,40.5,40.4,40.2,0.2,0.50%,"3,996,000",-
2019-08-30,KCB,KCB Group Plc,33.75,55.5,40,40.5,40.15,40.4,-0.25,0.62%,"768,300",-
2019-09-02,KCB,KCB Group Plc,33.75,55.5,39.9,40.2,39.95,40.15,-0.2,0.50%,"132,600",-
2019-09-03,KCB,KCB Group Plc,33.75,55.5,39.85,40.1,39.95,39.95,-,-,"1,471,200",-
2019-09-04,KCB,KCB Group Plc,33.75,55.5,39.95,40.4,40,39.95,0.05,0.13%,"7,257,600",-
2019-09-05,KCB,KCB Group Plc,33.75,55.5,39.9,40,39.95,40,-0.05,0.13%,"511,600",-
2019-09-06,KCB,KCB Group Plc,33.75,55.5,37.3,39,38.2,39.95,-1.75,4.38%,"354,700",-
2019-09-09,KCB,KCB Group Plc,33.75,55.5,37.25,38.5,38,38.2,-0.2,0.52%,"1,334,000",-
2019-09-10,KCB,KCB Group Plc,33.75,55.5,37.55,38,37.9,38,-0.1,0.26%,"118,800",-
2019-09-11,KCB,KCB Group Plc,33.75,55.5,37.7,38.5,38,37.9,0.1,0.26%,"122,900",-
2019-09-12,KCB,KCB Group Plc,33.75,55.5,38.1,38.95,38.45,38,0.45,1.18%,"102,900",-
2019-09-13,KCB,KCB Group Plc,33.75,55.5,38.5,39.95,38.5,38.45,0.05,0.13%,"158,300",-
2019-09-16,KCB,KCB Group Plc,33.75,55.5,38.5,38.95,38.85,38.5,0.35,0.91%,"165,400",-
2019-09-17,KCB,KCB Group Plc,33.75,55.5,38.8,39,38.9,38.85,0.05,0.13%,"65,800",-
2019-09-18,KCB,KCB Group Plc,33.75,55.5,38.8,39.5,39.15,38.9,0.25,0.64%,"1,791,000",-
2019-09-19,KCB,KCB Group Plc,33.75,55.5,39,40.3,40.05,39.15,0.9,2.30%,"11,804,000",-
2019-09-20,KCB,KCB Group Plc,33.75,55.5,40,40.5,40.1,40.05,0.05,0.12%,"2,566,500",-
2019-09-23,KCB,KCB Group Plc,33.75,55.5,40,40.5,40,40.1,-0.1,0.25%,"48,600",-
2019-09-24,KCB,KCB Group Plc,33.75,55.5,40,40.95,40.5,40,0.5,1.25%,"1,140,900",-
2019-09-25,KCB,KCB Group Plc,33.75,55.5,40.55,41.6,41,40.5,0.5,1.23%,"2,718,500",-
2019-09-26,KCB,KCB Group Plc,33.75,55.5,41,42.3,41.95,41,0.95,2.32%,"2,910,800",-
2019-09-27,KCB,KCB Group Plc,33.75,55.5,42,42.5,42,41.95,0.05,0.12%,"740,400",-
2019-09-30,KCB,KCB Group Plc,33.75,55.5,42,42.4,42,42,-,-,"476,000",-
2019-10-01,KCB,KCB Group Plc,33.75,55.5,42,42.4,42,42,-,-,"538,100",-
2019-10-02,KCB,KCB Group Plc,33.75,55.5,42.05,42.4,42.15,42,0.15,0.36%,"4,196,700",-
2019-10-03,KCB,KCB Group Plc,33.75,55.5,42,42.3,42.15,42.15,-,-,"7,430,600",-
2019-10-04,KCB,KCB Group Plc,33.75,55.5,41,42.2,41.85,42.15,-0.3,0.71%,"1,801,200",-
2019-10-07,KCB,KCB Group Plc,33.75,55.5,40,41.6,40.8,41.85,-1.05,2.51%,"622,000",-
2019-10-08,KCB,KCB Group Plc,33.75,55.5,40.8,43,40.9,40.8,0.1,0.25%,"1,094,000",-
2019-10-09,KCB,KCB Group Plc,33.75,55.5,41.1,41.9,41.65,40.9,0.75,1.83%,"817,700",-
2019-10-11,KCB,KCB Group Plc,33.75,55.5,41.55,42,41.8,41.65,0.15,0.36%,"2,150,000",-
2019-10-14,KCB,KCB Group Plc,33.75,55.5,41.2,43,41.45,41.8,-0.35,0.84%,"33,600",-
2019-10-15,KCB,KCB Group Plc,33.75,55.5,41.45,42,41.7,41.45,0.25,0.60%,"1,009,400",-
2019-10-16,KCB,KCB Group Plc,33.75,55.5,40.5,41.9,41.4,41.7,-0.3,0.72%,"552,900",-
2019-10-17,KCB,KCB Group Plc,33.75,55.5,42.1,43.9,42.6,41.4,1.2,2.90%,"1,611,100",-
2019-10-18,KCB,KCB Group Plc,33.75,55.5,43.05,43.5,43.25,42.6,0.65,1.53%,"3,103,900",-
2019-10-22,KCB,KCB Group Plc,33.75,55.5,43.3,44,43.55,43.25,0.3,0.69%,"4,418,000",-
2019-10-23,KCB,KCB Group Plc,33.75,55.5,43.2,44,43.3,43.55,-0.25,0.57%,"872,900",-
2019-10-24,KCB,KCB Group Plc,33.75,55.5,43.5,44,43.8,43.3,0.5,1.15%,"2,583,900",-
2019-10-25,KCB,KCB Group Plc,33.75,55.5,43.75,45,44.1,43.8,0.3,0.68%,"1,477,400",-
2019-10-28,KCB,KCB Group Plc,33.75,55.5,44.5,45.2,45.05,44.1,0.95,2.15%,"952,000",-
2019-10-29,KCB,KCB Group Plc,33.75,55.5,44.8,46,45,45.05,-0.05,0.11%,"400,200",-
2019-10-30,KCB,KCB Group Plc,33.75,55.5,46,49.5,48.1,45,3.1,6.89%,"1,514,500",-
2019-10-31,KCB,KCB Group Plc,33.75,55.5,49,52.75,51.75,48.1,3.65,7.59%,"15,005,700",-
2019-11-01,KCB,KCB Group Plc,33.75,55.5,51.75,54,53.25,51.75,1.5,2.90%,"12,647,400",-
2019-11-04,KCB,KCB Group Plc,33.75,55.5,47.95,53,51,53.25,-2.25,4.23%,"3,163,400",-
2019-11-05,KCB,KCB Group Plc,33.75,55.5,47.95,51.5,50.25,51,-0.75,1.47%,"3,372,700",-
2019-11-06,KCB,KCB Group Plc,33.75,55.5,51,53.5,53.25,50.25,3,5.97%,"5,885,600",-
2019-11-07,KCB,KCB Group Plc,33.75,55.5,51,53,52.75,53.25,-0.5,0.94%,"4,669,800",-
2019-11-08,KCB,KCB Group Plc,33.75,55.5,49,50.75,49.9,52.75,-2.85,5.40%,"1,098,800",-
2019-11-11,KCB,KCB Group Plc,33.75,55.5,49.5,50,49.75,49.9,-0.15,0.30%,"1,234,000",-
2019-11-12,KCB,KCB Group Plc,33.75,55.5,48.75,49.9,49.3,49.75,-0.45,0.90%,"2,898,800",-
2019-11-13,KCB,KCB Group Plc,33.75,55.5,49,50,49.55,49.3,0.25,0.51%,"2,408,400",-
2019-11-14,KCB,KCB Group Plc,33.75,55.5,49.3,50,49.9,49.55,0.35,0.71%,"1,033,600",-
2019-11-15,KCB,KCB Group Plc,33.75,55.5,50,50.75,50.25,49.9,0.35,0.70%,"806,900",-
2019-11-18,KCB,KCB Group Plc,33.75,55.5,50,50.5,50.25,50.25,-,-,"585,300",-
2019-11-19,KCB,KCB Group Plc,33.75,55.5,50,50.5,50.25,50.25,-,-,"733,000",-
2019-11-20,KCB,KCB Group Plc,33.75,55.5,49.55,50.75,50,50.25,-0.25,0.50%,"1,492,600",-
2019-11-21,KCB,KCB Group Plc,33.75,55.5,48.5,49.95,49.2,50,-0.8,1.60%,"129,100",-
2019-11-22,KCB,KCB Group Plc,33.75,55.5,48.5,49.2,49.05,49.2,-0.15,0.30%,"1,885,600",-
2019-11-25,KCB,KCB Group Plc,33.75,55.5,48.5,48.85,48.6,49.05,-0.45,0.92%,"99,000",-
2019-11-26,KCB,KCB Group Plc,33.75,55.5,47.4,48.5,47.8,48.6,-0.8,1.65%,"3,646,200",-
2019-11-27,KCB,KCB Group Plc,33.75,55.5,47.8,49,48.8,47.8,1,2.09%,"596,900",-
2019-11-28,KCB,KCB Group Plc,33.75,55.5,48.5,50.5,50,48.8,1.2,2.46%,"1,095,800",-
2019-11-29,KCB,KCB Group Plc,33.75,55.5,49.5,50.25,50,50,-,-,"352,300",-
2019-12-02,KCB,KCB Group Plc,33.75,55.5,49.5,50.75,50,50,-,-,"358,300",-
2019-12-03,KCB,KCB Group Plc,33.75,55.5,49.9,51.5,51,50,1,2.00%,"2,578,200",-
2019-12-04,KCB,KCB Group Plc,33.75,55.5,50.5,51.5,51.5,51,0.5,0.98%,"1,178,900",-
2019-12-05,KCB,KCB Group Plc,33.75,55.5,51,51.5,51.5,51.5,-,-,"2,272,200",-
2019-12-06,KCB,KCB Group Plc,33.75,55.5,50,51.5,51.5,51.5,-,-,"738,200",-
2019-12-09,KCB,KCB Group Plc,33.75,55.5,50.25,51,50.75,51.5,-0.75,1.46%,"1,381,300",-
2019-12-10,KCB,KCB Group Plc,33.75,55.5,50.25,51,50.75,50.75,-,-,"1,381,300",-
2019-12-11,KCB,KCB Group Plc,33.75,55.5,50.25,52.5,51.75,50.75,1,1.97%,"2,254,500",-
2019-12-13,KCB,KCB Group Plc,33.75,55.5,50.5,52.5,52.25,51.75,0.5,0.97%,"807,400",-
2019-12-16,KCB,KCB Group Plc,33.75,55.5,52,52.25,52,52.25,-0.25,0.48%,"231,900",-
2019-12-17,KCB,KCB Group Plc,33.75,55.5,51.5,53,52.5,52,0.5,0.96%,"3,701,100",-
2019-12-18,KCB,KCB Group Plc,33.75,55.5,52.25,53,52.5,52.5,-,-,"1,694,600",-
2019-12-19,KCB,KCB Group Plc,33.75,55.5,52.5,53.25,53,52.5,0.5,0.95%,"1,467,900",-
2019-12-20,KCB,KCB Group Plc,33.75,55.5,53,53.75,53.25,53,0.25,0.47%,"909,300",-
2019-12-23,KCB,KCB Group Plc,33.75,55.5,53,53.5,53.5,53.25,0.25,0.47%,"2,713,300",-
2019-12-24,KCB,KCB Group Plc,33.75,55.5,52.75,53.5,53.25,53.5,-0.25,0.47%,"751,300",-
2019-12-27,KCB,KCB Group Plc,33.75,55.5,53,53.5,53.25,53.25,-,-,"1,520,400",-
2019-12-30,KCB,KCB Group Plc,33.75,55.5,53.25,53.5,53.25,53.25,-,-,"979,000",-
2019-12-31,KCB,KCB Group Plc,33.75,55.5,53.25,54,54,53.25,0.75,1.41%,"935,400",-
2020-01-02,KCB,KCB Group Plc,33.75,55.5,54,55,54.25,54,0.25,0.46%,"225,000",-
2020-01-03,KCB,KCB Group Plc,33.75,55.5,54,55.5,55,54.25,0.75,1.38%,"392,900",-
2020-01-06,KCB,KCB Group Plc,33.75,55.5,53.5,54.5,53.75,55,-1.25,2.27%,"152,700",-
2020-01-07,KCB,KCB Group Plc,33.75,55.5,52.5,53.75,52.75,53.75,-1,1.86%,"649,000",-
2020-01-08,KCB,KCB Group Plc,33.75,55.5,52.75,54,53.25,52.75,0.5,0.95%,"925,200",-
2020-01-09,KCB,KCB Group Plc,33.75,55.5,53.25,55,54.75,53.25,1.5,2.82%,"1,774,700",-
2020-01-10,KCB,KCB Group Plc,33.75,55.5,54,55.5,55,54.75,0.25,0.46%,"3,199,400",-
2020-01-13,KCB,KCB Group Plc,33.75,55.5,54.5,55.5,54.75,55,-0.25,0.45%,"2,383,300",-
2020-01-14,KCB,KCB Group Plc,33.75,55.5,53.25,54.75,53.75,54.75,-1,1.83%,"6,659,300",-
2020-01-15,KCB,KCB Group Plc,33.75,55.5,50.75,53.5,51.5,53.75,-2.25,4.19%,"2,649,800",-
2020-01-16,KCB,KCB Group Plc,33.75,55.5,51,52.75,51.75,51.5,0.25,0.49%,"2,396,000",-
2020-01-17,KCB,KCB Group Plc,33.75,55.5,51.5,53.5,51.75,51.75,-,-,"2,810,500",-
2020-01-20,KCB,KCB Group Plc,33.75,55.5,51.5,53,52,51.75,0.25,0.48%,"1,963,500",-
2020-01-21,KCB,KCB Group Plc,33.75,55.5,51.5,53,51.75,52,-0.25,0.48%,"945,000",-
2020-01-22,KCB,KCB Group Plc,33.75,55.5,51.5,53,51.5,51.75,-0.25,0.48%,"3,229,900",-
2020-01-23,KCB,KCB Group Plc,33.75,55.5,51,51.75,51.5,51.5,-,-,"67,000",-
2020-01-24,KCB,KCB Group Plc,33.75,55.5,51.5,52,51.75,51.5,0.25,0.49%,"1,158,500",-
2020-01-27,KCB,KCB Group Plc,33.75,55.5,51.75,52.25,52,51.75,0.25,0.48%,"1,694,100",-
2020-01-28,KCB,KCB Group Plc,33.75,55.5,51.75,52.75,52,52,-,-,"362,500",-
2020-01-29,KCB,KCB Group Plc,33.75,55.5,52,52.5,52.25,52,0.25,0.48%,"1,471,100",-
2020-01-30,KCB,KCB Group Plc,33.75,55.5,52,52.5,52,52.25,-0.25,0.48%,"1,162,300",-
2020-01-31,KCB,KCB Group Plc,33.75,55.5,51.75,52.25,52.25,52,0.25,0.48%,"1,534,400",-
2020-02-03,KCB,KCB Group Plc,33.75,55.5,51.75,52.25,52,52.25,-0.25,0.48%,"259,800",-
2020-02-04,KCB,KCB Group Plc,33.75,55.5,51,52.5,51.5,52,-0.5,0.96%,"2,530,600",-
2020-02-05,KCB,KCB Group Plc,33.75,55.5,51.5,53,52.25,51.5,0.75,1.46%,"1,292,000",-
2020-02-06,KCB,KCB Group Plc,33.75,55.5,52,53,52.25,52.25,-,-,"4,403,300",-
2020-02-07,KCB,KCB Group Plc,33.75,55.5,50.5,53,51.25,52.25,-1,1.91%,"2,956,300",-
2020-02-10,KCB,KCB Group Plc,33.75,55.5,51,51.75,51,51.25,-0.25,0.49%,"648,400",-
2020-02-12,KCB,KCB Group Plc,33.75,55.5,50.75,52,51,51,-,-,"3,883,400",-
2020-02-13,KCB,KCB Group Plc,33.75,55.5,50.25,51,50.5,51,-0.5,0.98%,"3,508,700",-
2020-02-14,KCB,KCB Group Plc,33.75,55.5,50,51,50.5,50.5,-,-,"2,556,500",-
2020-02-17,KCB,KCB Group Plc,33.75,55.5,50.25,50.5,50.25,50.5,-0.25,0.50%,"68,100",-
2020-02-18,KCB,KCB Group Plc,33.75,55.5,50.25,51,50.5,50.25,0.25,0.50%,"915,800",-
2020-02-19,KCB,KCB Group Plc,33.75,55.5,50.5,51,50.75,50.5,0.25,0.50%,"623,000",-
2020-02-20,KCB,KCB Group Plc,33.75,55.5,50,51,50.5,50.75,-0.25,0.49%,"6,657,200",-
2020-02-21,KCB,KCB Group Plc,33.75,55.5,50,50.5,50,50.5,-0.5,0.99%,"559,600",-
2020-02-24,KCB,KCB Group Plc,33.75,55.5,48.5,50.75,49.75,50,-0.25,0.50%,"1,636,800",-
2020-02-25,KCB,KCB Group Plc,33.75,55.5,48,49.5,49,49.75,-0.75,1.51%,"3,025,300",-
2020-02-26,KCB,KCB Group Plc,33.75,55.5,48,49,48.55,49,-0.45,0.92%,"278,900",-
2020-02-27,KCB,KCB Group Plc,33.75,55.5,46,48.25,46.65,48.55,-1.9,3.91%,"3,107,500",-
2020-02-28,KCB,KCB Group Plc,33.75,55.5,43.5,46,44.95,46.65,-1.7,3.64%,"4,621,800",-
2020-03-02,KCB,KCB Group Plc,33.75,55.5,45.8,48,46.65,44.95,1.7,3.78%,"2,253,700",-
2020-03-03,KCB,KCB Group Plc,33.75,55.5,46.3,49,47.7,46.65,1.05,2.25%,"1,704,700",-
2020-03-04,KCB,KCB Group Plc,33.75,55.5,48.5,50,49.5,47.7,1.8,3.77%,"737,200",-
2020-03-05,KCB,KCB Group Plc,33.75,55.5,49.5,51.5,50.5,49.5,1,2.02%,"5,323,100",-
2020-03-06,KCB,KCB Group Plc,33.75,55.5,50,51,50.25,50.5,-0.25,0.50%,"3,548,100",-
2020-03-09,KCB,KCB Group Plc,33.75,55.5,46.45,50,46.7,50.25,-3.55,7.06%,"4,596,500",-
2020-03-10,KCB,KCB Group Plc,33.75,55.5,47,49,47.8,46.7,1.1,2.36%,"442,600",-
2020-03-11,KCB,KCB Group Plc,33.75,55.5,48,49,48.65,47.8,0.85,1.78%,"183,400",-
2020-03-12,KCB,KCB Group Plc,33.75,55.5,45.5,49,45.85,48.65,-2.8,5.76%,"7,087,200",-
2020-03-13,KCB,KCB Group Plc,33.75,55.5,41.3,48.75,42.65,45.85,-3.2,6.98%,"6,953,900",-
2020-03-16,KCB,KCB Group Plc,33.75,55.5,39.95,42,40.25,42.65,-2.4,5.63%,"6,452,400",-
2020-03-17,KCB,KCB Group Plc,33.75,55.5,40,42.5,41.7,40.25,1.45,3.60%,"431,100",-
2020-03-18,KCB,KCB Group Plc,33.75,55.5,41,42,41.55,41.7,-0.15,0.36%,"3,514,200",-
2020-03-19,KCB,KCB Group Plc,33.75,55.5,40.45,41.5,40.6,41.55,-0.95,2.29%,"1,850,100",-
2020-03-20,KCB,KCB Group Plc,33.75,55.5,40.25,42,40.55,40.6,-0.05,0.12%,"1,190,300",-
2020-03-23,KCB,KCB Group Plc,33.75,55.5,36.5,41.2,37.45,40.55,-3.1,7.64%,"520,600",-
2020-03-24,KCB,KCB Group Plc,33.75,55.5,33.75,39.5,33.9,37.45,-3.55,9.48%,"5,302,000",-
2020-03-25,KCB,KCB Group Plc,33.75,55.5,34,36,35.05,33.9,1.15,3.39%,"3,890,600",-
2020-03-26,KCB,KCB Group Plc,33.75,55.5,34.95,36.5,35.05,35.05,-,-,"7,304,400",-
2020-03-27,KCB,KCB Group Plc,33.75,55.5,34.85,36.1,35,35.05,-0.05,0.14%,"1,958,600",-
2020-03-30,KCB,KCB Group Plc,33.75,55.5,34.95,37.5,35,35,-,-,"3,028,800",-
2020-03-31,KCB,KCB Group Plc,33.75,55.5,34.85,36.5,35,35,-,-,"7,041,300",-
2020-04-01,KCB,KCB Group Plc,33.75,55.5,34.75,35,34.9,35,-0.1,0.29%,"2,395,300",-
2020-04-02,KCB,KCB Group Plc,33.75,55.5,34,35,34.25,34.9,-0.65,1.86%,"1,357,900",-
2020-04-03,KCB,KCB Group Plc,33.75,55.5,34.3,35,34.6,34.25,0.35,1.02%,"369,700",-
2020-04-06,KCB,KCB Group Plc,33.75,55.5,34.75,36.2,34.8,34.6,0.2,0.58%,"2,360,300",-
2020-04-07,KCB,KCB Group Plc,33.75,55.5,34.4,35,34.5,34.8,-0.3,0.86%,"2,759,500",-
2020-04-08,KCB,KCB Group Plc,33.75,55.5,34.45,35,34.5,34.5,-,-,"1,056,800",-
2020-04-09,KCB,KCB Group Plc,33.75,55.5,34.5,35,34.5,34.5,-,-,"8,383,300",-
2020-04-14,KCB,KCB Group Plc,33.75,55.5,35,36.5,35.1,34.5,0.6,1.74%,"1,279,300",-
2020-04-15,KCB,KCB Group Plc,33.75,55.5,34.9,36,35,35.1,-0.1,0.28%,"1,919,500",-
2020-04-16,KCB,KCB Group Plc,33.75,55.5,34.6,36,35.05,35,0.05,0.14%,"2,405,600",-
2020-04-17,KCB,KCB Group Plc,33.75,55.5,34.5,35,34.6,35.05,-0.45,1.28%,"9,479,700",-
2020-04-20,KCB,KCB Group Plc,33.75,55.5,35.05,37.5,35.95,34.6,1.35,3.90%,"777,800",-
2020-04-21,KCB,KCB Group Plc,33.75,55.5,35.85,38.95,37,35.95,1.05,2.92%,"2,834,300",-
2020-04-22,KCB,KCB Group Plc,33.75,55.5,36.5,37,36.75,37,-0.25,0.68%,"907,400",-
2020-04-23,KCB,KCB Group Plc,33.75,55.5,36.55,37,36.65,36.75,-0.1,0.27%,"1,014,500",-
2020-04-24,KCB,KCB Group Plc,33.75,55.5,36.5,37,36.6,36.65,-0.05,0.14%,"8,481,200",-
2020-04-27,KCB,KCB Group Plc,33.75,55.5,36.65,37.5,36.95,36.6,0.35,0.96%,"2,374,500",-
2020-04-28,KCB,KCB Group Plc,33.75,55.5,35.4,36,35.8,36.95,-1.15,3.11%,"1,259,300",-
2020-04-29,KCB,KCB Group Plc,33.75,55.5,35.85,36.5,36.3,35.8,0.5,1.40%,"290,700",-
2020-04-30,KCB,KCB Group Plc,33.75,55.5,36.1,37.5,37,36.3,0.7,1.93%,"1,464,300",-
2020-05-04,KCB,KCB Group Plc,33.75,55.5,37.8,39,38.4,37,1.4,3.78%,"2,704,100",-
2020-05-05,KCB,KCB Group Plc,33.75,55.5,38,39.5,38.75,38.4,0.35,0.91%,"1,866,200",-
2020-05-06,KCB,KCB Group Plc,33.75,55.5,40,42.5,41.95,38.75,3.2,8.26%,"4,721,000",-
2020-05-07,KCB,KCB Group Plc,33.75,55.5,39,42,39.25,41.95,-2.7,6.44%,"2,380,200",-
2020-05-08,KCB,KCB Group Plc,33.75,55.5,39,40.8,39.05,39.25,-0.2,0.51%,"1,130,400",-
2020-05-11,KCB,KCB Group Plc,33.75,55.5,38.5,39.5,39.05,39.05,-,-,"260,000",-
2020-05-12,KCB,KCB Group Plc,33.75,55.5,38.75,39.95,38.95,39.05,-0.1,0.26%,"6,169,500",-
2020-05-13,KCB,KCB Group Plc,33.75,55.5,37.8,38.95,38,38.95,-0.95,2.44%,"1,324,900",-
2020-05-14,KCB,KCB Group Plc,33.75,55.5,35.5,38,35.9,38,-2.1,5.53%,"1,009,400",-
2020-05-15,KCB,KCB Group Plc,33.75,55.5,35.45,37.5,35.65,35.9,-0.25,0.70%,"4,217,400",-
2020-05-18,KCB,KCB Group Plc,33.75,55.5,35.65,38.5,36.05,35.65,0.4,1.12%,"359,200",-
2020-05-19,KCB,KCB Group Plc,33.75,55.5,37,38.4,37.6,36.05,1.55,4.30%,"2,338,600",-
2020-05-20,KCB,KCB Group Plc,33.75,55.5,36.9,37.5,37.05,37.6,-0.55,1.46%,"99,500",-
2020-05-21,KCB,KCB Group Plc,33.75,55.5,35.8,37,36,37.05,-1.05,2.83%,"3,004,700",-
2020-05-22,KCB,KCB Group Plc,33.75,55.5,36,37,36.3,36,0.3,0.83%,"8,639,400",-
2020-05-26,KCB,KCB Group Plc,33.75,55.5,34,36.4,35.75,36.3,-0.55,1.52%,"4,317,100",-
2020-05-27,KCB,KCB Group Plc,33.75,55.5,35.4,37,35.65,35.75,-0.1,0.28%,"4,114,100",-
2020-05-28,KCB,KCB Group Plc,33.75,55.5,36,37,36.2,35.65,0.55,1.54%,"715,200",-
2020-05-29,KCB,KCB Group Plc,33.75,55.5,35,36.75,35.45,36.2,-0.75,2.07%,"3,968,000",-
2020-06-02,KCB,KCB Group Plc,33.75,55.5,35.2,35.5,35.35,35.45,-0.1,0.28%,"1,611,100",-
2020-06-03,KCB,KCB Group Plc,33.75,55.5,34.5,35.5,34.95,35.35,-0.4,1.13%,"1,065,100",-
2020-06-04,KCB,KCB Group Plc,33.75,55.5,34.75,36,34.9,34.95,-0.05,0.14%,"1,303,100",-
2020-06-05,KCB,KCB Group Plc,33.75,55.5,34.75,35.5,34.9,34.9,-,-,"4,252,500",-
2020-06-08,KCB,KCB Group Plc,33.75,55.5,35,37.25,35.2,34.9,0.3,0.86%,"2,311,000",-
2020-06-09,KCB,KCB Group Plc,33.75,55.5,35,36,35.15,35.2,-0.05,0.14%,"1,585,900",-
2020-06-10,KCB,KCB Group Plc,33.75,55.5,34.9,35.5,35,35.15,-0.15,0.43%,"2,396,500",-
2020-06-11,KCB,KCB Group Plc,33.75,55.5,34.9,35.5,35,35,-,-,"2,580,500",-
2020-06-12,KCB,KCB Group Plc,33.75,55.5,35,36,35,35,-,-,"3,200,200",-
2020-06-15,KCB,KCB Group Plc,33.75,55.5,35.1,36,35.5,35,0.5,1.43%,"1,503,900",-
2020-06-16,KCB,KCB Group Plc,33.75,55.5,35.25,36.05,35.95,35.5,0.45,1.27%,"540,600",-
2020-06-17,KCB,KCB Group Plc,33.75,55.5,35.95,36.5,36,35.95,0.05,0.14%,"761,600",-
2020-06-18,KCB,KCB Group Plc,33.75,55.5,36,36.5,36.05,36,0.05,0.14%,"1,037,700",-
2020-06-19,KCB,KCB Group Plc,33.75,55.5,36,36.5,36.15,36.05,0.1,0.28%,"3,036,400",-
2020-06-22,KCB,KCB Group Plc,33.75,55.5,36,36.5,36.1,36.15,-0.05,0.14%,"423,600",-
2020-06-23,KCB,KCB Group Plc,33.75,55.5,36.2,37,36.5,36.1,0.4,1.11%,"1,013,400",-
2020-06-24,KCB,KCB Group Plc,33.75,55.5,36.2,37.5,36.7,36.5,0.2,0.55%,"2,437,300",-
2020-06-25,KCB,KCB Group Plc,33.75,55.5,36.5,37,36.8,36.7,0.1,0.27%,"803,800",-
2020-06-26,KCB,KCB Group Plc,33.75,55.5,36,37.25,36.4,36.8,-0.4,1.09%,"464,600",-
2020-06-29,KCB,KCB Group Plc,33.75,55.5,36,36.8,36.4,36.4,-,-,"844,800",-
2020-06-30,KCB,KCB Group Plc,33.75,55.5,35.95,36.8,36.35,36.4,-0.05,0.14%,"1,258,400",-
2020-07-01,KCB,KCB Group Plc,30,54.75,35.75,36.4,35.95,36.35,-0.4,1.10%,397900,-
2020-07-02,KCB,KCB Group Plc,30,55.5,34.8,36,35,35.95,-0.95,2.64%,1472600,-
2020-07-03,KCB,KCB Group Plc,30,55.5,34.9,35.9,35.05,35,0.05,0.14%,864100,-
2020-07-06,KCB,KCB Group Plc,30,55.5,34.4,35.6,34.65,35.05,-0.4,1.14%,1670100,-
2020-07-07,KCB,KCB Group Plc,30,55.5,34.4,35.5,34.6,34.65,-0.05,0.14%,862700,-
2020-07-08,KCB,KCB Group Plc,30,55.5,33.85,35.5,34.2,34.6,-0.4,1.16%,3063300,-
2020-07-09,KCB,KCB Group Plc,30,54.75,33.75,34.2,34,34.2,-0.2,0.58%,1936500,-
2020-07-10,KCB,KCB Group Plc,30,53,33.95,35,34.05,34,0.05,0.15%,877800,-
2020-07-13,KCB,KCB Group Plc,30,53.5,34,35,34.05,34.05,-,-,3156200,-
2020-07-14,KCB,KCB Group Plc,30,53,34.4,35.5,34.75,34.05,0.7,2.06%,199300,-
2020-07-15,KCB,KCB Group Plc,30,53,35.1,35.5,35.4,34.75,0.65,1.87%,66300,-
2020-07-16,KCB,KCB Group Plc,30,53,34.5,35.6,35.1,35.4,-0.3,0.85%,2085500,-
2020-07-17,KCB,KCB Group Plc,30,53,34.95,35.3,35.25,35.1,0.15,0.43%,3425200,-
2020-07-20,KCB,KCB Group Plc,30,53,34.95,35.5,35.05,35.25,-0.2,0.57%,54800,-
2020-07-21,KCB,KCB Group Plc,30,53,34.2,35.25,34.8,35.05,-0.25,0.71%,1197000,-
2020-07-22,KCB,KCB Group Plc,30,53,34.1,35,34.25,34.8,-0.55,1.58%,3591200,-
2020-07-23,KCB,KCB Group Plc,30,53,34.1,34.5,34.3,34.25,0.05,0.15%,2478600,-
2020-07-24,KCB,KCB Group Plc,30,55.5,34.25,35,34.35,34.3,0.05,0.15%,1996700,-
2020-07-27,KCB,KCB Group Plc,30,55.5,34.35,35,34.85,34.35,0.5,1.46%,914200,-
2020-07-28,KCB,KCB Group Plc,30,55.5,34.6,35,34.9,34.85,0.05,0.14%,1909200,-
2020-07-29,KCB,KCB Group Plc,30,55.5,34.6,35,34.95,34.9,0.05,0.14%,213700,-
2020-07-30,KCB,KCB Group Plc,30,53.5,34.3,35,34.4,34.95,-0.55,1.57%,287800,-
2020-08-03,KCB,KCB Group Plc,30,53.5,34.2,35,34.3,34.4,-0.1,0.29%,852800,-
2020-08-04,KCB,KCB Group Plc,30,55.5,33.95,34.5,34.05,34.3,-0.25,0.73%,206800,-
2020-08-05,KCB,KCB Group Plc,30,53.5,33.7,34.25,33.8,34.05,-0.25,0.73%,324600,-
2020-08-06,KCB,KCB Group Plc,30,55.5,33.25,33.75,33.4,33.8,-0.4,1.18%,536700,-
2020-08-07,KCB,KCB Group Plc,30,53,32.85,33.25,32.95,33.4,-0.45,1.35%,2047900,-
2020-08-10,KCB,KCB Group Plc,30,53,32.5,33,32.95,32.95,-,-,235400,-
2020-08-11,KCB,KCB Group Plc,30,53.5,32.55,33,32.7,32.95,-0.25,0.76%,718300,-
2020-08-12,KCB,KCB Group Plc,30,53,32.25,33,32.55,32.7,-0.15,0.46%,157500,-
2020-08-13,KCB,KCB Group Plc,30,53,30,32.85,30.55,32.55,-2,6.14%,1944600,-
2020-08-14,KCB,KCB Group Plc,30,53,30.3,30.95,30.55,30.55,-,-,2324600,-
2020-08-17,KCB,KCB Group Plc,30,53,30.9,31.5,31,30.55,0.45,1.47%,3312500,-
2020-08-18,KCB,KCB Group Plc,30,53,31.2,31.5,31.3,31,0.3,0.97%,2978100,-
2020-08-19,KCB,KCB Group Plc,30,53,31.45,32.55,31.8,31.3,0.5,1.60%,6943600,-
2020-08-20,KCB,KCB Group Plc,30,53,32.05,34,33.5,31.8,1.7,5.35%,2173900,-
2020-08-21,KCB,KCB Group Plc,30,55.5,33.5,34,33.65,33.5,0.15,0.45%,1407400,-
2020-08-24,KCB,KCB Group Plc,30,53,34,34.95,34.45,33.65,0.8,2.38%,384200,-
2020-08-25,KCB,KCB Group Plc,30,53,34.45,35,34.6,34.45,0.15,0.44%,1483000,-
2020-08-26,KCB,KCB Group Plc,30,53,34.7,35.5,35.05,34.6,0.45,1.30%,724100,-
2020-08-27,KCB,KCB Group Plc,30,53,35.65,36.25,36.05,35.05,1,2.85%,476900,-
2020-08-28,KCB,KCB Group Plc,30,55.5,36.05,36.9,36.4,36.05,0.35,0.97%,2297700,-
2020-08-31,KCB,KCB Group Plc,30,55.5,36.1,37.5,37,36.4,0.6,1.65%,2045100,-
2020-09-01,KCB,KCB Group Plc,30,55.5,37,38.5,37.95,37,0.95,2.57%,774300,-
2020-09-02,KCB,KCB Group Plc,30,55.5,38.4,38.95,38.55,37.95,0.6,1.58%,890400,-
2020-09-03,KCB,KCB Group Plc,30,55.5,37.35,38.85,38.15,38.55,-0.4,1.04%,1197400,-
2020-09-04,KCB,KCB Group Plc,30,53,35.5,37.5,36.75,38.15,-1.4,3.67%,213300,-
2020-09-07,KCB,KCB Group Plc,30,55.5,36,37,36,36.75,-0.75,2.04%,1816300,-
2020-09-08,KCB,KCB Group Plc,30,55.5,36,36.9,36.05,36,0.05,0.14%,157000,-
2020-09-09,KCB,KCB Group Plc,30,55.5,36,37,36.05,36.05,-,-,506700,-
2020-09-10,KCB,KCB Group Plc,30,55.5,36.1,37.45,36.75,36.05,0.7,1.94%,668200,-
2020-09-11,KCB,KCB Group Plc,30,53,37,38,37.9,36.75,1.15,3.13%,499900,-
2020-09-14,KCB,KCB Group Plc,30,53,37.05,38,38,37.9,0.1,0.26%,423300,-
2020-09-15,KCB,KCB Group Plc,30,53,37.95,38.25,38,38,-,-,902100,-
2020-09-16,KCB,KCB Group Plc,30,53,37.85,38.4,37.95,38,-0.05,0.13%,526400,-
2020-09-17,KCB,KCB Group Plc,30,53,37.5,38,37.55,37.95,-0.4,1.05%,575800,-
2020-09-18,KCB,KCB Group Plc,30,53,37,38,37.9,37.55,0.35,0.93%,52300,-
2020-09-21,KCB,KCB Group Plc,30,53,37.5,38.1,38,37.9,0.1,0.26%,1566400,-
2020-09-22,KCB,KCB Group Plc,30,53,37.9,38.1,38,38,-,-,1451500,-
2020-09-23,KCB,KCB Group Plc,30,53,38,38.4,38,38,-,-,2065500,-
2020-09-24,KCB,KCB Group Plc,30,53,38,39,38.15,38,0.15,0.39%,1075900,-
2020-09-25,KCB,KCB Group Plc,30,55.5,38.3,39.2,38.9,38.15,0.75,1.97%,1468600,-
2020-09-28,KCB,KCB Group Plc,30,55.5,38.6,39.25,39.05,38.9,0.15,0.39%,778600,-
2020-09-29,KCB,KCB Group Plc,30,55.5,39.05,39.4,39.1,39.05,0.05,0.13%,379600,-
2020-09-30,KCB,KCB Group Plc,30,55.5,39.05,39.4,39.1,39.1,-,-,103700,-
2020-10-01,KCB,KCB Group Plc,30,55.5,39,39.4,39.1,39.1,-,-,875600,-
2020-10-02,KCB,KCB Group Plc,30,55.5,38,39.4,38.5,39.1,-0.6,1.53%,244700,-
2020-10-05,KCB,KCB Group Plc,30,55.5,37.9,38.95,38.05,38.5,-0.45,1.17%,156000,-
2020-10-06,KCB,KCB Group Plc,30,55.5,37.9,38.05,38,38.05,-0.05,0.13%,138000,-
2020-10-07,KCB,KCB Group Plc,30,55.5,37.8,38.1,37.95,38,-0.05,0.13%,78700,-
2020-10-08,KCB,KCB Group Plc,30,55.5,37.8,38,38,37.95,0.05,0.13%,458000,-
2020-10-09,KCB,KCB Group Plc,30,53.5,37.5,38.5,38.1,38,0.1,0.26%,73400,-
2020-10-12,KCB,KCB Group Plc,30,53.5,37.8,38.1,38,38.1,-0.1,0.26%,28400,-
2020-10-13,KCB,KCB Group Plc,30,53.5,37.7,38,38,38,-,-,543500,-
2020-10-14,KCB,KCB Group Plc,30,53.5,37.05,38,37.55,38,-0.45,1.18%,4264100,-
2020-10-15,KCB,KCB Group Plc,30,53.5,37,37.9,37.5,37.55,-0.05,0.13%,1589500,-
2020-10-16,KCB,KCB Group Plc,30,53,37,37.9,37.2,37.5,-0.3,0.80%,125700,-
2020-10-19,KCB,KCB Group Plc,30,53,37,37.5,37,37.2,-0.2,0.54%,138300,-
2020-10-21,KCB,KCB Group Plc,30,53,37,37.5,37.1,37,0.1,0.27%,59200,-
2020-10-22,KCB,KCB Group Plc,30,53,37,37.45,37.25,37.1,0.15,0.40%,4334800,-
2020-10-23,KCB,KCB Group Plc,30,55.5,36.5,37.25,37.05,37.25,-0.2,0.54%,2374000,-
2020-10-26,KCB,KCB Group Plc,30,53,36.2,37,36.9,37.05,-0.15,0.40%,4465500,-
2020-10-27,KCB,KCB Group Plc,30,53,36.5,37,36.6,36.9,-0.3,0.81%,48000,-
2020-10-28,KCB,KCB Group Plc,30,55.5,36.5,36.85,36.75,36.6,0.15,0.41%,86100,-
2020-10-29,KCB,KCB Group Plc,30,55.5,36.4,37,36.55,36.75,-0.2,0.54%,934000,-
2020-10-30,KCB,KCB Group Plc,30,55.5,36,36.55,36.05,36.55,-0.5,1.37%,1539900,-
2020-11-02,KCB,KCB Group Plc,30,55.5,35.05,36.2,35.9,36.05,-0.15,0.42%,159500,-
2020-11-03,KCB,KCB Group Plc,30,55.5,35.4,36,35.6,35.9,-0.3,0.84%,134100,-
2020-11-04,KCB,KCB Group Plc,30,55.5,35.2,36.5,35.4,35.6,-0.2,0.56%,4699000,-
2020-11-05,KCB,KCB Group Plc,30,55.5,35.25,35.6,35.4,35.4,-,-,18146300,-
2020-11-06,KCB,KCB Group Plc,30,55.5,35.55,36.45,35.6,35.4,0.2,0.56%,2056100,-
2020-11-09,KCB,KCB Group Plc,30,55.5,35.6,37,36.4,35.6,0.8,2.25%,246100,-
2020-11-10,KCB,KCB Group Plc,30,55.5,36.5,37.9,37,36.4,0.6,1.65%,1169900,-
2020-11-11,KCB,KCB Group Plc,30,55.5,37.8,38.5,37.9,37,0.9,2.43%,1987700,-
2020-11-12,KCB,KCB Group Plc,30,55.5,37,38.1,37.4,37.9,-0.5,1.32%,1049700,-
2020-11-13,KCB,KCB Group Plc,30,53,37.3,38.45,37.5,37.4,0.1,0.27%,1077800,-
2020-11-16,KCB,KCB Group Plc,30,53.5,37.5,38,37.55,37.5,0.05,0.13%,405200,-
2020-11-17,KCB,KCB Group Plc,30,53,37.5,37.8,37.5,37.55,-0.05,0.13%,862700,-
2020-11-18,KCB,KCB Group Plc,30,53,36.5,37.5,36.8,37.5,-0.7,1.87%,69900,-
2020-11-19,KCB,KCB Group Plc,30,53,35.5,36.75,35.95,36.8,-0.85,2.31%,348700,-
2020-11-20,KCB,KCB Group Plc,30,53,35.55,36.5,36.2,35.95,0.25,0.70%,155000,-
2020-11-23,KCB,KCB Group Plc,30,53,36.5,37.5,36.8,36.2,0.6,1.66%,4407300,-
2020-11-24,KCB,KCB Group Plc,30,53,36.9,37.8,37.2,36.8,0.4,1.09%,129000,-
2020-11-25,KCB,KCB Group Plc,30,53,37.3,37.8,37.6,37.2,0.4,1.08%,67200,-
2020-11-26,KCB,KCB Group Plc,30,53,37.45,38,37.8,37.6,0.2,0.53%,1568900,-
2020-11-27,KCB,KCB Group Plc,30,55.5,36.7,37.7,37.15,37.8,-0.65,1.72%,3949100,-
2020-11-30,KCB,KCB Group Plc,30,55.5,36.9,38,37,37.15,-0.15,0.40%,6501900,-
2020-12-01,KCB,KCB Group Plc,30,55.5,36.9,37.5,37.2,37,0.2,0.54%,7834700,-
2020-12-02,KCB,KCB Group Plc,30,55.5,36.9,37.2,37,37.2,-0.2,0.54%,77400,-
2020-12-03,KCB,KCB Group Plc,30,55.5,36.65,37.2,37,37,-,-,3391500,-
2020-12-04,KCB,KCB Group Plc,30,55.5,36.7,37,36.7,37,-0.3,0.81%,5248900,-
2020-12-07,KCB,KCB Group Plc,30,55.5,36.7,37,36.9,36.7,0.2,0.54%,153900,-
2020-12-08,KCB,KCB Group Plc,30,55.5,36.7,37,36.8,36.9,-0.1,0.27%,1210800,-
2020-12-09,KCB,KCB Group Plc,30,55.5,36.7,37,36.95,36.8,0.15,0.41%,158200,-
2020-12-10,KCB,KCB Group Plc,30,55.5,36.85,37,37,36.95,0.05,0.14%,1192600,-
2020-12-11,KCB,KCB Group Plc,30,53,36.8,37.15,37,37,-,-,81200,-
2020-12-14,KCB,KCB Group Plc,30,54.75,36.7,37,36.95,37,-0.05,0.14%,200100,-
2020-12-15,KCB,KCB Group Plc,30,53.5,36.7,37,36.9,36.95,-0.05,0.14%,2430200,-
2020-12-16,KCB,KCB Group Plc,30,53.5,36.5,36.95,36.85,36.9,-0.05,0.14%,872000,-
2020-12-17,KCB,KCB Group Plc,30,53,36.5,36.9,36.9,36.85,0.05,0.14%,1721400,-
2020-12-18,KCB,KCB Group Plc,30,53,36.6,36.85,36.8,36.9,-0.1,0.27%,641700,-
2020-12-21,KCB,KCB Group Plc,30,53,36.65,36.85,36.75,36.8,-0.05,0.14%,647200,-
2020-12-22,KCB,KCB Group Plc,30,53,36.65,37,36.9,36.75,0.15,0.41%,1878900,-
2020-12-23,KCB,KCB Group Plc,30,53,36.7,37,36.9,36.9,-,-,84700,-
2020-12-24,KCB,KCB Group Plc,30,53,36.9,37.2,37,36.9,0.1,0.27%,4792500,-
2020-12-28,KCB,KCB Group Plc,30,53,37,38,37.55,37,0.55,1.49%,139500,-
2020-12-29,KCB,KCB Group Plc,30,53,37.5,38.3,37.85,37.55,0.3,0.80%,934600,-
2020-12-30,KCB,KCB Group Plc,30,55.5,37.8,38.5,38.1,37.85,0.25,0.66%,81200,-
2020-12-31,KCB,KCB Group Plc,30,55.5,38,38.5,38.1,38.1,-,-,118900,-
2021-01-04,KCB,KCB Group Plc,30,55.5,38.2,38.5,38.4,38.1,0.3,0.79%,"58,500",-
2021-01-05,KCB,KCB Group Plc,30,55.5,38.35,38.95,38.5,38.4,0.1,0.26%,"70,000",-
2021-01-06,KCB,KCB Group Plc,30,55.5,38,38.95,38.5,38.5,-,-,"2,287,900",-
2021-01-07,KCB,KCB Group Plc,30,55.5,37.95,38.45,38,38.5,-0.5,1.30%,"60,400",-
2021-01-11,KCB,KCB Group Plc,30,55.5,37.95,38,38,38.3,-0.3,0.78%,"53,000",-
2021-01-12,KCB,KCB Group Plc,30,55.5,37.8,38,37.95,38,-0.05,0.13%,"353,700",-
2021-01-13,KCB,KCB Group Plc,30,54.75,37.5,38,37.9,37.95,-0.05,0.13%,"395,400",-
2021-01-14,KCB,KCB Group Plc,30,53.5,36.8,37.8,37.2,37.9,-0.7,1.85%,"797,800",-
2021-01-15,KCB,KCB Group Plc,30,53,36.85,37.25,36.9,37.2,-0.3,0.81%,"793,100",-
2021-01-18,KCB,KCB Group Plc,30,53,36.45,37,36.55,36.9,-0.35,0.95%,"246,700",-
2021-01-19,KCB,KCB Group Plc,30,53,35.8,36.5,35.95,36.55,-0.6,1.64%,"1,350,800",-
2021-01-20,KCB,KCB Group Plc,30,53,35.5,36.8,35.75,35.95,-0.2,0.56%,"5,962,100",-
2021-01-21,KCB,KCB Group Plc,30,53,35.5,37,36.4,35.75,0.65,1.82%,"5,453,100",-
2021-01-22,KCB,KCB Group Plc,30,53,36,36.5,36,36.4,-0.4,1.10%,"2,299,700",-
2021-01-25,KCB,KCB Group Plc,30,53,35.8,36,35.95,36,-0.05,0.14%,"1,385,000",-
2021-01-26,KCB,KCB Group Plc,30,53,35.9,36,35.95,35.95,-,-,"116,900",-
2021-01-27,KCB,KCB Group Plc,30,53,35.85,36,35.9,35.95,-0.05,0.14%,"276,700",-
2021-01-28,KCB,KCB Group Plc,30,53,35.8,36,35.9,35.9,-,-,"193,900",-
2021-01-29,KCB,KCB Group Plc,30,53,35.75,35.95,35.85,35.9,-0.05,0.14%,"3,843,900",-
2021-02-01,KCB,KCB Group Plc,30,42.5,35.55,36.05,35.75,35.85,-0.1,0.28%,"1,209,100",-
2021-02-02,KCB,KCB Group Plc,30,42.5,35.6,36.95,35.7,35.75,-0.05,0.14%,"3,247,700",-
2021-02-03,KCB,KCB Group Plc,30,42.5,36,36.5,36.4,35.7,0.7,1.96%,"5,015,000",-
2021-02-04,KCB,KCB Group Plc,30,42.5,36.4,37,36.5,36.4,0.1,0.27%,"4,902,200",-
2021-02-05,KCB,KCB Group Plc,30,42.5,36.6,37.45,37.05,36.5,0.55,1.51%,"4,408,000",-
2021-02-08,KCB,KCB Group Plc,30,42.5,37.05,37.5,37.45,37.05,0.4,1.08%,"1,480,700",-
2021-02-09,KCB,KCB Group Plc,30,42.5,37.3,37.7,37.5,37.45,0.05,0.13%,"2,497,300",-
2021-02-10,KCB,KCB Group Plc,30,42.5,37.4,37.85,37.5,37.5,-,-,"394,700",-
2021-02-11,KCB,KCB Group Plc,30,42.5,37.5,37.9,37.75,37.5,0.25,0.67%,"45,400",-
2021-02-12,KCB,KCB Group Plc,30,42.5,37.55,38.1,38,37.75,0.25,0.66%,"2,705,400",-
2021-02-15,KCB,KCB Group Plc,30,42.5,37.95,38.5,38.05,38,0.05,0.13%,"132,300",-
2021-02-16,KCB,KCB Group Plc,30,42.5,38.15,38.95,38.6,38.05,0.55,1.45%,"2,863,300",-
2021-02-17,KCB,KCB Group Plc,30,42.5,38.55,39.2,38.85,38.6,0.25,0.65%,"3,171,100",-
2021-02-18,KCB,KCB Group Plc,30,42.5,38.8,39.2,39,38.85,0.15,0.39%,"1,136,300",-
2021-02-19,KCB,KCB Group Plc,30,42.5,39,39.75,39.5,39,0.5,1.28%,"545,600",-
2021-02-22,KCB,KCB Group Plc,30,42.5,39,39.75,39.3,39.5,-0.2,0.51%,"90,000",-
2021-02-23,KCB,KCB Group Plc,30,42.5,38.5,39,38.75,39.3,-0.55,1.40%,"1,318,500",-
2021-02-24,KCB,KCB Group Plc,30,42.5,38,38.75,38.4,38.75,-0.35,0.90%,"1,478,200",-
2021-02-25,KCB,KCB Group Plc,30,42.5,37.7,38.75,38.1,38.4,-0.3,0.78%,"2,405,400",-
2021-02-26,KCB,KCB Group Plc,30,42.5,38,39,38.75,38.1,0.65,1.71%,"564,000",-
2021-03-01,KCB,KCB Group Plc,30,42.5,38.1,39.45,38.8,38.75,0.05,0.13%,"93,500",-
2021-03-02,KCB,KCB Group Plc,30,42.5,38.25,39,38.7,38.8,-0.1,0.26%,"880,400",-
2021-03-03,KCB,KCB Group Plc,30,42.5,38.05,39.45,38.35,38.7,-0.35,0.90%,"1,127,600",-
2021-03-04,KCB,KCB Group Plc,30,42.5,37.8,38.7,37.95,38.35,-0.4,1.04%,"182,900",-
2021-03-05,KCB,KCB Group Plc,30,42.5,37.55,38.4,38.2,37.95,0.25,0.66%,"278,800",-
2021-03-08,KCB,KCB Group Plc,30,42.5,37.55,38.35,38.15,38.2,-0.05,0.13%,"2,967,600",-
2021-03-09,KCB,KCB Group Plc,30,42.5,37.5,39,38.9,38.15,0.75,1.97%,"1,756,100",-
2021-03-10,KCB,KCB Group Plc,30,42.5,38.8,39.5,39.15,38.9,0.25,0.64%,"4,448,400",-
2021-03-11,KCB,KCB Group Plc,30,42.5,38.9,39.4,39.25,39.15,0.1,0.26%,"98,000",-
2021-03-12,KCB,KCB Group Plc,30,42.5,39.35,40,39.95,39.25,0.7,1.78%,"911,100",-
2021-03-15,KCB,KCB Group Plc,30,42.5,39.55,40,39.65,39.95,-0.3,0.75%,"63,200",-
2021-03-16,KCB,KCB Group Plc,30,42.5,39.6,40.5,39.95,39.65,0.3,0.76%,"2,047,900",-
2021-03-17,KCB,KCB Group Plc,30,42.5,40,40.25,40.1,39.95,0.15,0.38%,"307,200",-
2021-03-18,KCB,KCB Group Plc,30,42.5,40.05,41.95,40.85,40.1,0.75,1.87%,"989,000",-
2021-03-19,KCB,KCB Group Plc,30,42.5,40.5,41.9,41.35,40.85,0.5,1.22%,"438,000",-
2021-03-22,KCB,KCB Group Plc,30,42.5,40.5,41.85,40.9,41.35,-0.45,1.09%,"445,500",-
2021-03-23,KCB,KCB Group Plc,30,42.5,41,41.9,41.2,40.9,0.3,0.73%,"866,100",-
2021-03-24,KCB,KCB Group Plc,30,42.5,41.05,42.5,41.85,41.2,0.65,1.58%,"2,075,800",-
2021-03-25,KCB,KCB Group Plc,30,42.5,41.7,42.5,42,41.85,0.15,0.36%,"2,575,200",-
2021-03-26,KCB,KCB Group Plc,30,42.5,41,41.75,41.1,42,-0.9,2.14%,"373,800",-
2021-03-29,KCB,KCB Group Plc,30,42.5,38,40,39.4,41.1,-1.7,4.14%,"920,300",-
2021-03-30,KCB,KCB Group Plc,30,42.5,39.8,41,40.35,39.4,0.95,2.41%,"565,900",-
2021-03-31,KCB,KCB Group Plc,30,42.5,40,41.5,41.3,40.35,0.95,2.35%,"2,002,700",-
2021-04-01,KCB,KCB Group Plc,30,42.5,40.55,41.4,41.1,41.3,-0.2,0.48%,"737,200",-
2021-04-06,KCB,KCB Group Plc,30,42.5,39.7,41,40.15,41.1,-0.95,2.31%,"115,100",-
2021-04-07,KCB,KCB Group Plc,30,42.5,39,40,39.85,40.15,-0.3,0.75%,"95,200",-
2021-04-08,KCB,KCB Group Plc,30,42.5,39,40,39.8,39.85,-0.05,0.13%,"186,200",-
2021-04-09,KCB,KCB Group Plc,30,42.5,39.85,40.5,40,39.8,0.2,0.50%,"3,175,100",-
2021-04-12,KCB,KCB Group Plc,30,42.5,40,41,40.65,40,0.65,1.63%,"690,100",-
2021-04-13,KCB,KCB Group Plc,30,42.5,40.7,41.25,40.9,40.65,0.25,0.62%,"764,500",-
2021-04-14,KCB,KCB Group Plc,30,42.5,40.5,41.5,41.35,40.9,0.45,1.10%,"1,492,900",-
2021-04-15,KCB,KCB Group Plc,30,42.5,41.5,42.4,41.85,41.35,0.5,1.21%,"467,500",-
2021-04-16,KCB,KCB Group Plc,30,42.5,41.55,42.4,42,41.85,0.15,0.36%,"1,079,700",-
2021-04-19,KCB,KCB Group Plc,30,42.5,41.4,41.95,41.5,42,-0.5,1.19%,"130,100",-
2021-04-20,KCB,KCB Group Plc,30,42.5,41.6,42.2,42.05,41.5,0.55,1.33%,"2,750,900",-
2021-04-21,KCB,KCB Group Plc,30,42.5,41.6,42.35,42.3,42.05,0.25,0.59%,"4,467,400",-
2021-04-22,KCB,KCB Group Plc,30,42.5,41.35,42,41.6,42.3,-0.7,1.65%,"672,200",-
2021-04-23,KCB,KCB Group Plc,30,42.5,41.55,42,41.6,41.6,-,-,"549,200",-
2021-04-26,KCB,KCB Group Plc,30,42.5,41.55,42,41.8,41.6,0.2,0.48%,"1,104,500",-
2021-04-27,KCB,KCB Group Plc,30,42.5,39.5,41,39.7,41.8,-2.1,5.02%,"1,053,400",-
2021-04-28,KCB,KCB Group Plc,30,42.5,39.5,41,39.95,39.7,0.25,0.63%,"204,900",-
2021-04-29,KCB,KCB Group Plc,30,42.5,40,40.45,40.2,39.95,0.25,0.63%,"94,300",-
2021-04-30,KCB,KCB Group Plc,30,42.5,40,40.95,40.25,40.2,0.05,0.12%,"77,200",-
2021-05-03,KCB,KCB Group Plc,30.00,47.00,39.95,40.40,40.05,40.25,-0.2,0.50%,55400,-
2021-05-04,KCB,KCB Group Plc,30.00,47.00,40.00,40.40,40.05,40.05,-,-,684400,-
2021-05-05,KCB,KCB Group Plc,30.00,47.00,40.00,40.55,40.40,40.05,0.35,0.87%,838100,-
2021-05-06,KCB,KCB Group Plc,30.00,47.00,40.65,42.00,41.50,40.40,1.1,2.72%,2180600,-
2021-05-07,KCB,KCB Group Plc,30.00,48.00,41.50,42.20,41.95,41.50,0.45,1.08%,3221300,-
2021-05-10,KCB,KCB Group Plc,30.90,48.60,41.55,42.80,42.40,41.95,0.45,1.07%,13934900,-
2021-05-11,KCB,KCB Group Plc,30.00,47.20,41.95,42.50,42.45,42.40,0.05,0.12%,2468500,-
2021-05-12,KCB,KCB Group Plc,30.00,48.00,41.50,42.50,41.75,42.45,-0.7,1.65%,2055400,-
2021-05-13,KCB,KCB Group Plc,31.20,50.75,41.50,42.00,41.95,41.75,0.2,0.48%,3428500,-
2021-05-17,KCB,KCB Group Plc,31.20,50.75,40.50,42.00,41.00,41.95,-0.95,2.26%,961400,-
2021-05-18,KCB,KCB Group Plc,32.05,50.75,40.00,41.30,41.05,41.00,0.05,0.12%,1439400,-
2021-05-19,KCB,KCB Group Plc,34.45,50.75,40.10,41.20,40.25,41.05,-0.8,1.95%,324000,-
2021-05-20,KCB,KCB Group Plc,32.05,50.75,40.25,40.90,40.55,40.25,0.3,0.75%,439100,-
2021-05-21,KCB,KCB Group Plc,35.05,50.75,40.60,41.50,41.00,40.55,0.45,1.11%,243600,-
2021-05-24,KCB,KCB Group Plc,35.05,50.75,40.65,42.40,41.85,41.00,0.85,2.07%,406100,-
2021-05-25,KCB,KCB Group Plc,35.05,50.75,42.00,42.45,42.25,41.85,0.4,0.96%,2357000,-
2021-05-26,KCB,KCB Group Plc,35.05,50.75,42.20,43.25,43.00,42.25,0.75,1.78%,2872500,-
2021-05-27,KCB,KCB Group Plc,35.05,50.75,41.95,43.15,42.00,43.00,-1,2.33%,8340800,-
2021-05-28,KCB,KCB Group Plc,30.00,47.00,41.90,43.00,42.40,42.00,0.4,0.95%,1774400,-
2021-05-31,KCB,KCB Group Plc,30.00,47.00,41.90,42.50,42.30,42.40,-0.1,0.24%,165000,-
2021-06-02,KCB,KCB Group Plc,30.00,47.00,40.65,43.00,42.00,42.30,-0.3,0.71%,1375700,-
2021-06-03,KCB,KCB Group Plc,30.00,47.00,41.90,42.70,42.00,42.00,-,-,1233200,-
2021-06-04,KCB,KCB Group Plc,30.00,47.00,41.80,42.95,42.25,42.00,0.25,0.60%,665200,-
2021-06-07,KCB,KCB Group Plc,30.00,47.00,42.10,43.00,42.25,42.25,-,-,332200,-
2021-06-08,KCB,KCB Group Plc,30.00,47.00,42.25,43.00,42.50,42.25,0.25,0.59%,866000,-
2021-06-09,KCB,KCB Group Plc,30.00,47.00,42.60,43.50,42.95,42.50,0.45,1.06%,473200,-
2021-06-10,KCB,KCB Group Plc,30.00,47.00,42.70,43.00,42.85,42.95,-0.1,0.23%,438400,-
2021-06-11,KCB,KCB Group Plc,31.45,50.75,42.30,43.00,42.60,42.85,-0.25,0.58%,263900,-
2021-06-14,KCB,KCB Group Plc,30.90,48.60,42.00,42.85,42.40,42.60,-0.2,0.47%,230600,-
2021-06-15,KCB,KCB Group Plc,30.90,48.60,42.00,42.60,42.40,42.40,-,-,510100,-
2021-06-16,KCB,KCB Group Plc,31.20,50.75,42.40,42.75,42.50,42.40,0.1,0.24%,394800,-
2021-06-17,KCB,KCB Group Plc,31.20,50.75,42.50,42.80,42.55,42.50,0.05,0.12%,153500,-
2021-06-18,KCB,KCB Group Plc,34.45,50.75,42.50,42.80,42.55,42.55,-,-,359600,-
2021-06-21,KCB,KCB Group Plc,34.45,50.75,42.40,43.30,43.00,42.55,0.45,1.06%,2222800,-
2021-06-22,KCB,KCB Group Plc,34.45,50.75,43.00,44.00,43.25,43.00,0.25,0.58%,3252900,-
2021-06-23,KCB,KCB Group Plc,34.00,50.75,43.35,44.25,43.35,43.25,0.1,0.23%,1385100,-
2021-06-24,KCB,KCB Group Plc,34.45,50.75,43.30,43.95,43.65,43.35,0.3,0.69%,1956600,-
2021-06-25,KCB,KCB Group Plc,30.00,47.00,43.55,44.25,43.85,43.65,0.2,0.46%,1749300,-
2021-06-28,KCB,KCB Group Plc,35.05,50.75,43.35,44.35,44.00,43.85,0.15,0.34%,175700,-
2021-06-29,KCB,KCB Group Plc,35.05,50.75,43.40,44.35,43.60,44.00,-0.4,0.91%,217400,-
2021-06-30,KCB,KCB Group Plc,35.05,50.75,42.00,43.50,42.65,43.60,-0.95,2.18%,349900,-
2021-07-01,KCB,KCB Group Plc,30.00,47.00,42.00,42.90,42.50,42.65,-0.15,0.35%,1257700,-
2021-07-02,KCB,KCB Group Plc,30.00,47.00,42.15,42.95,42.50,42.50,-,-,1917400,-
2021-07-05,KCB,KCB Group Plc,30.00,47.00,42.60,43.00,42.70,42.50,0.2,0.47%,51000,-
2021-07-06,KCB,KCB Group Plc,30.00,47.00,42.60,43.35,42.95,42.70,0.25,0.59%,90400,-
2021-07-07,KCB,KCB Group Plc,30.00,47.00,42.70,44.35,43.80,42.95,0.85,1.98%,145700,-
2021-07-08,KCB,KCB Group Plc,30.00,47.00,43.80,46.50,45.50,43.80,1.7,3.88%,1649300,-
2021-07-09,KCB,KCB Group Plc,30.90,48.60,45.10,47.00,45.50,45.50,-,-,1263400,-
2021-07-12,KCB,KCB Group Plc,30.00,48.00,42.70,46.00,44.75,45.50,-0.75,1.65%,328900,-
2021-07-13,KCB,KCB Group Plc,30.00,48.00,44.00,45.00,44.75,44.75,-,-,1518300,-
2021-07-14,KCB,KCB Group Plc,30.90,48.60,44.30,44.85,44.60,44.75,-0.15,0.34%,199400,-
2021-07-15,KCB,KCB Group Plc,30.90,48.60,44.50,45.05,44.95,44.60,0.35,0.78%,378400,-
2021-07-16,KCB,KCB Group Plc,32.05,50.75,44.70,45.00,44.85,44.95,-0.1,0.22%,52700,-
2021-07-19,KCB,KCB Group Plc,32.05,50.75,44.60,45.00,44.75,44.85,-0.1,0.22%,137600,-
2021-07-21,KCB,KCB Group Plc,32.05,50.75,44.70,45.00,44.75,44.75,-,-,1884100,-
2021-07-22,KCB,KCB Group Plc,32.05,50.75,44.70,44.85,44.75,44.75,-,-,98600,-
2021-07-23,KCB,KCB Group Plc,35.05,50.75,44.50,44.90,44.55,44.75,-0.2,0.45%,476900,-
2021-07-26,KCB,KCB Group Plc,35.05,50.75,44.75,44.95,44.80,44.55,0.25,0.56%,238700,-
2021-07-27,KCB,KCB Group Plc,35.05,50.75,44.75,45.15,45.00,44.80,0.2,0.45%,1537300,-
2021-07-28,KCB,KCB Group Plc,35.05,50.75,44.80,46.00,45.35,45.00,0.35,0.78%,464900,-
2021-07-29,KCB,KCB Group Plc,35.05,50.75,45.05,45.85,45.60,45.35,0.25,0.55%,1882400,-
2021-07-30,KCB,KCB Group Plc,30.00,47.00,45.35,46.00,45.70,45.60,0.1,0.22%,1523000,-
2021-08-02,KCB,KCB Group Plc,30.00,47.00,45.60,45.95,45.70,45.70,-,-,126300,-
2021-08-03,KCB,KCB Group Plc,30.00,47.00,45.60,46.25,45.95,45.70,0.25,0.55%,1162500,-
2021-08-04,KCB,KCB Group Plc,30.00,47.00,46.00,46.25,46.20,45.95,0.25,0.54%,156300,-
2021-08-05,KCB,KCB Group Plc,30.00,47.00,46.10,46.50,46.45,46.20,0.25,0.54%,366300,-
2021-08-06,KCB,KCB Group Plc,30.00,48.00,46.35,46.80,46.75,46.45,0.3,0.65%,1009100,-
2021-08-09,KCB,KCB Group Plc,30.00,47.00,46.40,46.80,46.60,46.75,-0.15,0.32%,1406500,-
2021-08-10,KCB,KCB Group Plc,30.00,47.00,46.20,46.65,46.45,46.60,-0.15,0.32%,123500,-
2021-08-11,KCB,KCB Group Plc,30.00,47.20,46.50,46.75,46.60,46.45,0.15,0.32%,1027000,-
2021-08-12,KCB,KCB Group Plc,30.00,48.00,46.65,47.20,46.90,46.60,0.3,0.64%,1016700,-
2021-08-13,KCB,KCB Group Plc,32.05,50.75,46.80,48.00,47.15,46.90,0.25,0.53%,915400,-
2021-08-16,KCB,KCB Group Plc,30.90,50.75,47.20,48.60,48.10,47.15,0.95,2.01%,1088700,-
2021-08-17,KCB,KCB Group Plc,31.20,50.75,48.60,50.75,49.90,48.10,1.8,3.74%,1081700,-
2021-08-18,KCB,KCB Group Plc,31.45,50.75,48.90,50.25,49.70,49.90,-0.2,0.40%,540700,-
2021-08-19,KCB,KCB Group Plc,32.05,50.75,47.10,49.50,48.15,49.70,-1.55,3.12%,501700,-
2021-08-20,KCB,KCB Group Plc,35.05,50.75,47.10,48.90,47.95,48.15,-0.2,0.42%,1749000,-
2021-08-23,KCB,KCB Group Plc,34.00,50.75,47.70,48.85,48.00,47.95,0.05,0.10%,1049400,-
2021-08-24,KCB,KCB Group Plc,34.45,50.75,48.00,48.70,48.15,48.00,0.15,0.31%,111000,-
2021-08-25,KCB,KCB Group Plc,34.70,50.75,48.10,48.50,48.25,48.15,0.1,0.21%,336900,-
2021-08-26,KCB,KCB Group Plc,35.05,50.75,48.25,48.50,48.30,48.25,0.05,0.10%,775300,-
2021-08-27,KCB,KCB Group Plc,35.05,50.75,48.25,48.80,48.55,48.30,0.25,0.52%,714400,-
2021-08-30,KCB,KCB Group Plc,35.05,50.75,48.25,49.00,48.65,48.55,0.1,0.21%,63800,-
2021-08-31,KCB,KCB Group Plc,35.05,50.75,47.95,48.65,48.50,48.65,-0.15,0.31%,2151100,-
2021-09-01,KCB,KCB Group Plc,35.50,50.75,47.65,48.35,48.00,48.50,-0.5,1.03%,1698400,-
2021-09-02,KCB,KCB Group Plc,35.50,50.75,46.65,48.00,47.15,48.00,-0.85,1.77%,418700,-
2021-09-03,KCB,KCB Group Plc,35.50,50.75,46.00,47.15,46.80,47.15,-0.35,0.74%,1129400,-
2021-09-06,KCB,KCB Group Plc,35.50,50.75,46.00,47.00,46.25,46.80,-0.55,1.18%,183500,-
2021-09-07,KCB,KCB Group Plc,35.50,50.75,46.20,46.75,46.35,46.25,0.1,0.22%,226800,-
2021-09-08,KCB,KCB Group Plc,35.50,50.75,46.20,46.50,46.30,46.35,-0.05,0.11%,1091000,-
2021-09-09,KCB,KCB Group Plc,35.50,50.75,46.00,46.80,46.30,46.30,-,-,1308700,-
2021-09-10,KCB,KCB Group Plc,35.50,50.75,46.30,47.00,46.60,46.30,0.3,0.65%,885800,-
2021-09-13,KCB,KCB Group Plc,35.50,50.75,46.40,47.00,46.80,46.60,0.2,0.43%,522800,-
2021-09-14,KCB,KCB Group Plc,35.50,50.75,46.60,47.00,46.75,46.80,-0.05,0.11%,2084500,-
2021-09-15,KCB,KCB Group Plc,35.50,50.75,46.70,47.50,46.85,46.75,0.1,0.21%,848400,-
2021-09-16,KCB,KCB Group Plc,35.50,50.75,46.80,47.50,46.95,46.85,0.1,0.21%,267700,-
2021-09-17,KCB,KCB Group Plc,35.50,50.75,47.00,49.00,48.55,46.95,1.6,3.41%,1437000,-
2021-09-20,KCB,KCB Group Plc,35.50,50.75,47.50,48.95,48.35,48.55,-0.2,0.41%,710200,-
2021-09-21,KCB,KCB Group Plc,35.50,50.75,47.55,48.50,47.95,48.35,-0.4,0.83%,361100,-
2021-09-22,KCB,KCB Group Plc,35.50,50.75,47.00,47.85,47.05,47.95,-0.9,1.88%,4419900,-
2021-09-23,KCB,KCB Group Plc,35.50,50.75,47.05,47.95,47.20,47.05,0.15,0.32%,2714500,-
2021-09-24,KCB,KCB Group Plc,35.50,50.75,46.50,47.85,47.10,47.20,-0.1,0.21%,3106900,-
2021-09-27,KCB,KCB Group Plc,35.50,50.75,46.55,47.50,47.00,47.10,-0.1,0.21%,550500,-
2021-09-28,KCB,KCB Group Plc,35.50,50.75,46.60,47.00,46.90,47.00,-0.1,0.21%,88600,-
2021-09-29,KCB,KCB Group Plc,35.50,50.75,46.55,47.00,46.70,46.90,-0.2,0.43%,206100,-
2021-09-30,KCB,KCB Group Plc,35.50,50.75,46.70,46.90,46.75,46.70,0.05,0.11%,42000,-
2021-10-01,KCB,KCB Group Plc,35.50,50.75,46.65,46.85,46.75,46.75,-,-,51000,-
2021-10-04,KCB,KCB Group Plc,35.50,50.75,45.05,46.85,46.60,46.75,-0.15,0.32%,268700,-
2021-10-05,KCB,KCB Group Plc,35.50,50.75,45.00,46.30,45.20,46.60,-1.4,3.00%,700500,-
2021-10-06,KCB,KCB Group Plc,35.50,50.75,45.20,45.95,45.50,45.20,0.3,0.66%,3901000,-
2021-10-07,KCB,KCB Group Plc,35.50,50.75,45.65,46.25,45.90,45.50,0.4,0.88%,2528200,-
2021-10-08,KCB,KCB Group Plc,35.50,50.75,45.60,46.40,46.10,45.90,0.2,0.44%,767400,-
2021-10-12,KCB,KCB Group Plc,35.50,50.75,45.25,46.00,45.80,46.10,-0.3,0.65%,1970400,-
2021-10-13,KCB,KCB Group Plc,35.50,50.75,45.30,46.00,45.40,45.80,-0.4,0.87%,135200,-
2021-10-14,KCB,KCB Group Plc,35.50,50.75,42.20,45.40,45.05,45.40,-0.35,0.77%,681500,-
2021-10-15,KCB,KCB Group Plc,35.50,50.75,43.55,46.00,45.10,45.05,0.05,0.11%,2715700,-
2021-10-18,KCB,KCB Group Plc,35.50,50.75,44.00,44.90,44.80,45.10,-0.3,0.67%,203600,-
2021-10-19,KCB,KCB Group Plc,35.50,50.75,44.00,45.00,44.60,44.80,-0.2,0.45%,584600,-
2021-10-21,KCB,KCB Group Plc,35.50,50.75,43.20,44.60,44.45,44.60,-0.15,0.34%,4013500,-
2021-10-22,KCB,KCB Group Plc,35.50,50.75,43.50,44.50,44.20,44.45,-0.25,0.56%,132700,-
2021-10-25,KCB,KCB Group Plc,35.50,50.75,43.50,44.50,44.00,44.20,-0.2,0.45%,278400,-
2021-10-26,KCB,KCB Group Plc,35.50,50.75,43.40,44.20,43.95,44.00,-0.05,0.11%,4907400,-
2021-10-27,KCB,KCB Group Plc,35.50,50.75,43.50,44.00,44.00,43.95,0.05,0.11%,2958800,-
2021-10-28,KCB,KCB Group Plc,35.50,50.75,43.60,44.20,44.00,44.00,-,-,218500,-
2021-10-29,KCB,KCB Group Plc,35.50,50.75,43.70,44.00,43.95,44.00,-0.05,0.11%,582900,-
2021-11-01,KCB,KCB Group Plc,35.50,50.75,43.75,44.00,43.95,43.95,-,-,606900,-
2021-11-02,KCB,KCB Group Plc,35.50,50.75,43.50,43.90,43.85,43.95,-0.1,0.23%,1062900,-
2021-11-03,KCB,KCB Group Plc,35.50,50.75,43.10,43.75,43.55,43.85,-0.3,0.68%,64200,-
2021-11-04,KCB,KCB Group Plc,35.50,50.75,43.30,43.75,43.50,43.55,-0.05,0.11%,260500,-
2021-11-05,KCB,KCB Group Plc,35.50,50.75,43.35,44.00,43.50,43.50,-,-,363200,-
2021-11-08,KCB,KCB Group Plc,35.50,50.75,43.50,45.00,44.00,43.50,0.5,1.15%,185300,-
2021-11-09,KCB,KCB Group Plc,35.50,50.75,43.80,46.50,44.40,44.00,0.4,0.91%,2979600,-
2021-11-10,KCB,KCB Group Plc,35.50,50.75,44.00,46.00,44.65,44.40,0.25,0.56%,600700,-
2021-11-11,KCB,KCB Group Plc,35.50,50.75,44.00,46.00,44.65,44.65,-,-,517300,-
2021-11-12,KCB,KCB Group Plc,35.50,50.75,44.10,44.95,44.50,44.65,-0.15,0.34%,406500,-
2021-11-15,KCB,KCB Group Plc,35.50,50.75,44.10,45.50,44.35,44.50,-0.15,0.34%,940200,-
2021-11-16,KCB,KCB Group Plc,35.50,50.75,44.10,44.90,44.55,44.35,0.2,0.45%,151300,-
2021-11-17,KCB,KCB Group Plc,35.50,50.75,44.50,46.00,44.55,44.55,-,-,1055100,-
2021-11-18,KCB,KCB Group Plc,35.50,50.75,45.00,46.50,45.30,44.55,0.75,1.68%,2825000,-
2021-11-19,KCB,KCB Group Plc,35.50,50.75,45.10,46.00,45.90,45.30,0.6,1.32%,1914400,-
2021-11-22,KCB,KCB Group Plc,35.50,50.75,43.00,45.50,44.95,45.90,-0.95,2.07%,779500,-
2021-11-23,KCB,KCB Group Plc,35.50,50.75,44.00,45.00,44.70,44.95,-0.25,0.56%,2794100,-
2021-11-24,KCB,KCB Group Plc,35.50,50.75,43.90,44.70,44.00,44.70,-0.7,1.57%,4151200,-
2021-11-25,KCB,KCB Group Plc,35.50,50.75,43.90,44.90,44.00,44.00,-,-,3365000,-
2021-11-26,KCB,KCB Group Plc,35.50,50.75,43.80,43.95,43.85,44.00,-0.15,0.34%,431100,-
2021-11-29,KCB,KCB Group Plc,35.50,50.75,43.00,44.00,43.55,43.85,-0.3,0.68%,97700,-
2021-11-30,KCB,KCB Group Plc,35.50,50.75,40.00,43.90,43.40,43.55,-0.15,0.34%,3054800,-
2021-12-01,KCB,KCB Group Plc,35.50,50.75,41.10,43.15,42.25,43.40,-1.15,2.65%,114400,-
2021-12-02,KCB,KCB Group Plc,35.50,50.75,39.10,42.95,41.10,42.25,-1.15,2.72%,1939600,-
2021-12-03,KCB,KCB Group Plc,35.50,50.75,40.10,42.50,41.15,41.10,0.05,0.12%,868700,-
2021-12-06,KCB,KCB Group Plc,35.50,50.75,40.50,42.45,41.10,41.15,-0.05,0.12%,668200,-
2021-12-07,KCB,KCB Group Plc,35.50,50.75,40.90,42.50,41.00,41.10,-0.1,0.24%,11025200,-
2021-12-08,KCB,KCB Group Plc,35.50,50.75,41.60,43.00,42.75,41.00,1.75,4.27%,1974700,-
2021-12-09,KCB,KCB Group Plc,35.50,50.75,42.75,43.50,43.15,42.75,0.4,0.94%,5877700,-
2021-12-10,KCB,KCB Group Plc,35.50,50.75,42.00,43.50,43.25,43.15,0.1,0.23%,8804400,-
2021-12-14,KCB,KCB Group Plc,35.50,50.75,43.00,43.85,43.20,43.25,-0.05,0.12%,252900,-
2021-12-15,KCB,KCB Group Plc,35.50,50.75,43.10,44.25,43.75,43.20,0.55,1.27%,461900,-
2021-12-16,KCB,KCB Group Plc,35.50,50.75,43.20,44.40,44.00,43.75,0.25,0.57%,7252900,-
2021-12-17,KCB,KCB Group Plc,35.50,50.75,43.80,45.00,44.10,44.00,0.1,0.23%,1253800,-
2021-12-20,KCB,KCB Group Plc,35.50,50.75,44.25,45.00,44.50,44.10,0.4,0.91%,170100,-
2021-12-21,KCB,KCB Group Plc,35.50,50.75,44.50,45.00,44.65,44.50,0.15,0.34%,127800,-
2021-12-22,KCB,KCB Group Plc,35.50,50.75,44.60,45.00,44.75,44.65,0.1,0.22%,177900,-
2021-12-23,KCB,KCB Group Plc,35.50,50.75,44.70,45.00,44.90,44.75,0.15,0.34%,73600,-
2021-12-24,KCB,KCB Group Plc,35.50,50.75,45.00,45.50,45.20,44.90,0.3,0.67%,34600,-
2021-12-28,KCB,KCB Group Plc,35.50,50.75,44.50,45.30,44.95,45.20,-0.25,0.55%,338800,-
2021-12-29,KCB,KCB Group Plc,35.50,50.75,44.75,45.20,45.00,44.95,0.05,0.11%,599500,-
2021-12-30,KCB,KCB Group Plc,35.50,50.75,45.00,45.30,45.15,45.00,0.15,0.33%,73300,-
2021-12-31,KCB,KCB Group Plc,35.50,50.75,45.05,45.50,45.45,45.15,0.3,0.66%,524300,-
2022-01-03,KCB,KCB Group Plc,37,50.75,45.25,46,45.55,45.45,0.1,0.22%,"174,500",-
2022-01-04,KCB,KCB Group Plc,37,50.75,45,45.7,45.05,45.55,-0.5,1.10%,"1,621,900",-
2022-01-05,KCB,KCB Group Plc,37,50.75,45.3,46,45.5,45.05,0.45,1.00%,"610,500",-
2022-01-06,KCB,KCB Group Plc,37,50.75,45.2,46.5,45.9,45.5,0.4,0.88%,"67,300",-
2022-01-07,KCB,KCB Group Plc,37,50.75,45.6,46.5,46,45.9,0.1,0.22%,"80,500",-
2022-01-10,KCB,KCB Group Plc,37,50.75,45.65,46.5,46.4,46,0.4,0.87%,"622,000",-
2022-01-11,KCB,KCB Group Plc,37,50.75,45.6,46.1,45.85,46.4,-0.55,1.19%,"3,549,300",-
2022-01-12,KCB,KCB Group Plc,37,50.75,45,46,45.45,45.85,-0.4,0.87%,"2,249,400",-
2022-01-13,KCB,KCB Group Plc,37,50.75,44.7,46,45.25,45.45,-0.2,0.44%,"91,900",-
2022-01-14,KCB,KCB Group Plc,37,50.75,45,45.5,45.15,45.25,-0.1,0.22%,"80,800",-
2022-01-17,KCB,KCB Group Plc,37,50.75,45,45.5,45.1,45.15,-0.05,0.11%,"214,400",-
2022-01-18,KCB,KCB Group Plc,37,50.75,44.5,45.15,44.55,45.1,-0.55,1.22%,"3,368,500",-
2022-01-19,KCB,KCB Group Plc,37,50.75,44.55,45,44.9,44.55,0.35,0.79%,"299,100",-
2022-01-20,KCB,KCB Group Plc,37,50.75,44.85,45.1,45,44.9,0.1,0.22%,"2,446,900",-
2022-01-21,KCB,KCB Group Plc,37,50.75,44.6,45.1,44.9,45,-0.1,0.22%,"70,500",-
2022-01-24,KCB,KCB Group Plc,37,50.75,44.8,45,44.95,44.9,0.05,0.11%,"50,000",-
2022-01-25,KCB,KCB Group Plc,37,50.75,44.4,45,44.55,44.95,-0.4,0.89%,"934,700",-
2022-01-26,KCB,KCB Group Plc,37,50.75,44.8,45.25,45,44.55,0.45,1.01%,"1,463,400",-
2022-01-27,KCB,KCB Group Plc,37,50.75,44.5,45,44.85,45,-0.15,0.33%,"5,567,600",-
2022-01-28,KCB,KCB Group Plc,37,50.75,44.55,45.5,44.8,44.85,-0.05,0.11%,"2,655,800",-
2022-01-31,KCB,KCB Group Plc,37,50.75,44.8,45.5,45,44.8,0.2,0.45%,"5,582,800",-
2022-02-01,KCB,KCB Group Plc,37,50.75,44.8,45.5,45,45,-,-,"8,156,400",-
2022-02-02,KCB,KCB Group Plc,37,50.75,45,46.5,46.25,45,1.25,2.78%,"1,977,200",-
2022-02-03,KCB,KCB Group Plc,37,50.75,46,47.5,47,46.25,0.75,1.62%,"3,276,400",-
2022-02-04,KCB,KCB Group Plc,37,50.75,46.6,47.35,47,47,-,-,"351,500",-
2022-02-07,KCB,KCB Group Plc,37,50.75,46.6,47,46.75,47,-0.25,0.53%,"38,300",-
2022-02-08,KCB,KCB Group Plc,37,50.75,46.25,47,46.45,46.75,-0.3,0.64%,"203,900",-
2022-02-09,KCB,KCB Group Plc,37,50.75,45.5,46.5,46,46.45,-0.45,0.97%,"1,346,600",-
2022-02-10,KCB,KCB Group Plc,37,50.75,45.6,46.25,46,46,-,-,"1,323,400",-
2022-02-11,KCB,KCB Group Plc,37,50.75,45,46,45.3,46,-0.7,1.52%,"124,300",-
2022-02-14,KCB,KCB Group Plc,37,50.75,45.6,45.8,45.65,45.3,0.35,0.77%,"90,500",-
2022-02-15,KCB,KCB Group Plc,37,50.75,45.6,46,45.95,45.65,0.3,0.66%,"214,900",-
2022-02-16,KCB,KCB Group Plc,37,50.75,45.55,46.5,45.8,45.95,-0.15,0.33%,"2,054,700",-
2022-02-17,KCB,KCB Group Plc,37,50.75,45.85,46.45,45.9,45.8,0.1,0.22%,"683,500",-
2022-02-18,KCB,KCB Group Plc,37,50.75,45.95,46.4,46,45.9,0.1,0.22%,"341,100",-
2022-02-21,KCB,KCB Group Plc,37,50.75,45.95,46.45,46,46,-,-,"214,200",-
2022-02-22,KCB,KCB Group Plc,37,50.75,45.55,46,45.95,46,-0.05,0.11%,"757,800",-
2022-02-23,KCB,KCB Group Plc,37,50.75,45.55,46,46,45.95,0.05,0.11%,"1,075,400",-
2022-02-24,KCB,KCB Group Plc,37,50.75,44.9,46,45,46,-1,2.17%,"1,151,100",-
2022-02-25,KCB,KCB Group Plc,37,50.75,44.5,45,44.95,45,-0.05,0.11%,"1,421,700",-
2022-02-28,KCB,KCB Group Plc,37,50.75,44.55,45.9,45,44.95,0.05,0.11%,"1,361,600",-
2022-03-01,KCB,KCB Group Plc,37,50.75,43.6,45,44.3,45,-0.7,1.56%,"1,001,900",-
2022-03-02,KCB,KCB Group Plc,37,50.75,43.6,45,44.45,44.3,0.15,0.34%,"249,000",-
2022-03-03,KCB,KCB Group Plc,37,50.75,44.5,45.5,45.05,44.45,0.6,1.35%,"2,205,300",-
2022-03-04,KCB,KCB Group Plc,37,50.75,45,45.95,45.35,45.05,0.3,0.67%,"1,160,500",-
2022-03-07,KCB,KCB Group Plc,37,50.75,43.85,45.9,44.9,45.35,-0.45,0.99%,"465,800",-
2022-03-08,KCB,KCB Group Plc,37,50.75,43.9,45,44.1,44.9,-0.8,1.78%,"1,813,400",-
2022-03-09,KCB,KCB Group Plc,37,50.75,44.1,44.9,44.4,44.1,0.3,0.68%,"313,300",-
2022-03-10,KCB,KCB Group Plc,37,50.75,44.3,45.5,44.7,44.4,0.3,0.68%,"3,306,000",-
2022-03-11,KCB,KCB Group Plc,37,50.75,44.5,45.5,44.7,44.7,-,-,"151,100",-
2022-03-14,KCB,KCB Group Plc,37,50.75,44.9,45.5,45.05,44.7,0.35,0.78%,"388,500",-
2022-03-15,KCB,KCB Group Plc,37,50.75,45,45.7,45,45.05,-0.05,0.11%,"1,954,000",-
2022-03-16,KCB,KCB Group Plc,37,50.75,45,46,45.05,45,0.05,0.11%,"3,638,500",-
2022-03-17,KCB,KCB Group Plc,37,50.75,44.25,45,44.6,45.05,-0.45,1.00%,"559,900",-
2022-03-18,KCB,KCB Group Plc,37,50.75,44,45.2,44.6,44.6,-,-,"1,509,700",-
2022-03-21,KCB,KCB Group Plc,37,50.75,44,45,44.35,44.6,-0.25,0.56%,"167,000",-
2022-03-22,KCB,KCB Group Plc,37,50.75,43.9,45,44,44.35,-0.35,0.79%,"9,146,800",-
2022-03-23,KCB,KCB Group Plc,37,50.75,44,44.45,44.2,44,0.2,0.45%,"945,200",-
2022-03-24,KCB,KCB Group Plc,37,50.75,43.75,44.35,44.15,44.2,-0.05,0.11%,"923,100",-
2022-03-25,KCB,KCB Group Plc,37,50.75,43,44.35,44,44.15,-0.15,0.34%,"2,396,100",-
2022-03-28,KCB,KCB Group Plc,37,50.75,44,45,44.45,44,0.45,1.02%,"673,200",-
2022-03-29,KCB,KCB Group Plc,37,50.75,43.95,44.45,44.05,44.45,-0.4,0.90%,"313,000",-
2022-03-30,KCB,KCB Group Plc,37,50.75,44,44.3,44.1,44.05,0.05,0.11%,"255,700",-
2022-03-31,KCB,KCB Group Plc,37,50.75,43.5,44.25,44.05,44.1,-0.05,0.11%,"7,249,500",-
2022-04-01,KCB,KCB Group Plc,34,50.75,43.95,44.2,44,44.05,-0.05,0.11%,"117,100",-
2022-04-04,KCB,KCB Group Plc,34,50.75,43,44.2,43.5,44,-0.5,1.14%,"250,900",-
2022-04-05,KCB,KCB Group Plc,34,50.75,43.25,43.95,43.55,43.5,0.05,0.11%,"1,112,200",-
2022-04-06,KCB,KCB Group Plc,34,50.75,43.25,44,43.3,43.55,-0.25,0.57%,"334,200",-
2022-04-07,KCB,KCB Group Plc,34,50.75,43,43.4,43.05,43.3,-0.25,0.58%,"281,400",-
2022-04-08,KCB,KCB Group Plc,34,50.75,43,43.6,43,43.05,-0.05,0.12%,"284,500",-
2022-04-11,KCB,KCB Group Plc,34,50.75,43,44,43.4,43,0.4,0.93%,"496,200",-
2022-04-12,KCB,KCB Group Plc,34,50.75,43,43.5,43.25,43.4,-0.15,0.35%,"1,638,800",-
2022-04-13,KCB,KCB Group Plc,34,50.75,43.05,43.5,43.2,43.25,-0.05,0.12%,"46,000",-
2022-04-14,KCB,KCB Group Plc,34,50.75,43.2,43.5,43.45,43.2,0.25,0.58%,"213,000",-
2022-04-19,KCB,KCB Group Plc,34,50.75,43,43.5,43.2,43.45,-0.25,0.58%,"134,900",-
2022-04-20,KCB,KCB Group Plc,34,50.75,42.5,43.3,42.9,43.2,-0.3,0.69%,"112,600",-
2022-04-21,KCB,KCB Group Plc,34,50.75,42.9,43.4,43.15,42.9,0.25,0.58%,"112,400",-
2022-04-22,KCB,KCB Group Plc,37,50.75,42.6,43.4,43,43.15,-0.15,0.35%,"121,700",-
2022-04-25,KCB,KCB Group Plc,34,50.75,42.15,43.3,42.5,43,-0.5,1.16%,"194,700",-
2022-04-26,KCB,KCB Group Plc,34,50.75,38.25,42,39.65,42.5,-2.85,6.71%,"604,700",-
2022-04-27,KCB,KCB Group Plc,37,50.75,37.8,40,38.9,39.65,-0.75,1.89%,"127,000",-
2022-04-28,KCB,KCB Group Plc,37,50.75,37,38.9,37.45,38.9,-1.45,3.73%,"224,200",-
2022-05-04,KCB,KCB Group Plc,34,50.75,37,38,37.3,37.45,-0.15,0.40%,"354,300",-
2022-05-05,KCB,KCB Group Plc,34,50.75,34,37.3,36.95,37.3,-0.35,0.94%,"143,900",-
2022-05-06,KCB,KCB Group Plc,34,50.75,35.6,37,36.25,36.95,-0.7,1.89%,"169,000",-
2022-05-09,KCB,KCB Group Plc,34,50.75,36,37,36.5,36.25,0.25,0.69%,"1,060,600",-
2022-05-10,KCB,KCB Group Plc,34,50.75,35.6,36.25,35.85,36.5,-0.65,1.78%,"384,000",-
2022-05-11,KCB,KCB Group Plc,34,50.75,35.1,36.5,35.7,35.85,-0.15,0.42%,"708,800",-
2022-05-12,KCB,KCB Group Plc,34,50.75,35.6,36,35.85,35.7,0.15,0.42%,"389,800",-
2022-05-13,KCB,KCB Group Plc,34,50.75,35.6,35.9,35.75,35.85,-0.1,0.28%,"2,725,800",-
2022-05-16,KCB,KCB Group Plc,34,50.75,35.2,35.75,35.4,35.75,-0.35,0.98%,"1,315,400",-
2022-05-17,KCB,KCB Group Plc,34,50.75,35.4,35.85,35.55,35.4,0.15,0.42%,"42,100",-
2022-05-18,KCB,KCB Group Plc,34,50.75,34.5,35.55,35,35.55,-0.55,1.55%,"1,520,700",-
2022-05-19,KCB,KCB Group Plc,34,50.75,35,35.4,35,35,-,-,"889,700",-
2022-05-20,KCB,KCB Group Plc,34,50.75,35,35.5,35.3,35,0.3,0.86%,"1,398,900",-
2022-05-23,KCB,KCB Group Plc,34,50.75,35,36,35.55,35.3,0.25,0.71%,"2,786,100",-
2022-05-24,KCB,KCB Group Plc,34,50.75,35.5,36.5,35.95,35.55,0.4,1.13%,"1,436,700",-
2022-05-25,KCB,KCB Group Plc,34,50.75,36.3,37,36.55,35.95,0.6,1.67%,"156,100",-
2022-05-26,KCB,KCB Group Plc,34,50.75,36.5,38.5,37.1,36.55,0.55,1.50%,"627,000",-
2022-05-27,KCB,KCB Group Plc,34,50.75,37.6,38.5,38,37.1,0.9,2.43%,"570,600",-
2022-05-30,KCB,KCB Group Plc,34,50.75,37.7,38.3,38.05,38,0.05,0.13%,"64,500",-
2022-05-31,KCB,KCB Group Plc,34,50.75,38,39,38.1,38.05,0.05,0.13%,"4,032,500",-
2022-06-02,KCB,KCB Group Plc,15.75,40,37.85,39,38,38.1,-0.1,0.26%,"246,100",-
2022-06-03,KCB,KCB Group Plc,15.75,40,38.1,38.75,38.7,38,0.7,1.84%,"220,300",-
2022-06-06,KCB,KCB Group Plc,15.75,40,38.5,39,38.7,38.7,-,-,"99,800",-
2022-06-07,KCB,KCB Group Plc,15.75,40,38.65,39,38.65,38.7,-0.05,0.13%,"1,174,900",-
2022-06-08,KCB,KCB Group Plc,15.75,40,38.65,39,38.8,38.65,0.15,0.39%,"127,300",-
2022-06-09,KCB,KCB Group Plc,15.75,40,38.8,39.3,38.95,38.8,0.15,0.39%,"70,800",-
2022-06-10,KCB,KCB Group Plc,15.75,40,38.9,39.5,39,38.95,0.05,0.13%,"623,500",-
2022-06-13,KCB,KCB Group Plc,15.75,40,38.8,39.5,39,39,-,-,"698,400",-
2022-06-14,KCB,KCB Group Plc,15.75,40,38.7,39,38.8,39,-0.2,0.51%,"481,000",-
2022-06-15,KCB,KCB Group Plc,15.75,40,38.5,38.95,38.65,38.8,-0.15,0.39%,"292,300",-
2022-06-16,KCB,KCB Group Plc,15.75,40,38,38.9,38.05,38.65,-0.6,1.55%,"1,463,700",-
2022-06-17,KCB,KCB Group Plc,15.75,40,37.5,39,37.9,38.05,-0.15,0.39%,"582,100",-
2022-06-20,KCB,KCB Group Plc,15.75,40,37.5,39,37.9,38.05,-0.15,0.39%,"582,100",-
2022-06-21,KCB,KCB Group Plc,15.75,40,37.5,39,37.9,38.05,-0.15,0.39%,"582,100",-
2022-06-22,KCB,KCB Group Plc,15.75,40,36.5,37,36.9,36.95,-0.05,0.14%,"765,600",-
2022-06-23,KCB,KCB Group Plc,15.75,40,36.5,36.7,36.5,36.9,-0.4,1.08%,"442,500",-
2022-06-24,KCB,KCB Group Plc,15.75,40,36.3,36.95,36.7,36.5,0.2,0.55%,"1,601,000",-
2022-06-27,KCB,KCB Group Plc,15.75,40,36.55,37.1,36.75,36.7,0.05,0.14%,"37,500",-
2022-06-28,KCB,KCB Group Plc,15.75,40,36.55,37.1,36.75,36.7,0.05,0.14%,"37,500",-
2022-06-29,KCB,KCB Group Plc,15.75,40,36.55,37.1,36.75,36.7,0.05,0.14%,"37,500",-
2022-06-30,KCB,KCB Group Plc,15.75,40,37.5,39.7,38.65,37.55,1.1,2.93%,"67,700",-
2022-07-01,KCB,KCB Group Plc,15.75,40,39,40,39,38.65,0.35,0.91%,"1,084,300",-
2022-07-04,KCB,KCB Group Plc,15.75,40,39,40,39,38.65,0.35,0.91%,"1,084,300",-
2022-07-05,KCB,KCB Group Plc,15.75,40,40,41.8,40.6,40,0.6,1.50%,"789,000",-
2022-07-06,KCB,KCB Group Plc,15.75,40,40.05,42.45,41.95,40.6,1.35,3.33%,"225,200",-
2022-07-07,KCB,KCB Group Plc,15.75,40,42,43,42.75,41.95,0.8,1.91%,"6,791,300",-
2022-07-08,KCB,KCB Group Plc,15.75,40,42,42.75,42.4,42.75,-0.35,0.82%,"109,500",-
2022-07-12,KCB,KCB Group Plc,15.75,40,41.1,42.8,41.9,42.4,-0.5,1.18%,"97,900",-
2022-07-13,KCB,KCB Group Plc,15.75,40,40.55,41.8,40.9,41.9,-1,2.39%,"110,900",-
2022-07-14,KCB,KCB Group Plc,15.75,40,40,41,40.5,40.9,-0.4,0.98%,"4,530,900",-
2022-07-15,KCB,KCB Group Plc,15.75,40,39.5,40.9,40.45,40.5,-0.05,0.12%,"4,046,600",-
2022-07-18,KCB,KCB Group Plc,15.75,40,39.25,40.5,39.95,40.45,-0.5,1.24%,"464,900",-
2022-07-19,KCB,KCB Group Plc,15.75,40,38.5,39.75,38.75,39.95,-1.2,3.00%,"394,500",-
2022-07-20,KCB,KCB Group Plc,15.75,40,38.7,39,39,38.75,0.25,0.65%,"911,000",-
2022-07-21,KCB,KCB Group Plc,15.75,40,38.75,39,38.85,39,-0.15,0.38%,"1,245,900",-
2022-07-22,KCB,KCB Group Plc,15,40,38.5,39,38.5,38.85,-0.35,0.90%,"5,466,200",-
2022-07-25,KCB,KCB Group Plc,15.75,40,38.5,40,38.85,38.5,0.35,0.91%,"165,700",-
2022-07-26,KCB,KCB Group Plc,15.75,40,40,40,39.65,38.85,0.8,2.06%,"14,700",-
2022-07-27,KCB,KCB Group Plc,15.75,40,39,40,39.05,39.65,-0.6,1.51%,"2,082,400",-
2022-07-28,KCB,KCB Group Plc,15.75,40,39,40,39.05,39.65,-0.6,1.51%,"2,082,400",-
2022-07-29,KCB,KCB Group Plc,15.75,40,40.3,41.9,41.15,40,1.15,2.88%,"195,600",-
2022-08-01,KCB,KCB Group Plc,15.75,40,40,41,40.75,41.15,-0.4,0.97%,"1,318,000",-
2022-08-02,KCB,KCB Group Plc,15.75,40,39.7,40.65,40.05,40.75,-0.7,1.72%,"253,100",-
2022-08-03,KCB,KCB Group Plc,15.75,40,40.5,41.3,40.75,40.05,0.7,1.75%,"248,100",-
2022-08-04,KCB,KCB Group Plc,15.75,40,40.5,41.3,40.6,40.75,-0.15,0.37%,"1,819,200",-
2022-08-05,KCB,KCB Group Plc,15.75,40,40.9,42.5,41.75,40.6,1.15,2.83%,"123,400",-
2022-08-08,KCB,KCB Group Plc,15.75,40,41.75,44,42.2,41.75,0.45,1.08%,"129,300",-
2022-08-10,KCB,KCB Group Plc,15.75,40,42,44,42.35,42.2,0.15,0.36%,"2,029,100",-
2022-08-11,KCB,KCB Group Plc,15.75,40,42.5,44,42.8,42.35,0.45,1.06%,"732,800",-
2022-08-12,KCB,KCB Group Plc,15.75,40,42.6,43.5,43.05,42.8,0.25,0.58%,"119,500",-
2022-08-15,KCB,KCB Group Plc,15.75,40,42.6,43.05,43,43.05,-0.05,0.12%,"191,800",-
2022-08-16,KCB,KCB Group Plc,15.75,40,42.85,43.5,42.95,43,-0.05,0.12%,"282,700",-
2022-08-17,KCB,KCB Group Plc,15.75,40,42.95,43.4,43.2,42.95,0.25,0.58%,"123,200",-
2022-08-18,KCB,KCB Group Plc,15.75,40,43.05,43.5,43.35,43.2,0.15,0.35%,"258,100",-
2022-08-19,KCB,KCB Group Plc,15.75,40,43.05,43.5,43.25,43.35,-0.1,0.23%,"80,500",-
2022-08-22,KCB,KCB Group Plc,15.75,40,43.3,43.5,43.5,43.25,0.25,0.58%,"194,100",-
2022-08-23,KCB,KCB Group Plc,15.75,40,43,43.8,43.35,43.5,-0.15,0.34%,"350,200",-
2022-08-24,KCB,KCB Group Plc,15.75,40,42.5,43.3,42.95,43.35,-0.4,0.92%,"96,300",-
2022-08-25,KCB,KCB Group Plc,15.75,40,41,42.95,41.8,42.95,-1.15,2.68%,"89,100",-
2022-08-26,KCB,KCB Group Plc,15.75,40,40.6,43,40.95,41.8,-0.85,2.03%,"85,300",-
2022-08-29,KCB,KCB Group Plc,15.75,40,41,41.8,41.3,40.95,0.35,0.85%,"122,300",-
2022-08-30,KCB,KCB Group Plc,15.75,40,41,41.8,41,41.3,-0.3,0.73%,"1,774,600",-
2022-08-31,KCB,KCB Group Plc,15.75,40,40.5,41,40.85,41,-0.15,0.37%,"216,100",-
2022-09-01,KCB,KCB Group Plc,15.75,40,40.75,41.3,41,40.85,0.15,0.37%,"165,700",-
2022-09-02,KCB,KCB Group Plc,15.75,40,40.7,41,40.85,41,-0.15,0.37%,"395,200",-
2022-09-05,KCB,KCB Group Plc,15.75,40,40.8,42.5,40.85,40.85,-,-,"2,490,200",-
2022-09-06,KCB,KCB Group Plc,15.75,40,41.7,43.5,42.7,40.85,1.85,4.53%,"456,900",-
2022-09-07,KCB,KCB Group Plc,15.75,40,41.8,42.75,42.25,42.7,-0.45,1.05%,"130,100",-
2022-09-08,KCB,KCB Group Plc,15.75,40,42.25,43.75,42.75,42.25,0.5,1.18%,"84,900",-
2022-09-09,KCB,KCB Group Plc,15.75,40,42.25,43,42.45,42.75,-0.3,0.70%,"278,900",-
2022-09-12,KCB,KCB Group Plc,15.75,40,41.6,43,41.8,42.45,-0.65,1.53%,"3,567,600",-
2022-09-14,KCB,KCB Group Plc,15.75,40,40.05,41.75,40.9,41.8,-0.9,2.15%,"983,000",-
2022-09-15,KCB,KCB Group Plc,15.75,40,40,40.85,40.35,40.9,-0.55,1.34%,"1,778,000",-
2022-09-16,KCB,KCB Group Plc,15.75,40,38.95,40.35,39.05,40.35,-1.3,3.22%,"1,153,400",-
2022-09-19,KCB,KCB Group Plc,15.75,40,39.25,40,39.45,39.05,0.4,1.02%,"183,100",-
2022-09-20,KCB,KCB Group Plc,15.75,40,39,39.45,39.1,39.45,-0.35,0.89%,"474,200",-
2022-09-21,KCB,KCB Group Plc,15.75,40,38.95,39.5,39,39.1,-0.1,0.26%,"2,563,800",-
2022-09-22,KCB,KCB Group Plc,15.75,40,38.9,39.2,39,39,-,-,"3,003,100",-
2022-09-23,KCB,KCB Group Plc,15.75,40,39.05,39.8,39.15,39,0.15,0.38%,"639,500",-
2022-09-26,KCB,KCB Group Plc,15.75,40,39.75,40.95,40.5,39.15,1.35,3.45%,"4,410,200",-
2022-09-27,KCB,KCB Group Plc,15.75,40,40.5,41.1,40.8,40.5,0.3,0.74%,"1,354,400",-
2022-09-28,KCB,KCB Group Plc,15.75,40,41,41.75,41.35,40.8,0.55,1.35%,"3,538,400",-
2022-09-29,KCB,KCB Group Plc,15.75,40,41,42,41.2,41.35,-0.15,0.36%,"453,000",-
2022-09-30,KCB,KCB Group Plc,15.75,40,40.95,42,41.45,41.2,0.25,0.61%,"5,089,900",-
2022-10-03,KCB,KCB Group Plc,15.75,40,40.5,41.5,41.45,41.45,-,-,"897,700",-
2022-10-04,KCB,KCB Group Plc,15.75,40,39.1,41,39.45,41.45,-2,4.83%,"81,100",-
2022-10-05,KCB,KCB Group Plc,15.75,40,39.05,40,39.2,39.45,-0.25,0.63%,"130,100",-
2022-10-06,KCB,KCB Group Plc,15.75,40,39.2,40,39.4,39.2,0.2,0.51%,"253,100",-
2022-10-07,KCB,KCB Group Plc,15.75,40,39.3,40,39.6,39.4,0.2,0.51%,"162,800",-
2022-10-11,KCB,KCB Group Plc,15.75,40,38.75,39.5,39.15,39.6,-0.45,1.14%,"161,800",-
2022-10-12,KCB,KCB Group Plc,15.75,40,38.75,39.5,39.15,39.6,-0.45,1.14%,"161,800",-
2022-10-13,KCB,KCB Group Plc,15.75,40,38.8,39.4,38.95,39.1,-0.15,0.38%,"277,400",-
2022-10-14,KCB,KCB Group Plc,15.75,40,38,38.95,38.8,38.95,-0.15,0.39%,"301,500",-
2022-10-17,KCB,KCB Group Plc,15.75,40,37.85,40,38.15,38.8,-0.65,1.68%,"314,400",-
2022-10-18,KCB,KCB Group Plc,15.75,40,37.85,38.3,37.95,38.15,-0.2,0.52%,"195,800",-
2022-10-19,KCB,KCB Group Plc,15.75,40,37.8,38,37.9,37.95,-0.05,0.13%,"105,900",-
2022-10-21,KCB,KCB Group Plc,15.75,40,36.2,38,36.55,37.9,-1.35,3.56%,"5,395,400",-
2022-10-24,KCB,KCB Group Plc,15.75,40,36.5,37.7,37.4,36.55,0.85,2.33%,"107,400",-
2022-10-25,KCB,KCB Group Plc,15.75,40,37.5,38,37.7,37.4,0.3,0.80%,"224,100",-
2022-10-26,KCB,KCB Group Plc,15.75,40,37.4,38,37.7,37.7,-,-,"4,758,700",-
2022-10-27,KCB,KCB Group Plc,15.75,40,37.5,38,37.7,37.7,-,-,"603,100",-
2022-10-28,KCB,KCB Group Plc,15.75,40,37.5,37.7,37.7,37.7,-,-,"1,992,700",-
2022-10-31,KCB,KCB Group Plc,15.75,40,37.5,37.7,37.65,37.7,-0.05,0.13%,"369,800",-
2022-11-01,KCB,KCB Group Plc,15.75,40,37.45,37.95,37.7,37.65,0.05,0.13%,"1,411,000",-
2022-11-02,KCB,KCB Group Plc,15.75,40,37.25,37.7,37.6,37.7,-0.1,0.27%,"227,800",-
2022-11-03,KCB,KCB Group Plc,15.75,40,36.9,37.6,37.25,37.6,-0.35,0.93%,"949,600",-
2022-11-04,KCB,KCB Group Plc,15.75,40,37,37.25,37.15,37.25,-0.1,0.27%,"110,300",-
2022-11-07,KCB,KCB Group Plc,15.75,40,36.5,37.25,37,37.15,-0.15,0.40%,"647,200",-
2022-11-08,KCB,KCB Group Plc,15.75,40,36.5,37,36.75,37,-0.25,0.68%,"1,216,300",-
2022-11-09,KCB,KCB Group Plc,15.75,40,36.45,36.85,36.5,36.75,-0.25,0.68%,"349,200",-
2022-11-10,KCB,KCB Group Plc,15.75,40,36.4,36.9,36.5,36.5,-,-,"1,143,500",-
2022-11-11,KCB,KCB Group Plc,15.75,40,36.5,37,36.75,36.5,0.25,0.68%,"189,000",-
2022-11-14,KCB,KCB Group Plc,15.75,40,36.5,37.7,37.05,36.75,0.3,0.82%,"138,900",-
2022-11-15,KCB,KCB Group Plc,15.75,40,37.3,39,37.65,37.05,0.6,1.62%,"226,900",-
2022-11-16,KCB,KCB Group Plc,15.75,40,37.9,40,39.55,37.65,1.9,5.05%,"54,300",-
2022-11-17,KCB,KCB Group Plc,15.75,40,38.5,40,39.45,39.55,-0.1,0.25%,"217,600",-
2022-11-18,KCB,KCB Group Plc,15.75,40,38.25,39.75,38.8,39.45,-0.65,1.65%,"139,900",-
2022-11-21,KCB,KCB Group Plc,15.75,40,38.25,39.75,38.8,39.45,-0.65,1.65%,"139,900",-
2022-11-22,KCB,KCB Group Plc,15.75,40,38.25,39.75,38.8,39.45,-0.65,1.65%,"139,900",-
2022-11-23,KCB,KCB Group Plc,15.75,40,36.6,37.95,37.45,37.3,0.15,0.40%,"177,500",-
2022-11-24,KCB,KCB Group Plc,15.75,40,37.1,37.6,37.5,37.45,0.05,0.13%,"194,900",-
2022-11-25,KCB,KCB Group Plc,15.75,40,37.5,37.7,37.6,37.5,0.1,0.27%,"327,900",-
2022-11-28,KCB,KCB Group Plc,15.75,40,37.7,38,37.75,37.6,0.15,0.40%,"106,900",-
2022-11-29,KCB,KCB Group Plc,15.75,40,37.7,38,37.95,37.75,0.2,0.53%,"1,603,500",-
2022-11-30,KCB,KCB Group Plc,15.75,40,37.95,39.5,38,37.95,0.05,0.13%,"1,280,300",-
2022-12-01,KCB,KCB Group Plc,15.75,40,37.95,38.25,38,38,-,-,"2,019,800",-
2022-12-02,KCB,KCB Group Plc,15.75,40,37.5,38,37.75,38,-0.25,0.66%,"175,500",-
2022-12-05,KCB,KCB Group Plc,15.75,40,37.4,37.8,37.55,37.75,-0.2,0.53%,"219,500",-
2022-12-06,KCB,KCB Group Plc,15.75,40,37,37.55,37.45,37.55,-0.1,0.27%,"764,500",-
2022-12-07,KCB,KCB Group Plc,15.75,40,37.3,37.5,37.5,37.45,0.05,0.13%,"1,772,000",-
2022-12-08,KCB,KCB Group Plc,15.75,40,37.5,38,37.6,37.5,0.1,0.27%,"173,300",-
2022-12-09,KCB,KCB Group Plc,15.75,40,36.6,37.5,36.9,37.6,-0.7,1.86%,"265,400",-
2022-12-13,KCB,KCB Group Plc,15.75,40,36.5,37.5,36.75,36.9,-0.15,0.41%,"605,800",-
2022-12-14,KCB,KCB Group Plc,15.75,40,36.5,37,36.75,36.75,-,-,"239,000",-
2022-12-15,KCB,KCB Group Plc,15.75,40,37,37.5,37.15,36.75,0.4,1.09%,"510,400",-
2022-12-16,KCB,KCB Group Plc,15.75,40,37.1,37.45,37.25,37.15,0.1,0.27%,"124,300",-
2022-12-19,KCB,KCB Group Plc,15.75,40,37.35,40,37.9,37.25,0.65,1.74%,"77,000",-
2022-12-20,KCB,KCB Group Plc,15.75,40,38,39.95,38.8,37.9,0.9,2.37%,"293,400",-
2022-12-21,KCB,KCB Group Plc,15.75,40,37.5,38.5,38,38.8,-0.8,2.06%,"2,428,300",-
2022-12-22,KCB,KCB Group Plc,15.75,40,38,38.3,38.05,38,0.05,0.13%,"586,800",-
2022-12-23,KCB,KCB Group Plc,15.75,40,37.9,38.1,38,38.05,-0.05,0.13%,"1,895,500",-
2022-12-28,KCB,KCB Group Plc,15.75,40,38,38.1,38.05,38,0.05,0.13%,"88,600",-
2022-12-29,KCB,KCB Group Plc,15.75,40,38,38.1,38.05,38.05,-,-,"79,000",-
2022-12-30,KCB,KCB Group Plc,15.75,40,38,38.3,38.1,38.05,0.05,0.13%,"175,400",-
2023-01-03,KCB,KCB Group Plc,15.75,40,38,39.2,38.35,38.1,0.25,0.66%,"58,100.00",-
2023-01-04,KCB,KCB Group Plc,15.75,40,38.1,38.3,38.2,38.35,-0.15,0.39%,"65,000.00",-
2023-01-05,KCB,KCB Group Plc,15.75,40,38.15,39,38.35,38.2,0.15,0.39%,"20,100.00",-
2023-01-06,KCB,KCB Group Plc,15.75,40,38.25,39.5,39.2,38.35,0.85,2.22%,"28,500.00",-
2023-01-09,KCB,KCB Group Plc,15.75,40,38.8,39.5,39.05,39.2,-0.15,0.38%,"357,900.00",-
2023-01-10,KCB,KCB Group Plc,15.75,40,39,39.45,39.05,39.05,-,-,"119,700.00",-
2023-01-11,KCB,KCB Group Plc,15.75,40,38.5,39.35,38.95,39.05,-0.1,0.26%,"223,200.00",-
2023-01-12,KCB,KCB Group Plc,15.75,40,38.7,39,38.9,38.95,-0.05,0.13%,"61,700.00",-
2023-01-13,KCB,KCB Group Plc,15.75,40,38.55,39,38.7,38.9,-0.2,0.51%,"80,000.00",-
2023-01-16,KCB,KCB Group Plc,15.75,40,38.3,38.9,38.5,38.7,-0.2,0.52%,"481,600.00",-
2023-01-17,KCB,KCB Group Plc,15.75,40,38.3,38.9,38.5,38.7,-0.2,0.52%,"481,600.00",-
2023-01-18,KCB,KCB Group Plc,15.75,40,38,38.5,38.25,38,0.25,0.66%,"87,500.00",-
2023-01-19,KCB,KCB Group Plc,15.75,40,38.1,38.5,38.4,38.25,0.15,0.39%,"1,610,800.00",-
2023-01-20,KCB,KCB Group Plc,15.75,40,38.25,38.45,38.4,38.4,-,-,"1,100,300.00",-
2023-01-23,KCB,KCB Group Plc,15.75,40,38.3,38.5,38.4,38.4,-,-,"106,200.00",-
2023-01-24,KCB,KCB Group Plc,15.75,40,38.4,38.9,38.55,38.4,0.15,0.39%,"46,600.00",-
2023-01-25,KCB,KCB Group Plc,15.75,40,38.5,38.9,38.55,38.55,-,-,"60,800.00",-
2023-01-26,KCB,KCB Group Plc,15.75,40,38.3,38.85,38.45,38.55,-0.1,0.26%,"107,700.00",-
2023-01-27,KCB,KCB Group Plc,15.75,40,38.4,38.55,38.5,38.45,0.05,0.13%,"155,300.00",-
2023-01-30,KCB,KCB Group Plc,15.75,40,38.05,38.55,38.3,38.5,-0.2,0.52%,"122,400.00",-
2023-01-31,KCB,KCB Group Plc,15.75,40,38,38.5,38.1,38.3,-0.2,0.52%,"141,600.00",-
2023-02-01,KCB,KCB Group Plc,15.75,40,38,38.4,38.1,38.1,-,-,"125,900.00",-
2023-02-02,KCB,KCB Group Plc,15.75,40,38,38.2,38,38.1,-0.1,0.26%,"852,300.00",-
2023-02-03,KCB,KCB Group Plc,15.75,40,38,38.7,38.2,38,0.2,0.53%,"1,038,300.00",-
2023-02-06,KCB,KCB Group Plc,15.75,40,38.1,38.9,38.5,38.2,0.3,0.79%,"2,218,900.00",-
2023-02-07,KCB,KCB Group Plc,15.75,40,38.3,38.7,38.5,38.5,-,-,"4,759,400.00",-
2023-02-08,KCB,KCB Group Plc,15.75,40,38.4,38.9,38.5,38.5,-,-,"828,500.00",-
2023-02-09,KCB,KCB Group Plc,15.75,40,38.5,38.7,38.55,38.5,0.05,0.13%,"777,200.00",-
2023-02-10,KCB,KCB Group Plc,15.75,40,38.5,38.7,38.55,38.5,0.05,0.13%,"777,200.00",-
2023-02-13,KCB,KCB Group Plc,15.75,40,38.6,39.2,38.75,38.75,-,-,"242,400.00",-
2023-02-14,KCB,KCB Group Plc,15.75,40,38.65,38.9,38.7,38.75,-0.05,0.13%,"309,500.00",-
2023-02-15,KCB,KCB Group Plc,15.75,40,38.6,38.9,38.7,38.7,-,-,"729,500.00",-
2023-02-16,KCB,KCB Group Plc,15.75,40,38.55,38.7,38.65,38.7,-0.05,0.13%,"413,900.00",-
2023-02-17,KCB,KCB Group Plc,15.75,40,38.5,38.7,38.55,38.65,-0.1,0.26%,"483,900.00",-
2023-02-20,KCB,KCB Group Plc,15.75,40,38.4,38.55,38.5,38.55,-0.05,0.13%,"233,200.00",-
2023-02-21,KCB,KCB Group Plc,15.75,40,38.4,38.65,38.5,38.5,-,-,"241,800.00",-
2023-02-22,KCB,KCB Group Plc,15.75,40,38,38.5,38.45,38.5,-0.05,0.13%,"616,600.00",-
2023-02-23,KCB,KCB Group Plc,15.75,40,38.3,38.45,38.4,38.45,-0.05,0.13%,"368,600.00",-
2023-02-24,KCB,KCB Group Plc,15.75,40,38,38.4,38.3,38.4,-0.1,0.26%,"2,266,200.00",-
2023-02-27,KCB,KCB Group Plc,15.75,40,38,38.4,38.3,38.3,-,-,"154,700.00",-
2023-02-28,KCB,KCB Group Plc,15.75,40,38,38.4,38.25,38.3,-0.05,0.13%,"134,700.00",-
2023-03-01,KCB,KCB Group Plc,15.75,40,38.15,38.4,38.3,38.25,0.05,0.13%,"110,800.00",-
2023-03-02,KCB,KCB Group Plc,15.75,40,38.2,38.4,38.25,38.3,-0.05,0.13%,"2,117,900.00",-
2023-03-06,KCB,KCB Group Plc,15.75,40,38.05,38.4,38.25,38.25,-,-,"214,200.00",-
2023-03-07,KCB,KCB Group Plc,15.75,40,37.75,38.4,38,38.25,-0.25,0.65%,"292,100.00",-
2023-03-08,KCB,KCB Group Plc,15.75,40,37.7,38,37.9,38,-0.1,0.26%,"26,600.00",-
2023-03-09,KCB,KCB Group Plc,15.75,40,37.7,38,37.9,38,-0.1,0.26%,"26,600.00",-
2023-03-10,KCB,KCB Group Plc,15.75,40,37,38,37.45,37.5,-0.05,0.13%,"147,900.00",-
2023-03-13,KCB,KCB Group Plc,15.75,40,36.95,37.5,37.05,37.45,-0.4,1.07%,"116,400.00",-
2023-03-14,KCB,KCB Group Plc,15.75,40,36.5,37.2,37,37.05,-0.05,0.13%,"142,200.00",-
2023-03-15,KCB,KCB Group Plc,15.75,40,36.75,37.45,37.05,37,0.05,0.14%,"81,000.00",-
2023-03-16,KCB,KCB Group Plc,15.75,40,33.35,37,34.35,37.05,-2.7,7.29%,"199,800.00",-
2023-03-17,KCB,KCB Group Plc,15.75,40,30.95,34.4,31,34.35,-3.35,9.75%,"379,400.00",-
2023-03-20,KCB,KCB Group Plc,15.75,40,29.5,30.95,30,31,-1,3.23%,"2,644,500.00",-
2023-03-21,KCB,KCB Group Plc,15.75,40,30.95,33,31.95,30,1.95,6.50%,"137,700.00",-
2023-03-22,KCB,KCB Group Plc,15.75,40,34,35.1,34.95,31.95,3,9.39%,"71,500.00",-
2023-03-23,KCB,KCB Group Plc,15.75,40,35.1,37,35.95,34.95,1,2.86%,"225,800.00",-
2023-03-24,KCB,KCB Group Plc,15.75,40,35.25,36,35.5,35.95,-0.45,1.25%,"189,500.00",-
2023-03-27,KCB,KCB Group Plc,15.75,40,35,36,35.5,35.5,-,-,"92,000.00",-
2023-03-28,KCB,KCB Group Plc,15.75,40,34.95,35.95,35,35.5,-0.5,1.41%,"491,300.00",-
2023-03-29,KCB,KCB Group Plc,15.75,40,34.5,35.5,35,35,-,-,"7,048,600.00",-
2023-03-30,KCB,KCB Group Plc,15.75,40,35,35.25,35,35,-,-,"1,631,500.00",-
2023-03-31,KCB,KCB Group Plc,15.75,40,35.05,37,35.5,35,0.5,1.43%,"156,700.00",-
2023-04-03,KCB,KCB Group Plc,15.75,40,35.5,37,36.2,35.5,0.7,1.97%,"29,800.00",-
2023-04-04,KCB,KCB Group Plc,15.75,40,36,37,36.15,36.2,-0.05,0.14%,"183,600.00",-
2023-04-05,KCB,KCB Group Plc,15.75,40,35.5,37,36,36.15,-0.15,0.41%,"3,373,900.00",-
2023-04-06,KCB,KCB Group Plc,15.75,40,35.6,36.5,35.9,36,-0.1,0.28%,"370,600.00",-
2023-04-11,KCB,KCB Group Plc,15.75,40,35.6,36.5,35.9,36,-0.1,0.28%,"370,600.00",-
2023-04-12,KCB,KCB Group Plc,15.75,40,34.5,36,35,36.35,-1.35,3.71%,"859,900.00",-
2023-04-13,KCB,KCB Group Plc,15.75,40,34,34.95,34.4,35,-0.6,1.71%,"129,200.00",-
2023-04-14,KCB,KCB Group Plc,15.75,40,33.75,34.45,33.9,34.4,-0.5,1.45%,"266,400.00",-
2023-04-17,KCB,KCB Group Plc,15.75,40,33.2,34.95,33.55,33.9,-0.35,1.03%,"358,800.00",-
2023-04-18,KCB,KCB Group Plc,15.75,40,33.6,34.8,34.1,33.55,0.55,1.64%,"110,300.00",-
2023-04-19,KCB,KCB Group Plc,15.75,40,33.5,34.8,33.9,34.1,-0.2,0.59%,"1,070,500.00",-
2023-04-20,KCB,KCB Group Plc,15.75,40,32,33.9,32.95,33.9,-0.95,2.80%,"158,500.00",-
2023-04-24,KCB,KCB Group Plc,15.75,40,32.5,33.5,33,32.95,0.05,0.15%,"132,000.00",-
2023-04-25,KCB,KCB Group Plc,15.75,40,32.9,34,33.4,33,0.4,1.21%,"223,200.00",-
2023-04-26,KCB,KCB Group Plc,15.75,40,33.4,34.25,34,33.4,0.6,1.80%,"438,600.00",-
2023-04-27,KCB,KCB Group Plc,15.75,40,33.5,35,34.1,34,0.1,0.29%,"219,800.00",-
2023-04-28,KCB,KCB Group Plc,15.75,40,32,34,32.85,34.1,-1.25,3.67%,"264,300.00",-
2023-05-02,KCB,KCB Group Plc,15.75,40,32.05,34,32.8,32.85,-0.05,0.15%,"91,800.00",-
2023-05-03,KCB,KCB Group Plc,15.75,40,31.05,33.5,32.05,32.8,-0.75,2.29%,"377,600.00",-
2023-05-04,KCB,KCB Group Plc,15.75,40,31.5,32.25,31.95,32.05,-0.1,0.31%,"348,200.00",-
2023-05-05,KCB,KCB Group Plc,15.75,40,31.1,32.1,31.6,31.95,-0.35,1.10%,"136,000.00",-
2023-05-08,KCB,KCB Group Plc,15.75,40,30.6,32,31.2,31.6,-0.4,1.27%,"233,200.00",-
2023-05-09,KCB,KCB Group Plc,15.75,40,29.7,31.5,30.25,31.2,-0.95,3.04%,"319,400.00",-
2023-05-10,KCB,KCB Group Plc,15.75,40,29,30,29.45,30.25,-0.8,2.64%,"804,200.00",-
2023-05-11,KCB,KCB Group Plc,15.75,40,28.5,29.5,29.2,29.45,-0.25,0.85%,"182,100.00",-
2023-05-12,KCB,KCB Group Plc,15.75,40,28.05,29,28.5,29.2,-0.7,2.40%,"164,900.00",-
2023-05-15,KCB,KCB Group Plc,15.75,40,28.1,30,29,28.5,0.5,1.75%,"656,900.00",-
2023-05-16,KCB,KCB Group Plc,15.75,40,29.5,31.9,31.2,29,2.2,7.59%,"44,900.00",-
2023-05-17,KCB,KCB Group Plc,15.75,40,31.2,32,31.55,31.2,0.35,1.12%,"2,246,800.00",-
2023-05-18,KCB,KCB Group Plc,15.75,40,30,31.5,31,31.55,-0.55,1.74%,"291,500.00",-
2023-05-19,KCB,KCB Group Plc,15.75,40,30.5,30.95,30.85,31,-0.15,0.48%,"77,200.00",-
2023-05-22,KCB,KCB Group Plc,15.75,40,29,30.5,29.95,30.85,-0.9,2.92%,"129,400.00",-
2023-05-23,KCB,KCB Group Plc,15.75,40,29,30.5,30.05,29.95,0.1,0.33%,"56,800.00",-
2023-05-24,KCB,KCB Group Plc,15.75,40,30.05,31.5,30.5,30.05,0.45,1.50%,"159,600.00",-
2023-05-25,KCB,KCB Group Plc,15.75,40,30.55,31.5,31,30.5,0.5,1.64%,"2,092,100.00",-
2023-05-26,KCB,KCB Group Plc,15.75,40,31,31.3,31.05,31,0.05,0.16%,"114,200.00",-
2023-05-29,KCB,KCB Group Plc,15.75,40,31,33,31.85,31.05,0.8,2.58%,"109,800.00",-
2023-05-30,KCB,KCB Group Plc,15.75,40,31.65,32.8,31.85,31.85,-,-,"145,800.00",-
2023-05-31,KCB,KCB Group Plc,15.75,40,31.7,32.5,31.8,31.85,-0.05,0.16%,"80,200.00",-
2023-06-02,KCB,KCB Group Plc,15.75,40,31.7,32.8,31.9,31.8,0.1,0.31%,"525,700.00",-
2023-06-05,KCB,KCB Group Plc,15.75,40,31.8,32,31.9,31.9,-,-,"263,900.00",-
2023-06-06,KCB,KCB Group Plc,15.75,40,31.7,32,31.85,31.9,-0.05,0.16%,"281,000.00",-
2023-06-07,KCB,KCB Group Plc,15.75,40,31.7,31.95,31.8,31.85,-0.05,0.16%,"778,300.00",-
2023-06-08,KCB,KCB Group Plc,15.75,40,31.8,31.95,31.9,31.8,0.1,0.31%,"77,300.00",-
2023-06-09,KCB,KCB Group Plc,15.75,40,31.7,32,31.8,31.9,-0.1,0.31%,"65,400.00",-
2023-06-12,KCB,KCB Group Plc,15.75,40,31.05,32,31.55,31.8,-0.25,0.79%,"170,200.00",-
2023-06-13,KCB,KCB Group Plc,15.75,40,30,31.5,31,31.55,-0.55,1.74%,"705,800.00",-
2023-06-14,KCB,KCB Group Plc,15.75,40,30,31.1,31,31,-,-,"2,555,000.00",-
2023-06-15,KCB,KCB Group Plc,15.75,40,29.2,30.5,29.5,31,-1.5,4.84%,"2,284,600.00",-
2023-06-16,KCB,KCB Group Plc,15.75,40,29.3,30,29.45,29.5,-0.05,0.17%,"379,800.00",-
2023-06-19,KCB,KCB Group Plc,15.75,40,29.35,30,29.5,29.45,0.05,0.17%,"254,800.00",-
2023-06-20,KCB,KCB Group Plc,15.75,40,29.2,29.5,29.35,29.5,-0.15,0.51%,"254,400.00",-
2023-06-21,KCB,KCB Group Plc,15.75,40,29.2,30,29.45,29.35,0.1,0.34%,"573,700.00",-
2023-06-22,KCB,KCB Group Plc,15.75,40,29.35,29.95,29.5,29.45,0.05,0.17%,"311,600.00",-
2023-06-23,KCB,KCB Group Plc,15.75,40,29.25,29.5,29.5,29.5,-,-,"376,200.00",-
2023-06-26,KCB,KCB Group Plc,15.75,40,29,29.5,29.3,29.5,-0.2,0.68%,"675,700.00",-
2023-06-27,KCB,KCB Group Plc,15.75,40,29,29.5,29.45,29.3,0.15,0.51%,"401,100.00",-
2023-06-29,KCB,KCB Group Plc,15.75,40,29.35,29.5,29.45,29.45,-,-,"119,300.00",-
2023-06-30,KCB,KCB Group Plc,15.75,40,29.05,30,29.3,29.45,-0.15,0.51%,"823,400.00",-
2023-07-03,KCB,KCB Group Plc,15.75,40,29.05,29.45,29.3,29.3,-,-,"164,000.00",-
2023-07-04,KCB,KCB Group Plc,15.75,40,29.2,29.5,29.45,29.3,0.15,0.51%,"1,555,900.00",-
2023-07-05,KCB,KCB Group Plc,15.75,40,29.2,29.5,29.3,29.45,-0.15,0.51%,"389,100.00",-
2023-07-06,KCB,KCB Group Plc,15.75,40,29,29.4,29.15,29.3,-0.15,0.51%,"1,546,900.00",-
2023-07-07,KCB,KCB Group Plc,15.75,40,28.85,29.5,29.15,29.15,-,-,"4,501,900.00",-
2023-07-10,KCB,KCB Group Plc,15.75,40,28.85,29.15,29.05,29.15,-0.1,0.34%,"308,600.00",-
2023-07-11,KCB,KCB Group Plc,15.75,40,28.95,29.05,29,29.05,-0.05,0.17%,"434,600.00",-
2023-07-12,KCB,KCB Group Plc,15.75,40,28.95,29.5,29.1,29,0.1,0.34%,"2,124,400.00",-
2023-07-13,KCB,KCB Group Plc,15.75,40,29.1,30,29.85,29.1,0.75,2.58%,"763,400.00",-
2023-07-14,KCB,KCB Group Plc,15.75,40,30,31.95,30.15,29.85,0.3,1.01%,"1,588,500.00",-
2023-07-17,KCB,KCB Group Plc,15.75,40,31.5,32,31.6,30.15,1.45,4.81%,"154,300.00",-
2023-07-18,KCB,KCB Group Plc,15.75,40,30.55,31.6,31.2,31.6,-0.4,1.27%,"561,900.00",-
2023-07-19,KCB,KCB Group Plc,15.75,40,29.9,31,30.25,31.2,-0.95,3.04%,"245,300.00",-
2023-07-20,KCB,KCB Group Plc,15.75,40,29.4,30.45,29.7,30.25,-0.55,1.82%,"727,200.00",-
2023-07-21,KCB,KCB Group Plc,15.75,40,29.45,29.75,29.55,29.7,-0.15,0.51%,"498,800.00",-
2023-07-24,KCB,KCB Group Plc,15.75,40,29.1,29.55,29.45,29.55,-0.1,0.34%,"647,800.00",-
2023-07-25,KCB,KCB Group Plc,15.75,40,28.9,30,29,29.45,-0.45,1.53%,"1,022,200.00",-
2023-07-26,KCB,KCB Group Plc,15.75,40,28.5,29,28.7,29,-0.3,1.03%,"739,700.00",-
2023-07-27,KCB,KCB Group Plc,15.75,40,28.5,29,28.65,28.7,-0.05,0.17%,"334,200.00",-
2023-07-28,KCB,KCB Group Plc,15.75,40,28.5,28.7,28.55,28.65,-0.1,0.35%,"351,100.00",-
2023-07-31,KCB,KCB Group Plc,15.75,40,28.4,28.5,28.5,28.55,-0.05,0.18%,"552,000.00",-
2023-08-01,KCB,KCB Group Plc,15.75,40,28.4,29,28.5,28.5,-,-,"1,524,700.00",-
2023-08-02,KCB,KCB Group Plc,15.75,40,28.5,29,28.6,28.5,0.1,0.35%,"533,700.00",-
2023-08-03,KCB,KCB Group Plc,15.75,40,28.8,30.5,29,28.6,0.4,1.40%,"159,600.00",-
2023-08-04,KCB,KCB Group Plc,15.75,40,29,30.5,29.4,29,0.4,1.38%,"64,200.00",-
2023-08-07,KCB,KCB Group Plc,15.75,40,29.6,30.5,30,29.4,0.6,2.04%,"120,600.00",-
2023-08-08,KCB,KCB Group Plc,15.75,40,29.6,30.5,29.85,30,-0.15,0.50%,"404,500.00",-
2023-08-09,KCB,KCB Group Plc,15.75,40,29,29.8,29.25,29.85,-0.6,2.01%,"237,300.00",-
2023-08-10,KCB,KCB Group Plc,15.75,40,28.9,29.45,29,29.25,-0.25,0.85%,"166,300.00",-
2023-08-11,KCB,KCB Group Plc,15.75,40,28.75,30,28.9,29,-0.1,0.34%,"214,300.00",-
2023-08-14,KCB,KCB Group Plc,15.75,40,28.25,29,28.5,28.9,-0.4,1.38%,"334,400.00",-
2023-08-15,KCB,KCB Group Plc,15.75,40,27.9,28.8,28.1,28.5,-0.4,1.40%,"321,800.00",-
2023-08-16,KCB,KCB Group Plc,15.75,40,27,28,27.75,28.1,-0.35,1.25%,"518,000.00",-
2023-08-17,KCB,KCB Group Plc,15.75,40,27.5,28,27.65,27.75,-0.1,0.36%,"254,600.00",-
2023-08-18,KCB,KCB Group Plc,15.75,40,27.5,27.65,27.5,27.65,-0.15,0.54%,"272,000.00",-
2023-08-21,KCB,KCB Group Plc,15.75,40,26.55,27.5,27,27.5,-0.5,1.82%,"370,400.00",-
2023-08-22,KCB,KCB Group Plc,15.75,40,26.75,27,26.95,27,-0.05,0.19%,"120,600.00",-
2023-08-23,KCB,KCB Group Plc,15.75,40,26.75,27,26.9,26.95,-0.05,0.19%,"228,000.00",-
2023-08-24,KCB,KCB Group Plc,15.75,40,24.85,26.5,25.15,26.9,-1.75,6.51%,"715,600.00",-
2023-08-25,KCB,KCB Group Plc,15.75,40,23,25,23.8,25.15,-1.35,5.37%,"452,500.00",-
2023-08-28,KCB,KCB Group Plc,15.75,40,23.5,25,23.8,23.8,-,-,"496,700.00",-
2023-08-29,KCB,KCB Group Plc,15.75,40,23.6,24.5,23.75,23.8,-0.05,0.21%,"1,228,700.00",-
2023-08-30,KCB,KCB Group Plc,15.75,40,23.65,24,23.75,23.75,-,-,"569,900.00",-
2023-08-31,KCB,KCB Group Plc,15.75,40,23.4,23.8,23.6,23.75,-0.15,0.63%,"965,600.00",-
2023-09-01,KCB,KCB Group Plc,15.75,40,23.35,23.8,23.45,23.6,-0.15,0.64%,"277,900.00",-
2023-09-04,KCB,KCB Group Plc,15.75,40,23.3,23.75,23.45,23.45,-,-,"231,900.00",-
2023-09-05,KCB,KCB Group Plc,15.75,40,23.25,23.5,23.3,23.45,-0.15,0.64%,"279,000.00",-
2023-09-06,KCB,KCB Group Plc,15.75,40,23.25,25,23.35,23.3,0.05,0.21%,"151,700.00",-
2023-09-07,KCB,KCB Group Plc,15.75,40,23.3,23.45,23.4,23.35,0.05,0.21%,"281,800.00",-
2023-09-08,KCB,KCB Group Plc,15.75,40,23.3,23.4,23.35,23.4,-0.05,0.21%,"285,100.00",-
2023-09-11,KCB,KCB Group Plc,15.75,40,23.3,25,23.45,23.35,0.1,0.43%,"291,700.00",-
2023-09-12,KCB,KCB Group Plc,15.75,40,22.8,25,23.1,23.45,-0.35,1.49%,"1,257,300.00",-
2023-09-13,KCB,KCB Group Plc,15.75,40,22.9,23.45,23.05,23.1,-0.05,0.22%,"216,300.00",-
2023-09-14,KCB,KCB Group Plc,15.75,40,22.1,23.1,22.65,23.05,-0.4,1.74%,"502,000.00",-
2023-09-15,KCB,KCB Group Plc,15.75,40,22.25,22.5,22.3,22.65,-0.35,1.55%,"442,400.00",-
2023-09-18,KCB,KCB Group Plc,15.75,40,22.3,22.8,22.4,22.3,0.1,0.45%,"268,000.00",-
2023-09-19,KCB,KCB Group Plc,15.75,40,22.25,22.6,22.35,22.4,-0.05,0.22%,"184,500.00",-
2023-09-20,KCB,KCB Group Plc,15.75,40,22.25,22.35,22.35,22.35,-,-,"190,400.00",-
2023-09-21,KCB,KCB Group Plc,15.75,40,22.25,22.35,22.3,22.35,-0.05,0.22%,"109,000.00",-
2023-09-22,KCB,KCB Group Plc,15.75,40,22.25,22.35,22.35,22.3,0.05,0.22%,"119,800.00",-
2023-09-25,KCB,KCB Group Plc,15.75,40,22.25,22.35,22.25,22.35,-0.1,0.45%,"538,700.00",-
2023-09-26,KCB,KCB Group Plc,15.75,40,21.9,22.9,22.05,22.25,-0.2,0.90%,"284,500.00",-
2023-09-27,KCB,KCB Group Plc,15.75,40,21.5,22.2,21.95,22.05,-0.1,0.45%,"222,400.00",-
2023-09-28,KCB,KCB Group Plc,15.75,40,20.4,22,20.9,21.95,-1.05,4.78%,"354,400.00",-
2023-09-29,KCB,KCB Group Plc,15.75,40,20.25,21.9,20.85,20.9,-0.05,0.24%,"1,413,200.00",-
2023-10-02,KCB,KCB Group Plc,15.75,40,20.8,22,21,20.85,0.15,0.72%,"271,000.00",-
2023-10-03,KCB,KCB Group Plc,15.75,40,20.8,22,21,20.85,0.15,0.72%,"271,000.00",-
2023-10-04,KCB,KCB Group Plc,15.75,40,20.85,20.95,20.95,20.95,-,-,"414,200.00",-
2023-10-05,KCB,KCB Group Plc,15.75,40,20.85,21,20.95,20.95,-,-,"138,300.00",-
2023-10-06,KCB,KCB Group Plc,15.75,40,20.4,21,20.95,20.95,-,-,"1,678,900.00",-
2023-10-09,KCB,KCB Group Plc,15.75,40,20.9,21,20.95,20.95,-,-,"94,700.00",-
2023-10-11,KCB,KCB Group Plc,15.75,40,20.85,21,20.95,20.95,-,-,"316,700.00",-
2023-10-12,KCB,KCB Group Plc,15.75,40,20.85,21,20.9,20.95,-0.05,0.24%,"306,000.00",-
2023-10-13,KCB,KCB Group Plc,15.75,40,20.5,21,20.9,20.9,-,-,"167,000.00",-
2023-10-16,KCB,KCB Group Plc,15.75,40,20.4,20.95,20.65,20.9,-0.25,1.20%,"192,900.00",-
2023-10-17,KCB,KCB Group Plc,15.75,40,20.35,20.75,20.4,20.65,-0.25,1.21%,"458,900.00",-
2023-10-18,KCB,KCB Group Plc,15.75,40,19.9,20.5,20.05,20.4,-0.35,1.72%,"470,300.00",-
2023-10-19,KCB,KCB Group Plc,15.75,40,19.8,20,19.9,20.05,-0.15,0.75%,"363,200.00",-
2023-10-23,KCB,KCB Group Plc,15.75,40,19.8,20,19.9,19.9,-,-,"252,600.00",-
2023-10-24,KCB,KCB Group Plc,15.75,40,19.75,20,19.85,19.9,-0.05,0.25%,"61,000.00",-
2023-10-25,KCB,KCB Group Plc,15.75,40,19,19.9,19.5,19.85,-0.35,1.76%,"309,200.00",-
2023-10-26,KCB,KCB Group Plc,15.75,40,18.95,19.55,19.15,19.5,-0.35,1.79%,"254,900.00",-
2023-10-27,KCB,KCB Group Plc,15.75,40,18.5,19,18.85,19.15,-0.3,1.57%,"305,500.00",-
2023-10-30,KCB,KCB Group Plc,15.75,40,17.8,18.9,18.05,18.85,-0.8,4.24%,"498,300.00",-
2023-10-31,KCB,KCB Group Plc,15.75,40,17.05,18,17.5,18.05,-0.55,3.05%,"4,678,400.00",-
2023-11-01,KCB,KCB Group Plc,15.75,40,16.6,17.95,17.2,17.5,-0.3,1.71%,"373,800.00",-
2023-11-02,KCB,KCB Group Plc,15.75,40,16.3,17,16.5,17.2,-0.7,4.07%,"150,800.00",-
2023-11-03,KCB,KCB Group Plc,15.75,40,16,16.75,16.35,16.5,-0.15,0.91%,"1,036,200.00",-
2023-11-06,KCB,KCB Group Plc,15.75,40,15.55,17,16,16.35,-0.35,2.14%,"6,110,800.00",-
2023-11-07,KCB,KCB Group Plc,15.75,40,15,16,15.75,16,-0.25,1.56%,"1,024,600.00",-
2023-11-08,KCB,KCB Group Plc,15.75,40,15.75,16,15.95,15.75,0.2,1.27%,"238,400.00",-
2023-11-09,KCB,KCB Group Plc,15.75,40,15.8,16.5,15.85,15.95,-0.1,0.63%,"1,697,000.00",-
2023-11-10,KCB,KCB Group Plc,15.75,40,15.95,17.2,16.05,15.85,0.2,1.26%,"792,100.00",-
2023-11-14,KCB,KCB Group Plc,15.75,40,16.05,17,16.95,16.05,0.9,5.61%,"214,900.00",-
2023-11-15,KCB,KCB Group Plc,15.75,40,16.8,18.6,18.45,16.95,1.5,8.85%,"487,200.00",-
2023-11-16,KCB,KCB Group Plc,15.75,40,18.3,20,19.1,18.45,0.65,3.52%,"1,373,900.00",-
2023-11-17,KCB,KCB Group Plc,15.75,40,19,20,19.35,19.1,0.25,1.31%,"283,300.00",-
2023-11-20,KCB,KCB Group Plc,15.75,40,19.95,21.2,20.25,19.35,0.9,4.65%,"319,700.00",-
2023-11-21,KCB,KCB Group Plc,15.75,40,20,21,20.45,20.25,0.2,0.99%,"249,800.00",-
2023-11-22,KCB,KCB Group Plc,15.75,40,20.4,21,20.75,20.45,0.3,1.47%,"374,000.00",-
2023-11-23,KCB,KCB Group Plc,15.75,40,20,22,20.35,20.75,-0.4,1.93%,"2,659,100.00",-
2023-11-24,KCB,KCB Group Plc,15.75,40,19.5,20.2,19.9,20.35,-0.45,2.21%,"238,100.00",-
2023-11-27,KCB,KCB Group Plc,15.75,40,19.5,20.2,19.7,19.9,-0.2,1.01%,"1,129,300.00",-
2023-12-01,KCB,KCB Group Plc,15.75,40,18.9,19.7,19,19.7,-0.7,3.55%,"1,078,400.00",-
2023-12-04,KCB,KCB Group Plc,15.75,40,19,19.5,19.1,19,0.1,0.53%,"95,800.00",-
2023-12-05,KCB,KCB Group Plc,15.75,40,19,19.5,19.25,19.1,0.15,0.79%,"149,200.00",-
2023-12-06,KCB,KCB Group Plc,15.75,40,19.1,19.5,19.25,19.25,-,-,"208,100.00",-
2023-12-07,KCB,KCB Group Plc,15.75,40,19.1,19.5,19.3,19.25,0.05,0.26%,"189,000.00",-
2023-12-08,KCB,KCB Group Plc,15.75,40,19.25,19.45,19.3,19.3,-,-,"1,780,500.00",-
2023-12-11,KCB,KCB Group Plc,15.75,40,19.05,19.35,19.3,19.3,-,-,"149,300.00",-
2023-12-13,KCB,KCB Group Plc,15.75,40,19.2,19.5,19.25,19.3,-0.05,0.26%,"622,600.00",-
2023-12-14,KCB,KCB Group Plc,15.75,40,19,19.35,19.1,19.25,-0.15,0.78%,"159,900.00",-
2023-12-15,KCB,KCB Group Plc,15.75,40,19,19.5,19.1,19.1,-,-,"154,300.00",-
2023-12-18,KCB,KCB Group Plc,15.75,40,19,20.5,19.3,19.1,0.2,1.05%,"341,200.00",-
2023-12-19,KCB,KCB Group Plc,15.75,40,19.4,19.8,19.65,19.3,0.35,1.81%,"41,200.00",-
2023-12-20,KCB,KCB Group Plc,15.75,40,20,21.6,21.2,19.65,1.55,7.89%,"169,500.00",-
2023-12-21,KCB,KCB Group Plc,15.75,40,21.5,23.3,21.95,21.2,0.75,3.54%,"506,400.00",-
2023-12-22,KCB,KCB Group Plc,15.75,40,21.65,22.3,21.85,21.95,-0.1,0.46%,"1,136,000.00",-
2023-12-27,KCB,KCB Group Plc,15.75,40,21.5,22,21.65,21.85,-0.2,0.92%,"50,300.00",-
2023-12-28,KCB,KCB Group Plc,15.75,40,21.6,22.2,22,21.65,0.35,1.62%,"1,406,900.00",-
2023-12-29,KCB,KCB Group Plc,15.75,40,21.75,22,21.9,22,-0.1,0.45%,"244,700.00",-
2024-01-02,KCB,KCB Group Plc,15.75,40,21.8,22,21.95,21.9,0.05,0.23%,"54,700.00",-
2024-01-03,KCB,KCB Group Plc,15.75,40,21.95,23.1,22.8,21.95,0.85,3.87%,"172,600.00",-
2024-01-04,KCB,KCB Group Plc,15.75,40,22.3,23.1,22.7,22.8,-0.1,-0.44%,"275,400.00",-
2024-01-05,KCB,KCB Group Plc,15.75,40,22.45,22.8,22.55,22.7,-0.15,-0.66%,"197,200.00",-
2024-01-08,KCB,KCB Group Plc,15.75,40,22.45,22.8,22.55,22.7,-0.15,-0.66%,"197,200.00",-
2024-01-09,KCB,KCB Group Plc,15.75,40,21.9,22.55,22,22.45,-0.45,-2.00%,"1,074,700.00",-
2024-01-10,KCB,KCB Group Plc,15.75,40,21.8,22.45,22,22,-,-,"1,094,000.00",-
2024-01-11,KCB,KCB Group Plc,15.75,40,21.85,22.7,21.95,22,-0.05,-0.23%,"88,400.00",-
2024-01-12,KCB,KCB Group Plc,15.75,40,21.9,22,22,21.95,0.05,0.23%,"86,500.00",-
2024-01-15,KCB,KCB Group Plc,15.75,40,21.8,22,21.95,22,-0.05,-0.23%,"57,900.00",-
2024-01-16,KCB,KCB Group Plc,15.75,40,21,21.9,21.5,21.95,-0.45,-2.05%,"1,200,300.00",-
2024-01-17,KCB,KCB Group Plc,15.75,40,20.5,21.8,21.15,21.5,-0.35,-1.63%,"186,300.00",-
2024-01-18,KCB,KCB Group Plc,15.75,40,21.15,21.9,21.4,21.15,0.25,1.18%,"54,600.00",-
2024-01-19,KCB,KCB Group Plc,15.75,40,21.25,21.9,21.7,21.4,0.3,1.40%,"881,100.00",-
2024-01-22,KCB,KCB Group Plc,15.75,40,21,21.7,21.6,21.7,-0.1,-0.46%,"2,778,200.00",-
2024-01-23,KCB,KCB Group Plc,15.75,40,21,21.6,21.05,21.6,-0.55,-2.55%,"131,100.00",-
2024-01-24,KCB,KCB Group Plc,15.75,40,20.8,21,20.95,21.05,-0.1,-0.48%,"39,700.00",-
2024-01-25,KCB,KCB Group Plc,15.75,40,20,21,20.5,20.95,-0.45,-2.15%,"161,000.00",-
2024-01-26,KCB,KCB Group Plc,15.75,40,20,20.5,20.4,20.5,-0.1,-0.49%,"46,200.00",-
2024-01-29,KCB,KCB Group Plc,15.75,40,19.5,20.45,20.05,20.4,-0.35,-1.72%,"95,200.00",-
2024-01-30,KCB,KCB Group Plc,15.75,40,19.85,20.5,20,20.05,-0.05,-0.25%,"2,885,300.00",-
2024-01-31,KCB,KCB Group Plc,15.75,40,19.9,20.5,20.1,20,0.1,0.50%,"436,500.00",-
2024-02-01,KCB,KCB Group Plc,15.75,40,19.9,20.5,20.1,20,0.1,0.50%,"436,500.00",-
2024-02-02,KCB,KCB Group Plc,15.75,40,20,21,20.4,19.95,0.45,2.26%,"299,700.00",-
2024-02-05,KCB,KCB Group Plc,15.75,40,20,20.5,20.4,20.4,-,-,"304,300.00",-
2024-02-06,KCB,KCB Group Plc,15.75,40,19.95,20.45,20.2,20.4,-0.2,-0.98%,"320,400.00",-
2024-02-07,KCB,KCB Group Plc,15.75,40,20.3,20.5,20.45,20.2,0.25,1.24%,"80,100.00",-
2024-02-08,KCB,KCB Group Plc,15.75,40,19.9,20.5,20.15,20.45,-0.3,-1.47%,"195,600.00",-
2024-02-09,KCB,KCB Group Plc,15.75,40,19.8,20,19.95,20.15,-0.2,-0.99%,"70,000.00",-
2024-02-12,KCB,KCB Group Plc,15.75,40,18.8,19.5,19.2,19.95,-0.75,-3.76%,"265,500.00",-
2024-02-13,KCB,KCB Group Plc,15.75,40,18.5,19.2,19.05,19.2,-0.15,-0.78%,"348,300.00",-
2024-02-14,KCB,KCB Group Plc,15.75,40,18.5,19.7,19,19.05,-0.05,-0.26%,"234,200.00",-
2024-02-15,KCB,KCB Group Plc,15.75,40,18.6,19.25,19,19,-,-,"393,100.00",-
2024-02-16,KCB,KCB Group Plc,15.75,40,19.05,20,19.85,19,0.85,4.47%,"60,900.00",-
2024-02-19,KCB,KCB Group Plc,15.75,40,19.95,20.15,20.1,19.85,0.25,1.26%,"123,000.00",-
2024-02-20,KCB,KCB Group Plc,15.75,40,20,20.15,20.1,20.1,-,-,"1,928,400.00",-
2024-02-21,KCB,KCB Group Plc,15.75,40,19.95,20.4,20.05,20.1,-0.05,-0.25%,"1,927,700.00",-
2024-02-22,KCB,KCB Group Plc,15.75,40,19.95,20.5,20.15,20.05,0.1,0.50%,"1,569,400.00",-
2024-02-23,KCB,KCB Group Plc,15.75,40,20.4,20.5,20.5,20.15,0.35,1.74%,"1,517,900.00",-
2024-02-26,KCB,KCB Group Plc,15.75,40,20.3,20.5,20.4,20.5,-0.1,-0.49%,"1,264,500.00",-
2024-02-27,KCB,KCB Group Plc,15.75,40,20.1,20.5,20.35,20.4,-0.05,-0.25%,"3,969,400.00",-
2024-02-28,KCB,KCB Group Plc,15.75,40,20.35,20.75,20.5,20.35,0.15,0.74%,"4,734,400.00",-
2024-02-29,KCB,KCB Group Plc,15.75,40,20.5,21,20.7,20.5,0.2,0.98%,"978,100.00",-
2024-03-01,KCB,KCB Group Plc,15.75,40,20.5,21.75,21.2,20.7,0.5,2.42%,"121,500.00",-
2024-03-04,KCB,KCB Group Plc,15.75,40,21,21.75,21.5,21.2,0.3,1.42%,"146,600.00",-
2024-03-05,KCB,KCB Group Plc,15.75,40,20.9,21.85,21.45,21.5,-0.05,-0.23%,"223,200.00",-
2024-03-06,KCB,KCB Group Plc,15.75,40,20.5,21.5,21.05,21.45,-0.4,-1.86%,"289,500.00",-
2024-03-07,KCB,KCB Group Plc,15.75,40,20.35,21.5,20.75,21.05,-0.3,-1.43%,"74,800.00",-
2024-03-08,KCB,KCB Group Plc,15.75,40,20.5,21,20.7,20.75,-0.05,-0.24%,"525,300.00",-
2024-03-11,KCB,KCB Group Plc,15.75,40,20.8,21,20.9,20.7,0.2,0.97%,"183,600.00",-
2024-03-12,KCB,KCB Group Plc,15.75,40,20.9,21,21,20.9,0.1,0.48%,"6,718,700.00",-
2024-03-13,KCB,KCB Group Plc,15.75,40,21,22.5,21.95,21,0.95,4.52%,"5,424,300.00",-
2024-03-14,KCB,KCB Group Plc,15.75,40,22.5,24,23.05,21.95,1.1,5.01%,"562,700.00",-
2024-03-15,KCB,KCB Group Plc,15.75,40,22.5,24,23.05,21.95,1.1,5.01%,"562,700.00",-
2024-03-18,KCB,KCB Group Plc,15.75,40,23.8,24.5,24.1,24,0.1,0.42%,"1,414,000.00",-
2024-03-19,KCB,KCB Group Plc,15.75,40,24.05,24.95,24.3,24.1,0.2,0.83%,"3,797,100.00",-
2024-03-20,KCB,KCB Group Plc,15.75,40,25,26.7,26.55,24.3,2.25,9.26%,"617,400.00",-
2024-03-21,KCB,KCB Group Plc,15.75,40,22,26.6,24.15,26.55,-2.4,-9.04%,"14,975,400.00",-
2024-03-22,KCB,KCB Group Plc,15.75,40,24.55,26.2,25.55,24.15,1.4,5.80%,"5,159,800.00",-
2024-03-25,KCB,KCB Group Plc,15.75,40,25,28.1,27.2,25.55,1.65,6.46%,"13,607,700.00",-
2024-03-26,KCB,KCB Group Plc,15.75,40,27.35,29.9,29.8,27.2,2.6,9.56%,"6,046,200.00",-
2024-03-27,KCB,KCB Group Plc,15.75,40,29.95,32.7,31.25,29.8,1.45,4.87%,"6,177,900.00",-
2024-03-28,KCB,KCB Group Plc,15.75,40,30,31.5,30.05,31.25,-1.2,-3.84%,"2,680,600.00",-
2024-04-02,KCB,KCB Group Plc,15.75,40,29,31.3,29.95,30.05,-0.1,-0.33%,"560,300.00",-
2024-04-03,KCB,KCB Group Plc,15.75,40,30,30.1,30,29.95,0.05,0.17%,"728,500.00",-
2024-04-04,KCB,KCB Group Plc,15.75,40,30,31,30,30,-,-,"809,800.00",-
2024-04-05,KCB,KCB Group Plc,15.75,40,30,30.8,30.1,30,0.1,0.33%,"1,973,000.00",-
2024-04-08,KCB,KCB Group Plc,15.75,40,30.1,30.75,30.45,30.1,0.35,1.16%,"4,027,200.00",-
2024-04-09,KCB,KCB Group Plc,15.75,40,30.2,30.8,30.45,30.45,-,-,"4,561,300.00",-
2024-04-11,KCB,KCB Group Plc,15.75,40,30.2,30.4,30.3,30.45,-0.15,-0.49%,"1,523,200.00",-
2024-04-12,KCB,KCB Group Plc,15.75,40,30,30.3,30.05,30.3,-0.25,-0.83%,"3,708,400.00",-
2024-04-15,KCB,KCB Group Plc,15.75,40,27.05,30.1,28.95,30.05,-1.1,-3.66%,"3,397,700.00",-
2024-04-16,KCB,KCB Group Plc,15.75,40,26.95,29,27.85,28.95,-1.1,-3.80%,"847,500.00",-
2024-04-17,KCB,KCB Group Plc,15.75,40,26.6,27.35,27,27.85,-0.85,-3.05%,"1,601,800.00",-
2024-04-18,KCB,KCB Group Plc,15.75,40,26.5,28,27.15,27,0.15,0.56%,"2,857,100.00",-
2024-04-19,KCB,KCB Group Plc,15.75,40,27.05,28.5,27.95,27.15,0.8,2.95%,"1,620,800.00",-
2024-04-22,KCB,KCB Group Plc,15.75,40,28,28.95,28.3,27.95,0.35,1.25%,"46,200.00",-
2024-04-23,KCB,KCB Group Plc,15.75,40,28,30,29.8,28.3,1.5,5.30%,"1,471,600.00",-
2024-04-24,KCB,KCB Group Plc,15.75,40,29.05,30.5,30,29.8,0.2,0.67%,"11,784,500.00",-
2024-04-25,KCB,KCB Group Plc,15.75,40,29,30.4,30,30,-,-,"1,700,600.00",-
2024-04-26,KCB,KCB Group Plc,15.75,40,29.8,30.25,30.15,30,0.15,0.50%,"5,861,100.00",-
2024-04-29,KCB,KCB Group Plc,15.75,40,29.9,30.2,29.95,30.15,-0.2,-0.66%,"3,114,900.00",-
2024-04-30,KCB,KCB Group Plc,15.75,40,29,30.1,29.95,29.95,-,-,"3,900,500.00",-
2024-05-02,KCB,KCB Group Plc,15.75,40,29.15,29.95,29.3,29.95,-0.65,-2.17%,"56,300.00",-
2024-05-03,KCB,KCB Group Plc,15.75,40,29.3,29.65,29.5,29.3,0.2,0.68%,"284,500.00",-
2024-05-06,KCB,KCB Group Plc,15.75,40,29.55,30.15,29.95,29.5,0.45,1.53%,"590,200.00",-
2024-05-07,KCB,KCB Group Plc,15.75,40,29.5,30.4,30.1,29.95,0.15,0.50%,"717,200.00",-
2024-05-08,KCB,KCB Group Plc,15.75,40,30,30.3,30.05,30.1,-0.05,-0.17%,"5,747,100.00",-
2024-05-09,KCB,KCB Group Plc,15.75,40,30.05,30.4,30.05,30.05,-,-,"575,300.00",-
2024-05-13,KCB,KCB Group Plc,15.75,40,30,30.45,30.05,30.05,-,-,"352,400.00",-
2024-05-14,KCB,KCB Group Plc,15.75,40,30.05,30.25,30.1,30.05,0.05,0.17%,"270,200.00",-
2024-05-15,KCB,KCB Group Plc,15.75,40,30.15,30.5,30.35,30.1,0.25,0.83%,"1,750,500.00",-
2024-05-16,KCB,KCB Group Plc,15.75,40,30.2,31.2,30.8,30.35,0.45,1.48%,"1,018,100.00",-
2024-05-17,KCB,KCB Group Plc,15.75,40,31.2,32.5,31.85,30.8,1.05,3.41%,"849,500.00",-
2024-05-20,KCB,KCB Group Plc,15.75,40,32,32.45,32.05,31.85,0.2,0.63%,"431,000.00",-
2024-05-21,KCB,KCB Group Plc,15.75,40,32,32.5,32.2,32.05,0.15,0.47%,"3,350,000.00",-
2024-05-22,KCB,KCB Group Plc,15.75,40,32,32.45,32.2,32.2,-,-,"5,948,000.00",-
2024-05-23,KCB,KCB Group Plc,15.75,40,33,35.7,35.05,32.2,2.85,8.85%,"2,172,900.00",-
2024-05-24,KCB,KCB Group Plc,15.75,40,34.5,35.95,35.15,35.05,0.1,0.29%,"2,336,900.00",-
2024-05-27,KCB,KCB Group Plc,15.75,40,35.05,37,36.1,35.15,0.95,2.70%,"3,243,600.00",-
2024-05-28,KCB,KCB Group Plc,15.75,40,36.45,39,37.95,36.1,1.85,5.12%,"3,751,900.00",-
2024-05-29,KCB,KCB Group Plc,15.75,40,36.45,38.95,37.6,37.95,-0.35,-0.92%,"133,100.00",-
2024-05-30,KCB,KCB Group Plc,15.75,40,35.5,36.5,36.3,37.6,-1.3,-3.46%,"2,551,400.00",-
2024-05-31,KCB,KCB Group Plc,15,39,34.6,36.45,35.55,36.3,-0.75,-2.07%,"277,700.00",-
2024-06-03,KCB,KCB Group Plc,15.75,40,35.25,36.5,35.3,35.55,-0.25,-0.70%,"7,803,700.00",-
2024-06-04,KCB,KCB Group Plc,15.75,40,35.5,36.2,35.85,35.3,0.55,1.56%,"543,100.00",-
2024-06-05,KCB,KCB Group Plc,15.75,40,35.85,37.5,36.05,35.85,0.2,0.56%,"546,900.00",-
2024-06-06,KCB,KCB Group Plc,15.75,40,36.05,37.9,36.7,36.05,0.65,1.80%,"169,100.00",-
2024-06-07,KCB,KCB Group Plc,15.75,40,36,36.7,36.45,36.7,-0.25,-0.68%,"766,800.00",-
2024-06-10,KCB,KCB Group Plc,15.75,40,35.8,36.6,36.1,36.45,-0.35,-0.96%,"156,800.00",-
2024-06-11,KCB,KCB Group Plc,15.75,40,35.75,36.1,35.95,36.1,-0.15,-0.42%,"3,361,300.00",-
2024-06-12,KCB,KCB Group Plc,15.75,40,35.1,35.8,35.45,35.95,-0.5,-1.39%,"68,000.00",-
2024-06-13,KCB,KCB Group Plc,15.75,40,35.2,35.8,35.55,35.45,0.1,0.28%,"2,118,700.00",-
2024-06-14,KCB,KCB Group Plc,15.75,40,35.05,35.6,35.45,35.55,-0.1,-0.28%,"162,700.00",-
2024-06-18,KCB,KCB Group Plc,15.75,40,34.2,35.45,34.55,35.45,-0.9,-2.54%,"176,500.00",-
2024-06-19,KCB,KCB Group Plc,15.75,40,34,34.9,34.05,34.55,-0.5,-1.45%,"1,046,500.00",-
2024-06-20,KCB,KCB Group Plc,15.75,40,34,34.45,34.15,34.05,0.1,0.29%,"329,300.00",-
2024-06-21,KCB,KCB Group Plc,15.75,40,33,34.4,34.15,34.15,-,-,"1,713,500.00",-
2024-06-24,KCB,KCB Group Plc,15.75,40,31.35,34,32.85,34.15,-1.3,-3.81%,"190,000.00",-
2024-06-25,KCB,KCB Group Plc,15.75,40,30.75,33,30.85,32.85,-2,-6.09%,"1,408,600.00",-
2024-06-26,KCB,KCB Group Plc,15,40,31.15,32.5,31.75,30.85,0.9,2.92%,"190,200.00",-
2024-06-27,KCB,KCB Group Plc,15,40,30,32.5,31.3,31.75,-0.45,-1.42%,"218,000.00",-
2024-06-28,KCB,KCB Group Plc,15.75,40,31,31.95,31.25,31.3,-0.05,-0.16%,"197,300.00",-
2024-07-01,KCB,KCB Group Plc,15,40,31,32,31.35,31.25,0.1,0.32%,"48,400.00",-
2024-07-02,KCB,KCB Group Plc,15,40,31,31.95,31.5,31.35,0.15,0.48%,"1,323,600.00",-
2024-07-03,KCB,KCB Group Plc,15,40,31.5,31.8,31.7,31.5,0.2,0.63%,"241,900.00",-
2024-07-04,KCB,KCB Group Plc,15,40,31.55,32,31.6,31.7,-0.1,-0.32%,"237,300.00",-
2024-07-05,KCB,KCB Group Plc,15,40,31.6,32.5,32,31.6,0.4,1.27%,"443,400.00",-
2024-07-08,KCB,KCB Group Plc,15,40,32,35,33.45,32,1.45,4.53%,"82,500.00",-
2024-07-09,KCB,KCB Group Plc,15,40,33.5,34.5,33.9,33.45,0.45,1.35%,"890,500.00",-
2024-07-10,KCB,KCB Group Plc,15,40,34.15,36,35.6,33.9,1.7,5.01%,"218,600.00",-
2024-07-11,KCB,KCB Group Plc,15,40,34.25,35.65,34.9,35.6,-0.7,-1.97%,"238,100.00",-
2024-07-12,KCB,KCB Group Plc,15,40,34.05,34.9,34.15,34.9,-0.75,-2.15%,"85,600.00",-
2024-07-15,KCB,KCB Group Plc,15,40,34.3,35,34.65,34.15,0.5,1.46%,"77,700.00",-
2024-07-16,KCB,KCB Group Plc,15,40,34,34.6,34.2,34.65,-0.45,-1.30%,"90,200.00",-
2024-07-17,KCB,KCB Group Plc,15,40,34,34.9,34.45,34.2,0.25,0.73%,"653,400.00",-
2024-07-18,KCB,KCB Group Plc,15,40,34,34.7,34.3,34.45,-0.15,-0.44%,"317,000.00",-
2024-07-19,KCB,KCB Group Plc,15,40,33.6,34.8,34,34.3,-0.3,-0.87%,"124,800.00",-
2024-07-22,KCB,KCB Group Plc,15,40,33,33.9,33.45,34,-0.55,-1.62%,"106,000.00",-
2024-07-23,KCB,KCB Group Plc,15,40,32.5,33.45,32.8,33.45,-0.65,-1.94%,"118,100.00",-
2024-07-24,KCB,KCB Group Plc,15,40,32.25,32.95,32.75,32.8,-0.05,-0.15%,"328,300.00",-
2024-07-25,KCB,KCB Group Plc,15,40,31.5,32.75,32.1,32.75,-0.65,-1.98%,"706,300.00",-
2024-07-26,KCB,KCB Group Plc,15,40,31,32.5,31.8,32.1,-0.3,-0.93%,"43,100.00",-
2024-07-29,KCB,KCB Group Plc,15,40,31,32,31.7,31.8,-0.1,-0.31%,"811,900.00",-
2024-07-30,KCB,KCB Group Plc,15,40,30.6,31.85,31.2,31.7,-0.5,-1.58%,"1,711,700.00",-
2024-07-31,KCB,KCB Group Plc,15,39,30.3,31,30.5,31.2,-0.7,-2.24%,"292,600.00",-
2024-08-01,KCB,KCB Group Plc,15,40,30.3,31.2,30.6,30.5,0.1,0.33%,"43,500.00",-
2024-08-02,KCB,KCB Group Plc,15,40,30.5,32,30.8,30.6,0.2,0.65%,"189,500.00",-
2024-08-05,KCB,KCB Group Plc,15,40,30.3,31,30.45,30.8,-0.35,-1.14%,"123,500.00",-
2024-08-06,KCB,KCB Group Plc,15,40,29.5,30.3,30,30.45,-0.45,-1.48%,"4,691,600.00",-
2024-08-07,KCB,KCB Group Plc,15,40,29.15,29.9,29.5,30,-0.5,-1.67%,"2,317,400.00",-
2024-08-08,KCB,KCB Group Plc,15,40,29.2,30,29.8,29.5,0.3,1.02%,"7,194,200.00",-
2024-08-09,KCB,KCB Group Plc,15,40,29.85,30,30,29.8,0.2,0.67%,"319,400.00",-
2024-08-12,KCB,KCB Group Plc,15,40,29.9,30,30,30,-,-,"112,100.00",-
2024-08-13,KCB,KCB Group Plc,15,40,29.9,30,29.95,30,-0.05,-0.17%,"1,069,300.00",-
2024-08-14,KCB,KCB Group Plc,15,40,29.5,30,29.9,29.95,-0.05,-0.17%,"165,800.00",-
2024-08-15,KCB,KCB Group Plc,15,40,29.2,29.9,29.35,29.9,-0.55,-1.84%,"241,600.00",-
2024-08-16,KCB,KCB Group Plc,15,40,29.3,30,29.85,29.35,0.5,1.70%,"2,638,600.00",-
2024-08-19,KCB,KCB Group Plc,15,40,29.25,29.85,29.4,29.85,-0.45,-1.51%,"31,500.00",-
2024-08-20,KCB,KCB Group Plc,15,40,29.05,30,29.85,29.4,0.45,1.53%,"1,530,400.00",-
2024-08-21,KCB,KCB Group Plc,15,40,29.75,30,29.9,29.85,0.05,0.17%,"1,463,200.00",-
2024-08-22,KCB,KCB Group Plc,15,40,31,33.9,32.25,29.9,2.35,7.86%,"1,195,800.00",-
2024-08-23,KCB,KCB Group Plc,15,40,31.5,32.15,31.95,32.25,-0.3,-0.93%,"1,758,200.00",-
2024-08-26,KCB,KCB Group Plc,15,40,31.5,31.95,31.65,31.95,-0.3,-0.94%,"750,700.00",-
2024-08-27,KCB,KCB Group Plc,15,40,31.05,31.65,31.5,31.65,-0.15,-0.47%,"3,610,300.00",-
2024-08-28,KCB,KCB Group Plc,15,40,31,31.6,31.2,31.5,-0.3,-0.95%,"2,240,500.00",-
2024-08-29,KCB,KCB Group Plc,15,40,30.9,31.6,31.35,31.2,0.15,0.48%,"539,700.00",-
2024-08-30,KCB,KCB Group Plc,15,39,31.6,32.5,31.75,31.35,0.4,1.28%,"977,900.00",-
2024-09-02,KCB,KCB Group Plc,15,40,31.75,34.4,32.3,31.75,0.55,1.73%,"397,200.00",-
2024-09-03,KCB,KCB Group Plc,15,40,32.8,34,33.3,32.3,1,3.10%,"240,600.00",-
2024-09-04,KCB,KCB Group Plc,15,40,32.85,33.5,33.1,33.3,-0.2,-0.60%,"1,812,100.00",-
2024-09-05,KCB,KCB Group Plc,15,40,33.3,34.4,33.8,33.1,0.7,2.11%,"172,600.00",-
2024-09-06,KCB,KCB Group Plc,15,40,33.1,34,33.7,33.8,-0.1,-0.30%,"475,400.00",-
2024-09-09,KCB,KCB Group Plc,15,40,34,35.45,34.95,33.7,1.25,3.71%,"3,071,000.00",-
2024-09-10,KCB,KCB Group Plc,15,40,34.3,35.5,34.85,34.95,-0.1,-0.29%,"97,200.00",-
2024-09-11,KCB,KCB Group Plc,15,40,34.05,34.8,34.5,34.85,-0.35,-1.00%,"1,840,500.00",-
2024-09-12,KCB,KCB Group Plc,15,40,33,34.4,33.9,34.5,-0.6,-1.74%,"270,100.00",-
2024-09-13,KCB,KCB Group Plc,15,40,32,33,32.4,33.9,-1.5,-4.42%,"3,055,300.00",-
2024-09-16,KCB,KCB Group Plc,15,40,32.5,33.4,32.9,32.4,0.5,1.54%,"174,200.00",-
2024-09-17,KCB,KCB Group Plc,15,40,32.5,33.5,32.8,32.9,-0.1,-0.30%,"82,600.00",-
2024-09-18,KCB,KCB Group Plc,15,40,32.55,33.5,33,32.8,0.2,0.61%,"2,066,600.00",-
2024-09-19,KCB,KCB Group Plc,15,40,33,33.9,33.35,33,0.35,1.06%,"227,200.00",-
2024-09-20,KCB,KCB Group Plc,15,40,33.5,34.25,33.85,33.35,0.5,1.50%,"2,261,400.00",-
2024-09-23,KCB,KCB Group Plc,15,40,33.6,34.5,33.75,33.85,-0.1,-0.30%,"1,637,400.00",-
2024-09-24,KCB,KCB Group Plc,15,40,34.05,35.35,34.85,33.75,1.1,3.26%,"224,400.00",-
2024-09-25,KCB,KCB Group Plc,15,40,34.9,35.9,35.3,34.85,0.45,1.29%,"517,500.00",-
2024-09-26,KCB,KCB Group Plc,15,40,35,35.5,35.15,35.3,-0.15,-0.42%,"1,806,300.00",-
2024-09-27,KCB,KCB Group Plc,15,40,34.55,35.2,35,35.15,-0.15,-0.43%,"440,000.00",-
2024-09-30,KCB,KCB Group Plc,15,40,34,35,34.7,35,-0.3,-0.86%,"692,000.00",-
2024-10-01,KCB,KCB Group Plc,15,40,34,35,34.65,34.7,-0.05,-0.14%,"121,200.00",-
2024-10-02,KCB,KCB Group Plc,15.75,40,34.7,35.4,35.05,34.65,0.4,1.15%,"3,037,500.00",-
2024-10-03,KCB,KCB Group Plc,15.75,40,35,35.5,35.25,35.05,0.2,0.57%,"452,900.00",-
2024-10-04,KCB,KCB Group Plc,15.75,40,35.1,35.35,35.2,35.25,-0.05,-0.14%,"79,900.00",-
2024-10-07,KCB,KCB Group Plc,15.75,40,35.2,35.5,35.3,35.2,0.1,0.28%,"67,100.00",-
2024-10-08,KCB,KCB Group Plc,15.75,40,35.25,35.85,35.45,35.3,0.15,0.42%,"369,100.00",-
2024-10-09,KCB,KCB Group Plc,15,39,35.55,37,36.25,35.45,0.8,2.26%,"1,921,800.00",-
2024-10-11,KCB,KCB Group Plc,15,39,36,37,36.65,36.25,0.4,1.10%,"757,500.00",-
2024-10-14,KCB,KCB Group Plc,15,39,36,36.75,36.5,36.65,-0.15,-0.41%,"351,300.00",-
2024-10-15,KCB,KCB Group Plc,15,39,36.2,36.9,36.5,36.5,-,-,"201,300.00",-
2024-10-16,KCB,KCB Group Plc,15,39,36.6,37.05,36.8,36.5,0.3,0.82%,"791,900.00",-
2024-10-17,KCB,KCB Group Plc,15,39.95,36.6,38.9,38.25,36.8,1.45,3.94%,"7,736,800.00",-
2024-10-18,KCB,KCB Group Plc,15,40,38.6,39.95,39.05,38.25,0.8,2.09%,"742,400.00",-
2024-10-22,KCB,KCB Group Plc,15,40,38.5,40,39.05,39.05,-,-,"472,300.00",-
2024-10-23,KCB,KCB Group Plc,15,40,36.6,39,37.95,39.05,-1.1,-2.82%,"935,800.00",-
2024-10-24,KCB,KCB Group Plc,15,40,36.7,38,37.55,37.95,-0.4,-1.05%,"178,400.00",-
2024-10-25,KCB,KCB Group Plc,15,40,37.2,38,37.55,37.55,-,-,"756,500.00",-
2024-10-28,KCB,KCB Group Plc,15,40,37.7,39,38.6,37.55,1.05,2.80%,"986,200.00",-
2024-10-29,KCB,KCB Group Plc,15,40,38.15,39.05,38.95,38.6,0.35,0.91%,"1,753,300.00",-
2024-10-30,KCB,KCB Group Plc,15,40,38.15,39.05,38.3,38.95,-0.65,-1.67%,"230,500.00",-
2024-10-31,KCB,KCB Group Plc,15,40,38.15,38.9,38.5,38.3,0.2,0.52%,"622,200.00",-
2024-11-04,KCB,KCB Group Plc,15,40,37.5,38.5,37.55,38.5,-0.95,-2.47%,"317,800.00",-
2024-11-05,KCB,KCB Group Plc,15,40,38,39,38.4,37.55,0.85,2.26%,"3,824,900.00",-
2024-11-06,KCB,KCB Group Plc,15,40,38.05,39,38.5,38.4,0.1,0.26%,"236,900.00",-
2024-11-07,KCB,KCB Group Plc,15.75,40,38.1,38.85,38.45,38.5,-0.05,-0.13%,"77,400.00",-
2024-11-08,KCB,KCB Group Plc,15.75,40,38.5,39.5,39,38.45,0.55,1.43%,"1,705,600.00",-
2024-11-11,KCB,KCB Group Plc,16.05,40,39,40,39.15,39,0.15,0.38%,"134,900.00",-
2024-11-12,KCB,KCB Group Plc,16.05,40,39,39.5,39.35,39.15,0.2,0.51%,"168,800.00",-
2024-11-13,KCB,KCB Group Plc,16.05,40,39.05,40,39.4,39.35,0.05,0.13%,"1,051,700.00",-
2024-11-14,KCB,KCB Group Plc,16.8,40,39.2,40,39.55,39.4,0.15,0.38%,"1,153,900.00",-
2024-11-15,KCB,KCB Group Plc,18.5,40,39,39.35,39.1,39.55,-0.45,-1.14%,"89,700.00",-
2024-11-18,KCB,KCB Group Plc,18.5,40,39,39.9,39.35,39.1,0.25,0.64%,"1,913,100.00",-
2024-11-19,KCB,KCB Group Plc,18.5,40,39,39.75,39.25,39.35,-0.1,-0.25%,"325,200.00",-
2024-11-20,KCB,KCB Group Plc,18.5,41,37.6,39.4,39.15,39.25,-0.1,-0.25%,"1,133,300.00",-
2024-11-21,KCB,KCB Group Plc,18.5,41,37.55,41,39.3,39.15,0.15,0.38%,"1,652,000.00",-
2024-11-22,KCB,KCB Group Plc,18.5,41,38,40,39.05,39.3,-0.25,-0.64%,"240,900.00",-
2024-11-25,KCB,KCB Group Plc,18.5,41,38,39.45,39.2,39.05,0.15,0.38%,"294,500.00",-
2024-11-26,KCB,KCB Group Plc,18.5,41,38,39.6,38.1,39.2,-1.1,-2.81%,"344,800.00",-
2024-11-27,KCB,KCB Group Plc,18.5,41,38,38.9,38.35,38.1,0.25,0.66%,"115,800.00",-
2024-11-28,KCB,KCB Group Plc,18.5,41,38.4,39,38.5,38.35,0.15,0.39%,"278,900.00",-
2024-11-29,KCB,KCB Group Plc,18.5,41,38,39,38.4,38.5,-0.1,-0.26%,"164,000.00",-
2024-12-02,KCB,KCB Group Plc,18.5,41,37.75,38.5,38,38.4,-0.4,-1.04%,"161,100.00",-
2024-12-03,KCB,KCB Group Plc,18.5,41,38,38.5,38.15,38,0.15,0.39%,"114,500.00",-
2024-12-04,KCB,KCB Group Plc,18.5,41,37,38.5,37.9,38.15,-0.25,-0.66%,"88,800.00",-
2024-12-05,KCB,KCB Group Plc,18.5,41,37.75,38,37.95,37.9,0.05,0.13%,"2,724,600.00",-
2024-12-06,KCB,KCB Group Plc,18.5,41,37.75,38.1,37.95,37.95,-,-,"63,200.00",-
2024-12-09,KCB,KCB Group Plc,18.5,41,37.05,38.5,37.9,37.95,-0.05,-0.13%,"172,300.00",-
2024-12-10,KCB,KCB Group Plc,18.5,41,38.3,39.5,39.25,37.9,1.35,3.56%,"189,500.00",-
2024-12-11,KCB,KCB Group Plc,18.5,41,39,40,39.25,39.25,-,-,"3,126,800.00",-
2024-12-13,KCB,KCB Group Plc,18.5,41,39.1,40,39.5,39.25,0.25,0.64%,"1,559,900.00",-
2024-12-16,KCB,KCB Group Plc,18.5,41,39.1,39.95,39.5,39.5,-,-,"1,149,300.00",-
2024-12-17,KCB,KCB Group Plc,18.5,41,39.3,39.9,39.55,39.5,0.05,0.13%,"161,200.00",-
2024-12-18,KCB,KCB Group Plc,18.5,41,39.4,39.85,39.6,39.55,0.05,0.13%,"1,400,700.00",-
2024-12-19,KCB,KCB Group Plc,18.5,41,39.25,39.7,39.55,39.6,-0.05,-0.13%,"71,200.00",-
2024-12-20,KCB,KCB Group Plc,18.5,41,39.5,39.95,39.65,39.55,0.1,0.25%,"726,700.00",-
2024-12-23,KCB,KCB Group Plc,18.5,41,39.25,39.95,39.5,39.65,-0.15,-0.38%,"1,152,700.00",-
2024-12-24,KCB,KCB Group Plc,18.5,42.5,39.3,39.95,39.55,39.5,0.05,0.13%,"194,900.00",-
2024-12-27,KCB,KCB Group Plc,18.5,41,39.6,40,39.95,39.55,0.4,1.01%,"89,500.00",-
2024-12-30,KCB,KCB Group Plc,18.5,42.5,39.9,40.5,40,39.95,0.05,0.13%,"959,600.00",-
2024-12-31,KCB,KCB Group Plc,18.5,42.8,40,42.5,41.6,40,1.6,4.00%,"136,800.00",-
