DATE,CODE,NAME,12m Low,12m High,Day Low,Day High,Day Price,Previous,Change,Change%,Volume,Adjust
2013-01-02,SCOM,Safaricom Plc,23.5,33.5,5,5.15,5.1,5,0.1,2.00%,"3,320,600",-
2013-01-03,SCOM,Safaricom Plc,23.5,33.5,5.1,5.25,5.15,5.1,0.05,0.98%,"7,252,500",-
2013-01-04,SCOM,Safaricom Plc,23.5,33.5,5.15,5.35,5.25,5.15,0.1,1.94%,"4,125,900",-
2013-01-07,SCOM,Safaricom Plc,23.5,33.5,5.2,5.45,5.35,5.25,0.1,1.90%,"4,098,600",-
2013-01-08,SCOM,Safaricom Plc,23.5,33.5,5.4,5.85,5.6,5.35,0.25,4.67%,"10,998,900",-
2013-01-09,SCOM,Safaricom Plc,23.5,33.5,5.5,6,5.8,5.6,0.2,3.57%,"13,692,600",-
2013-01-10,SCOM,Safaricom Plc,23.5,33.5,5.55,5.8,5.6,5.8,-0.2,3.45%,"6,690,200",-
2013-01-11,SCOM,Safaricom Plc,23.5,33.5,5.6,5.7,5.6,5.6,-,-,"4,441,400",-
2013-01-14,SCOM,Safaricom Plc,23.5,33.5,5.6,5.7,5.6,5.6,-,-,"10,957,000",-
2013-01-15,SCOM,Safaricom Plc,23.5,33.5,5.55,5.8,5.65,5.6,0.05,0.89%,"11,688,300",-
2013-01-16,SCOM,Safaricom Plc,23.5,33.5,5.65,5.85,5.75,5.65,0.1,1.77%,"9,132,300",-
2013-01-17,SCOM,Safaricom Plc,23.5,33.5,5.7,5.8,5.75,5.75,-,-,"15,912,500",-
2013-01-18,SCOM,Safaricom Plc,23.5,33.5,5.75,5.8,5.75,5.75,-,-,"13,298,800",-
2013-01-21,SCOM,Safaricom Plc,23.5,33.5,5.5,5.8,5.75,5.75,-,-,"44,024,200",-
2013-01-22,SCOM,Safaricom Plc,23.5,33.5,5.55,5.75,5.65,5.75,-0.1,1.74%,"11,704,000",-
2013-01-23,SCOM,Safaricom Plc,23.5,33.5,5.5,5.75,5.6,5.65,-0.05,0.88%,"15,443,800",-
2013-01-24,SCOM,Safaricom Plc,23.5,33.5,5.5,5.7,5.6,5.6,-,-,"10,709,600",-
2013-01-25,SCOM,Safaricom Plc,23.5,33.5,5.35,5.65,5.55,5.6,-0.05,0.89%,"8,849,900",-
2013-01-28,SCOM,Safaricom Plc,23.5,33.5,5.25,5.6,5.4,5.55,-0.15,2.70%,"25,313,400",-
2013-01-29,SCOM,Safaricom Plc,23.5,33.5,5.2,5.4,5.3,5.4,-0.1,1.85%,"10,536,800",-
2013-01-30,SCOM,Safaricom Plc,23.5,33.5,5.25,5.5,5.3,5.3,-,-,"18,410,500",-
2013-01-31,SCOM,Safaricom Plc,23.5,33.5,5.3,5.5,5.45,5.3,0.15,2.83%,"3,669,500",-
2013-02-01,SCOM,Safaricom Plc,23.5,33.5,5.4,5.55,5.5,5.45,0.05,0.92%,"110,832,700",-
2013-02-04,SCOM,Safaricom Plc,23.5,33.5,5.35,5.55,5.45,5.5,-0.05,0.91%,"2,871,900",-
2013-02-05,SCOM,Safaricom Plc,23.5,33.5,5.35,5.6,5.4,5.45,-0.05,0.92%,"28,078,100",-
2013-02-06,SCOM,Safaricom Plc,23.5,33.5,5.4,5.5,5.4,5.4,-,-,"3,453,300",-
2013-02-07,SCOM,Safaricom Plc,23.5,33.5,5.4,5.5,5.4,5.4,-,-,"36,267,900",-
2013-02-08,SCOM,Safaricom Plc,23.5,33.5,5.5,5.6,5.55,5.4,0.15,2.78%,"18,076,700",-
2013-02-11,SCOM,Safaricom Plc,23.5,33.5,5.55,5.7,5.65,5.55,0.1,1.80%,"9,357,400",-
2013-02-12,SCOM,Safaricom Plc,23.5,33.5,5.65,5.75,5.65,5.65,-,-,"25,566,000",-
2013-02-13,SCOM,Safaricom Plc,23.5,33.5,5.55,5.75,5.7,5.65,0.05,0.88%,"20,902,300",-
2013-02-14,SCOM,Safaricom Plc,23.5,33.5,5.55,5.65,5.6,5.7,-0.1,1.75%,"4,861,200",-
2013-02-15,SCOM,Safaricom Plc,23.5,33.5,5.55,5.65,5.55,5.6,-0.05,0.89%,"1,749,600",-
2013-02-18,SCOM,Safaricom Plc,23.5,33.5,5.55,5.75,5.55,5.55,-,-,"14,742,700",-
2013-02-19,SCOM,Safaricom Plc,23.5,33.5,5.6,5.7,5.65,5.55,0.1,1.80%,"7,959,400",-
2013-02-20,SCOM,Safaricom Plc,23.5,33.5,5.65,5.8,5.7,5.65,0.05,0.88%,"62,303,400",-
2013-02-21,SCOM,Safaricom Plc,23.5,33.5,5.65,5.75,5.7,5.7,-,-,"15,094,500",-
2013-02-22,SCOM,Safaricom Plc,23.5,33.5,5.65,5.75,5.65,5.7,-0.05,0.88%,"8,582,300",-
2013-02-25,SCOM,Safaricom Plc,23.5,33.5,5.65,5.7,5.65,5.65,-,-,"1,233,300",-
2013-02-26,SCOM,Safaricom Plc,23.5,33.5,5.65,5.75,5.65,5.65,-,-,"3,609,300",-
2013-02-27,SCOM,Safaricom Plc,23.5,33.5,5.7,5.8,5.7,5.65,0.05,0.88%,"8,033,700",-
2013-02-28,SCOM,Safaricom Plc,23.5,33.5,5.75,5.8,5.75,5.7,0.05,0.88%,"4,401,300",-
2013-03-01,SCOM,Safaricom Plc,23.5,33.5,5.75,5.9,5.8,5.75,0.05,0.87%,"6,744,300",-
2013-03-05,SCOM,Safaricom Plc,23.5,33.5,5.85,6,5.95,5.8,0.15,2.59%,"13,263,300",-
2013-03-06,SCOM,Safaricom Plc,23.5,33.5,5.9,6,5.9,5.95,-0.05,0.84%,"24,044,200",-
2013-03-07,SCOM,Safaricom Plc,23.5,33.5,5.8,6,5.95,5.9,0.05,0.85%,"23,025,600",-
2013-03-08,SCOM,Safaricom Plc,23.5,33.5,5.9,6.1,5.95,5.95,-,-,"2,754,800",-
2013-03-11,SCOM,Safaricom Plc,23.5,33.5,6,6.5,6.15,5.95,0.2,3.36%,"10,036,900",-
2013-03-12,SCOM,Safaricom Plc,23.5,33.5,6.15,6.35,6.25,6.15,0.1,1.63%,"24,593,400",-
2013-03-13,SCOM,Safaricom Plc,23.5,33.5,6.25,6.35,6.25,6.25,-,-,"11,529,800",-
2013-03-14,SCOM,Safaricom Plc,23.5,33.5,6.25,6.4,6.3,6.25,0.05,0.80%,"28,085,600",-
2013-03-15,SCOM,Safaricom Plc,23.5,33.5,5.9,6.35,6.1,6.3,-0.2,3.17%,"3,011,000",-
2013-03-18,SCOM,Safaricom Plc,23.5,33.5,5.8,6.1,5.95,6.1,-0.15,2.46%,"18,572,900",-
2013-03-19,SCOM,Safaricom Plc,23.5,33.5,5.9,6,5.95,5.95,-,-,"6,547,600",-
2013-03-20,SCOM,Safaricom Plc,23.5,33.5,5.85,6,5.95,5.95,-,-,"10,668,300",-
2013-03-21,SCOM,Safaricom Plc,23.5,33.5,5.8,6,5.8,5.95,-0.15,2.52%,"2,946,800",-
2013-03-22,SCOM,Safaricom Plc,23.5,33.5,5.8,5.9,5.8,5.8,-,-,"3,059,700",-
2013-03-25,SCOM,Safaricom Plc,23.5,33.5,5.75,5.95,5.8,5.8,-,-,"17,116,300",-
2013-03-26,SCOM,Safaricom Plc,23.5,33.5,5.6,5.85,5.8,5.8,-,-,"1,713,500",-
2013-03-27,SCOM,Safaricom Plc,23.5,33.5,5.8,6,5.95,5.8,0.15,2.59%,"9,062,600",-
2013-03-28,SCOM,Safaricom Plc,23.5,33.5,5.95,6.2,6,5.95,0.05,0.84%,"6,930,800",-
2013-04-02,SCOM,Safaricom Plc,23.5,33.5,6,6.5,6,6,-,-,"54,838,600",-
2013-04-03,SCOM,Safaricom Plc,23.5,33.5,6.05,6.25,6.15,6,0.15,2.50%,"2,484,300",-
2013-04-04,SCOM,Safaricom Plc,23.5,33.5,6.15,6.4,6.25,6.15,0.1,1.63%,"11,263,400",-
2013-04-05,SCOM,Safaricom Plc,23.5,33.5,6.25,6.4,6.3,6.25,0.05,0.80%,"8,918,200",-
2013-04-08,SCOM,Safaricom Plc,23.5,33.5,6.3,6.4,6.35,6.3,0.05,0.79%,"2,149,600",-
2013-04-10,SCOM,Safaricom Plc,23.5,33.5,6.35,6.6,6.4,6.35,0.05,0.79%,"30,856,700",-
2013-04-11,SCOM,Safaricom Plc,23.5,33.5,6.5,6.6,6.5,6.4,0.1,1.56%,"9,590,300",-
2013-04-12,SCOM,Safaricom Plc,23.5,33.5,6.3,6.55,6.5,6.5,-,-,"11,991,200",-
2013-04-15,SCOM,Safaricom Plc,23.5,33.5,6.35,6.5,6.4,6.5,-0.1,1.54%,"5,659,000",-
2013-04-16,SCOM,Safaricom Plc,23.5,33.5,6.3,6.5,6.4,6.4,-,-,"13,530,200",-
2013-04-17,SCOM,Safaricom Plc,23.5,33.5,6.45,6.6,6.45,6.4,0.05,0.78%,"35,563,100",-
2013-04-18,SCOM,Safaricom Plc,23.5,33.5,6.55,6.65,6.55,6.45,0.1,1.55%,"34,860,500",-
2013-04-19,SCOM,Safaricom Plc,23.5,33.5,6.55,6.65,6.6,6.55,0.05,0.76%,"15,999,800",-
2013-04-22,SCOM,Safaricom Plc,23.5,33.5,6.55,6.65,6.6,6.6,-,-,"15,178,100",-
2013-04-23,SCOM,Safaricom Plc,23.5,33.5,6.6,6.7,6.6,6.6,-,-,"13,175,600",-
2013-04-24,SCOM,Safaricom Plc,23.5,33.5,6.6,6.7,6.6,6.6,-,-,"14,366,000",-
2013-04-25,SCOM,Safaricom Plc,23.5,33.5,6.6,6.7,6.6,6.6,-,-,"6,617,000",-
2013-04-26,SCOM,Safaricom Plc,23.5,33.5,6.6,6.7,6.65,6.6,0.05,0.76%,"8,185,200",-
2013-04-29,SCOM,Safaricom Plc,23.5,33.5,6.65,6.75,6.7,6.65,0.05,0.75%,"4,580,400",-
2013-04-30,SCOM,Safaricom Plc,23.5,33.5,6.7,6.95,6.8,6.7,0.1,1.49%,"11,280,000",-
2013-05-02,SCOM,Safaricom Plc,23.5,33.5,6.85,7.1,7,6.8,0.2,2.94%,"22,634,500",-
2013-05-03,SCOM,Safaricom Plc,23.5,33.5,7,7.2,7.05,7,0.05,0.71%,"30,743,900",-
2013-05-06,SCOM,Safaricom Plc,23.5,33.5,7.05,7.15,7.05,7.05,-,-,"32,800,900",-
2013-05-07,SCOM,Safaricom Plc,23.5,33.5,7.1,7.2,7.1,7.05,0.05,0.71%,"21,732,600",-
2013-05-08,SCOM,Safaricom Plc,23.5,33.5,7.15,7.4,7.2,7.1,0.1,1.41%,"29,998,500",-
2013-05-09,SCOM,Safaricom Plc,23.5,33.5,7.1,7.25,7.15,7.2,-0.05,0.69%,"30,263,100",-
2013-05-10,SCOM,Safaricom Plc,23.5,33.5,6.8,7.15,6.95,7.15,-0.2,2.80%,"2,125,900",-
2013-05-13,SCOM,Safaricom Plc,23.5,33.5,6.8,7,6.9,6.95,-0.05,0.72%,"4,881,400",-
2013-05-14,SCOM,Safaricom Plc,23.5,33.5,6.95,7.2,7.1,6.9,0.2,2.90%,"10,310,100",-
2013-05-15,SCOM,Safaricom Plc,23.5,33.5,7.15,7.55,7.35,7.1,0.25,3.52%,"60,050,800",-
2013-05-16,SCOM,Safaricom Plc,23.5,33.5,7.2,7.3,7.25,7.35,-0.1,1.36%,"8,847,200",-
2013-05-17,SCOM,Safaricom Plc,23.5,33.5,7.1,7.25,7.15,7.25,-0.1,1.38%,"6,265,100",-
2013-05-20,SCOM,Safaricom Plc,23.5,33.5,7,7.15,7,7.15,-0.15,2.10%,"1,833,500",-
2013-05-21,SCOM,Safaricom Plc,23.5,33.5,7,7.2,7.05,7,0.05,0.71%,"14,333,600",-
2013-05-22,SCOM,Safaricom Plc,23.5,33.5,7.05,7.2,7.1,7.05,0.05,0.71%,"23,904,800",-
2013-05-23,SCOM,Safaricom Plc,23.5,33.5,7,7.1,7.05,7.1,-0.05,0.70%,"10,233,900",-
2013-05-24,SCOM,Safaricom Plc,23.5,33.5,6.9,7.1,7,7.05,-0.05,0.71%,"5,192,600",-
2013-05-27,SCOM,Safaricom Plc,23.5,33.5,6.65,7.05,6.95,7,-0.05,0.71%,"4,150,600",-
2013-05-28,SCOM,Safaricom Plc,23.5,33.5,7,7.15,7.05,6.95,0.1,1.44%,"5,789,000",-
2013-05-29,SCOM,Safaricom Plc,23.5,33.5,7.05,7.25,7.15,7.05,0.1,1.42%,"9,113,400",-
2013-05-30,SCOM,Safaricom Plc,23.5,33.5,7.15,7.3,7.25,7.15,0.1,1.40%,"17,700,000",-
2013-05-31,SCOM,Safaricom Plc,23.5,33.5,7.2,7.3,7.25,7.25,-,-,"33,111,600",-
2013-06-03,SCOM,Safaricom Plc,23.5,33.5,7.15,7.25,7.15,7.25,-0.1,1.38%,"34,153,300",-
2013-06-04,SCOM,Safaricom Plc,23.5,33.5,7.05,7.2,7.1,7.15,-0.05,0.70%,"70,200,100",-
2013-06-05,SCOM,Safaricom Plc,23.5,33.5,7.05,7.2,7.1,7.1,-,-,"72,389,500",-
2013-06-06,SCOM,Safaricom Plc,23.5,33.5,7.1,7.25,7.15,7.1,0.05,0.70%,"8,186,500",-
2013-06-07,SCOM,Safaricom Plc,23.5,33.5,7.2,7.25,7.2,7.15,0.05,0.70%,"4,136,800",-
2013-06-10,SCOM,Safaricom Plc,23.5,33.5,7.2,7.35,7.25,7.2,0.05,0.69%,"5,526,600",-
2013-06-11,SCOM,Safaricom Plc,23.5,33.5,7.25,7.45,7.35,7.25,0.1,1.38%,"16,513,600",-
2013-06-12,SCOM,Safaricom Plc,23.5,33.5,7.3,7.45,7.35,7.35,-,-,"7,464,100",-
2013-06-13,SCOM,Safaricom Plc,23.5,33.5,7.2,7.4,7.3,7.35,-0.05,0.68%,"26,270,100",-
2013-06-14,SCOM,Safaricom Plc,23.5,33.5,6.6,7.2,7,7.3,-0.3,4.11%,"12,910,000",-
2013-06-17,SCOM,Safaricom Plc,23.5,33.5,6.5,7,6.7,7,-0.3,4.29%,"24,969,900",-
2013-06-18,SCOM,Safaricom Plc,23.5,33.5,6.8,7,6.9,6.7,0.2,2.99%,"2,245,300",-
2013-06-19,SCOM,Safaricom Plc,23.5,33.5,6.9,7,6.9,6.9,-,-,"58,646,200",-
2013-06-20,SCOM,Safaricom Plc,23.5,33.5,6.7,6.95,6.9,6.9,-,-,"55,244,500",-
2013-06-21,SCOM,Safaricom Plc,23.5,33.5,6.7,6.85,6.75,6.9,-0.15,2.17%,"19,157,800",-
2013-06-24,SCOM,Safaricom Plc,23.5,33.5,6.65,6.75,6.7,6.75,-0.05,0.74%,"2,140,500",-
2013-06-25,SCOM,Safaricom Plc,23.5,33.5,6.65,6.8,6.7,6.7,-,-,"16,332,200",-
2013-06-26,SCOM,Safaricom Plc,23.5,33.5,6.6,6.75,6.65,6.7,-0.05,0.75%,"3,010,800",-
2013-06-27,SCOM,Safaricom Plc,23.5,33.5,6.45,6.65,6.5,6.65,-0.15,2.26%,"28,678,600",-
2013-06-28,SCOM,Safaricom Plc,23.5,33.5,6.45,6.65,6.55,6.5,0.05,0.77%,"3,531,900",-
2013-07-01,SCOM,Safaricom Plc,23.5,33.5,6.35,6.6,6.4,6.55,-0.15,2.29%,"8,276,300",-
2013-07-02,SCOM,Safaricom Plc,23.5,33.5,6.15,6.5,6.4,6.4,-,-,"26,428,700",-
2013-07-03,SCOM,Safaricom Plc,23.5,33.5,6.25,6.5,6.3,6.4,-0.1,1.56%,"23,658,600",-
2013-07-04,SCOM,Safaricom Plc,23.5,33.5,6.3,6.6,6.45,6.3,0.15,2.38%,"7,167,600",-
2013-07-05,SCOM,Safaricom Plc,23.5,33.5,6.45,6.85,6.75,6.45,0.3,4.65%,"14,025,200",-
2013-07-08,SCOM,Safaricom Plc,23.5,33.5,6.55,6.8,6.7,6.75,-0.05,0.74%,"33,748,600",-
2013-07-09,SCOM,Safaricom Plc,23.5,33.5,6.6,6.75,6.65,6.7,-0.05,0.75%,"7,487,100",-
2013-07-10,SCOM,Safaricom Plc,23.5,33.5,6.65,6.85,6.75,6.65,0.1,1.50%,"20,353,400",-
2013-07-11,SCOM,Safaricom Plc,23.5,33.5,6.75,7,6.9,6.75,0.15,2.22%,"1,566,900",-
2013-07-12,SCOM,Safaricom Plc,23.5,33.5,6.9,7.15,7.05,6.9,0.15,2.17%,"37,894,500",-
2013-07-15,SCOM,Safaricom Plc,23.5,33.5,7.1,7.5,7.3,7.05,0.25,3.55%,"13,519,500",-
2013-07-16,SCOM,Safaricom Plc,23.5,33.5,7.3,7.5,7.4,7.3,0.1,1.37%,"7,010,600",-
2013-07-17,SCOM,Safaricom Plc,23.5,33.5,7.2,7.55,7.35,7.4,-0.05,0.68%,"38,638,900",-
2013-07-18,SCOM,Safaricom Plc,23.5,33.5,7.2,7.45,7.3,7.35,-0.05,0.68%,"15,681,700",-
2013-07-19,SCOM,Safaricom Plc,23.5,33.5,7.2,7.35,7.25,7.3,-0.05,0.68%,"4,642,900",-
2013-07-22,SCOM,Safaricom Plc,23.5,33.5,7,7.3,7.1,7.25,-0.15,2.07%,"6,956,800",-
2013-07-23,SCOM,Safaricom Plc,23.5,33.5,7,7.1,7,7.1,-0.1,1.41%,"21,684,300",-
2013-07-24,SCOM,Safaricom Plc,23.5,33.5,7,7.2,7.05,7,0.05,0.71%,"5,058,800",-
2013-07-25,SCOM,Safaricom Plc,23.5,33.5,7.05,7.2,7.05,7.05,-,-,"12,045,400",-
2013-07-26,SCOM,Safaricom Plc,23.5,33.5,7.05,7.3,7.15,7.05,0.1,1.42%,"1,336,400",-
2013-07-29,SCOM,Safaricom Plc,23.5,33.5,7.15,7.3,7.15,7.15,-,-,"10,206,100",-
2013-07-30,SCOM,Safaricom Plc,23.5,33.5,7.15,7.35,7.25,7.15,0.1,1.40%,"12,127,500",-
2013-07-31,SCOM,Safaricom Plc,23.5,33.5,7.2,7.35,7.25,7.25,-,-,"13,754,500",-
2013-08-01,SCOM,Safaricom Plc,23.5,33.5,7.2,7.3,7.25,7.25,-,-,"8,039,200",-
2013-08-02,SCOM,Safaricom Plc,23.5,33.5,7.25,7.35,7.25,7.25,-,-,"9,789,000",-
2013-08-05,SCOM,Safaricom Plc,23.5,33.5,7.1,7.35,7.3,7.25,0.05,0.69%,"11,565,200",-
2013-08-06,SCOM,Safaricom Plc,23.5,33.5,7.3,7.35,7.3,7.3,-,-,"1,813,700",-
2013-08-07,SCOM,Safaricom Plc,23.5,33.5,7.3,7.5,7.4,7.3,0.1,1.37%,"4,234,600",-
2013-08-08,SCOM,Safaricom Plc,23.5,33.5,7.4,8,7.7,7.4,0.3,4.05%,"13,817,300",-
2013-08-12,SCOM,Safaricom Plc,23.5,33.5,7.5,8,7.85,7.7,0.15,1.95%,"9,460,300",-
2013-08-13,SCOM,Safaricom Plc,23.5,33.5,7.65,7.75,7.65,7.85,-0.2,2.55%,"3,467,600",-
2013-08-14,SCOM,Safaricom Plc,23.5,33.5,7.65,7.85,7.75,7.65,0.1,1.31%,"21,897,500",-
2013-08-15,SCOM,Safaricom Plc,23.5,33.5,7.7,8,7.9,7.75,0.15,1.94%,"16,757,700",-
2013-08-16,SCOM,Safaricom Plc,23.5,33.5,7.9,8.15,8.05,7.9,0.15,1.90%,"23,901,900",-
2013-08-19,SCOM,Safaricom Plc,23.5,33.5,8,8.25,8.15,8.05,0.1,1.24%,"22,200,600",-
2013-08-20,SCOM,Safaricom Plc,23.5,33.5,8.15,8.25,8.2,8.15,0.05,0.61%,"9,694,100",-
2013-08-21,SCOM,Safaricom Plc,23.5,33.5,8,8.2,8.05,8.2,-0.15,1.83%,"11,974,700",-
2013-08-22,SCOM,Safaricom Plc,23.5,33.5,7.85,8.05,7.95,8.05,-0.1,1.24%,"5,167,200",-
2013-08-23,SCOM,Safaricom Plc,23.5,33.5,7.85,7.95,7.9,7.95,-0.05,0.63%,"3,248,800",-
2013-08-26,SCOM,Safaricom Plc,23.5,33.5,7.9,8,7.9,7.9,-,-,"17,776,900",-
2013-08-27,SCOM,Safaricom Plc,23.5,33.5,7.65,7.95,7.75,7.9,-0.15,1.90%,"9,072,900",-
2013-08-28,SCOM,Safaricom Plc,23.5,33.5,7.45,7.75,7.5,7.75,-0.25,3.23%,"28,182,000",-
2013-08-29,SCOM,Safaricom Plc,23.5,33.5,7.45,7.8,7.65,7.5,0.15,2.00%,"113,855,500",-
2013-08-30,SCOM,Safaricom Plc,23.5,33.5,7.6,7.8,7.65,7.65,-,-,"14,218,600",-
2013-09-02,SCOM,Safaricom Plc,23.5,33.5,7.6,7.8,7.65,7.65,-,-,"1,303,400",-
2013-09-03,SCOM,Safaricom Plc,23.5,33.5,7.7,7.85,7.75,7.65,0.1,1.31%,"2,801,000",-
2013-09-04,SCOM,Safaricom Plc,23.5,33.5,7.7,7.85,7.8,7.75,0.05,0.65%,"12,535,100",-
2013-09-05,SCOM,Safaricom Plc,23.5,33.5,7.75,7.9,7.85,7.8,0.05,0.64%,"4,949,900",-
2013-09-06,SCOM,Safaricom Plc,23.5,33.5,7.75,7.9,7.85,7.85,-,-,"36,501,600",-
2013-09-09,SCOM,Safaricom Plc,23.5,33.5,7.8,8.25,8.05,7.85,0.2,2.55%,"11,180,800",-
2013-09-10,SCOM,Safaricom Plc,23.5,33.5,8.05,8.15,8.05,8.05,-,-,"7,021,400",-
2013-09-11,SCOM,Safaricom Plc,23.5,33.5,8.05,8.15,8.05,8.05,-,-,"15,396,700",-
2013-09-12,SCOM,Safaricom Plc,23.5,33.5,8.05,8.15,8.05,8.05,-,-,"14,291,500",-
2013-09-13,SCOM,Safaricom Plc,23.5,33.5,7.8,8.1,8,8.05,-0.05,0.62%,"13,662,100",-
2013-09-16,SCOM,Safaricom Plc,23.5,33.5,8.05,8.15,8.1,8,0.1,1.25%,"13,316,300",-
2013-09-17,SCOM,Safaricom Plc,23.5,33.5,8.1,8.25,8.15,8.1,0.05,0.62%,"21,742,500",-
2013-09-18,SCOM,Safaricom Plc,23.5,33.5,8.2,8.3,8.2,8.15,0.05,0.61%,"7,846,100",-
2013-09-19,SCOM,Safaricom Plc,23.5,33.5,8.2,8.5,8.35,8.2,0.15,1.83%,"6,370,100",-
2013-09-20,SCOM,Safaricom Plc,23.5,33.5,8.35,8.7,8.5,8.35,0.15,1.80%,"16,935,100",-
2013-09-23,SCOM,Safaricom Plc,23.5,33.5,8.2,8.5,8.3,8.5,-0.2,2.35%,"9,325,300",-
2013-09-24,SCOM,Safaricom Plc,23.5,33.5,8.2,8.35,8.25,8.3,-0.05,0.60%,"31,587,500",-
2013-09-25,SCOM,Safaricom Plc,23.5,33.5,8.3,8.45,8.35,8.25,0.1,1.21%,"29,896,700",-
2013-09-26,SCOM,Safaricom Plc,23.5,33.5,8.3,8.5,8.35,8.35,-,-,"8,202,100",-
2013-09-27,SCOM,Safaricom Plc,23.5,33.5,8.25,8.4,8.3,8.35,-0.05,0.60%,"7,266,800",-
2013-09-30,SCOM,Safaricom Plc,23.5,33.5,8.25,8.7,8.5,8.3,0.2,2.41%,"7,222,700",-
2013-10-02,SCOM,Safaricom Plc,23.5,33.5,8.55,8.95,8.75,8.5,0.25,2.94%,"14,190,800",-
2013-10-03,SCOM,Safaricom Plc,23.5,33.5,8.7,9,8.9,8.75,0.15,1.71%,"16,366,000",-
2013-10-04,SCOM,Safaricom Plc,23.5,33.5,8.9,8.95,8.9,8.9,-,-,"15,068,000",-
2013-10-07,SCOM,Safaricom Plc,23.5,33.5,8.9,9.25,9.1,8.9,0.2,2.25%,"28,539,600",-
2013-10-08,SCOM,Safaricom Plc,23.5,33.5,9.2,9.5,9.4,9.1,0.3,3.30%,"28,031,700",-
2013-10-09,SCOM,Safaricom Plc,23.5,33.5,9.1,9.4,9.1,9.4,-0.3,3.19%,"25,058,600",-
2013-10-10,SCOM,Safaricom Plc,23.5,33.5,8.8,9.15,9,9.1,-0.1,1.10%,"39,745,300",-
2013-10-11,SCOM,Safaricom Plc,23.5,33.5,8.95,9.1,9,9,-,-,"62,118,500",-
2013-10-14,SCOM,Safaricom Plc,23.5,33.5,9,9.25,9.05,9,0.05,0.56%,"26,199,600",-
2013-10-15,SCOM,Safaricom Plc,23.5,33.5,9.1,9.2,9.15,9.05,0.1,1.10%,"25,164,800",-
2013-10-16,SCOM,Safaricom Plc,23.5,33.5,9.1,9.25,9.15,9.15,-,-,"15,945,400",-
2013-10-17,SCOM,Safaricom Plc,23.5,33.5,9.05,9.2,9.1,9.15,-0.05,0.55%,"4,018,200",-
2013-10-18,SCOM,Safaricom Plc,23.5,33.5,9.05,9.15,9.05,9.1,-0.05,0.55%,"21,021,100",-
2013-10-22,SCOM,Safaricom Plc,23.5,33.5,8.85,9.15,8.95,9.05,-0.1,1.10%,"3,797,400",-
2013-10-23,SCOM,Safaricom Plc,23.5,33.5,8.2,9.1,9,8.95,0.05,0.56%,"45,102,200",-
2013-10-24,SCOM,Safaricom Plc,23.5,33.5,8.8,9.1,9,9,-,-,"36,331,700",-
2013-10-25,SCOM,Safaricom Plc,23.5,33.5,8.9,9.05,9,9,-,-,"10,873,700",-
2013-10-28,SCOM,Safaricom Plc,23.5,33.5,8.95,9.1,9,9,-,-,"2,188,200",-
2013-10-30,SCOM,Safaricom Plc,23.5,33.5,9.05,9.4,9.25,9,0.25,2.78%,"18,021,100",-
2013-10-31,SCOM,Safaricom Plc,23.5,33.5,9.25,9.7,9.45,9.25,0.2,2.16%,"15,883,600",-
2013-11-01,SCOM,Safaricom Plc,23.5,33.5,9.5,9.7,9.55,9.45,0.1,1.06%,"3,385,100",-
2013-11-04,SCOM,Safaricom Plc,23.5,33.5,9.5,9.9,9.7,9.55,0.15,1.57%,"15,069,100",-
2013-11-05,SCOM,Safaricom Plc,23.5,33.5,9.3,9.8,9.65,9.7,-0.05,0.52%,"16,228,500",-
2013-11-06,SCOM,Safaricom Plc,23.5,33.5,9.45,10.2,9.7,9.65,0.05,0.52%,"42,027,500",-
2013-11-07,SCOM,Safaricom Plc,23.5,33.5,9.45,9.95,9.85,9.7,0.15,1.55%,"23,779,100",-
2013-11-08,SCOM,Safaricom Plc,23.5,33.5,9.6,9.95,9.75,9.85,-0.1,1.02%,"13,603,000",-
2013-11-11,SCOM,Safaricom Plc,23.5,33.5,9.5,9.9,9.8,9.75,0.05,0.51%,"7,118,600",-
2013-11-12,SCOM,Safaricom Plc,23.5,33.5,9.75,9.9,9.8,9.8,-,-,"9,921,600",-
2013-11-13,SCOM,Safaricom Plc,23.5,33.5,9.75,10,9.8,9.8,-,-,"5,726,800",-
2013-11-14,SCOM,Safaricom Plc,23.5,33.5,9.8,9.95,9.85,9.8,0.05,0.51%,"16,212,800",-
2013-11-15,SCOM,Safaricom Plc,23.5,33.5,9.8,9.95,9.85,9.85,-,-,"8,734,200",-
2013-11-18,SCOM,Safaricom Plc,23.5,33.5,9.85,10,9.9,9.85,0.05,0.51%,"6,523,800",-
2013-11-19,SCOM,Safaricom Plc,23.5,33.5,9.85,10.1,9.95,9.9,0.05,0.51%,"8,028,500",-
2013-11-20,SCOM,Safaricom Plc,23.5,33.5,9.95,10.3,10.05,9.95,0.1,1.01%,"6,695,300",-
2013-11-21,SCOM,Safaricom Plc,23.5,33.5,10.2,10.75,10.6,10.05,0.55,5.47%,"22,969,200",-
2013-11-22,SCOM,Safaricom Plc,23.5,33.5,10.6,10.9,10.75,10.6,0.15,1.42%,"33,610,800",-
2013-11-25,SCOM,Safaricom Plc,23.5,33.5,10.8,11.05,10.9,10.75,0.15,1.40%,"13,825,900",-
2013-11-26,SCOM,Safaricom Plc,23.5,33.5,10.95,11.1,11,10.9,0.1,0.92%,"53,436,600",-
2013-11-27,SCOM,Safaricom Plc,23.5,33.5,10.95,11.2,11,11,-,-,"9,019,600",-
2013-11-28,SCOM,Safaricom Plc,23.5,33.5,10.9,11.1,11,11,-,-,"9,098,700",-
2013-11-29,SCOM,Safaricom Plc,23.5,33.5,10.6,10.95,10.8,11,-0.2,1.82%,"2,616,000",-
2013-12-02,SCOM,Safaricom Plc,23.5,33.5,10.55,11,10.85,10.8,0.05,0.46%,"2,933,000",-
2013-12-03,SCOM,Safaricom Plc,23.5,33.5,10.75,11,10.8,10.85,-0.05,0.46%,"9,111,800",-
2013-12-04,SCOM,Safaricom Plc,23.5,33.5,10.55,10.85,10.75,10.8,-0.05,0.46%,"12,502,700",-
2013-12-05,SCOM,Safaricom Plc,23.5,33.5,10,10.7,10.35,10.75,-0.4,3.72%,"24,091,700",-
2013-12-06,SCOM,Safaricom Plc,23.5,33.5,10.2,10.5,10.35,10.35,-,-,"16,082,000",-
2013-12-09,SCOM,Safaricom Plc,23.5,33.5,10.25,10.4,10.35,10.35,-,-,"12,760,900",-
2013-12-10,SCOM,Safaricom Plc,23.5,33.5,10.1,10.35,10.2,10.35,-0.15,1.45%,"23,965,300",-
2013-12-11,SCOM,Safaricom Plc,23.5,33.5,9.9,10.2,10.05,10.2,-0.15,1.47%,"26,984,800",-
2013-12-16,SCOM,Safaricom Plc,23.5,33.5,9.6,10.1,10,10.05,-0.05,0.50%,"15,646,100",-
2013-12-17,SCOM,Safaricom Plc,23.5,33.5,9.7,10,9.85,10,-0.15,1.50%,"22,464,500",-
2013-12-18,SCOM,Safaricom Plc,23.5,33.5,9.85,10,9.9,9.85,0.05,0.51%,"15,350,300",-
2013-12-19,SCOM,Safaricom Plc,23.5,33.5,9.95,10.1,10,9.9,0.1,1.01%,"16,590,300",-
2013-12-20,SCOM,Safaricom Plc,23.5,33.5,10,10.15,10.05,10,0.05,0.50%,"8,710,700",-
2013-12-23,SCOM,Safaricom Plc,23.5,33.5,10.1,10.5,10.25,10.05,0.2,1.99%,"2,638,900",-
2013-12-24,SCOM,Safaricom Plc,23.5,33.5,10.4,11,10.85,10.25,0.6,5.85%,"2,988,400",-
2013-12-27,SCOM,Safaricom Plc,23.5,33.5,10.55,10.9,10.75,10.85,-0.1,0.92%,"7,547,100",-
2013-12-30,SCOM,Safaricom Plc,23.5,33.5,10.6,11,10.85,10.75,0.1,0.93%,"11,065,200",-
2013-12-31,SCOM,Safaricom Plc,23.5,33.5,10.8,10.95,10.85,10.85,-,-,"2,461,000",-
2014-01-02,SCOM,Safaricom Plc,23.5,33.5,10.6,10.9,10.7,10.85,-0.15,1.38%,"3,505,300",-
2014-01-03,SCOM,Safaricom Plc,23.5,33.5,10.75,10.95,10.8,10.7,0.1,0.93%,"2,712,300",-
2014-01-06,SCOM,Safaricom Plc,23.5,33.5,10.8,11.15,11.05,10.8,0.25,2.31%,"9,518,700",-
2014-01-07,SCOM,Safaricom Plc,23.5,33.5,11,11.15,11.1,11.05,0.05,0.45%,"5,567,900",-
2014-01-08,SCOM,Safaricom Plc,23.5,33.5,11.1,11.65,11.35,11.1,0.25,2.25%,"6,687,700",-
2014-01-09,SCOM,Safaricom Plc,23.5,33.5,11.55,11.95,11.7,11.35,0.35,3.08%,"24,759,300",-
2014-01-10,SCOM,Safaricom Plc,23.5,33.5,11.45,11.95,11.75,11.7,0.05,0.43%,"33,430,100",-
2014-01-13,SCOM,Safaricom Plc,23.5,33.5,11.35,11.75,11.65,11.75,-0.1,0.85%,"19,464,800",-
2014-01-14,SCOM,Safaricom Plc,23.5,33.5,11.45,11.75,11.65,11.65,-,-,"5,696,200",-
2014-01-15,SCOM,Safaricom Plc,23.5,33.5,11.35,11.75,11.7,11.65,0.05,0.43%,"8,768,600",-
2014-01-16,SCOM,Safaricom Plc,23.5,33.5,11.4,11.75,11.5,11.7,-0.2,1.71%,"9,563,700",-
2014-01-17,SCOM,Safaricom Plc,23.5,33.5,11.5,11.6,11.5,11.5,-,-,"1,929,300",-
2014-01-20,SCOM,Safaricom Plc,23.5,33.5,11.4,11.8,11.7,11.5,0.2,1.74%,"7,604,500",-
2014-01-21,SCOM,Safaricom Plc,23.5,33.5,11.65,12,11.75,11.7,0.05,0.43%,"11,310,200",-
2014-01-22,SCOM,Safaricom Plc,23.5,33.5,11.75,12.1,12,11.75,0.25,2.13%,"10,583,500",-
2014-01-23,SCOM,Safaricom Plc,23.5,33.5,11.95,12.2,12.05,12,0.05,0.42%,"9,787,700",-
2014-01-24,SCOM,Safaricom Plc,23.5,33.5,12.2,12.8,12.45,12.05,0.4,3.32%,"16,036,000",-
2014-01-27,SCOM,Safaricom Plc,23.5,33.5,12.25,12.6,12.35,12.45,-0.1,0.80%,"43,172,300",-
2014-01-28,SCOM,Safaricom Plc,23.5,33.5,12,12.4,12.05,12.35,-0.3,2.43%,"10,102,900",-
2014-01-29,SCOM,Safaricom Plc,23.5,33.5,11.75,12.05,11.85,12.05,-0.2,1.66%,"14,127,300",-
2014-01-30,SCOM,Safaricom Plc,23.5,33.5,11.4,11.8,11.5,11.85,-0.35,2.95%,"16,648,600",-
2014-01-31,SCOM,Safaricom Plc,23.5,33.5,10.6,11.45,11,11.5,-0.5,4.35%,"12,358,600",-
2014-02-03,SCOM,Safaricom Plc,23.5,33.5,11,11.4,11.2,11,0.2,1.82%,"15,522,400",-
2014-02-04,SCOM,Safaricom Plc,23.5,33.5,11.3,11.5,11.35,11.2,0.15,1.34%,"6,645,500",-
2014-02-05,SCOM,Safaricom Plc,23.5,33.5,11.3,11.85,11.45,11.35,0.1,0.88%,"2,274,400",-
2014-02-06,SCOM,Safaricom Plc,23.5,33.5,11.5,12.05,11.95,11.45,0.5,4.37%,"28,879,200",-
2014-02-07,SCOM,Safaricom Plc,23.5,33.5,11.75,12,11.85,11.95,-0.1,0.84%,"8,470,400",-
2014-02-10,SCOM,Safaricom Plc,23.5,33.5,11.55,11.85,11.75,11.85,-0.1,0.84%,"12,189,800",-
2014-02-11,SCOM,Safaricom Plc,23.5,33.5,11.7,11.85,11.75,11.75,-,-,"14,579,100",-
2014-02-12,SCOM,Safaricom Plc,23.5,33.5,11.75,11.95,11.8,11.75,0.05,0.43%,"5,417,600",-
2014-02-13,SCOM,Safaricom Plc,23.5,33.5,11.65,11.8,11.7,11.8,-0.1,0.85%,"15,770,600",-
2014-02-14,SCOM,Safaricom Plc,23.5,33.5,11.7,12,11.8,11.7,0.1,0.85%,"2,456,600",-
2014-02-17,SCOM,Safaricom Plc,23.5,33.5,11.5,11.85,11.65,11.8,-0.15,1.27%,"9,360,200",-
2014-02-18,SCOM,Safaricom Plc,23.5,33.5,11.45,11.65,11.5,11.65,-0.15,1.29%,"6,678,900",-
2014-02-19,SCOM,Safaricom Plc,23.5,33.5,11.35,11.6,11.4,11.5,-0.1,0.87%,"10,003,200",-
2014-02-20,SCOM,Safaricom Plc,23.5,33.5,11.3,11.5,11.4,11.4,-,-,"15,919,500",-
2014-02-21,SCOM,Safaricom Plc,23.5,33.5,11.35,11.5,11.4,11.4,-,-,"11,717,000",-
2014-02-24,SCOM,Safaricom Plc,23.5,33.5,11.35,11.5,11.45,11.4,0.05,0.44%,"9,234,400",-
2014-02-25,SCOM,Safaricom Plc,23.5,33.5,11.4,11.75,11.55,11.45,0.1,0.87%,"10,625,600",-
2014-02-26,SCOM,Safaricom Plc,23.5,33.5,11.55,11.75,11.65,11.55,0.1,0.87%,"6,333,900",-
2014-02-27,SCOM,Safaricom Plc,23.5,33.5,11.55,11.8,11.65,11.65,-,-,"5,137,800",-
2014-02-28,SCOM,Safaricom Plc,23.5,33.5,11.65,11.8,11.7,11.65,0.05,0.43%,"19,983,300",-
2014-03-03,SCOM,Safaricom Plc,23.5,33.5,11.65,11.75,11.7,11.7,-,-,"2,948,800",-
2014-03-04,SCOM,Safaricom Plc,23.5,33.5,11.7,11.8,11.7,11.7,-,-,"5,002,800",-
2014-03-05,SCOM,Safaricom Plc,23.5,33.5,11.65,11.8,11.7,11.7,-,-,"16,394,100",-
2014-03-06,SCOM,Safaricom Plc,23.5,33.5,11.7,11.9,11.75,11.7,0.05,0.43%,"27,446,000",-
2014-03-07,SCOM,Safaricom Plc,23.5,33.5,11.7,11.85,11.75,11.75,-,-,"11,849,400",-
2014-03-10,SCOM,Safaricom Plc,23.5,33.5,11.75,11.9,11.75,11.75,-,-,"7,072,200",-
2014-03-11,SCOM,Safaricom Plc,23.5,33.5,11.75,11.9,11.8,11.75,0.05,0.43%,"5,713,100",-
2014-03-12,SCOM,Safaricom Plc,23.5,33.5,11.75,12.1,11.9,11.8,0.1,0.85%,"3,238,500",-
2014-03-13,SCOM,Safaricom Plc,23.5,33.5,12,12.6,12.35,11.9,0.45,3.78%,"12,734,700",-
2014-03-14,SCOM,Safaricom Plc,23.5,33.5,12,12.35,12.05,12.35,-0.3,2.43%,"2,588,100",-
2014-03-17,SCOM,Safaricom Plc,23.5,33.5,12,12.3,12.1,12.05,0.05,0.41%,"6,354,500",-
2014-03-18,SCOM,Safaricom Plc,23.5,33.5,12.1,12.3,12.2,12.1,0.1,0.83%,"11,639,300",-
2014-03-19,SCOM,Safaricom Plc,23.5,33.5,12.2,12.5,12.3,12.2,0.1,0.82%,"3,057,400",-
2014-03-20,SCOM,Safaricom Plc,23.5,33.5,12.3,12.6,12.45,12.3,0.15,1.22%,"27,550,400",-
2014-03-21,SCOM,Safaricom Plc,23.5,33.5,12.4,12.65,12.55,12.45,0.1,0.80%,"28,834,000",-
2014-03-24,SCOM,Safaricom Plc,23.5,33.5,12.1,12.7,12.35,12.55,-0.2,1.59%,"8,573,900",-
2014-03-25,SCOM,Safaricom Plc,23.5,33.5,12.15,12.6,12.35,12.35,-,-,"3,438,300",-
2014-03-26,SCOM,Safaricom Plc,23.5,33.5,12.3,12.6,12.45,12.35,0.1,0.81%,"15,823,300",-
2014-03-27,SCOM,Safaricom Plc,23.5,33.5,12.1,12.4,12.35,12.45,-0.1,0.80%,"3,502,000",-
2014-03-28,SCOM,Safaricom Plc,23.5,33.5,12.25,12.35,12.3,12.35,-0.05,0.40%,"15,324,500",-
2014-03-31,SCOM,Safaricom Plc,23.5,33.5,12.3,12.4,12.35,12.3,0.05,0.41%,"12,780,900",-
2014-04-01,SCOM,Safaricom Plc,23.5,33.5,12.35,12.5,12.35,12.35,-,-,"2,477,700",-
2014-04-02,SCOM,Safaricom Plc,23.5,33.5,12.35,12.5,12.4,12.35,0.05,0.40%,"3,466,800",-
2014-04-03,SCOM,Safaricom Plc,23.5,33.5,12.4,12.6,12.45,12.4,0.05,0.40%,"15,731,200",-
2014-04-04,SCOM,Safaricom Plc,23.5,33.5,12.35,12.5,12.4,12.45,-0.05,0.40%,"2,400,000",-
2014-04-07,SCOM,Safaricom Plc,23.5,33.5,12.35,12.6,12.45,12.4,0.05,0.40%,"18,909,000",-
2014-04-08,SCOM,Safaricom Plc,23.5,33.5,12.3,12.45,12.35,12.45,-0.1,0.80%,"13,670,300",-
2014-04-09,SCOM,Safaricom Plc,23.5,33.5,12.3,12.5,12.45,12.35,0.1,0.81%,"4,050,300",-
2014-04-10,SCOM,Safaricom Plc,23.5,33.5,12.4,13,12.75,12.45,0.3,2.41%,"7,223,000",-
2014-04-11,SCOM,Safaricom Plc,23.5,33.5,12.6,13,12.75,12.75,-,-,"123,202,200",-
2014-04-14,SCOM,Safaricom Plc,23.5,33.5,12.7,13,12.85,12.75,0.1,0.78%,"22,422,500",-
2014-04-15,SCOM,Safaricom Plc,23.5,33.5,12.8,13.3,13.1,12.85,0.25,1.95%,"12,531,300",-
2014-04-16,SCOM,Safaricom Plc,23.5,33.5,13.1,13.4,13.2,13.1,0.1,0.76%,"11,279,300",-
2014-04-17,SCOM,Safaricom Plc,23.5,33.5,13.1,13.3,13.2,13.2,-,-,"3,060,400",-
2014-04-22,SCOM,Safaricom Plc,23.5,33.5,13.1,13.3,13.2,13.2,-,-,"11,643,500",-
2014-04-23,SCOM,Safaricom Plc,23.5,33.5,12.9,13.1,13,13.2,-0.2,1.52%,"14,446,200",-
2014-04-24,SCOM,Safaricom Plc,23.5,33.5,13,13.3,13.15,13,0.15,1.15%,"8,281,500",-
2014-04-25,SCOM,Safaricom Plc,23.5,33.5,13,13.2,13.05,13.15,-0.1,0.76%,"28,500,300",-
2014-04-28,SCOM,Safaricom Plc,23.5,33.5,13,13.1,13,13.05,-0.05,0.38%,"4,088,800",-
2014-04-29,SCOM,Safaricom Plc,23.5,33.5,13,13.2,13.05,13,0.05,0.38%,"3,296,700",-
2014-04-30,SCOM,Safaricom Plc,23.5,33.5,13.1,13.2,13.1,13.05,0.05,0.38%,"69,200,000",-
2014-05-02,SCOM,Safaricom Plc,23.5,33.5,13.05,13.2,13.05,13.1,-0.05,0.38%,"6,018,500",-
2014-05-05,SCOM,Safaricom Plc,23.5,33.5,12.85,13.1,13,13.05,-0.05,0.38%,"13,778,900",-
2014-05-06,SCOM,Safaricom Plc,23.5,33.5,12.7,13,12.8,13,-0.2,1.54%,"28,683,400",-
2014-05-07,SCOM,Safaricom Plc,23.5,33.5,12.75,13,12.9,12.8,0.1,0.78%,"17,359,800",-
2014-05-08,SCOM,Safaricom Plc,23.5,33.5,12.75,13,12.8,12.9,-0.1,0.78%,"27,769,900",-
2014-05-09,SCOM,Safaricom Plc,23.5,33.5,12.75,13.05,12.85,12.8,0.05,0.39%,"36,351,500",-
2014-05-12,SCOM,Safaricom Plc,23.5,33.5,12.8,13,12.9,12.85,0.05,0.39%,"4,138,900",-
2014-05-13,SCOM,Safaricom Plc,23.5,33.5,12.75,13.1,12.85,12.9,-0.05,0.39%,"11,946,100",-
2014-05-14,SCOM,Safaricom Plc,23.5,33.5,12.1,12.9,12.6,12.85,-0.25,1.95%,"12,960,100",-
2014-05-15,SCOM,Safaricom Plc,23.5,33.5,12.5,12.7,12.6,12.6,-,-,"21,422,100",-
2014-05-16,SCOM,Safaricom Plc,23.5,33.5,12.65,13.2,12.85,12.6,0.25,1.98%,"57,811,000",-
2014-05-19,SCOM,Safaricom Plc,23.5,33.5,12.9,13.1,13,12.85,0.15,1.17%,"3,512,300",-
2014-05-20,SCOM,Safaricom Plc,23.5,33.5,12.95,13.1,13,13,-,-,"12,051,700",-
2014-05-21,SCOM,Safaricom Plc,23.5,33.5,13,13.2,13.05,13,0.05,0.38%,"55,250,100",-
2014-05-22,SCOM,Safaricom Plc,23.5,33.5,12.85,13.1,13,13.05,-0.05,0.38%,"6,087,000",-
2014-05-23,SCOM,Safaricom Plc,23.5,33.5,12.75,13.05,12.95,13,-0.05,0.38%,"2,740,100",-
2014-05-26,SCOM,Safaricom Plc,23.5,33.5,12.95,13.05,13,12.95,0.05,0.39%,"2,205,600",-
2014-05-27,SCOM,Safaricom Plc,23.5,33.5,12.95,13.05,12.95,13,-0.05,0.38%,"17,520,800",-
2014-05-28,SCOM,Safaricom Plc,23.5,33.5,12.9,13,12.95,12.95,-,-,"23,771,200",-
2014-05-29,SCOM,Safaricom Plc,23.5,33.5,12.9,13.05,12.95,12.95,-,-,"29,625,500",-
2014-05-30,SCOM,Safaricom Plc,23.5,33.5,12.9,13.1,12.95,12.95,-,-,"16,305,600",-
2014-06-03,SCOM,Safaricom Plc,23.5,33.5,12.7,12.95,12.8,12.95,-0.15,1.16%,"44,054,800",-
2014-06-04,SCOM,Safaricom Plc,23.5,33.5,12.8,12.9,12.8,12.8,-,-,"19,833,200",-
2014-06-05,SCOM,Safaricom Plc,23.5,33.5,12.8,12.95,12.8,12.8,-,-,"31,256,100",-
2014-06-06,SCOM,Safaricom Plc,23.5,33.5,12.8,12.95,12.8,12.8,-,-,"1,601,800",-
2014-06-09,SCOM,Safaricom Plc,23.5,33.5,12.8,12.95,12.85,12.8,0.05,0.39%,"16,148,100",-
2014-06-10,SCOM,Safaricom Plc,23.5,33.5,12.8,12.9,12.8,12.85,-0.05,0.39%,"19,395,500",-
2014-06-11,SCOM,Safaricom Plc,23.5,33.5,12.8,13.05,12.9,12.8,0.1,0.78%,"10,997,000",-
2014-06-12,SCOM,Safaricom Plc,23.5,33.5,12.85,13,12.95,12.9,0.05,0.39%,"15,644,600",-
2014-06-13,SCOM,Safaricom Plc,23.5,33.5,12.85,13,12.9,12.95,-0.05,0.39%,"4,039,300",-
2014-06-16,SCOM,Safaricom Plc,23.5,33.5,12.8,12.95,12.85,12.9,-0.05,0.39%,"1,405,300",-
2014-06-17,SCOM,Safaricom Plc,23.5,33.5,12.8,12.9,12.85,12.85,-,-,"14,527,700",-
2014-06-18,SCOM,Safaricom Plc,23.5,33.5,12.7,12.9,12.8,12.85,-0.05,0.39%,"44,456,300",-
2014-06-19,SCOM,Safaricom Plc,23.5,33.5,12.55,12.85,12.8,12.8,-,-,"8,809,600",-
2014-06-20,SCOM,Safaricom Plc,23.5,33.5,12.75,12.9,12.8,12.8,-,-,"16,252,000",-
2014-06-23,SCOM,Safaricom Plc,23.5,33.5,12.75,12.85,12.8,12.8,-,-,"8,832,500",-
2014-06-24,SCOM,Safaricom Plc,23.5,33.5,12.5,12.8,12.65,12.8,-0.15,1.17%,"19,784,600",-
2014-06-25,SCOM,Safaricom Plc,23.5,33.5,12,12.7,12.55,12.65,-0.1,0.79%,"17,582,800",-
2014-06-26,SCOM,Safaricom Plc,23.5,33.5,12.2,12.5,12.35,12.55,-0.2,1.59%,"24,167,500",-
2014-06-27,SCOM,Safaricom Plc,23.5,33.5,12.35,12.55,12.45,12.35,0.1,0.81%,"22,856,800",-
2014-06-30,SCOM,Safaricom Plc,23.5,33.5,12.45,12.6,12.45,12.45,-,-,"6,483,900",-
2014-07-01,SCOM,Safaricom Plc,23.5,33.5,12.5,13,12.65,12.45,0.2,1.61%,"17,983,200",-
2014-07-02,SCOM,Safaricom Plc,23.5,33.5,12.55,13.05,12.95,12.65,0.3,2.37%,"17,905,600",-
2014-07-03,SCOM,Safaricom Plc,23.5,33.5,12.55,12.8,12.75,12.95,-0.2,1.54%,"1,593,600",-
2014-07-04,SCOM,Safaricom Plc,23.5,33.5,12.65,12.8,12.7,12.75,-0.05,0.39%,"1,794,200",-
2014-07-07,SCOM,Safaricom Plc,23.5,33.5,12.7,12.9,12.75,12.7,0.05,0.39%,"24,368,300",-
2014-07-08,SCOM,Safaricom Plc,23.5,33.5,12.7,12.95,12.7,12.75,-0.05,0.39%,"67,818,500",-
2014-07-09,SCOM,Safaricom Plc,23.5,33.5,12.65,12.85,12.7,12.7,-,-,"6,323,700",-
2014-07-10,SCOM,Safaricom Plc,23.5,33.5,12.5,12.75,12.55,12.7,-0.15,1.18%,"10,893,200",-
2014-07-11,SCOM,Safaricom Plc,23.5,33.5,12.2,12.6,12.4,12.55,-0.15,1.20%,"2,342,400",-
2014-07-14,SCOM,Safaricom Plc,23.5,33.5,12.3,12.5,12.35,12.4,-0.05,0.40%,"11,875,900",-
2014-07-15,SCOM,Safaricom Plc,23.5,33.5,12.3,12.45,12.3,12.35,-0.05,0.40%,"8,040,700",-
2014-07-16,SCOM,Safaricom Plc,23.5,33.5,12.1,12.35,12.15,12.3,-0.15,1.22%,"12,245,800",-
2014-07-17,SCOM,Safaricom Plc,23.5,33.5,12,12.2,12.05,12.15,-0.1,0.82%,"24,871,900",-
2014-07-18,SCOM,Safaricom Plc,23.5,33.5,12.05,12.25,12.1,12.05,0.05,0.41%,"15,452,000",-
2014-07-21,SCOM,Safaricom Plc,23.5,33.5,11.85,12.15,12,12.1,-0.1,0.83%,"26,140,900",-
2014-07-22,SCOM,Safaricom Plc,23.5,33.5,11.75,12.05,11.95,12,-0.05,0.42%,"19,815,700",-
2014-07-23,SCOM,Safaricom Plc,23.5,33.5,12,12.1,12.05,11.95,0.1,0.84%,"9,104,000",-
2014-07-24,SCOM,Safaricom Plc,23.5,33.5,12,12.1,12,12.05,-0.05,0.41%,"4,183,900",-
2014-07-25,SCOM,Safaricom Plc,23.5,33.5,12,12.35,12.2,12,0.2,1.67%,"24,481,200",-
2014-07-28,SCOM,Safaricom Plc,23.5,33.5,11.9,12.3,12,12.2,-0.2,1.64%,"4,541,300",-
2014-07-30,SCOM,Safaricom Plc,23.5,33.5,11.95,12.1,12.05,12,0.05,0.42%,"10,487,800",-
2014-07-31,SCOM,Safaricom Plc,23.5,33.5,12.05,12.4,12.2,12.05,0.15,1.24%,"5,114,900",-
2014-08-01,SCOM,Safaricom Plc,23.5,33.5,12.25,12.6,12.4,12.2,0.2,1.64%,"6,180,000",-
2014-08-04,SCOM,Safaricom Plc,23.5,33.5,12.45,12.7,12.5,12.4,0.1,0.81%,"4,694,800",-
2014-08-05,SCOM,Safaricom Plc,23.5,33.5,12.5,13,12.6,12.5,0.1,0.80%,"22,651,800",-
2014-08-06,SCOM,Safaricom Plc,23.5,33.5,12.6,13,12.95,12.6,0.35,2.78%,"11,486,500",-
2014-08-07,SCOM,Safaricom Plc,23.5,33.5,12.5,12.95,12.85,12.95,-0.1,0.77%,"16,411,500",-
2014-08-08,SCOM,Safaricom Plc,23.5,33.5,12.55,12.9,12.8,12.85,-0.05,0.39%,"5,823,200",-
2014-08-11,SCOM,Safaricom Plc,23.5,33.5,12.6,12.85,12.7,12.8,-0.1,0.78%,"3,686,000",-
2014-08-12,SCOM,Safaricom Plc,23.5,33.5,12.6,12.95,12.8,12.7,0.1,0.79%,"4,408,800",-
2014-08-13,SCOM,Safaricom Plc,23.5,33.5,12.65,12.85,12.75,12.8,-0.05,0.39%,"2,964,900",-
2014-08-14,SCOM,Safaricom Plc,23.5,33.5,12.65,12.9,12.8,12.75,0.05,0.39%,"7,306,400",-
2014-08-15,SCOM,Safaricom Plc,23.5,33.5,12.65,12.8,12.7,12.8,-0.1,0.78%,"1,016,100",-
2014-08-18,SCOM,Safaricom Plc,23.5,33.5,12.7,12.85,12.7,12.7,-,-,"26,877,600",-
2014-08-19,SCOM,Safaricom Plc,23.5,33.5,12.65,12.8,12.75,12.7,0.05,0.39%,"9,185,600",-
2014-08-20,SCOM,Safaricom Plc,23.5,33.5,12.75,12.9,12.8,12.75,0.05,0.39%,"7,314,300",-
2014-08-21,SCOM,Safaricom Plc,23.5,33.5,12.75,12.85,12.75,12.8,-0.05,0.39%,"20,898,300",-
2014-08-22,SCOM,Safaricom Plc,23.5,33.5,12.7,12.8,12.75,12.75,-,-,"30,159,100",-
2014-08-25,SCOM,Safaricom Plc,23.5,33.5,12.7,12.8,12.75,12.75,-,-,"2,583,600",-
2014-08-26,SCOM,Safaricom Plc,23.5,33.5,12.75,12.8,12.75,12.75,-,-,"1,721,300",-
2014-08-27,SCOM,Safaricom Plc,23.5,33.5,12.7,12.85,12.7,12.75,-0.05,0.39%,"30,994,100",-
2014-08-28,SCOM,Safaricom Plc,23.5,33.5,12.7,12.85,12.75,12.7,0.05,0.39%,"1,977,000",-
2014-08-29,SCOM,Safaricom Plc,23.5,33.5,12.75,13.05,12.95,12.75,0.2,1.57%,"13,574,100",-
2014-09-01,SCOM,Safaricom Plc,23.5,33.5,12.95,13.3,13.15,12.95,0.2,1.54%,"2,737,900",-
2014-09-02,SCOM,Safaricom Plc,23.5,33.5,13,13.4,13.2,13.15,0.05,0.38%,"8,675,100",-
2014-09-03,SCOM,Safaricom Plc,23.5,33.5,13.2,13.5,13.4,13.2,0.2,1.52%,"12,300,800",-
2014-09-04,SCOM,Safaricom Plc,23.5,33.5,13.1,13.4,13.2,13.4,-0.2,1.49%,"6,146,000",-
2014-09-05,SCOM,Safaricom Plc,23.5,33.5,13.1,13.35,13.2,13.2,-,-,"1,138,700",-
2014-09-08,SCOM,Safaricom Plc,23.5,33.5,13.2,13.35,13.25,13.2,0.05,0.38%,"3,959,600",-
2014-09-09,SCOM,Safaricom Plc,23.5,33.5,13.2,13.3,13.25,13.25,-,-,"10,155,500",-
2014-09-10,SCOM,Safaricom Plc,23.5,33.5,13,13.25,13.15,13.25,-0.1,0.75%,"13,203,700",-
2014-09-11,SCOM,Safaricom Plc,23.5,33.5,12.85,13.15,12.95,13.15,-0.2,1.52%,"10,950,400",-
2014-09-12,SCOM,Safaricom Plc,23.5,33.5,12.5,13,12.9,12.95,-0.05,0.39%,"12,283,000",-
2014-09-15,SCOM,Safaricom Plc,23.5,33.5,12.85,13,12.9,12.9,-,-,"16,072,100",-
2014-09-16,SCOM,Safaricom Plc,23.5,33.5,12.8,12.95,12.85,12.9,-0.05,0.39%,"15,424,700",-
2014-09-17,SCOM,Safaricom Plc,23.5,33.5,12.15,12.8,12.5,12.85,-0.35,2.72%,"30,421,600",-
2014-09-18,SCOM,Safaricom Plc,23.5,33.5,12.5,12.7,12.6,12.5,0.1,0.80%,"6,207,700",-
2014-09-19,SCOM,Safaricom Plc,23.5,33.5,12.5,12.7,12.6,12.6,-,-,"30,923,400",-
2014-09-22,SCOM,Safaricom Plc,23.5,33.5,12.5,12.65,12.55,12.6,-0.05,0.40%,"28,534,100",-
2014-09-23,SCOM,Safaricom Plc,23.5,33.5,12.5,12.65,12.55,12.55,-,-,"9,405,900",-
2014-09-24,SCOM,Safaricom Plc,23.5,33.5,12.5,12.65,12.55,12.55,-,-,"9,583,800",-
2014-09-25,SCOM,Safaricom Plc,23.5,33.5,12.55,12.65,12.6,12.55,0.05,0.40%,"5,587,300",-
2014-09-26,SCOM,Safaricom Plc,23.5,33.5,12.6,12.75,12.65,12.6,0.05,0.40%,"12,569,300",-
2014-09-29,SCOM,Safaricom Plc,23.5,33.5,12.65,13.05,12.85,12.65,0.2,1.58%,"7,491,200",-
2014-09-30,SCOM,Safaricom Plc,23.5,33.5,12.75,13,12.9,12.85,0.05,0.39%,"11,736,000",-
2014-10-01,SCOM,Safaricom Plc,23.5,33.5,12.8,13,12.95,12.9,0.05,0.39%,"4,429,800",-
2014-10-02,SCOM,Safaricom Plc,23.5,33.5,12.75,12.95,12.75,12.95,-0.2,1.54%,"5,934,300",-
2014-10-03,SCOM,Safaricom Plc,23.5,33.5,12,12.85,12.7,12.75,-0.05,0.39%,"4,373,600",-
2014-10-06,SCOM,Safaricom Plc,23.5,33.5,12.6,12.9,12.65,12.7,-0.05,0.39%,"834,100",-
2014-10-07,SCOM,Safaricom Plc,23.5,33.5,12.6,12.9,12.75,12.65,0.1,0.79%,"3,247,300",-
2014-10-08,SCOM,Safaricom Plc,23.5,33.5,12.7,13,12.85,12.75,0.1,0.78%,"2,547,100",-
2014-10-09,SCOM,Safaricom Plc,23.5,33.5,12.75,12.95,12.85,12.85,-,-,"6,911,900",-
2014-10-10,SCOM,Safaricom Plc,23.5,33.5,12.75,12.85,12.75,12.85,-0.1,0.78%,"6,563,100",-
2014-10-13,SCOM,Safaricom Plc,23.5,33.5,12.7,12.8,12.7,12.75,-0.05,0.39%,"12,040,700",-
2014-10-14,SCOM,Safaricom Plc,23.5,33.5,12.65,12.75,12.65,12.7,-0.05,0.39%,"6,835,100",-
2014-10-15,SCOM,Safaricom Plc,23.5,33.5,12.5,12.8,12.5,12.65,-0.15,1.19%,"1,780,400",-
2014-10-16,SCOM,Safaricom Plc,23.5,33.5,12.5,12.6,12.5,12.5,-,-,"5,602,600",-
2014-10-17,SCOM,Safaricom Plc,23.5,33.5,12,12.5,12.15,12.5,-0.35,2.80%,"3,332,500",-
2014-10-21,SCOM,Safaricom Plc,23.5,33.5,11.85,12.5,12.15,12.15,-,-,"13,734,200",-
2014-10-22,SCOM,Safaricom Plc,23.5,33.5,12.3,12.55,12.45,12.15,0.3,2.47%,"5,354,400",-
2014-10-23,SCOM,Safaricom Plc,23.5,33.5,12.5,12.6,12.5,12.45,0.05,0.40%,"10,692,200",-
2014-10-24,SCOM,Safaricom Plc,23.5,33.5,12.05,12.5,12.25,12.5,-0.25,2.00%,"2,787,500",-
2014-10-27,SCOM,Safaricom Plc,23.5,33.5,12.15,12.5,12.2,12.25,-0.05,0.41%,"4,554,200",-
2014-10-28,SCOM,Safaricom Plc,23.5,33.5,12.05,12.2,12.1,12.2,-0.1,0.82%,"11,884,400",-
2014-10-29,SCOM,Safaricom Plc,23.5,33.5,12.1,12.3,12.15,12.1,0.05,0.41%,"8,941,800",-
2014-10-30,SCOM,Safaricom Plc,23.5,33.5,12.1,12.25,12.15,12.15,-,-,"6,568,600",-
2014-10-31,SCOM,Safaricom Plc,23.5,33.5,12.1,12.3,12.15,12.15,-,-,"6,238,900",-
2014-11-03,SCOM,Safaricom Plc,23.5,33.5,12.15,12.3,12.2,12.15,0.05,0.41%,"7,189,300",-
2014-11-04,SCOM,Safaricom Plc,23.5,33.5,12.15,12.25,12.2,12.2,-,-,"4,154,700",-
2014-11-05,SCOM,Safaricom Plc,23.5,33.5,12.2,13,12.7,12.2,0.5,4.10%,"14,616,500",-
2014-11-06,SCOM,Safaricom Plc,23.5,33.5,12.2,13,12.8,12.7,0.1,0.79%,"25,778,000",-
2014-11-07,SCOM,Safaricom Plc,23.5,33.5,12.7,13.1,12.95,12.8,0.15,1.17%,"17,538,200",-
2014-11-10,SCOM,Safaricom Plc,23.5,33.5,12.45,13.05,12.95,12.95,-,-,"9,210,800",-
2014-11-11,SCOM,Safaricom Plc,23.5,33.5,12.75,13.05,13,12.95,0.05,0.39%,"3,307,800",-
2014-11-12,SCOM,Safaricom Plc,23.5,33.5,12.8,13.55,13.35,13,0.35,2.69%,"24,898,900",-
2014-11-13,SCOM,Safaricom Plc,23.5,33.5,13,13.75,13.55,13.35,0.2,1.50%,"6,785,300",-
2014-11-14,SCOM,Safaricom Plc,23.5,33.5,13.3,13.85,13.7,13.55,0.15,1.11%,"6,004,600",-
2014-11-17,SCOM,Safaricom Plc,23.5,33.5,13.5,13.85,13.7,13.7,-,-,"1,223,400",-
2014-11-18,SCOM,Safaricom Plc,23.5,33.5,13.6,13.85,13.75,13.7,0.05,0.36%,"4,207,300",-
2014-11-19,SCOM,Safaricom Plc,23.5,33.5,13.55,13.85,13.7,13.75,-0.05,0.36%,"14,859,200",-
2014-11-20,SCOM,Safaricom Plc,23.5,33.5,13.55,13.7,13.6,13.7,-0.1,0.73%,"110,578,200",-
2014-11-21,SCOM,Safaricom Plc,23.5,33.5,13.5,13.65,13.55,13.6,-0.05,0.37%,"12,535,200",-
2014-11-24,SCOM,Safaricom Plc,23.5,33.5,13,13.65,13.45,13.55,-0.1,0.74%,"1,394,900",-
2014-11-25,SCOM,Safaricom Plc,23.5,33.5,13.2,13.65,13.55,13.45,0.1,0.74%,"17,656,800",-
2014-11-26,SCOM,Safaricom Plc,23.5,33.5,13.3,13.95,13.8,13.55,0.25,1.85%,"12,091,900",-
2014-11-27,SCOM,Safaricom Plc,23.5,33.5,13.6,14,13.9,13.8,0.1,0.72%,"7,151,200",-
2014-11-28,SCOM,Safaricom Plc,23.5,33.5,13.7,13.95,13.8,13.9,-0.1,0.72%,"12,068,000",-
2014-12-01,SCOM,Safaricom Plc,23.5,33.5,13.8,14,13.9,13.8,0.1,0.72%,"6,083,900",-
2014-12-02,SCOM,Safaricom Plc,23.5,33.5,13.8,14,13.95,13.9,0.05,0.36%,"8,614,400",-
2014-12-03,SCOM,Safaricom Plc,23.5,33.5,13.95,14.65,14.2,13.95,0.25,1.79%,"20,752,500",-
2014-12-04,SCOM,Safaricom Plc,23.5,33.5,14.1,14.7,14.55,14.2,0.35,2.46%,"4,824,700",-
2014-12-05,SCOM,Safaricom Plc,23.5,33.5,14.6,14.95,14.8,14.55,0.25,1.72%,"5,340,400",-
2014-12-08,SCOM,Safaricom Plc,23.5,33.5,14.7,15.15,15,14.8,0.2,1.35%,"36,775,700",-
2014-12-09,SCOM,Safaricom Plc,23.5,33.5,14.9,15.15,14.95,15,-0.05,0.33%,"22,233,300",-
2014-12-10,SCOM,Safaricom Plc,23.5,33.5,14.3,15,14.65,14.95,-0.3,2.01%,"9,358,200",-
2014-12-11,SCOM,Safaricom Plc,23.5,33.5,14,14.65,14.05,14.65,-0.6,4.10%,"18,895,300",-
2014-12-15,SCOM,Safaricom Plc,23.5,33.5,13.75,14.5,13.9,14.05,-0.15,1.07%,"13,566,800",-
2014-12-16,SCOM,Safaricom Plc,23.5,33.5,13.8,14.05,13.9,13.9,-,-,"45,892,000",-
2014-12-17,SCOM,Safaricom Plc,23.5,33.5,13.3,13.95,13.4,13.9,-0.5,3.60%,"32,755,500",-
2014-12-18,SCOM,Safaricom Plc,23.5,33.5,13.25,13.85,13.35,13.4,-0.05,0.37%,"6,316,200",-
2014-12-19,SCOM,Safaricom Plc,23.5,33.5,13.3,13.7,13.5,13.35,0.15,1.12%,"24,436,700",-
2014-12-22,SCOM,Safaricom Plc,23.5,33.5,13.35,13.6,13.45,13.5,-0.05,0.37%,"10,428,700",-
2014-12-23,SCOM,Safaricom Plc,23.5,33.5,13.45,14.05,13.85,13.45,0.4,2.97%,"6,463,300",-
2014-12-24,SCOM,Safaricom Plc,23.5,33.5,13.8,14.1,14,13.85,0.15,1.08%,"4,558,300",-
2014-12-29,SCOM,Safaricom Plc,23.5,33.5,14,14.2,14.05,14,0.05,0.36%,"19,248,300",-
2014-12-30,SCOM,Safaricom Plc,23.5,33.5,14,14.25,14.1,14.05,0.05,0.36%,"15,521,200",-
2014-12-31,SCOM,Safaricom Plc,23.5,33.5,14,14.15,14.05,14.1,-0.05,0.35%,"7,612,400",-
2015-01-02,SCOM,Safaricom Plc,23.5,33.5,14.05,14.5,14.15,14.05,0.1,0.71%,"8,652,000",-
2015-01-05,SCOM,Safaricom Plc,23.5,33.5,14,14.3,14.05,14.15,-0.1,0.71%,"2,558,100",-
2015-01-06,SCOM,Safaricom Plc,23.5,33.5,13.8,14.1,13.9,14.05,-0.15,1.07%,"11,810,700",-
2015-01-07,SCOM,Safaricom Plc,23.5,33.5,13.8,14,13.85,13.9,-0.05,0.36%,"5,022,200",-
2015-01-08,SCOM,Safaricom Plc,23.5,33.5,13.6,13.9,13.75,13.85,-0.1,0.72%,"3,746,400",-
2015-01-09,SCOM,Safaricom Plc,23.5,33.5,13,13.85,13.75,13.75,-,-,"2,157,000",-
2015-01-12,SCOM,Safaricom Plc,23.5,33.5,13.75,14.05,13.85,13.75,0.1,0.73%,"2,374,800",-
2015-01-13,SCOM,Safaricom Plc,23.5,33.5,14,15,14.7,13.85,0.85,6.14%,"1,348,900",-
2015-01-14,SCOM,Safaricom Plc,23.5,33.5,14.2,15,14.85,14.7,0.15,1.02%,"10,804,900",-
2015-01-15,SCOM,Safaricom Plc,23.5,33.5,14.5,14.85,14.6,14.85,-0.25,1.68%,"9,217,600",-
2015-01-16,SCOM,Safaricom Plc,23.5,33.5,14.5,14.9,14.8,14.6,0.2,1.37%,"5,718,500",-
2015-01-19,SCOM,Safaricom Plc,23.5,33.5,14.35,14.85,14.55,14.8,-0.25,1.69%,"1,590,100",-
2015-01-20,SCOM,Safaricom Plc,23.5,33.5,13.9,14.5,13.95,14.55,-0.6,4.12%,"14,468,900",-
2015-01-21,SCOM,Safaricom Plc,23.5,33.5,14.1,14.85,14.15,13.95,0.2,1.43%,"7,503,300",-
2015-01-22,SCOM,Safaricom Plc,23.5,33.5,14.1,14.5,14.2,14.15,0.05,0.35%,"3,670,400",-
2015-01-23,SCOM,Safaricom Plc,23.5,33.5,14.1,14.3,14.15,14.2,-0.05,0.35%,"14,165,800",-
2015-01-26,SCOM,Safaricom Plc,23.5,33.5,14,14.2,14,14.15,-0.15,1.06%,"7,050,400",-
2015-01-27,SCOM,Safaricom Plc,23.5,33.5,14,14.2,14.1,14,0.1,0.71%,"5,267,800",-
2015-01-28,SCOM,Safaricom Plc,23.5,33.5,14.1,14.3,14.15,14.1,0.05,0.35%,"8,606,700",-
2015-01-29,SCOM,Safaricom Plc,23.5,33.5,14.1,14.2,14.1,14.15,-0.05,0.35%,"7,361,000",-
2015-01-30,SCOM,Safaricom Plc,23.5,33.5,14.1,14.25,14.15,14.1,0.05,0.35%,"9,095,300",-
2015-02-02,SCOM,Safaricom Plc,23.5,33.5,14.1,14.3,14.2,14.15,0.05,0.35%,"14,705,700",-
2015-02-03,SCOM,Safaricom Plc,23.5,33.5,14.2,14.5,14.3,14.2,0.1,0.70%,"1,891,000",-
2015-02-04,SCOM,Safaricom Plc,23.5,33.5,14.3,14.75,14.45,14.3,0.15,1.05%,"2,274,900",-
2015-02-05,SCOM,Safaricom Plc,23.5,33.5,14.45,14.75,14.55,14.45,0.1,0.69%,"8,383,600",-
2015-02-06,SCOM,Safaricom Plc,23.5,33.5,14.45,14.7,14.55,14.55,-,-,"5,472,400",-
2015-02-09,SCOM,Safaricom Plc,23.5,33.5,14.5,15,14.8,14.55,0.25,1.72%,"13,757,300",-
2015-02-10,SCOM,Safaricom Plc,23.5,33.5,14.5,14.95,14.75,14.8,-0.05,0.34%,"11,687,700",-
2015-02-11,SCOM,Safaricom Plc,23.5,33.5,14.6,14.95,14.85,14.75,0.1,0.68%,"12,590,400",-
2015-02-12,SCOM,Safaricom Plc,23.5,33.5,14.5,14.9,14.75,14.85,-0.1,0.67%,"10,562,500",-
2015-02-13,SCOM,Safaricom Plc,23.5,33.5,14.85,14.95,14.85,14.75,0.1,0.68%,"25,002,900",-
2015-02-16,SCOM,Safaricom Plc,23.5,33.5,14.8,14.95,14.85,14.85,-,-,"1,322,200",-
2015-02-17,SCOM,Safaricom Plc,23.5,33.5,14.8,14.9,14.8,14.85,-0.05,0.34%,"3,230,000",-
2015-02-18,SCOM,Safaricom Plc,23.5,33.5,14.85,15.1,14.95,14.8,0.15,1.01%,"6,539,400",-
2015-02-19,SCOM,Safaricom Plc,23.5,33.5,15,15.3,15.15,14.95,0.2,1.34%,"3,817,200",-
2015-02-20,SCOM,Safaricom Plc,23.5,33.5,15.15,15.5,15.3,15.15,0.15,0.99%,"5,611,700",-
2015-02-23,SCOM,Safaricom Plc,23.5,33.5,15.35,15.7,15.45,15.3,0.15,0.98%,"4,374,500",-
2015-02-24,SCOM,Safaricom Plc,23.5,33.5,15.55,15.95,15.7,15.45,0.25,1.62%,"6,853,100",-
2015-02-25,SCOM,Safaricom Plc,23.5,33.5,15.7,16,15.9,15.7,0.2,1.27%,"33,856,500",-
2015-02-26,SCOM,Safaricom Plc,23.5,33.5,15.6,16,15.75,15.9,-0.15,0.94%,"5,679,200",-
2015-02-27,SCOM,Safaricom Plc,23.5,33.5,15.75,15.9,15.8,15.75,0.05,0.32%,"9,108,900",-
2015-03-02,SCOM,Safaricom Plc,23.5,33.5,15.25,16,15.65,15.8,-0.15,0.95%,"5,207,700",-
2015-03-03,SCOM,Safaricom Plc,23.5,33.5,15.3,15.65,15.4,15.65,-0.25,1.60%,"30,442,500",-
2015-03-04,SCOM,Safaricom Plc,23.5,33.5,15.35,16,15.45,15.4,0.05,0.32%,"22,042,700",-
2015-03-05,SCOM,Safaricom Plc,23.5,33.5,15.55,15.8,15.7,15.45,0.25,1.62%,"3,837,700",-
2015-03-06,SCOM,Safaricom Plc,23.5,33.5,15.6,15.95,15.75,15.7,0.05,0.32%,"5,832,300",-
2015-03-09,SCOM,Safaricom Plc,23.5,33.5,15.4,15.8,15.55,15.75,-0.2,1.27%,"6,603,400",-
2015-03-10,SCOM,Safaricom Plc,23.5,33.5,15.55,15.85,15.75,15.55,0.2,1.29%,"8,944,700",-
2015-03-11,SCOM,Safaricom Plc,23.5,33.5,15.75,16,15.85,15.75,0.1,0.63%,"3,247,600",-
2015-03-12,SCOM,Safaricom Plc,23.5,33.5,15.8,16,15.95,15.85,0.1,0.63%,"9,547,400",-
2015-03-13,SCOM,Safaricom Plc,23.5,33.5,15.5,16,15.8,15.95,-0.15,0.94%,"6,917,800",-
2015-03-16,SCOM,Safaricom Plc,23.5,33.5,15.6,15.8,15.65,15.8,-0.15,0.95%,"11,983,900",-
2015-03-17,SCOM,Safaricom Plc,23.5,33.5,15,15.75,15.6,15.65,-0.05,0.32%,"6,764,400",-
2015-03-18,SCOM,Safaricom Plc,23.5,33.5,15.65,15.9,15.75,15.6,0.15,0.96%,"6,763,200",-
2015-03-19,SCOM,Safaricom Plc,23.5,33.5,15.75,15.95,15.85,15.75,0.1,0.63%,"4,483,000",-
2015-03-20,SCOM,Safaricom Plc,23.5,33.5,15.8,15.95,15.85,15.85,-,-,"5,863,900",-
2015-03-23,SCOM,Safaricom Plc,23.5,33.5,15.85,16,15.9,15.85,0.05,0.32%,"4,795,200",-
2015-03-24,SCOM,Safaricom Plc,23.5,33.5,15.95,16.1,16,15.9,0.1,0.63%,"6,653,100",-
2015-03-25,SCOM,Safaricom Plc,23.5,33.5,16,16.25,16.1,16,0.1,0.63%,"3,172,500",-
2015-03-26,SCOM,Safaricom Plc,23.5,33.5,16.1,17,16.45,16.1,0.35,2.17%,"20,194,200",-
2015-03-27,SCOM,Safaricom Plc,23.5,33.5,16.5,17.5,16.6,16.45,0.15,0.91%,"2,836,000",-
2015-03-30,SCOM,Safaricom Plc,23.5,33.5,16.5,16.95,16.7,16.6,0.1,0.60%,"5,054,200",-
2015-03-31,SCOM,Safaricom Plc,23.5,33.5,16.8,17.4,17.05,16.7,0.35,2.10%,"6,060,000",-
2015-04-01,SCOM,Safaricom Plc,23.5,33.5,16.8,17.4,17,17.05,-0.05,0.29%,"23,447,000",-
2015-04-02,SCOM,Safaricom Plc,23.5,33.5,15.85,17.05,16.6,17,-0.4,2.35%,"10,225,100",-
2015-04-07,SCOM,Safaricom Plc,23.5,33.5,15.75,16.6,15.9,16.6,-0.7,4.22%,"25,345,600",-
2015-04-08,SCOM,Safaricom Plc,23.5,33.5,15.85,16.2,15.95,15.9,0.05,0.31%,"20,213,300",-
2015-04-09,SCOM,Safaricom Plc,23.5,33.5,16.15,16.5,16.3,15.95,0.35,2.19%,"16,651,200",-
2015-04-10,SCOM,Safaricom Plc,23.5,33.5,15.75,16.35,15.9,16.3,-0.4,2.45%,"30,226,100",-
2015-04-13,SCOM,Safaricom Plc,23.5,33.5,15.9,16.35,16,15.9,0.1,0.63%,"1,185,800",-
2015-04-14,SCOM,Safaricom Plc,23.5,33.5,16,16.35,16.1,16,0.1,0.63%,"5,472,900",-
2015-04-15,SCOM,Safaricom Plc,23.5,33.5,16.05,16.5,16.3,16.1,0.2,1.24%,"2,169,800",-
2015-04-16,SCOM,Safaricom Plc,23.5,33.5,16.35,17,16.75,16.3,0.45,2.76%,"2,938,700",-
2015-04-17,SCOM,Safaricom Plc,23.5,33.5,16.65,17.5,17.2,16.75,0.45,2.69%,"13,011,700",-
2015-04-20,SCOM,Safaricom Plc,23.5,33.5,17,17.4,17.25,17.2,0.05,0.29%,"5,345,100",-
2015-04-21,SCOM,Safaricom Plc,23.5,33.5,17.05,17.4,17.2,17.25,-0.05,0.29%,"5,584,800",-
2015-04-22,SCOM,Safaricom Plc,23.5,33.5,17,17.2,17.05,17.2,-0.15,0.87%,"4,110,800",-
2015-04-23,SCOM,Safaricom Plc,23.5,33.5,17.05,17.4,17.15,17.05,0.1,0.59%,"8,081,200",-
2015-04-24,SCOM,Safaricom Plc,23.5,33.5,17.15,17.4,17.3,17.15,0.15,0.87%,"14,060,100",-
2015-04-27,SCOM,Safaricom Plc,23.5,33.5,17.05,17.3,17.1,17.3,-0.2,1.16%,"2,988,200",-
2015-04-28,SCOM,Safaricom Plc,23.5,33.5,17,17.4,17.2,17.1,0.1,0.58%,"1,663,000",-
2015-04-29,SCOM,Safaricom Plc,23.5,33.5,17.2,17.5,17.3,17.2,0.1,0.58%,"25,196,600",-
2015-04-30,SCOM,Safaricom Plc,23.5,33.5,17.3,17.5,17.4,17.3,0.1,0.58%,"4,947,400",-
2015-05-04,SCOM,Safaricom Plc,23.5,33.5,17.35,17.5,17.45,17.4,0.05,0.29%,"6,839,700",-
2015-05-05,SCOM,Safaricom Plc,23.5,33.5,17.4,17.65,17.5,17.45,0.05,0.29%,"4,538,200",-
2015-05-06,SCOM,Safaricom Plc,23.5,33.5,17.5,17.9,17.55,17.5,0.05,0.29%,"11,930,200",-
2015-05-07,SCOM,Safaricom Plc,23.5,33.5,16.95,17.7,17.15,17.55,-0.4,2.28%,"19,809,900",-
2015-05-08,SCOM,Safaricom Plc,23.5,33.5,16.95,17.55,17.05,17.15,-0.1,0.58%,"29,259,400",-
2015-05-09,SCOM,Safaricom Plc,23.5,33.5,19.9,20.75,20.25,20.5,-0.25,1.22%,"10,196,000",-
2015-05-11,SCOM,Safaricom Plc,23.5,33.5,16.75,17.15,16.9,17.05,-0.15,0.88%,"10,926,100",-
2015-05-12,SCOM,Safaricom Plc,23.5,33.5,16.25,16.9,16.65,16.9,-0.25,1.48%,"17,864,000",-
2015-05-13,SCOM,Safaricom Plc,23.5,33.5,15.85,16.5,16.1,16.65,-0.55,3.30%,"22,160,900",-
2015-05-14,SCOM,Safaricom Plc,23.5,33.5,16.2,16.45,16.35,16.1,0.25,1.55%,"4,220,100",-
2015-05-15,SCOM,Safaricom Plc,23.5,33.5,16.2,16.5,16.35,16.35,-,-,"9,936,700",-
2015-05-18,SCOM,Safaricom Plc,23.5,33.5,16.35,16.7,16.5,16.35,0.15,0.92%,"7,844,400",-
2015-05-19,SCOM,Safaricom Plc,23.5,33.5,16.5,16.75,16.6,16.5,0.1,0.61%,"10,562,300",-
2015-05-20,SCOM,Safaricom Plc,23.5,33.5,16.35,16.7,16.45,16.6,-0.15,0.90%,"10,062,000",-
2015-05-21,SCOM,Safaricom Plc,23.5,33.5,16.25,16.55,16.25,16.45,-0.2,1.22%,"8,668,100",-
2015-05-22,SCOM,Safaricom Plc,23.5,33.5,16.1,16.3,16.2,16.25,-0.05,0.31%,"11,532,600",-
2015-05-25,SCOM,Safaricom Plc,23.5,33.5,15.95,16.3,16,16.2,-0.2,1.23%,"11,043,300",-
2015-05-26,SCOM,Safaricom Plc,23.5,33.5,15.5,16,15.65,16,-0.35,2.19%,"8,625,000",-
2015-05-27,SCOM,Safaricom Plc,23.5,33.5,15,15.6,15.2,15.65,-0.45,2.88%,"64,507,500",-
2015-05-28,SCOM,Safaricom Plc,23.5,33.5,15.2,15.7,15.55,15.2,0.35,2.30%,"12,815,300",-
2015-05-29,SCOM,Safaricom Plc,23.5,33.5,15.6,16.8,15.85,15.55,0.3,1.93%,"34,340,000",-
2015-06-02,SCOM,Safaricom Plc,23.5,33.5,15.85,16.9,16.5,15.85,0.65,4.10%,"2,441,700",-
2015-06-03,SCOM,Safaricom Plc,23.5,33.5,16.05,16.7,16.4,16.5,-0.1,0.61%,"17,786,800",-
2015-06-04,SCOM,Safaricom Plc,23.5,33.5,16,16.7,16.45,16.4,0.05,0.30%,"11,518,000",-
2015-06-05,SCOM,Safaricom Plc,23.5,33.5,16.1,16.65,16.35,16.45,-0.1,0.61%,"5,050,200",-
2015-06-08,SCOM,Safaricom Plc,23.5,33.5,15.9,16.35,16.05,16.35,-0.3,1.83%,"11,190,800",-
2015-06-09,SCOM,Safaricom Plc,23.5,33.5,16,16.3,16.05,16.05,-,-,"21,378,500",-
2015-06-10,SCOM,Safaricom Plc,23.5,33.5,16,16.1,16.05,16.05,-,-,"7,374,200",-
2015-06-11,SCOM,Safaricom Plc,23.5,33.5,16,16.05,16,16.05,-0.05,0.31%,"14,351,700",-
2015-06-12,SCOM,Safaricom Plc,23.5,33.5,16.05,16.25,16.05,16,0.05,0.31%,"3,420,100",-
2015-06-15,SCOM,Safaricom Plc,23.5,33.5,16.05,16.15,16.1,16.05,0.05,0.31%,"6,983,200",-
2015-06-16,SCOM,Safaricom Plc,23.5,33.5,16,16.25,16.05,16.1,-0.05,0.31%,"11,030,900",-
2015-06-17,SCOM,Safaricom Plc,23.5,33.5,16,16.2,16.05,16.05,-,-,"1,957,000",-
2015-06-18,SCOM,Safaricom Plc,23.5,33.5,16,16.1,16,16.05,-0.05,0.31%,"24,400,400",-
2015-06-19,SCOM,Safaricom Plc,23.5,33.5,16.05,16.1,16.05,16,0.05,0.31%,"11,686,700",-
2015-06-22,SCOM,Safaricom Plc,23.5,33.5,15.9,16.7,16.35,16.05,0.3,1.87%,"10,919,200",-
2015-06-23,SCOM,Safaricom Plc,23.5,33.5,15.9,16.1,16,16.35,-0.35,2.14%,"11,199,000",-
2015-06-24,SCOM,Safaricom Plc,23.5,33.5,16.05,16.2,16.05,16,0.05,0.31%,"4,048,200",-
2015-06-25,SCOM,Safaricom Plc,23.5,33.5,16,16.2,16.1,16.05,0.05,0.31%,"21,433,000",-
2015-06-26,SCOM,Safaricom Plc,23.5,33.5,16.05,16.2,16.1,16.1,-,-,"3,697,900",-
2015-06-29,SCOM,Safaricom Plc,23.5,33.5,16.1,16.4,16.3,16.1,0.2,1.24%,"6,019,200",-
2015-06-30,SCOM,Safaricom Plc,23.5,33.5,16.3,16.6,16.45,16.3,0.15,0.92%,"8,437,700",-
2015-07-01,SCOM,Safaricom Plc,23.5,33.5,16.45,16.6,16.5,16.45,0.05,0.30%,"6,564,600",-
2015-07-02,SCOM,Safaricom Plc,23.5,33.5,16.3,16.55,16.45,16.5,-0.05,0.30%,"2,690,700",-
2015-07-03,SCOM,Safaricom Plc,23.5,33.5,16.3,16.5,16.35,16.45,-0.1,0.61%,"295,100",-
2015-07-06,SCOM,Safaricom Plc,23.5,33.5,16.2,16.5,16.35,16.35,-,-,"2,588,700",-
2015-07-07,SCOM,Safaricom Plc,23.5,33.5,16.2,16.9,16.35,16.35,-,-,"2,090,700",-
2015-07-08,SCOM,Safaricom Plc,23.5,33.5,15.9,16.6,16.15,16.35,-0.2,1.22%,"49,670,000",-
2015-07-09,SCOM,Safaricom Plc,23.5,33.5,15.8,16.2,15.95,16.15,-0.2,1.24%,"48,134,700",-
2015-07-13,SCOM,Safaricom Plc,23.5,33.5,15.85,16.1,15.85,15.95,-0.1,0.63%,"9,203,300",-
2015-07-14,SCOM,Safaricom Plc,23.5,33.5,15.1,16,15.75,15.85,-0.1,0.63%,"16,837,500",-
2015-07-15,SCOM,Safaricom Plc,23.5,33.5,15.1,16.5,15.7,15.75,-0.05,0.32%,"22,824,200",-
2015-07-16,SCOM,Safaricom Plc,23.5,33.5,15.2,15.75,15.25,15.7,-0.45,2.87%,"10,438,300",-
2015-07-17,SCOM,Safaricom Plc,23.5,33.5,15.15,15.3,15.15,15.25,-0.1,0.66%,"9,699,600",-
2015-07-20,SCOM,Safaricom Plc,23.5,33.5,15.1,15.45,15.3,15.15,0.15,0.99%,"17,724,700",-
2015-07-21,SCOM,Safaricom Plc,23.5,33.5,15.25,16,15.5,15.3,0.2,1.31%,"29,230,800",-
2015-07-22,SCOM,Safaricom Plc,23.5,33.5,15.3,15.75,15.55,15.5,0.05,0.32%,"4,171,100",-
2015-07-23,SCOM,Safaricom Plc,23.5,33.5,15.25,16,15.45,15.55,-0.1,0.64%,"8,501,500",-
2015-07-24,SCOM,Safaricom Plc,23.5,33.5,15.15,15.5,15.25,15.45,-0.2,1.29%,"17,574,300",-
2015-07-27,SCOM,Safaricom Plc,23.5,33.5,15.15,15.5,15.45,15.25,0.2,1.31%,"6,622,600",-
2015-07-28,SCOM,Safaricom Plc,23.5,33.5,15.3,15.5,15.45,15.45,-,-,"6,486,200",-
2015-07-29,SCOM,Safaricom Plc,23.5,33.5,15.1,15.4,15.2,15.45,-0.25,1.62%,"16,519,800",-
2015-07-30,SCOM,Safaricom Plc,23.5,33.5,14.9,15.25,14.95,15.2,-0.25,1.64%,"796,900",-
2015-07-31,SCOM,Safaricom Plc,23.5,33.5,14.05,15,14.4,14.95,-0.55,3.68%,"15,653,100",-
2015-08-03,SCOM,Safaricom Plc,23.5,33.5,14.1,14.5,14.15,14.4,-0.25,1.74%,"13,957,900",-
2015-08-04,SCOM,Safaricom Plc,23.5,33.5,14,14.2,14,14.15,-0.15,1.06%,"85,739,100",-
2015-08-05,SCOM,Safaricom Plc,23.5,33.5,13.6,14.15,13.95,14,-0.05,0.36%,"27,585,400",-
2015-08-06,SCOM,Safaricom Plc,23.5,33.5,13.7,14.25,13.9,13.95,-0.05,0.36%,"30,581,100",-
2015-08-07,SCOM,Safaricom Plc,23.5,33.5,13.95,14.95,14.55,13.9,0.65,4.68%,"1,639,900",-
2015-08-10,SCOM,Safaricom Plc,23.5,33.5,14.7,15.5,15.35,14.55,0.8,5.50%,"10,161,900",-
2015-08-11,SCOM,Safaricom Plc,23.5,33.5,15.4,15.85,15.45,15.35,0.1,0.65%,"13,170,700",-
2015-08-12,SCOM,Safaricom Plc,23.5,33.5,15.5,15.75,15.55,15.45,0.1,0.65%,"5,489,500",-
2015-08-13,SCOM,Safaricom Plc,23.5,33.5,15.3,15.6,15.45,15.55,-0.1,0.64%,"8,370,500",-
2015-08-14,SCOM,Safaricom Plc,23.5,33.5,15,15.5,15,15.45,-0.45,2.91%,"9,343,000",-
2015-08-17,SCOM,Safaricom Plc,23.5,33.5,14.65,15.1,14.85,15,-0.15,1.00%,"2,038,400",-
2015-08-18,SCOM,Safaricom Plc,23.5,33.5,14.7,15,14.85,14.85,-,-,"2,792,700",-
2015-08-19,SCOM,Safaricom Plc,23.5,33.5,14.9,15.2,15,14.85,0.15,1.01%,"6,872,600",-
2015-08-20,SCOM,Safaricom Plc,23.5,33.5,15.05,15.4,15.1,15,0.1,0.67%,"2,302,900",-
2015-08-21,SCOM,Safaricom Plc,23.5,33.5,14.9,15.1,15,15.1,-0.1,0.66%,"7,970,600",-
2015-08-24,SCOM,Safaricom Plc,23.5,33.5,13.95,15,14.35,15,-0.65,4.33%,"6,960,900",-
2015-08-25,SCOM,Safaricom Plc,23.5,33.5,13.9,14.35,13.95,14.35,-0.4,2.79%,"7,869,700",-
2015-08-26,SCOM,Safaricom Plc,23.5,33.5,12.8,13.95,13.45,13.95,-0.5,3.58%,"5,553,600",-
2015-08-27,SCOM,Safaricom Plc,23.5,33.5,12.6,14.5,13.5,13.45,0.05,0.37%,"12,516,000",-
2015-08-28,SCOM,Safaricom Plc,23.5,33.5,13.9,14.5,14.15,13.5,0.65,4.81%,"29,194,600",-
2015-08-31,SCOM,Safaricom Plc,23.5,33.5,14,15,14.35,14.15,0.2,1.41%,"2,225,800",-
2015-09-01,SCOM,Safaricom Plc,23.5,33.5,14.5,14.8,14.6,14.35,0.25,1.74%,"2,914,300",-
2015-09-02,SCOM,Safaricom Plc,23.5,33.5,14.3,15.1,14.6,14.6,-,-,"4,431,800",-
2015-09-03,SCOM,Safaricom Plc,23.5,33.5,14.85,15.6,15.2,14.6,0.6,4.11%,"4,530,700",-
2015-09-04,SCOM,Safaricom Plc,23.5,33.5,13.7,15.1,14.85,15.2,-0.35,2.30%,"10,765,300",-
2015-09-07,SCOM,Safaricom Plc,23.5,33.5,14.5,14.85,14.6,14.85,-0.25,1.68%,"13,382,300",-
2015-09-08,SCOM,Safaricom Plc,23.5,33.5,14.5,14.75,14.6,14.6,-,-,"1,124,000",-
2015-09-09,SCOM,Safaricom Plc,23.5,33.5,14,14.7,14.4,14.6,-0.2,1.37%,"52,575,800",-
2015-09-10,SCOM,Safaricom Plc,23.5,33.5,14.05,14.6,14.4,14.4,-,-,"2,294,100",-
2015-09-11,SCOM,Safaricom Plc,23.5,33.5,14.4,14.65,14.55,14.4,0.15,1.04%,"3,528,200",-
2015-09-14,SCOM,Safaricom Plc,23.5,33.5,14.55,14.9,14.7,14.55,0.15,1.03%,"3,155,900",-
2015-09-15,SCOM,Safaricom Plc,23.5,33.5,14.65,15.4,15.15,14.7,0.45,3.06%,"11,232,100",-
2015-09-16,SCOM,Safaricom Plc,23.5,33.5,14.8,15.2,14.95,15.15,-0.2,1.32%,"6,043,600",-
2015-09-17,SCOM,Safaricom Plc,23.5,33.5,14.7,15.1,15,14.95,0.05,0.33%,"6,122,700",-
2015-09-18,SCOM,Safaricom Plc,23.5,33.5,14.55,14.95,14.7,15,-0.3,2.00%,"6,633,300",-
2015-09-21,SCOM,Safaricom Plc,23.5,33.5,14.5,15.2,14.9,14.7,0.2,1.36%,"4,900,600",-
2015-09-22,SCOM,Safaricom Plc,23.5,33.5,14.6,15.2,15,14.9,0.1,0.67%,"9,092,600",-
2015-09-23,SCOM,Safaricom Plc,23.5,33.5,15,15.2,15.1,15,0.1,0.67%,"9,027,900",-
2015-09-24,SCOM,Safaricom Plc,23.5,33.5,15,15.2,15.15,15.1,0.05,0.33%,"3,426,800",-
2015-09-25,SCOM,Safaricom Plc,23.5,33.5,15.05,15.3,15.15,15.15,-,-,"7,073,800",-
2015-09-28,SCOM,Safaricom Plc,23.5,33.5,15.1,15.25,15.2,15.15,0.05,0.33%,"15,053,600",-
2015-09-29,SCOM,Safaricom Plc,23.5,33.5,14.8,15.25,15.1,15.2,-0.1,0.66%,"13,614,400",-
2015-09-30,SCOM,Safaricom Plc,23.5,33.5,15,15.25,15.2,15.1,0.1,0.66%,"16,375,500",-
2015-10-01,SCOM,Safaricom Plc,23.5,33.5,14.65,15.15,14.95,15.2,-0.25,1.64%,"6,458,300",-
2015-10-02,SCOM,Safaricom Plc,23.5,33.5,14.2,14.95,14.45,14.95,-0.5,3.34%,"13,960,300",-
2015-10-05,SCOM,Safaricom Plc,23.5,33.5,14.3,14.75,14.6,14.45,0.15,1.04%,"4,231,800",-
2015-10-07,SCOM,Safaricom Plc,23.5,33.5,14.6,14.75,14.65,14.6,0.05,0.34%,"16,019,000",-
2015-10-08,SCOM,Safaricom Plc,23.5,33.5,14.55,14.8,14.7,14.65,0.05,0.34%,"3,109,100",-
2015-10-09,SCOM,Safaricom Plc,23.5,33.5,14.7,15,14.8,14.7,0.1,0.68%,"4,555,600",-
2015-10-12,SCOM,Safaricom Plc,23.5,33.5,14.6,15.05,14.95,14.8,0.15,1.01%,"6,515,400",-
2015-10-13,SCOM,Safaricom Plc,23.5,33.5,14.7,15.15,15,14.95,0.05,0.33%,"3,950,500",-
2015-10-14,SCOM,Safaricom Plc,23.5,33.5,14.2,15,14.7,15,-0.3,2.00%,"5,937,400",-
2015-10-15,SCOM,Safaricom Plc,23.5,33.5,14.2,15,14.4,14.7,-0.3,2.04%,"6,010,600",-
2015-10-16,SCOM,Safaricom Plc,23.5,33.5,14.2,14.75,14.55,14.4,0.15,1.04%,"7,002,100",-
2015-10-19,SCOM,Safaricom Plc,23.5,33.5,14.5,15.05,14.75,14.55,0.2,1.37%,"2,027,800",-
2015-10-21,SCOM,Safaricom Plc,23.5,33.5,14.6,15.1,15,14.75,0.25,1.69%,"8,538,300",-
2015-10-22,SCOM,Safaricom Plc,23.5,33.5,14.75,15.1,14.95,15,-0.05,0.33%,"2,046,700",-
2015-10-23,SCOM,Safaricom Plc,23.5,33.5,14.9,15.05,14.95,14.95,-,-,"3,185,200",-
2015-10-26,SCOM,Safaricom Plc,23.5,33.5,14.5,14.95,14.5,14.95,-0.45,3.01%,"4,248,500",-
2015-10-27,SCOM,Safaricom Plc,23.5,33.5,14.5,14.65,14.5,14.5,-,-,"5,258,400",-
2015-10-28,SCOM,Safaricom Plc,23.5,33.5,14.5,14.8,14.5,14.5,-,-,"9,802,700",-
2015-10-29,SCOM,Safaricom Plc,23.5,33.5,14.25,14.6,14.4,14.5,-0.1,0.69%,"5,929,900",-
2015-10-30,SCOM,Safaricom Plc,23.5,33.5,14.2,14.5,14.35,14.4,-0.05,0.35%,"8,014,600",-
2015-11-02,SCOM,Safaricom Plc,23.5,33.5,14.25,14.5,14.35,14.35,-,-,"644,100",-
2015-11-03,SCOM,Safaricom Plc,23.5,33.5,14,14.5,14.45,14.35,0.1,0.70%,"30,951,300",-
2015-11-04,SCOM,Safaricom Plc,23.5,33.5,14.05,14.5,14.3,14.45,-0.15,1.04%,"3,824,100",-
2015-11-05,SCOM,Safaricom Plc,23.5,33.5,14.35,15.1,14.95,14.3,0.65,4.55%,"16,314,000",-
2015-11-06,SCOM,Safaricom Plc,23.5,33.5,15,15.15,15.05,14.95,0.1,0.67%,"2,385,000",-
2015-11-09,SCOM,Safaricom Plc,23.5,33.5,14.95,15.25,15.05,15.05,-,-,"2,938,400",-
2015-11-10,SCOM,Safaricom Plc,23.5,33.5,15.05,15.75,15.45,15.05,0.4,2.66%,"6,499,100",-
2015-11-11,SCOM,Safaricom Plc,23.5,33.5,15.45,16,15.8,15.45,0.35,2.27%,"4,485,600",-
2015-11-12,SCOM,Safaricom Plc,23.5,33.5,15.5,16.2,16.05,15.8,0.25,1.58%,"7,800,700",-
2015-11-13,SCOM,Safaricom Plc,23.5,33.5,15.85,16.5,16,16.05,-0.05,0.31%,"5,330,700",-
2015-11-16,SCOM,Safaricom Plc,23.5,33.5,16.05,16.15,16.05,16,0.05,0.31%,"10,725,900",-
2015-11-17,SCOM,Safaricom Plc,23.5,33.5,16.05,16.3,16.1,16.05,0.05,0.31%,"3,061,400",-
2015-11-18,SCOM,Safaricom Plc,23.5,33.5,16.1,16.5,16.25,16.1,0.15,0.93%,"5,623,300",-
2015-11-19,SCOM,Safaricom Plc,23.5,33.5,16.2,16.6,16.5,16.25,0.25,1.54%,"13,861,900",-
2015-11-20,SCOM,Safaricom Plc,23.5,33.5,16.5,16.95,16.65,16.5,0.15,0.91%,"4,063,100",-
2015-11-23,SCOM,Safaricom Plc,23.5,33.5,16.35,16.95,16.7,16.65,0.05,0.30%,"8,603,900",-
2015-11-24,SCOM,Safaricom Plc,23.5,33.5,16,16.5,16.2,16.7,-0.5,2.99%,"15,361,700",-
2015-11-25,SCOM,Safaricom Plc,23.5,33.5,15.5,16.5,16.05,16.2,-0.15,0.93%,"2,980,000",-
2015-11-27,SCOM,Safaricom Plc,23.5,33.5,14.5,16.1,15.35,16.05,-0.7,4.36%,"4,641,300",-
2015-11-30,SCOM,Safaricom Plc,23.5,33.5,15.3,15.9,15.5,15.35,0.15,0.98%,"15,518,900",-
2015-12-01,SCOM,Safaricom Plc,23.5,33.5,15.5,15.75,15.65,15.5,0.15,0.97%,"4,234,300",-
2015-12-02,SCOM,Safaricom Plc,23.5,33.5,15.55,16.2,15.85,15.65,0.2,1.28%,"5,408,400",-
2015-12-03,SCOM,Safaricom Plc,23.5,33.5,15.6,16,15.7,15.85,-0.15,0.95%,"1,635,500",-
2015-12-04,SCOM,Safaricom Plc,23.5,33.5,15.5,15.85,15.55,15.7,-0.15,0.96%,"8,471,900",-
2015-12-07,SCOM,Safaricom Plc,23.5,33.5,15.6,15.95,15.7,15.55,0.15,0.96%,"21,242,900",-
2015-12-08,SCOM,Safaricom Plc,23.5,33.5,15.7,16,15.95,15.7,0.25,1.59%,"9,247,600",-
2015-12-09,SCOM,Safaricom Plc,23.5,33.5,15.75,16.25,16.1,15.95,0.15,0.94%,"4,128,000",-
2015-12-10,SCOM,Safaricom Plc,23.5,33.5,15.95,16.25,16.15,16.1,0.05,0.31%,"5,404,700",-
2015-12-11,SCOM,Safaricom Plc,23.5,33.5,16,16.4,16.25,16.15,0.1,0.62%,"9,025,100",-
2015-12-14,SCOM,Safaricom Plc,23.5,33.5,16,16.65,16.4,16.25,0.15,0.92%,"11,066,900",-
2015-12-15,SCOM,Safaricom Plc,23.5,33.5,16.3,16.5,16.35,16.4,-0.05,0.30%,"8,494,800",-
2015-12-16,SCOM,Safaricom Plc,23.5,33.5,16.2,16.9,16.7,16.35,0.35,2.14%,"8,302,900",-
2015-12-17,SCOM,Safaricom Plc,23.5,33.5,15.9,16.7,16.6,16.7,-0.1,0.60%,"10,873,200",-
2015-12-18,SCOM,Safaricom Plc,23.5,33.5,16.3,16.8,16.7,16.6,0.1,0.60%,"6,652,900",-
2015-12-21,SCOM,Safaricom Plc,23.5,33.5,16.5,16.9,16.7,16.7,-,-,"6,626,500",-
2015-12-22,SCOM,Safaricom Plc,23.5,33.5,15.8,16.8,16.7,16.7,-,-,"9,043,900",-
2015-12-23,SCOM,Safaricom Plc,23.5,33.5,15.85,16.5,16.1,16.7,-0.6,3.59%,"979,100",-
2015-12-24,SCOM,Safaricom Plc,23.5,33.5,15.75,16.2,15.9,16.1,-0.2,1.24%,"856,200",-
2015-12-28,SCOM,Safaricom Plc,23.5,33.5,15.9,16,15.9,15.9,-,-,"279,400",-
2015-12-29,SCOM,Safaricom Plc,23.5,33.5,15.9,16.3,16.1,15.9,0.2,1.26%,"2,955,700",-
2015-12-30,SCOM,Safaricom Plc,23.5,33.5,16,16.5,16.25,16.1,0.15,0.93%,"623,400",-
2015-12-31,SCOM,Safaricom Plc,23.5,33.5,16.3,16.5,16.3,16.25,0.05,0.31%,"309,200",-
2016-01-04,SCOM,Safaricom Plc,23.5,33.5,16.05,16.7,16.35,16.3,0.05,0.31%,"1,642,000",-
2016-01-05,SCOM,Safaricom Plc,23.5,33.5,16.2,16.55,16.35,16.35,-,-,"9,798,000",-
2016-01-06,SCOM,Safaricom Plc,23.5,33.5,16.4,16.75,16.6,16.35,0.25,1.53%,"5,170,500",-
2016-01-07,SCOM,Safaricom Plc,23.5,33.5,16.5,16.7,16.5,16.6,-0.1,0.60%,"1,546,100",-
2016-01-08,SCOM,Safaricom Plc,23.5,33.5,16.2,16.5,16.4,16.5,-0.1,0.61%,"6,271,800",-
2016-01-11,SCOM,Safaricom Plc,23.5,33.5,16,16.4,16.25,16.4,-0.15,0.91%,"9,228,600",-
2016-01-12,SCOM,Safaricom Plc,23.5,33.5,15.9,16.1,16,16.25,-0.25,1.54%,"6,672,100",-
2016-01-13,SCOM,Safaricom Plc,23.5,33.5,15.85,16.2,16.1,16,0.1,0.63%,"1,534,900",-
2016-01-14,SCOM,Safaricom Plc,23.5,33.5,16,16.15,16.05,16.1,-0.05,0.31%,"5,253,900",-
2016-01-15,SCOM,Safaricom Plc,23.5,33.5,16,16.15,16.05,16.05,-,-,"3,320,800",-
2016-01-18,SCOM,Safaricom Plc,23.5,33.5,16.1,16.2,16.1,16.05,0.05,0.31%,"1,238,500",-
2016-01-19,SCOM,Safaricom Plc,23.5,33.5,15.9,16.2,16.1,16.1,-,-,"22,757,900",-
2016-01-20,SCOM,Safaricom Plc,23.5,33.5,15.45,16,15.75,16.1,-0.35,2.17%,"7,618,500",-
2016-01-21,SCOM,Safaricom Plc,23.5,33.5,15,15.75,15.25,15.75,-0.5,3.17%,"2,931,500",-
2016-01-22,SCOM,Safaricom Plc,23.5,33.5,15,15.4,15.1,15.25,-0.15,0.98%,"5,483,700",-
2016-01-25,SCOM,Safaricom Plc,23.5,33.5,15.05,15.4,15.25,15.1,0.15,0.99%,"4,810,600",-
2016-01-26,SCOM,Safaricom Plc,23.5,33.5,15.25,15.35,15.25,15.25,-,-,"11,483,800",-
2016-01-27,SCOM,Safaricom Plc,23.5,33.5,15.1,15.3,15.15,15.25,-0.1,0.66%,"4,885,900",-
2016-01-28,SCOM,Safaricom Plc,23.5,33.5,15.1,15.25,15.15,15.15,-,-,"3,593,600",-
2016-01-29,SCOM,Safaricom Plc,23.5,33.5,15.15,15.3,15.15,15.15,-,-,"2,959,200",-
2016-02-02,SCOM,Safaricom Plc,23.5,33.5,15.5,16.5,16,15.15,0.85,5.61%,"7,257,700",-
2016-02-03,SCOM,Safaricom Plc,23.5,33.5,15.7,17,16.65,16,0.65,4.06%,"9,287,300",-
2016-02-04,SCOM,Safaricom Plc,23.5,33.5,15.65,16.5,16.25,16.65,-0.4,2.40%,"11,745,700",-
2016-02-05,SCOM,Safaricom Plc,23.5,33.5,16,16.5,16.2,16.25,-0.05,0.31%,"9,178,500",-
2016-02-08,SCOM,Safaricom Plc,23.5,33.5,15.9,16.2,16.15,16.2,-0.05,0.31%,"1,790,400",-
2016-02-09,SCOM,Safaricom Plc,23.5,33.5,15.6,16.1,16,16.15,-0.15,0.93%,"13,414,300",-
2016-02-10,SCOM,Safaricom Plc,23.5,33.5,15.55,16,15.75,16,-0.25,1.56%,"3,232,600",-
2016-02-11,SCOM,Safaricom Plc,23.5,33.5,15.55,16,15.6,15.75,-0.15,0.95%,"9,005,900",-
2016-02-12,SCOM,Safaricom Plc,23.5,33.5,15.65,15.95,15.8,15.6,0.2,1.28%,"10,362,800",-
2016-02-15,SCOM,Safaricom Plc,23.5,33.5,15.7,15.95,15.75,15.8,-0.05,0.32%,"491,400",-
2016-02-16,SCOM,Safaricom Plc,23.5,33.5,15.5,15.85,15.7,15.75,-0.05,0.32%,"10,656,800",-
2016-02-17,SCOM,Safaricom Plc,23.5,33.5,15.5,15.65,15.55,15.7,-0.15,0.96%,"4,394,300",-
2016-02-18,SCOM,Safaricom Plc,23.5,33.5,15.5,15.85,15.6,15.55,0.05,0.32%,"16,442,800",-
2016-02-19,SCOM,Safaricom Plc,23.5,33.5,15.6,16,15.85,15.6,0.25,1.60%,"349,100",-
2016-02-22,SCOM,Safaricom Plc,23.5,33.5,15.6,15.9,15.7,15.85,-0.15,0.95%,"492,300",-
2016-02-23,SCOM,Safaricom Plc,23.5,33.5,15.65,16,15.95,15.7,0.25,1.59%,"1,552,200",-
2016-02-24,SCOM,Safaricom Plc,23.5,33.5,15.75,16.15,16,15.95,0.05,0.31%,"9,875,200",-
2016-02-25,SCOM,Safaricom Plc,23.5,33.5,16,16.2,16,16,-,-,"2,715,800",-
2016-02-26,SCOM,Safaricom Plc,23.5,33.5,16,16.45,16.1,16,0.1,0.63%,"1,510,400",-
2016-02-29,SCOM,Safaricom Plc,23.5,33.5,16.05,16.5,16.2,16.1,0.1,0.62%,"1,834,100",-
2016-03-01,SCOM,Safaricom Plc,23.5,33.5,16.1,16.3,16.15,16.2,-0.05,0.31%,"4,318,000",-
2016-03-02,SCOM,Safaricom Plc,23.5,33.5,16.15,16.65,16.55,16.15,0.4,2.48%,"12,237,200",-
2016-03-03,SCOM,Safaricom Plc,23.5,33.5,16.2,17.25,16.9,16.55,0.35,2.11%,"26,787,700",-
2016-03-04,SCOM,Safaricom Plc,23.5,33.5,16.3,17.05,16.95,16.9,0.05,0.30%,"4,949,400",-
2016-03-07,SCOM,Safaricom Plc,23.5,33.5,16.2,17.05,17,16.95,0.05,0.29%,"13,544,500",-
2016-03-08,SCOM,Safaricom Plc,23.5,33.5,16.4,16.7,16.5,17,-0.5,2.94%,"14,868,600",-
2016-03-09,SCOM,Safaricom Plc,23.5,33.5,16.35,16.5,16.45,16.5,-0.05,0.30%,"5,775,400",-
2016-03-10,SCOM,Safaricom Plc,23.5,33.5,16.15,16.45,16.25,16.45,-0.2,1.22%,"14,684,200",-
2016-03-11,SCOM,Safaricom Plc,23.5,33.5,16.2,16.4,16.3,16.25,0.05,0.31%,"10,029,700",-
2016-03-14,SCOM,Safaricom Plc,23.5,33.5,16.3,16.55,16.45,16.3,0.15,0.92%,"12,455,600",-
2016-03-15,SCOM,Safaricom Plc,23.5,33.5,16.3,16.5,16.35,16.45,-0.1,0.61%,"8,400,000",-
2016-03-16,SCOM,Safaricom Plc,23.5,33.5,16.3,16.6,16.4,16.35,0.05,0.31%,"15,038,700",-
2016-03-17,SCOM,Safaricom Plc,23.5,33.5,16.3,16.6,16.45,16.4,0.05,0.30%,"22,243,800",-
2016-03-18,SCOM,Safaricom Plc,23.5,33.5,16.4,16.6,16.5,16.45,0.05,0.30%,"12,994,100",-
2016-03-21,SCOM,Safaricom Plc,23.5,33.5,16.3,16.5,16.45,16.5,-0.05,0.30%,"8,253,200",-
2016-03-22,SCOM,Safaricom Plc,23.5,33.5,16.4,17,16.75,16.45,0.3,1.82%,"16,109,900",-
2016-03-23,SCOM,Safaricom Plc,23.5,33.5,16.65,17,16.85,16.75,0.1,0.60%,"5,344,800",-
2016-03-24,SCOM,Safaricom Plc,23.5,33.5,16.75,17,16.9,16.85,0.05,0.30%,"7,877,100",-
2016-03-29,SCOM,Safaricom Plc,23.5,33.5,16.7,16.9,16.8,16.9,-0.1,0.59%,"5,456,600",-
2016-03-30,SCOM,Safaricom Plc,23.5,33.5,16.7,16.85,16.7,16.8,-0.1,0.60%,"6,557,900",-
2016-03-31,SCOM,Safaricom Plc,23.5,33.5,16.6,17,16.9,16.7,0.2,1.20%,"6,770,000",-
2016-04-01,SCOM,Safaricom Plc,23.5,33.5,16.7,17,16.85,16.9,-0.05,0.30%,"6,052,700",-
2016-04-04,SCOM,Safaricom Plc,23.5,33.5,16.7,16.9,16.8,16.85,-0.05,0.30%,"3,353,500",-
2016-04-05,SCOM,Safaricom Plc,23.5,33.5,16.75,16.8,16.75,16.8,-0.05,0.30%,"18,096,600",-
2016-04-06,SCOM,Safaricom Plc,23.5,33.5,16.75,16.9,16.75,16.75,-,-,"2,605,400",-
2016-04-07,SCOM,Safaricom Plc,23.5,33.5,16.75,16.8,16.75,16.75,-,-,"4,110,600",-
2016-04-08,SCOM,Safaricom Plc,23.5,33.5,16.7,16.8,16.75,16.75,-,-,"7,684,400",-
2016-04-11,SCOM,Safaricom Plc,23.5,33.5,16.65,16.8,16.7,16.75,-0.05,0.30%,"1,693,900",-
2016-04-12,SCOM,Safaricom Plc,23.5,33.5,16.65,16.75,16.7,16.7,-,-,"1,586,500",-
2016-04-13,SCOM,Safaricom Plc,23.5,33.5,16.7,16.8,16.7,16.7,-,-,"4,066,600",-
2016-04-14,SCOM,Safaricom Plc,23.5,33.5,16.75,17.1,16.95,16.7,0.25,1.50%,"3,632,100",-
2016-04-15,SCOM,Safaricom Plc,23.5,33.5,16.8,17.3,17.1,16.95,0.15,0.88%,"10,770,600",-
2016-04-18,SCOM,Safaricom Plc,23.5,33.5,17.1,17.3,17.15,17.1,0.05,0.29%,"12,911,100",-
2016-04-19,SCOM,Safaricom Plc,23.5,33.5,17.2,17.35,17.3,17.15,0.15,0.87%,"21,152,700",-
2016-04-20,SCOM,Safaricom Plc,23.5,33.5,17.25,17.85,17.45,17.3,0.15,0.87%,"5,160,900",-
2016-04-21,SCOM,Safaricom Plc,23.5,33.5,17.25,17.85,17.4,17.45,-0.05,0.29%,"8,764,400",-
2016-04-22,SCOM,Safaricom Plc,23.5,33.5,16.9,17.4,17.1,17.4,-0.3,1.72%,"12,299,000",-
2016-04-25,SCOM,Safaricom Plc,23.5,33.5,16.85,17,16.95,17.1,-0.15,0.88%,"1,060,100",-
2016-04-26,SCOM,Safaricom Plc,23.5,33.5,16.85,17,16.9,16.95,-0.05,0.29%,"10,654,300",-
2016-04-27,SCOM,Safaricom Plc,23.5,33.5,16.85,17.1,16.95,16.9,0.05,0.30%,"8,110,000",-
2016-04-28,SCOM,Safaricom Plc,23.5,33.5,16.9,17.15,17.1,16.95,0.15,0.88%,"9,968,300",-
2016-04-29,SCOM,Safaricom Plc,23.5,33.5,17,17.15,17.1,17.1,-,-,"6,725,500",-
2016-05-03,SCOM,Safaricom Plc,23.5,33.5,16.9,17.1,16.95,17.1,-0.15,0.88%,"2,308,700",-
2016-05-04,SCOM,Safaricom Plc,23.5,33.5,16.8,17,16.9,16.95,-0.05,0.29%,"8,721,500",-
2016-05-05,SCOM,Safaricom Plc,23.5,33.5,16.8,17,16.9,16.9,-,-,"11,777,600",-
2016-05-06,SCOM,Safaricom Plc,23.5,33.5,16.75,17.1,16.9,16.9,-,-,"1,403,700",-
2016-05-09,SCOM,Safaricom Plc,23.5,33.5,16.6,16.95,16.9,16.9,-,-,"7,534,800",-
2016-05-10,SCOM,Safaricom Plc,23.5,33.5,16.9,17,16.95,16.9,0.05,0.30%,"2,341,900",-
2016-05-11,SCOM,Safaricom Plc,23.5,33.5,17,17.2,17.1,16.95,0.15,0.88%,"4,498,200",-
2016-05-12,SCOM,Safaricom Plc,23.5,33.5,17.1,17.45,17.25,17.1,0.15,0.88%,"1,176,200",-
2016-05-13,SCOM,Safaricom Plc,23.5,33.5,17.25,17.45,17.3,17.25,0.05,0.29%,"746,600",-
2016-05-16,SCOM,Safaricom Plc,23.5,33.5,17.3,17.4,17.35,17.3,0.05,0.29%,"3,338,600",-
2016-05-17,SCOM,Safaricom Plc,23.5,33.5,17,17.35,17.15,17.35,-0.2,1.15%,"4,514,800",-
2016-05-18,SCOM,Safaricom Plc,23.5,33.5,17.05,17.3,17.15,17.15,-,-,"1,536,700",-
2016-05-19,SCOM,Safaricom Plc,23.5,33.5,17.25,17.4,17.3,17.15,0.15,0.87%,"6,973,300",-
2016-05-20,SCOM,Safaricom Plc,23.5,33.5,17.15,17.4,17.35,17.3,0.05,0.29%,"5,033,500",-
2016-05-23,SCOM,Safaricom Plc,23.5,33.5,17.1,17.3,17.2,17.35,-0.15,0.86%,"2,242,100",-
2016-05-24,SCOM,Safaricom Plc,23.5,33.5,17.1,17.45,17.3,17.2,0.1,0.58%,"6,277,400",-
2016-05-25,SCOM,Safaricom Plc,23.5,33.5,17.15,17.45,17.25,17.3,-0.05,0.29%,"6,919,400",-
2016-05-26,SCOM,Safaricom Plc,23.5,33.5,17,17.3,17.2,17.25,-0.05,0.29%,"3,477,400",-
2016-05-27,SCOM,Safaricom Plc,23.5,33.5,17.05,17.25,17.1,17.2,-0.1,0.58%,"3,920,200",-
2016-05-30,SCOM,Safaricom Plc,23.5,33.5,17.05,17.2,17.05,17.1,-0.05,0.29%,"2,567,200",-
2016-05-31,SCOM,Safaricom Plc,23.5,33.5,16.9,17.1,17,17.05,-0.05,0.29%,"5,747,900",-
2016-06-02,SCOM,Safaricom Plc,23.5,33.5,16.9,17.1,17,17,-,-,"10,125,400",-
2016-06-03,SCOM,Safaricom Plc,23.5,33.5,16.9,17,16.95,17,-0.05,0.29%,"4,228,500",-
2016-06-06,SCOM,Safaricom Plc,23.5,33.5,16.9,17.25,17.15,16.95,0.2,1.18%,"11,409,500",-
2016-06-07,SCOM,Safaricom Plc,23.5,33.5,17.2,17.6,17.45,17.15,0.3,1.75%,"9,490,500",-
2016-06-08,SCOM,Safaricom Plc,23.5,33.5,17.3,18.05,17.9,17.45,0.45,2.58%,"17,668,100",-
2016-06-09,SCOM,Safaricom Plc,23.5,33.5,17.9,18.4,18.25,17.9,0.35,1.96%,"21,015,000",-
2016-06-10,SCOM,Safaricom Plc,23.5,33.5,18.1,18.35,18.25,18.25,-,-,"6,693,800",-
2016-06-13,SCOM,Safaricom Plc,23.5,33.5,18,18.3,18.15,18.25,-0.1,0.55%,"2,139,100",-
2016-06-14,SCOM,Safaricom Plc,23.5,33.5,18,18.25,18.1,18.15,-0.05,0.28%,"2,087,000",-
2016-06-15,SCOM,Safaricom Plc,23.5,33.5,18.05,18.35,18.3,18.1,0.2,1.10%,"9,438,300",-
2016-06-16,SCOM,Safaricom Plc,23.5,33.5,18.2,19,18.6,18.3,0.3,1.64%,"32,593,100",-
2016-06-17,SCOM,Safaricom Plc,23.5,33.5,18.1,18.8,18.7,18.6,0.1,0.54%,"10,897,100",-
2016-06-20,SCOM,Safaricom Plc,23.5,33.5,18.3,18.9,18.7,18.7,-,-,"20,036,400",-
2016-06-21,SCOM,Safaricom Plc,23.5,33.5,18.3,18.75,18.4,18.7,-0.3,1.60%,"8,110,700",-
2016-06-22,SCOM,Safaricom Plc,23.5,33.5,17.65,18.35,18,18.4,-0.4,2.17%,"9,016,900",-
2016-06-23,SCOM,Safaricom Plc,23.5,33.5,17.6,18.4,17.9,18,-0.1,0.56%,"22,607,700",-
2016-06-24,SCOM,Safaricom Plc,23.5,33.5,17.25,17.85,17.45,17.9,-0.45,2.51%,"2,587,300",-
2016-06-27,SCOM,Safaricom Plc,23.5,33.5,17.15,17.85,17.3,17.45,-0.15,0.86%,"4,856,500",-
2016-06-28,SCOM,Safaricom Plc,23.5,33.5,17,17.45,17.1,17.3,-0.2,1.16%,"9,092,000",-
2016-06-29,SCOM,Safaricom Plc,23.5,33.5,16.9,17.7,17.1,17.1,-,-,"6,827,900",-
2016-06-30,SCOM,Safaricom Plc,23.5,33.5,17.5,18,17.75,17.1,0.65,3.80%,"20,741,400",-
2016-07-01,SCOM,Safaricom Plc,23.5,33.5,17.5,17.6,17.55,17.75,-0.2,1.13%,"20,360,400",-
2016-07-04,SCOM,Safaricom Plc,23.5,33.5,17.25,17.55,17.45,17.55,-0.1,0.57%,"6,498,100",-
2016-07-05,SCOM,Safaricom Plc,23.5,33.5,17.3,17.5,17.3,17.45,-0.15,0.86%,"4,189,800",-
2016-07-06,SCOM,Safaricom Plc,23.5,33.5,17.15,17.6,17.55,17.3,0.25,1.45%,"9,339,600",-
2016-07-08,SCOM,Safaricom Plc,23.5,33.5,17.35,17.75,17.55,17.55,-,-,"8,552,700",-
2016-07-11,SCOM,Safaricom Plc,23.5,33.5,17.3,17.75,17.45,17.55,-0.1,0.57%,"14,813,400",-
2016-07-12,SCOM,Safaricom Plc,23.5,33.5,17.05,17.5,17.25,17.45,-0.2,1.15%,"7,789,200",-
2016-07-13,SCOM,Safaricom Plc,23.5,33.5,17.2,17.4,17.3,17.25,0.05,0.29%,"2,749,800",-
2016-07-14,SCOM,Safaricom Plc,23.5,33.5,17.35,17.5,17.35,17.3,0.05,0.29%,"13,523,900",-
2016-07-15,SCOM,Safaricom Plc,23.5,33.5,17.3,17.4,17.3,17.35,-0.05,0.29%,"9,025,600",-
2016-07-18,SCOM,Safaricom Plc,23.5,33.5,17.1,17.35,17.25,17.3,-0.05,0.29%,"1,651,500",-
2016-07-19,SCOM,Safaricom Plc,23.5,33.5,17.25,17.95,17.65,17.25,0.4,2.32%,"31,495,000",-
2016-07-20,SCOM,Safaricom Plc,23.5,33.5,17.6,18.3,18,17.65,0.35,1.98%,"24,873,100",-
2016-07-21,SCOM,Safaricom Plc,23.5,33.5,18,18.2,18.1,18,0.1,0.56%,"21,423,200",-
2016-07-22,SCOM,Safaricom Plc,23.5,33.5,18,18.1,18,18.1,-0.1,0.55%,"4,732,500",-
2016-07-25,SCOM,Safaricom Plc,23.5,33.5,18,18.3,18.1,18,0.1,0.56%,"8,331,800",-
2016-07-26,SCOM,Safaricom Plc,23.5,33.5,18.4,19.2,18.85,18.1,0.75,4.14%,"19,375,800",-
2016-07-27,SCOM,Safaricom Plc,23.5,33.5,18.55,19,18.85,18.85,-,-,"4,915,600",-
2016-07-28,SCOM,Safaricom Plc,23.5,33.5,18.8,19.05,18.9,18.85,0.05,0.27%,"8,619,300",-
2016-07-29,SCOM,Safaricom Plc,23.5,33.5,18.9,19.2,19.05,18.9,0.15,0.79%,"2,835,700",-
2016-08-01,SCOM,Safaricom Plc,23.5,33.5,19,19.55,19.4,19.05,0.35,1.84%,"17,379,100",-
2016-08-02,SCOM,Safaricom Plc,23.5,33.5,19.5,21,20,19.4,0.6,3.09%,"19,785,400",-
2016-08-03,SCOM,Safaricom Plc,23.5,33.5,20.25,20.75,20.25,20,0.25,1.25%,"13,094,300",-
2016-08-04,SCOM,Safaricom Plc,23.5,33.5,19.4,20.25,19.65,20.25,-0.6,2.96%,"3,087,500",-
2016-08-05,SCOM,Safaricom Plc,23.5,33.5,19.5,20,19.8,19.65,0.15,0.76%,"11,536,100",-
2016-08-08,SCOM,Safaricom Plc,23.5,33.5,19.55,19.8,19.7,19.8,-0.1,0.51%,"9,868,500",-
2016-08-09,SCOM,Safaricom Plc,23.5,33.5,19.65,20,19.75,19.7,0.05,0.25%,"5,322,500",-
2016-08-10,SCOM,Safaricom Plc,23.5,33.5,19.8,20,19.85,19.75,0.1,0.51%,"4,459,000",-
2016-08-11,SCOM,Safaricom Plc,23.5,33.5,19.75,20,19.9,19.85,0.05,0.25%,"3,253,300",-
2016-08-12,SCOM,Safaricom Plc,23.5,33.5,19.9,20.25,20,19.9,0.1,0.50%,"1,462,800",-
2016-08-15,SCOM,Safaricom Plc,23.5,33.5,20,20.5,20.25,20,0.25,1.25%,"1,392,800",-
2016-08-16,SCOM,Safaricom Plc,23.5,33.5,20.25,21.5,21,20.25,0.75,3.70%,"6,350,000",-
2016-08-17,SCOM,Safaricom Plc,23.5,33.5,21,21.75,21.25,21,0.25,1.19%,"8,687,200",-
2016-08-18,SCOM,Safaricom Plc,23.5,33.5,21,21.5,21.25,21.25,-,-,"19,517,400",-
2016-08-19,SCOM,Safaricom Plc,23.5,33.5,20.5,21.5,21,21.25,-0.25,1.18%,"41,411,500",-
2016-08-22,SCOM,Safaricom Plc,23.5,33.5,20.5,21.25,20.75,21,-0.25,1.19%,"2,266,300",-
2016-08-23,SCOM,Safaricom Plc,23.5,33.5,20.75,21.5,21.25,20.75,0.5,2.41%,"2,811,400",-
2016-08-24,SCOM,Safaricom Plc,23.5,33.5,21,21.75,21.25,21.25,-,-,"22,572,400",-
2016-08-25,SCOM,Safaricom Plc,23.5,33.5,19.15,21.5,20,21.25,-1.25,5.88%,"26,239,200",-
2016-08-26,SCOM,Safaricom Plc,23.5,33.5,19.5,19.85,19.65,20,-0.35,1.75%,"9,082,500",-
2016-08-29,SCOM,Safaricom Plc,23.5,33.5,19.75,20.25,19.95,19.65,0.3,1.53%,"46,320,000",-
2016-08-30,SCOM,Safaricom Plc,23.5,33.5,19.8,20.25,19.95,19.95,-,-,"12,406,600",-
2016-08-31,SCOM,Safaricom Plc,23.5,33.5,20,20.5,20,19.95,0.05,0.25%,"12,203,800",-
2016-09-01,SCOM,Safaricom Plc,23.5,33.5,19.9,20.5,20,20,-,-,"58,728,100",-
2016-09-02,SCOM,Safaricom Plc,23.5,33.5,19.85,20.25,19.95,20,-0.05,0.25%,"5,901,000",-
2016-09-05,SCOM,Safaricom Plc,23.5,33.5,18,19,18.4,19.95,-1.55,7.77%,"5,363,200",-
2016-09-06,SCOM,Safaricom Plc,23.5,33.5,18.5,19,18.8,18.4,0.4,2.17%,"4,872,600",-
2016-09-07,SCOM,Safaricom Plc,23.5,33.5,18.8,19.1,19,18.8,0.2,1.06%,"57,665,600",-
2016-09-08,SCOM,Safaricom Plc,23.5,33.5,18.9,19.05,19,19,-,-,"6,426,900",-
2016-09-09,SCOM,Safaricom Plc,23.5,33.5,18.95,19.5,19,19,-,-,"3,635,000",-
2016-09-13,SCOM,Safaricom Plc,23.5,33.5,18.65,19.3,18.95,19,-0.05,0.26%,"8,092,300",-
2016-09-14,SCOM,Safaricom Plc,23.5,33.5,18.7,19,18.9,18.95,-0.05,0.26%,"6,342,900",-
2016-09-15,SCOM,Safaricom Plc,23.5,33.5,18.75,19,18.9,18.9,-,-,"1,710,400",-
2016-09-16,SCOM,Safaricom Plc,23.5,33.5,18.75,19,18.9,18.9,-,-,"2,716,900",-
2016-09-19,SCOM,Safaricom Plc,23.5,33.5,18.9,19.2,19,18.9,0.1,0.53%,"2,168,600",-
2016-09-20,SCOM,Safaricom Plc,23.5,33.5,19.05,19.3,19.15,19,0.15,0.79%,"5,385,600",-
2016-09-21,SCOM,Safaricom Plc,23.5,33.5,19,19.4,19.3,19.15,0.15,0.78%,"10,812,700",-
2016-09-22,SCOM,Safaricom Plc,23.5,33.5,19,19.5,19.4,19.3,0.1,0.52%,"106,196,600",-
2016-09-23,SCOM,Safaricom Plc,23.5,33.5,19.2,19.55,19.4,19.4,-,-,"1,496,800",-
2016-09-26,SCOM,Safaricom Plc,23.5,33.5,19.2,19.7,19.5,19.4,0.1,0.52%,"1,123,600",-
2016-09-27,SCOM,Safaricom Plc,23.5,33.5,19.55,19.8,19.65,19.5,0.15,0.77%,"53,639,800",-
2016-09-28,SCOM,Safaricom Plc,23.5,33.5,19.2,20,19.95,19.65,0.3,1.53%,"7,414,100",-
2016-09-29,SCOM,Safaricom Plc,23.5,33.5,19.2,19.95,19.85,19.95,-0.1,0.50%,"939,800",-
2016-09-30,SCOM,Safaricom Plc,23.5,33.5,19.7,20,19.95,19.85,0.1,0.50%,"16,347,900",-
2016-10-03,SCOM,Safaricom Plc,23.5,33.5,19.7,20.5,20,19.95,0.05,0.25%,"7,976,500",-
2016-10-04,SCOM,Safaricom Plc,23.5,33.5,20,20.25,20,20,-,-,"8,617,100",-
2016-10-05,SCOM,Safaricom Plc,23.5,33.5,19.95,20.25,20,20,-,-,"4,781,300",-
2016-10-06,SCOM,Safaricom Plc,23.5,33.5,19.9,20.25,19.95,20,-0.05,0.25%,"3,648,800",-
2016-10-07,SCOM,Safaricom Plc,23.5,33.5,19.95,20.5,20,19.95,0.05,0.25%,"3,906,500",-
2016-10-10,SCOM,Safaricom Plc,23.5,33.5,20,20.5,20.25,20,0.25,1.25%,"37,949,900",-
2016-10-11,SCOM,Safaricom Plc,23.5,33.5,19.95,20.75,20,20.25,-0.25,1.23%,"9,580,200",-
2016-10-12,SCOM,Safaricom Plc,23.5,33.5,19.5,20,19.9,20,-0.1,0.50%,"3,603,000",-
2016-10-13,SCOM,Safaricom Plc,23.5,33.5,19.75,20.25,19.9,19.9,-,-,"6,404,000",-
2016-10-14,SCOM,Safaricom Plc,23.5,33.5,19.85,20.25,19.95,19.9,0.05,0.25%,"495,000",-
2016-10-17,SCOM,Safaricom Plc,23.5,33.5,19.8,20,19.85,19.95,-0.1,0.50%,"3,695,300",-
2016-10-18,SCOM,Safaricom Plc,23.5,33.5,19.7,19.85,19.75,19.85,-0.1,0.50%,"909,500",-
2016-10-19,SCOM,Safaricom Plc,23.5,33.5,19.55,19.8,19.7,19.75,-0.05,0.25%,"1,854,300",-
2016-10-21,SCOM,Safaricom Plc,23.5,33.5,19.65,19.85,19.7,19.7,-,-,"17,658,500",-
2016-10-24,SCOM,Safaricom Plc,23.5,33.5,19.7,20.25,20,19.7,0.3,1.52%,"4,937,900",-
2016-10-25,SCOM,Safaricom Plc,23.5,33.5,19.8,20.25,20,20,-,-,"1,567,600",-
2016-10-26,SCOM,Safaricom Plc,23.5,33.5,19.95,20.25,19.95,20,-0.05,0.25%,"8,903,900",-
2016-10-27,SCOM,Safaricom Plc,23.5,33.5,19.9,20,19.95,19.95,-,-,"6,139,900",-
2016-10-28,SCOM,Safaricom Plc,23.5,33.5,19.8,20,19.9,19.95,-0.05,0.25%,"628,500",-
2016-10-31,SCOM,Safaricom Plc,23.5,33.5,19.75,19.95,19.8,19.9,-0.1,0.50%,"4,518,400",-
2016-11-01,SCOM,Safaricom Plc,23.5,33.5,19.75,21.25,20.25,19.8,0.45,2.27%,"4,060,100",-
2016-11-02,SCOM,Safaricom Plc,23.5,33.5,20,21,20.75,20.25,0.5,2.47%,"4,073,100",-
2016-11-04,SCOM,Safaricom Plc,23.5,33.5,20.75,21.75,21.25,20.75,0.5,2.41%,"18,369,800",-
2016-11-07,SCOM,Safaricom Plc,23.5,33.5,21,21.5,21,21.25,-0.25,1.18%,"5,744,000",-
2016-11-08,SCOM,Safaricom Plc,23.5,33.5,20.5,21,20.75,21,-0.25,1.19%,"16,019,400",-
2016-11-09,SCOM,Safaricom Plc,23.5,33.5,19.65,20.75,20.25,20.75,-0.5,2.41%,"7,082,100",-
2016-11-10,SCOM,Safaricom Plc,23.5,33.5,20.25,21,20.75,20.25,0.5,2.47%,"3,933,300",-
2016-11-11,SCOM,Safaricom Plc,23.5,33.5,20.5,21,20.75,20.75,-,-,"8,728,800",-
2016-11-14,SCOM,Safaricom Plc,23.5,33.5,20.25,21,20.25,20.75,-0.5,2.41%,"3,327,800",-
2016-11-15,SCOM,Safaricom Plc,23.5,33.5,20,20.75,20.25,20.25,-,-,"3,405,100",-
2016-11-16,SCOM,Safaricom Plc,23.5,33.5,20,21,20.5,20.25,0.25,1.23%,"4,934,100",-
2016-11-17,SCOM,Safaricom Plc,23.5,33.5,20.25,21.5,20.5,20.5,-,-,"8,050,500",-
2016-11-18,SCOM,Safaricom Plc,23.5,33.5,20,20.75,20,20.5,-0.5,2.44%,"2,022,200",-
2016-11-21,SCOM,Safaricom Plc,23.5,33.5,19.9,20.25,19.95,20,-0.05,0.25%,"10,284,100",-
2016-11-22,SCOM,Safaricom Plc,23.5,33.5,19.95,20.25,19.95,19.95,-,-,"12,827,400",-
2016-11-23,SCOM,Safaricom Plc,23.5,33.5,19.95,20.25,20,19.95,0.05,0.25%,"12,872,700",-
2016-11-24,SCOM,Safaricom Plc,23.5,33.5,19.9,20.25,19.95,20,-0.05,0.25%,"17,758,700",-
2016-11-25,SCOM,Safaricom Plc,23.5,33.5,19.8,20,19.9,19.95,-0.05,0.25%,"450,200",-
2016-11-28,SCOM,Safaricom Plc,23.5,33.5,19.7,19.95,19.85,19.9,-0.05,0.25%,"6,245,200",-
2016-11-29,SCOM,Safaricom Plc,23.5,33.5,19.7,19.95,19.8,19.85,-0.05,0.25%,"14,562,700",-
2016-11-30,SCOM,Safaricom Plc,23.5,33.5,19.85,20,19.9,19.8,0.1,0.51%,"24,813,500",-
2016-12-01,SCOM,Safaricom Plc,23.5,33.5,19.9,20.25,19.95,19.9,0.05,0.25%,"7,026,900",-
2016-12-02,SCOM,Safaricom Plc,23.5,33.5,19.9,20.25,19.95,19.95,-,-,"9,739,100",-
2016-12-05,SCOM,Safaricom Plc,23.5,33.5,19.85,20,19.9,19.95,-0.05,0.25%,"4,018,300",-
2016-12-06,SCOM,Safaricom Plc,23.5,33.5,19.75,19.95,19.8,19.9,-0.1,0.50%,"5,766,400",-
2016-12-07,SCOM,Safaricom Plc,23.5,33.5,19.65,19.85,19.7,19.8,-0.1,0.51%,"3,500,500",-
2016-12-08,SCOM,Safaricom Plc,23.5,33.5,18.95,19.7,19.35,19.7,-0.35,1.78%,"6,487,100",-
2016-12-09,SCOM,Safaricom Plc,23.5,33.5,18.9,20,19,19.35,-0.35,1.81%,"2,614,700",-
2016-12-13,SCOM,Safaricom Plc,23.5,33.5,18.8,19,18.9,19,-0.1,0.53%,"7,989,400",-
2016-12-14,SCOM,Safaricom Plc,23.5,33.5,18.5,19.5,18.9,18.9,-,-,"3,555,700",-
2016-12-15,SCOM,Safaricom Plc,23.5,33.5,18.65,19,18.75,18.9,-0.15,0.79%,"1,996,200",-
2016-12-16,SCOM,Safaricom Plc,23.5,33.5,18.6,18.9,18.75,18.75,-,-,"11,319,900",-
2016-12-19,SCOM,Safaricom Plc,23.5,33.5,18.6,19.3,19,18.75,0.25,1.33%,"7,670,800",-
2016-12-20,SCOM,Safaricom Plc,23.5,33.5,18.8,19.2,19,19,-,-,"21,731,900",-
2016-12-21,SCOM,Safaricom Plc,23.5,33.5,18.9,19.15,19,19,-,-,"6,269,900",-
2016-12-22,SCOM,Safaricom Plc,23.5,33.5,19,19.5,19.45,19,0.45,2.37%,"5,924,300",-
2016-12-23,SCOM,Safaricom Plc,23.5,33.5,19.1,19.6,19.5,19.45,0.05,0.26%,"3,735,600",-
2016-12-28,SCOM,Safaricom Plc,23.5,33.5,19.1,19.7,19.25,19.5,-0.25,1.28%,"6,533,800",-
2016-12-29,SCOM,Safaricom Plc,23.5,33.5,19,19.5,19.05,19.25,-0.2,1.04%,"6,069,300",-
2016-12-30,SCOM,Safaricom Plc,23.5,33.5,19,19.2,19.1,19.05,0.05,0.26%,"6,057,600",-
2017-01-03,SCOM,Safaricom Plc,23.5,33.5,18.9,19.2,19,19.1,-0.1,0.52%,"10,112,100",-
2017-01-04,SCOM,Safaricom Plc,23.5,33.5,18.9,19.05,18.95,19,-0.05,0.26%,"2,623,500",-
2017-01-05,SCOM,Safaricom Plc,23.5,33.5,18.6,19,18.8,18.95,-0.15,0.79%,"12,900,500",-
2017-01-06,SCOM,Safaricom Plc,23.5,33.5,18.5,19,18.6,18.8,-0.2,1.06%,"28,016,700",-
2017-01-09,SCOM,Safaricom Plc,23.5,33.5,18.45,18.8,18.5,18.6,-0.1,0.54%,"18,451,400",-
2017-01-10,SCOM,Safaricom Plc,23.5,33.5,17.8,18.6,18.2,18.5,-0.3,1.62%,"14,399,200",-
2017-01-11,SCOM,Safaricom Plc,23.5,33.5,17.95,18.5,18,18.2,-0.2,1.10%,"16,375,700",-
2017-01-12,SCOM,Safaricom Plc,23.5,33.5,17.85,18,17.95,18,-0.05,0.28%,"12,902,900",-
2017-01-13,SCOM,Safaricom Plc,23.5,33.5,17.85,18,17.95,17.95,-,-,"21,490,900",-
2017-01-16,SCOM,Safaricom Plc,23.5,33.5,17.85,18,17.95,17.95,-,-,"3,721,600",-
2017-01-17,SCOM,Safaricom Plc,23.5,33.5,17.9,18,17.95,17.95,-,-,"5,467,100",-
2017-01-18,SCOM,Safaricom Plc,23.5,33.5,17.85,18.3,18.05,17.95,0.1,0.56%,"29,114,000",-
2017-01-19,SCOM,Safaricom Plc,23.5,33.5,18.1,18.3,18.15,18.05,0.1,0.55%,"17,568,700",-
2017-01-20,SCOM,Safaricom Plc,23.5,33.5,18.1,18.3,18.15,18.15,-,-,"10,781,400",-
2017-01-23,SCOM,Safaricom Plc,23.5,33.5,18.05,18.3,18.2,18.15,0.05,0.28%,"974,900",-
2017-01-24,SCOM,Safaricom Plc,23.5,33.5,18.15,19,18.2,18.2,-,-,"12,379,200",-
2017-01-25,SCOM,Safaricom Plc,23.5,33.5,18.15,18.25,18.2,18.2,-,-,"3,375,900",-
2017-01-26,SCOM,Safaricom Plc,23.5,33.5,18.15,18.35,18.25,18.2,0.05,0.27%,"6,200,000",-
2017-01-27,SCOM,Safaricom Plc,23.5,33.5,18.2,18.5,18.35,18.25,0.1,0.55%,"9,779,300",-
2017-01-30,SCOM,Safaricom Plc,23.5,33.5,18.25,18.5,18.35,18.35,-,-,"634,100",-
2017-01-31,SCOM,Safaricom Plc,23.5,33.5,18.3,18.6,18.5,18.35,0.15,0.82%,"5,451,000",-
2017-02-01,SCOM,Safaricom Plc,23.5,33.5,18.4,18.7,18.55,18.5,0.05,0.27%,"60,480,100",-
2017-02-02,SCOM,Safaricom Plc,23.5,33.5,18.55,19,18.55,18.55,-,-,"3,949,200",-
2017-02-03,SCOM,Safaricom Plc,23.5,33.5,18.55,19,18.65,18.55,0.1,0.54%,"13,730,700",-
2017-02-06,SCOM,Safaricom Plc,23.5,33.5,18.65,19.2,18.9,18.65,0.25,1.34%,"24,381,900",-
2017-02-07,SCOM,Safaricom Plc,23.5,33.5,18.3,19,18.65,18.9,-0.25,1.32%,"9,843,900",-
2017-02-08,SCOM,Safaricom Plc,23.5,33.5,18.1,18.7,18.4,18.65,-0.25,1.34%,"17,107,200",-
2017-02-09,SCOM,Safaricom Plc,23.5,33.5,18.05,18.55,18.45,18.4,0.05,0.27%,"25,990,000",-
2017-02-10,SCOM,Safaricom Plc,23.5,33.5,18.35,18.55,18.45,18.45,-,-,"11,789,700",-
2017-02-13,SCOM,Safaricom Plc,23.5,33.5,18.3,18.5,18.35,18.45,-0.1,0.54%,"4,306,200",-
2017-02-14,SCOM,Safaricom Plc,23.5,33.5,18.15,18.5,18.3,18.35,-0.05,0.27%,"9,675,400",-
2017-02-15,SCOM,Safaricom Plc,23.5,33.5,18.15,18.3,18.2,18.3,-0.1,0.55%,"45,462,100",-
2017-02-16,SCOM,Safaricom Plc,23.5,33.5,18,18.4,18.2,18.2,-,-,"4,696,600",-
2017-02-17,SCOM,Safaricom Plc,23.5,33.5,18,18.25,18.05,18.2,-0.15,0.82%,"13,190,000",-
2017-02-20,SCOM,Safaricom Plc,23.5,33.5,17.9,18.1,18,18.05,-0.05,0.28%,"9,694,400",-
2017-02-21,SCOM,Safaricom Plc,23.5,33.5,17.95,18.05,18,18,-,-,"9,925,500",-
2017-02-22,SCOM,Safaricom Plc,23.5,33.5,17.95,18.5,18,18,-,-,"31,340,300",-
2017-02-23,SCOM,Safaricom Plc,23.5,33.5,17.95,18.4,18,18,-,-,"6,851,900",-
2017-02-24,SCOM,Safaricom Plc,23.5,33.5,17.95,18.15,18.05,18,0.05,0.28%,"31,609,000",-
2017-02-27,SCOM,Safaricom Plc,23.5,33.5,17.7,18.5,17.85,18.05,-0.2,1.11%,"2,058,900",-
2017-02-28,SCOM,Safaricom Plc,23.5,33.5,17.7,18,17.75,17.85,-0.1,0.56%,"2,370,700",-
2017-03-01,SCOM,Safaricom Plc,23.5,33.5,16.55,17.75,17.05,17.75,-0.7,3.94%,"3,077,500",-
2017-03-02,SCOM,Safaricom Plc,23.5,33.5,16.85,17.75,17,17.05,-0.05,0.29%,"20,903,900",-
2017-03-03,SCOM,Safaricom Plc,23.5,33.5,16.8,17.05,16.9,17,-0.1,0.59%,"1,536,000",-
2017-03-06,SCOM,Safaricom Plc,23.5,33.5,16.75,17,16.8,16.9,-0.1,0.59%,"1,810,400",-
2017-03-07,SCOM,Safaricom Plc,23.5,33.5,16.5,16.85,16.6,16.8,-0.2,1.19%,"5,251,100",-
2017-03-08,SCOM,Safaricom Plc,23.5,33.5,15.95,16.75,16.2,16.6,-0.4,2.41%,"13,942,300",-
2017-03-09,SCOM,Safaricom Plc,23.5,33.5,15.9,16.65,16,16.2,-0.2,1.23%,"44,080,600",-
2017-03-10,SCOM,Safaricom Plc,23.5,33.5,16.3,17.6,16.9,16,0.9,5.63%,"16,120,000",-
2017-03-13,SCOM,Safaricom Plc,23.5,33.5,17,18,17.35,16.9,0.45,2.66%,"50,600,300",-
2017-03-14,SCOM,Safaricom Plc,23.5,33.5,17.5,18.9,18.25,17.35,0.9,5.19%,"38,120,800",-
2017-03-15,SCOM,Safaricom Plc,23.5,33.5,17.5,18.25,17.85,18.25,-0.4,2.19%,"7,041,100",-
2017-03-16,SCOM,Safaricom Plc,23.5,33.5,17.5,19,17.55,17.85,-0.3,1.68%,"9,616,200",-
2017-03-17,SCOM,Safaricom Plc,23.5,33.5,17.6,18.05,17.9,17.55,0.35,1.99%,"6,635,600",-
2017-03-20,SCOM,Safaricom Plc,23.5,33.5,17.75,18.1,17.95,17.9,0.05,0.28%,"12,692,800",-
2017-03-21,SCOM,Safaricom Plc,23.5,33.5,18,18.25,18.1,17.95,0.15,0.84%,"511,900",-
2017-03-22,SCOM,Safaricom Plc,23.5,33.5,18,18.35,18.1,18.1,-,-,"11,702,000",-
2017-03-23,SCOM,Safaricom Plc,23.5,33.5,18.15,18.6,18.35,18.1,0.25,1.38%,"9,234,600",-
2017-03-24,SCOM,Safaricom Plc,23.5,33.5,18.35,18.7,18.45,18.35,0.1,0.54%,"18,872,800",-
2017-03-24,SCOM,Safaricom Plc,23.5,33.5,18.35,18.7,18.45,18.35,0.1,0.54%,"18,872,800",-
2017-03-27,SCOM,Safaricom Plc,23.5,33.5,18.45,18.95,18.7,18.45,0.25,1.36%,"13,249,100",-
2017-03-28,SCOM,Safaricom Plc,23.5,33.5,18.3,19.05,18.6,18.7,-0.1,0.53%,"14,747,100",-
2017-03-29,SCOM,Safaricom Plc,23.5,33.5,17.75,18.4,18.05,18.6,-0.55,2.96%,"13,298,400",-
2017-03-30,SCOM,Safaricom Plc,23.5,33.5,17.9,18.05,17.95,18.05,-0.1,0.55%,"997,100",-
2017-03-31,SCOM,Safaricom Plc,23.5,33.5,17.8,18.3,18,17.95,0.05,0.28%,"5,417,100",-
2017-04-03,SCOM,Safaricom Plc,23.5,33.5,18,19,18.45,18,0.45,2.50%,"11,256,700",-
2017-04-04,SCOM,Safaricom Plc,23.5,33.5,18,19,18.3,18.45,-0.15,0.81%,"26,217,200",-
2017-04-05,SCOM,Safaricom Plc,23.5,33.5,18.3,19,18.3,18.3,-,-,"9,470,400",-
2017-04-06,SCOM,Safaricom Plc,23.5,33.5,18.3,19,18.6,18.3,0.3,1.64%,"591,200",-
2017-04-07,SCOM,Safaricom Plc,23.5,33.5,18.4,19.75,18.65,18.6,0.05,0.27%,"4,884,200",-
2017-04-10,SCOM,Safaricom Plc,23.5,33.5,18.65,19.75,19.15,18.65,0.5,2.68%,"2,010,800",-
2017-04-11,SCOM,Safaricom Plc,23.5,33.5,19.15,19.8,19.25,19.15,0.1,0.52%,"5,620,200",-
2017-04-12,SCOM,Safaricom Plc,23.5,33.5,19.25,19.65,19.45,19.25,0.2,1.04%,"5,074,600",-
2017-04-13,SCOM,Safaricom Plc,23.5,33.5,19.5,19.75,19.6,19.45,0.15,0.77%,"76,384,700",-
2017-04-18,SCOM,Safaricom Plc,23.5,33.5,19,19.7,19.15,19.6,-0.45,2.30%,"1,824,600",-
2017-04-19,SCOM,Safaricom Plc,23.5,33.5,19.05,19.3,19.15,19.15,-,-,"12,731,200",-
2017-04-20,SCOM,Safaricom Plc,23.5,33.5,19,19.25,19.15,19.15,-,-,"8,635,600",-
2017-04-21,SCOM,Safaricom Plc,23.5,33.5,19.1,19.2,19.1,19.15,-0.05,0.26%,"4,403,600",-
2017-04-24,SCOM,Safaricom Plc,23.5,33.5,19.05,19.2,19.1,19.1,-,-,"2,822,400",-
2017-04-25,SCOM,Safaricom Plc,23.5,33.5,18.7,19.15,18.95,19.1,-0.15,0.79%,"12,876,100",-
2017-04-26,SCOM,Safaricom Plc,23.5,33.5,18.85,19,18.95,18.95,-,-,"6,202,300",-
2017-04-27,SCOM,Safaricom Plc,23.5,33.5,18.95,19.1,19,18.95,0.05,0.26%,"16,118,400",-
2017-04-28,SCOM,Safaricom Plc,23.5,33.5,19,19.6,19.25,19,0.25,1.32%,"1,566,700",-
2017-05-02,SCOM,Safaricom Plc,23.5,33.5,19.2,19.8,19.5,19.25,0.25,1.30%,"7,226,100",-
2017-05-03,SCOM,Safaricom Plc,23.5,33.5,19.5,19.8,19.6,19.5,0.1,0.51%,"15,115,900",-
2017-05-05,SCOM,Safaricom Plc,23.5,33.5,19.7,20,19.75,19.6,0.15,0.77%,"11,863,400",-
2017-05-08,SCOM,Safaricom Plc,23.5,33.5,19.8,20.75,20.5,19.75,0.75,3.80%,"22,920,700",-
2017-05-10,SCOM,Safaricom Plc,23.5,33.5,19.85,22,20,20.25,-0.25,1.23%,"2,236,700",-
2017-05-11,SCOM,Safaricom Plc,23.5,33.5,19.85,20.75,20.5,20,0.5,2.50%,"18,459,400",-
2017-05-12,SCOM,Safaricom Plc,23.5,33.5,20.25,20.75,20.25,20.5,-0.25,1.22%,"6,878,700",-
2017-05-15,SCOM,Safaricom Plc,23.5,33.5,20.25,20.5,20.25,20.25,-,-,"2,144,600",-
2017-05-16,SCOM,Safaricom Plc,23.5,33.5,20.25,20.5,20.25,20.25,-,-,"41,903,800",-
2017-05-17,SCOM,Safaricom Plc,23.5,33.5,20,20.5,20,20.25,-0.25,1.23%,"11,880,500",-
2017-05-18,SCOM,Safaricom Plc,23.5,33.5,19.95,21,20.25,20,0.25,1.25%,"20,134,000",-
2017-05-19,SCOM,Safaricom Plc,23.5,33.5,20,20.75,20.25,20.25,-,-,"28,726,800",-
2017-05-22,SCOM,Safaricom Plc,23.5,33.5,20.25,20.75,20.25,20.25,-,-,"23,773,400",-
2017-05-23,SCOM,Safaricom Plc,23.5,33.5,20.25,20.75,20.5,20.25,0.25,1.23%,"27,500,400",-
2017-05-24,SCOM,Safaricom Plc,23.5,33.5,20.75,21.75,21,20.5,0.5,2.44%,"8,835,100",-
2017-05-25,SCOM,Safaricom Plc,23.5,33.5,21.25,21.75,21.5,21,0.5,2.38%,"22,321,000",-
2017-05-26,SCOM,Safaricom Plc,23.5,33.5,21.5,22,21.75,21.5,0.25,1.16%,"5,860,900",-
2017-05-29,SCOM,Safaricom Plc,23.5,33.5,21.25,21.75,21.5,21.75,-0.25,1.15%,"3,668,500",-
2017-05-30,SCOM,Safaricom Plc,23.5,33.5,21,21.75,21,21.5,-0.5,2.33%,"10,109,300",-
2017-05-31,SCOM,Safaricom Plc,23.5,33.5,21.5,23,22.25,21,1.25,5.95%,"37,103,200",-
2017-06-02,SCOM,Safaricom Plc,23.5,33.5,22,23.25,22.5,22.25,0.25,1.12%,"29,192,700",-
2017-06-05,SCOM,Safaricom Plc,23.5,33.5,21.5,22.75,22.25,22.5,-0.25,1.11%,"4,777,700",-
2017-06-06,SCOM,Safaricom Plc,23.5,33.5,22,23.5,22,22.25,-0.25,1.12%,"8,915,900",-
2017-06-07,SCOM,Safaricom Plc,23.5,33.5,22,22.5,22.25,22,0.25,1.14%,"15,209,000",-
2017-06-08,SCOM,Safaricom Plc,23.5,33.5,22,22.5,22.25,22.25,-,-,"2,864,500",-
2017-06-09,SCOM,Safaricom Plc,23.5,33.5,22.25,23,22.75,22.25,0.5,2.25%,"41,714,300",-
2017-06-12,SCOM,Safaricom Plc,23.5,33.5,22.5,23.25,22.75,22.75,-,-,"10,486,700",-
2017-06-13,SCOM,Safaricom Plc,23.5,33.5,23,24,23.5,22.75,0.75,3.30%,"21,760,300",-
2017-06-14,SCOM,Safaricom Plc,23.5,33.5,23,23.75,23,23.5,-0.5,2.13%,"29,190,800",-
2017-06-15,SCOM,Safaricom Plc,23.5,33.5,23.25,23.5,23.25,23,0.25,1.09%,"16,061,200",-
2017-06-16,SCOM,Safaricom Plc,23.5,33.5,23.25,24,23.5,23.25,0.25,1.08%,"53,205,000",-
2017-06-19,SCOM,Safaricom Plc,23.5,33.5,23,23.75,23,23.5,-0.5,2.13%,"3,425,300",-
2017-06-20,SCOM,Safaricom Plc,23.5,33.5,22.5,23.25,22.75,23,-0.25,1.09%,"16,454,000",-
2017-06-21,SCOM,Safaricom Plc,23.5,33.5,22.5,23.5,22.75,22.75,-,-,"10,865,900",-
2017-06-22,SCOM,Safaricom Plc,23.5,33.5,22.75,23.5,23.25,22.75,0.5,2.20%,"5,718,000",-
2017-06-23,SCOM,Safaricom Plc,23.5,33.5,23,23.5,23,23.25,-0.25,1.08%,"19,261,400",-
2017-06-27,SCOM,Safaricom Plc,23.5,33.5,23.25,23.75,23.5,23,0.5,2.17%,"5,720,000",-
2017-06-28,SCOM,Safaricom Plc,23.5,33.5,23,23.5,23,23.5,-0.5,2.13%,"3,289,600",-
2017-06-29,SCOM,Safaricom Plc,23.5,33.5,23,23.75,23,23,-,-,"9,288,100",-
2017-06-30,SCOM,Safaricom Plc,23.5,33.5,22,23.25,22.75,23,-0.25,1.09%,"9,958,100",-
2017-07-03,SCOM,Safaricom Plc,23.5,33.5,22.5,23.25,22.75,22.75,-,-,"8,144,300",-
2017-07-04,SCOM,Safaricom Plc,23.5,33.5,22.5,23.25,23,22.75,0.25,1.10%,"6,861,500",-
2017-07-06,SCOM,Safaricom Plc,23.5,33.5,22,23.25,22.75,23,-0.25,1.09%,"13,742,000",-
2017-07-07,SCOM,Safaricom Plc,23.5,33.5,23,23.25,23,22.75,0.25,1.10%,"25,267,300",-
2017-07-10,SCOM,Safaricom Plc,23.5,33.5,23,23.25,23,23,-,-,"2,466,600",-
2017-07-11,SCOM,Safaricom Plc,23.5,33.5,23,23.5,23,23,-,-,"23,199,100",-
2017-07-12,SCOM,Safaricom Plc,23.5,33.5,22.75,23.25,23,23,-,-,"17,211,400",-
2017-07-13,SCOM,Safaricom Plc,23.5,33.5,22.75,23.25,23,23,-,-,"22,782,800",-
2017-07-14,SCOM,Safaricom Plc,23.5,33.5,22.75,23.25,23,23,-,-,"1,592,500",-
2017-07-17,SCOM,Safaricom Plc,23.5,33.5,23,23.25,23,23,-,-,"19,309,700",-
2017-07-18,SCOM,Safaricom Plc,23.5,33.5,22.5,23.25,22.75,23,-0.25,1.09%,"16,756,300",-
2017-07-19,SCOM,Safaricom Plc,23.5,33.5,23,23.25,23,22.75,0.25,1.10%,"13,123,200",-
2017-07-20,SCOM,Safaricom Plc,23.5,33.5,23,23.25,23,23,-,-,"2,224,500",-
2017-07-21,SCOM,Safaricom Plc,23.5,33.5,23,23.5,23.25,23,0.25,1.09%,"2,758,200",-
2017-07-24,SCOM,Safaricom Plc,23.5,33.5,23.25,23.75,23.25,23.25,-,-,"2,903,700",-
2017-07-25,SCOM,Safaricom Plc,23.5,33.5,23.25,24,23.5,23.25,0.25,1.08%,"18,098,000",-
2017-07-26,SCOM,Safaricom Plc,23.5,33.5,23.5,24.25,23.75,23.5,0.25,1.06%,"11,133,700",-
2017-07-27,SCOM,Safaricom Plc,23.5,33.5,23.5,24.75,23.75,23.75,-,-,"6,777,600",-
2017-07-28,SCOM,Safaricom Plc,23.5,33.5,23.75,25,24.5,23.75,0.75,3.16%,"7,360,500",-
2017-07-31,SCOM,Safaricom Plc,23.5,33.5,23.75,25,24.5,24.5,-,-,"13,019,000",-
2017-08-01,SCOM,Safaricom Plc,23.5,33.5,23.5,24,23.75,24.5,-0.75,3.06%,"23,415,400",-
2017-08-02,SCOM,Safaricom Plc,23.5,33.5,23.75,24.25,24,23.75,0.25,1.05%,"12,764,100",-
2017-08-03,SCOM,Safaricom Plc,23.5,33.5,23.75,24.5,23.75,24,-0.25,1.04%,"12,062,800",-
2017-08-04,SCOM,Safaricom Plc,23.5,33.5,23,24.25,23.5,23.75,-0.25,1.05%,"10,616,700",-
2017-08-07,SCOM,Safaricom Plc,23.5,33.5,23.5,24,23.5,23.5,-,-,"1,508,700",-
2017-08-09,SCOM,Safaricom Plc,23.5,33.5,23.75,24.25,23.75,23.5,0.25,1.06%,"2,214,300",-
2017-08-10,SCOM,Safaricom Plc,23.5,33.5,23.5,24.75,24.25,23.75,0.5,2.11%,"356,900",-
2017-08-11,SCOM,Safaricom Plc,23.5,33.5,23.75,25.5,24.5,24.25,0.25,1.03%,"18,962,100",-
2017-08-14,SCOM,Safaricom Plc,23.5,33.5,24.75,25.5,25,24.5,0.5,2.04%,"6,749,500",-
2017-08-15,SCOM,Safaricom Plc,23.5,33.5,24,25.5,24.75,25,-0.25,1.00%,"11,607,100",-
2017-08-16,SCOM,Safaricom Plc,23.5,33.5,24.25,25,24.25,24.75,-0.5,2.02%,"14,322,500",-
2017-08-17,SCOM,Safaricom Plc,23.5,33.5,24,24.75,24.25,24.25,-,-,"1,528,900",-
2017-08-18,SCOM,Safaricom Plc,23.5,33.5,24,24.75,24.25,24.25,-,-,"4,356,700",-
2017-08-21,SCOM,Safaricom Plc,23.5,33.5,24.25,25,24.75,24.25,0.5,2.06%,"1,490,600",-
2017-08-22,SCOM,Safaricom Plc,23.5,33.5,24.75,25,24.75,24.75,-,-,"2,932,400",-
2017-08-23,SCOM,Safaricom Plc,23.5,33.5,24.75,25.5,25,24.75,0.25,1.01%,"10,431,700",-
2017-08-24,SCOM,Safaricom Plc,23.5,33.5,25,25.75,25.25,25,0.25,1.00%,"8,728,100",-
2017-08-25,SCOM,Safaricom Plc,23.5,33.5,25.5,27,26.5,25.25,1.25,4.95%,"14,323,400",-
2017-08-28,SCOM,Safaricom Plc,23.5,33.5,26.5,27,26.75,26.5,0.25,0.94%,"4,601,500",-
2017-08-29,SCOM,Safaricom Plc,23.5,33.5,26.25,27.25,26.75,26.75,-,-,"13,505,600",-
2017-08-30,SCOM,Safaricom Plc,23.5,33.5,25.5,26.75,26.25,26.75,-0.5,1.87%,"9,833,000",-
2017-08-31,SCOM,Safaricom Plc,23.5,33.5,25.25,26.5,25.5,26.25,-0.75,2.86%,"10,264,800",-
2017-09-01,SCOM,Safaricom Plc,23.5,33.5,23,25.75,24.25,25.5,-1.25,4.90%,"44,524,400",-
2017-09-04,SCOM,Safaricom Plc,23.5,33.5,24,25.75,24,24.25,-0.25,1.03%,"53,939,500",-
2017-09-05,SCOM,Safaricom Plc,23.5,33.5,24.25,25,24.75,24,0.75,3.13%,"1,907,900",-
2017-09-06,SCOM,Safaricom Plc,23.5,33.5,24.5,25.5,24.75,24.75,-,-,"36,150,100",-
2017-09-07,SCOM,Safaricom Plc,23.5,33.5,25,26,25.25,24.75,0.5,2.02%,"6,674,600",-
2017-09-08,SCOM,Safaricom Plc,23.5,33.5,25.5,26.25,25.75,25.25,0.5,1.98%,"1,792,700",-
2017-09-11,SCOM,Safaricom Plc,23.5,33.5,25.75,26.5,26,25.75,0.25,0.97%,"19,989,600",-
2017-09-12,SCOM,Safaricom Plc,23.5,33.5,25.75,27,26,26,-,-,"14,713,100",-
2017-09-13,SCOM,Safaricom Plc,23.5,33.5,25,26,25.25,26,-0.75,2.88%,"10,460,700",-
2017-09-14,SCOM,Safaricom Plc,23.5,33.5,25.25,25.5,25.25,25.25,-,-,"7,317,000",-
2017-09-15,SCOM,Safaricom Plc,23.5,33.5,25,25.5,25.25,25.25,-,-,"8,739,500",-
2017-09-18,SCOM,Safaricom Plc,23.5,33.5,24,25,24.25,25.25,-1,3.96%,"3,673,100",-
2017-09-19,SCOM,Safaricom Plc,23.5,33.5,24.75,25.5,25,24.25,0.75,3.09%,"12,374,900",-
2017-09-20,SCOM,Safaricom Plc,23.5,33.5,25,25.5,25.25,25,0.25,1.00%,"7,303,700",-
2017-09-21,SCOM,Safaricom Plc,23.5,33.5,25.25,26.5,25.75,25.25,0.5,1.98%,"3,771,700",-
2017-09-22,SCOM,Safaricom Plc,23.5,33.5,25.5,26,25.75,25.75,-,-,"2,607,700",-
2017-09-25,SCOM,Safaricom Plc,23.5,33.5,25.75,26,25.75,25.75,-,-,"6,960,400",-
2017-09-26,SCOM,Safaricom Plc,23.5,33.5,25.75,26.25,26,25.75,0.25,0.97%,"15,581,100",-
2017-09-27,SCOM,Safaricom Plc,23.5,33.5,25.75,26,25.75,26,-0.25,0.96%,"6,920,500",-
2017-09-28,SCOM,Safaricom Plc,23.5,33.5,24.75,26,25.25,25.75,-0.5,1.94%,"4,731,000",-
2017-09-29,SCOM,Safaricom Plc,23.5,33.5,24.5,25,24.75,25.25,-0.5,1.98%,"12,327,800",-
2017-10-02,SCOM,Safaricom Plc,23.5,33.5,24.5,25,24.5,24.75,-0.25,1.01%,"6,224,100",-
2017-10-04,SCOM,Safaricom Plc,23.5,33.5,24.75,25.25,25,24.5,0.5,2.04%,"1,559,500",-
2017-10-05,SCOM,Safaricom Plc,23.5,33.5,24.75,25,24.75,25,-0.25,1.00%,"3,049,900",-
2017-10-06,SCOM,Safaricom Plc,23.5,33.5,24.5,25,24.75,24.75,-,-,"5,066,000",-
2017-10-09,SCOM,Safaricom Plc,23.5,33.5,24.75,25.25,25,24.75,0.25,1.01%,"9,484,600",-
2017-10-10,SCOM,Safaricom Plc,23.5,33.5,24.75,25.5,25,25,-,-,"1,178,200",-
2017-10-11,SCOM,Safaricom Plc,23.5,33.5,24.75,25.25,25,25,-,-,"10,732,200",-
2017-10-12,SCOM,Safaricom Plc,23.5,33.5,24.75,25.25,24.75,25,-0.25,1.00%,"6,133,100",-
2017-10-13,SCOM,Safaricom Plc,23.5,33.5,24.75,25.25,24.75,24.75,-,-,"11,955,500",-
2017-10-16,SCOM,Safaricom Plc,23.5,33.5,24.5,25.25,24.75,24.75,-,-,"951,300",-
2017-10-17,SCOM,Safaricom Plc,23.5,33.5,24.25,25,24.5,24.75,-0.25,1.01%,"17,125,700",-
2017-10-18,SCOM,Safaricom Plc,23.5,33.5,24,24.5,24.25,24.5,-0.25,1.02%,"13,276,700",-
2017-10-19,SCOM,Safaricom Plc,23.5,33.5,24,24.5,24,24.25,-0.25,1.03%,"2,985,100",-
2017-10-23,SCOM,Safaricom Plc,23.5,33.5,23.75,25,24.25,24,0.25,1.04%,"23,406,300",-
2017-10-24,SCOM,Safaricom Plc,23.5,33.5,24.25,25.25,24.75,24.25,0.5,2.06%,"1,340,200",-
2017-10-27,SCOM,Safaricom Plc,23.5,33.5,25,25.5,25.25,24.75,0.5,2.02%,"1,825,500",-
2017-10-30,SCOM,Safaricom Plc,23.5,33.5,25,25.5,25.25,25.25,-,-,"2,042,400",-
2017-10-31,SCOM,Safaricom Plc,23.5,33.5,25,26.25,25.5,25.25,0.25,0.99%,"3,344,000",-
2017-11-01,SCOM,Safaricom Plc,23.5,33.5,25.5,26.25,25.75,25.5,0.25,0.98%,"12,490,800",-
2017-11-02,SCOM,Safaricom Plc,23.5,33.5,25,26,25.25,25.75,-0.5,1.94%,"18,954,600",-
2017-11-03,SCOM,Safaricom Plc,23.5,33.5,25,26,25.5,25.25,0.25,0.99%,"4,992,800",-
2017-11-06,SCOM,Safaricom Plc,23.5,33.5,24.75,25.75,25,25.5,-0.5,1.96%,"5,603,400",-
2017-11-07,SCOM,Safaricom Plc,23.5,33.5,24.25,25,24.5,25,-0.5,2.00%,"34,976,000",-
2017-11-08,SCOM,Safaricom Plc,23.5,33.5,24.5,25.25,24.75,24.5,0.25,1.02%,"15,326,600",-
2017-11-09,SCOM,Safaricom Plc,23.5,33.5,24.5,25,24.75,24.75,-,-,"3,154,300",-
2017-11-10,SCOM,Safaricom Plc,23.5,33.5,24.5,25,24.5,24.75,-0.25,1.01%,"8,025,100",-
2017-11-13,SCOM,Safaricom Plc,23.5,33.5,24,24.75,24.5,24.5,-,-,"25,841,800",-
2017-11-14,SCOM,Safaricom Plc,23.5,33.5,24.5,25.5,24.5,24.5,-,-,"12,062,300",-
2017-11-15,SCOM,Safaricom Plc,23.5,33.5,24.5,25.25,25,24.5,0.5,2.04%,"9,964,100",-
2017-11-16,SCOM,Safaricom Plc,23.5,33.5,25,25.75,25.25,25,0.25,1.00%,"6,387,700",-
2017-11-17,SCOM,Safaricom Plc,23.5,33.5,25.25,26,25.5,25.25,0.25,0.99%,"2,806,300",-
2017-11-20,SCOM,Safaricom Plc,23.5,33.5,25.5,26,25.75,25.5,0.25,0.98%,"3,958,200",-
2017-11-21,SCOM,Safaricom Plc,23.5,33.5,25.75,27.25,26.75,25.75,1,3.88%,"7,049,500",-
2017-11-22,SCOM,Safaricom Plc,23.5,33.5,26.75,28.5,28,26.75,1.25,4.67%,"16,463,700",-
2017-11-23,SCOM,Safaricom Plc,23.5,33.5,26,28.5,26.5,28,-1.5,5.36%,"16,339,600",-
2017-11-24,SCOM,Safaricom Plc,23.5,33.5,26.5,28,26.75,26.5,0.25,0.94%,"5,210,300",-
2017-11-27,SCOM,Safaricom Plc,23.5,33.5,26.75,28,27.5,26.75,0.75,2.80%,"5,932,200",-
2017-11-29,SCOM,Safaricom Plc,23.5,33.5,27.5,28,27.5,27.5,-,-,"11,295,100",-
2017-11-30,SCOM,Safaricom Plc,23.5,33.5,27,28,27.5,27.5,-,-,"7,087,300",-
2017-12-01,SCOM,Safaricom Plc,23.5,33.5,27,27.75,27.5,27.5,-,-,"12,849,800",-
2017-12-04,SCOM,Safaricom Plc,23.5,33.5,27.5,28.25,27.5,27.5,-,-,"15,773,100",-
2017-12-05,SCOM,Safaricom Plc,23.5,33.5,27,27.75,27.25,27.5,-0.25,0.91%,"6,553,600",-
2017-12-06,SCOM,Safaricom Plc,23.5,33.5,26.75,27.75,27.25,27.25,-,-,"18,979,800",-
2017-12-07,SCOM,Safaricom Plc,23.5,33.5,27,28.25,27.75,27.25,0.5,1.83%,"14,222,800",-
2017-12-08,SCOM,Safaricom Plc,23.5,33.5,27.75,28.25,27.75,27.75,-,-,"8,287,200",-
2017-12-11,SCOM,Safaricom Plc,23.5,33.5,27.75,28.25,27.75,27.75,-,-,"5,902,500",-
2017-12-13,SCOM,Safaricom Plc,23.5,33.5,27.5,28,27.5,27.75,-0.25,0.90%,"25,552,800",-
2017-12-14,SCOM,Safaricom Plc,23.5,33.5,26.75,27.75,27,27.5,-0.5,1.82%,"19,073,700",-
2017-12-15,SCOM,Safaricom Plc,23.5,33.5,24.5,27.5,26.5,27,-0.5,1.85%,"11,870,000",-
2017-12-18,SCOM,Safaricom Plc,23.5,33.5,26,27,26.25,26.5,-0.25,0.94%,"7,468,000",-
2017-12-19,SCOM,Safaricom Plc,23.5,33.5,25.75,26.5,26,26.25,-0.25,0.95%,"23,809,500",-
2017-12-20,SCOM,Safaricom Plc,23.5,33.5,25.75,26.75,26,26,-,-,"24,812,000",-
2017-12-21,SCOM,Safaricom Plc,23.5,33.5,26.25,27,26.5,26,0.5,1.92%,"11,550,400",-
2017-12-22,SCOM,Safaricom Plc,23.5,33.5,26.25,26.75,26.25,26.5,-0.25,0.94%,"6,604,600",-
2017-12-27,SCOM,Safaricom Plc,23.5,33.5,26,26.5,26.25,26.25,-,-,"7,562,900",-
2017-12-28,SCOM,Safaricom Plc,23.5,33.5,26,26.5,26.25,26.25,-,-,"10,951,800",-
2017-12-29,SCOM,Safaricom Plc,23.5,33.5,26.25,27.5,26.75,26.25,0.5,1.90%,"3,636,200",-
2018-01-02,SCOM,Safaricom Plc,23.5,33.5,26.75,27,26.75,26.75,-,-,"3,904,800",-
2018-01-03,SCOM,Safaricom Plc,23.5,33.5,26.75,27,26.75,26.75,-,-,"8,347,900",-
2018-01-04,SCOM,Safaricom Plc,23.5,33.5,26.75,27.75,27,26.75,0.25,0.93%,"8,304,500",-
2018-01-05,SCOM,Safaricom Plc,23.5,33.5,27,28.5,28,27,1,3.70%,"11,038,400",-
2018-01-08,SCOM,Safaricom Plc,23.5,33.5,27.5,28.25,28,28,-,-,"6,873,500",-
2018-01-09,SCOM,Safaricom Plc,23.5,33.5,27.75,28.25,27.75,28,-0.25,0.89%,"20,529,400",-
2018-01-10,SCOM,Safaricom Plc,23.5,33.5,27.75,28,27.75,27.75,-,-,"12,920,600",-
2018-01-11,SCOM,Safaricom Plc,23.5,33.5,27.75,28.25,27.75,27.75,-,-,"11,139,600",-
2018-01-12,SCOM,Safaricom Plc,23.5,33.5,27.75,28.5,28.25,27.75,0.5,1.80%,"2,796,700",-
2018-01-15,SCOM,Safaricom Plc,23.5,33.5,28.25,29.25,28.75,28.25,0.5,1.77%,"3,751,000",-
2018-01-16,SCOM,Safaricom Plc,23.5,33.5,28.5,29.5,29,28.75,0.25,0.87%,"7,295,600",-
2018-01-17,SCOM,Safaricom Plc,23.5,33.5,28.5,29.5,29,29,-,-,"10,302,400",-
2018-01-18,SCOM,Safaricom Plc,23.5,33.5,29,29.5,29.25,29,0.25,0.86%,"9,393,700",-
2018-01-19,SCOM,Safaricom Plc,23.5,33.5,29.25,29.75,29.25,29.25,-,-,"6,590,000",-
2018-01-22,SCOM,Safaricom Plc,23.5,33.5,29,29.75,29.25,29.25,-,-,"8,827,800",-
2018-01-23,SCOM,Safaricom Plc,23.5,33.5,29.25,29.75,29.5,29.25,0.25,0.85%,"16,964,400",-
2018-01-24,SCOM,Safaricom Plc,23.5,33.5,29.5,29.75,29.5,29.5,-,-,"6,560,400",-
2018-01-25,SCOM,Safaricom Plc,23.5,33.5,29.5,30,29.75,29.5,0.25,0.85%,"6,593,600",-
2018-01-26,SCOM,Safaricom Plc,23.5,33.5,29.5,30.5,30,29.75,0.25,0.84%,"26,174,300",-
2018-01-29,SCOM,Safaricom Plc,23.5,33.5,29.5,30,29.75,30,-0.25,0.83%,"3,950,700",-
2018-01-30,SCOM,Safaricom Plc,23.5,33.5,29.25,30,29.5,29.75,-0.25,0.84%,"18,003,200",-
2018-01-31,SCOM,Safaricom Plc,23.5,33.5,29.5,30,29.5,29.5,-,-,"8,892,600",-
2018-02-01,SCOM,Safaricom Plc,23.5,33.5,29.5,30,29.75,29.5,0.25,0.85%,"6,148,300",-
2018-02-02,SCOM,Safaricom Plc,23.5,33.5,29.75,30.25,29.75,29.75,-,-,"3,027,200",-
2018-02-05,SCOM,Safaricom Plc,23.5,33.5,29.75,30,29.75,29.75,-,-,"4,090,200",-
2018-02-06,SCOM,Safaricom Plc,23.5,33.5,28.75,30,29.5,29.75,-0.25,0.84%,"42,110,500",-
2018-02-07,SCOM,Safaricom Plc,23.5,33.5,28,29.25,28.5,29.5,-1,3.39%,"20,681,500",-
2018-02-08,SCOM,Safaricom Plc,23.5,33.5,28.5,29.5,29.25,28.5,0.75,2.63%,"14,174,000",-
2018-02-09,SCOM,Safaricom Plc,23.5,33.5,29,29.5,29,29.25,-0.25,0.85%,"12,834,800",-
2018-02-12,SCOM,Safaricom Plc,23.5,33.5,29,29.5,29,29.25,-0.25,0.85%,"12,834,800",-
2018-02-13,SCOM,Safaricom Plc,23.5,33.5,28.25,29,28.5,28.25,0.25,0.88%,"6,864,100",-
2018-02-14,SCOM,Safaricom Plc,23.5,33.5,28.75,29,28.75,28.5,0.25,0.88%,"3,085,100",-
2018-02-15,SCOM,Safaricom Plc,23.5,33.5,28.75,29.25,28.75,28.75,-,-,"2,708,200",-
2018-02-16,SCOM,Safaricom Plc,23.5,33.5,29,29.75,29.25,28.75,0.5,1.74%,"4,729,900",-
2018-02-19,SCOM,Safaricom Plc,23.5,33.5,29.25,30,29.25,29.25,-,-,"4,489,000",-
2018-02-20,SCOM,Safaricom Plc,23.5,33.5,29.25,30.5,29.75,29.25,0.5,1.71%,"8,747,000",-
2018-02-21,SCOM,Safaricom Plc,23.5,33.5,29,30.25,29.75,29.75,-,-,"15,108,100",-
2018-02-22,SCOM,Safaricom Plc,23.5,33.5,29.5,30,29.5,29.75,-0.25,0.84%,"6,155,400",-
2018-02-23,SCOM,Safaricom Plc,23.5,33.5,29.25,30,29.5,29.5,-,-,"4,996,800",-
2018-02-26,SCOM,Safaricom Plc,23.5,33.5,29.25,29.75,29.5,29.5,-,-,"14,512,400",-
2018-02-27,SCOM,Safaricom Plc,23.5,33.5,29.25,30,29.5,29.5,-,-,"7,390,600",-
2018-02-28,SCOM,Safaricom Plc,23.5,33.5,29.5,30,29.75,29.5,0.25,0.85%,"10,937,400",-
2018-03-01,SCOM,Safaricom Plc,23.5,33.5,29.25,30,29.5,29.75,-0.25,0.84%,"15,254,000",-
2018-03-02,SCOM,Safaricom Plc,23.5,33.5,29,30.5,29.25,29.5,-0.25,0.85%,"6,130,600",-
2018-03-05,SCOM,Safaricom Plc,23.5,33.5,29,29.75,29.25,29.25,-,-,"4,359,200",-
2018-03-06,SCOM,Safaricom Plc,23.5,33.5,29.25,29.75,29.25,29.25,-,-,"7,543,900",-
2018-03-07,SCOM,Safaricom Plc,23.5,33.5,29.25,29.75,29.25,29.25,-,-,"5,825,300",-
2018-03-08,SCOM,Safaricom Plc,23.5,33.5,29.25,29.75,29.5,29.25,0.25,0.85%,"10,433,200",-
2018-03-09,SCOM,Safaricom Plc,23.5,33.5,29,29.75,29.25,29.5,-0.25,0.85%,"18,672,600",-
2018-03-12,SCOM,Safaricom Plc,23.5,33.5,29.25,29.75,29.25,29.25,-,-,"6,154,100",-
2018-03-13,SCOM,Safaricom Plc,23.5,33.5,29.5,30,29.75,29.25,0.5,1.71%,"4,671,400",-
2018-03-14,SCOM,Safaricom Plc,23.5,33.5,29.5,30,29.75,29.75,-,-,"5,992,300",-
2018-03-15,SCOM,Safaricom Plc,23.5,33.5,29.5,30,29.5,29.75,-0.25,0.84%,"9,961,100",-
2018-03-16,SCOM,Safaricom Plc,23.5,33.5,29.5,29.75,29.5,29.5,-,-,"4,083,500",-
2018-03-19,SCOM,Safaricom Plc,23.5,33.5,29.5,30.75,30,29.5,0.5,1.69%,"11,055,500",-
2018-03-20,SCOM,Safaricom Plc,23.5,33.5,30.5,31.25,30.75,30,0.75,2.50%,"5,720,600",-
2018-03-21,SCOM,Safaricom Plc,23.5,33.5,31,31.75,31.25,30.75,0.5,1.63%,"17,990,100",-
2018-03-22,SCOM,Safaricom Plc,23.5,33.5,31,32.25,31.75,31.25,0.5,1.60%,"13,478,700",-
2018-03-23,SCOM,Safaricom Plc,23.5,33.5,31.75,32.25,31.75,31.75,-,-,"8,328,200",-
2018-03-26,SCOM,Safaricom Plc,23.5,33.5,31.25,31.75,31.5,31.75,-0.25,0.79%,"4,327,200",-
2018-03-27,SCOM,Safaricom Plc,23.5,33.5,31,31.75,31.25,31.5,-0.25,0.79%,"4,717,400",-
2018-03-28,SCOM,Safaricom Plc,23.5,33.5,30.5,31.25,30.75,31.25,-0.5,1.60%,"4,346,300",-
2018-03-29,SCOM,Safaricom Plc,23.5,33.5,30.5,31.5,31,30.75,0.25,0.81%,"11,679,900",-
2018-04-03,SCOM,Safaricom Plc,23.5,33.5,31,31.75,31.25,31,0.25,0.81%,"9,281,300",-
2018-04-04,SCOM,Safaricom Plc,23.5,33.5,31.25,32.75,32,31.25,0.75,2.40%,"13,500,100",-
2018-04-05,SCOM,Safaricom Plc,23.5,33.5,32.5,33.5,32.75,32,0.75,2.34%,"8,416,100",-
2018-04-06,SCOM,Safaricom Plc,23.5,33.5,32,33,32.25,32.75,-0.5,1.53%,"5,827,300",-
2018-04-09,SCOM,Safaricom Plc,23.5,33.5,31.5,32.25,31.75,32.25,-0.5,1.55%,"1,947,400",-
2018-04-10,SCOM,Safaricom Plc,23.5,33.5,31.75,32.25,31.75,31.75,-,-,"2,143,000",-
2018-04-11,SCOM,Safaricom Plc,23.5,33.5,31.75,32.5,32,31.75,0.25,0.79%,"6,105,600",-
2018-04-12,SCOM,Safaricom Plc,23.5,33.5,31.25,32,31.5,32,-0.5,1.56%,"4,496,500",-
2018-04-13,SCOM,Safaricom Plc,23.5,33.5,31,32,31,31.5,-0.5,1.59%,"2,960,200",-
2018-04-16,SCOM,Safaricom Plc,23.5,33.5,30.25,31.25,30.5,31,-0.5,1.61%,"6,118,800",-
2018-04-17,SCOM,Safaricom Plc,23.5,33.5,29.5,30.5,29.75,30.5,-0.75,2.46%,"11,811,500",-
2018-04-18,SCOM,Safaricom Plc,23.5,33.5,29.25,30,29.5,29.75,-0.25,0.84%,"20,432,300",-
2018-04-19,SCOM,Safaricom Plc,23.5,33.5,29,29.75,29.25,29.5,-0.25,0.85%,"22,802,900",-
2018-04-20,SCOM,Safaricom Plc,23.5,33.5,28.75,29.5,29,29.25,-0.25,0.85%,"15,320,800",-
2018-04-23,SCOM,Safaricom Plc,23.5,33.5,28.25,29.75,28.5,29,-0.5,1.72%,"12,822,000",-
2018-04-24,SCOM,Safaricom Plc,23.5,33.5,28,29,28.25,28.5,-0.25,0.88%,"17,259,200",-
2018-04-25,SCOM,Safaricom Plc,23.5,33.5,28.25,29,28.5,28.25,0.25,0.88%,"22,791,100",-
2018-04-26,SCOM,Safaricom Plc,23.5,33.5,28,28.75,28.25,28.5,-0.25,0.88%,"11,003,100",-
2018-04-27,SCOM,Safaricom Plc,23.5,33.5,28.25,28.5,28.25,28.25,-,-,"8,868,000",-
2018-04-30,SCOM,Safaricom Plc,23.5,33.5,28.25,28.5,28.25,28.25,-,-,"9,959,700",-
2018-05-02,SCOM,Safaricom Plc,23.5,33.5,27,28.25,27.25,28.25,-1,3.54%,"18,325,100",-
2018-05-03,SCOM,Safaricom Plc,23.5,33.5,26.75,27.75,27,27.25,-0.25,0.92%,"27,096,800",-
2018-05-04,SCOM,Safaricom Plc,23.5,33.5,28,29,28.5,27,1.5,5.56%,"37,792,800",-
2018-05-07,SCOM,Safaricom Plc,23.5,33.5,28.25,29,28.5,28.5,-,-,"16,076,800",-
2018-05-08,SCOM,Safaricom Plc,23.5,33.5,28.25,28.5,28.25,28.5,-0.25,0.88%,"9,459,700",-
2018-05-09,SCOM,Safaricom Plc,23.5,33.5,28.5,29.5,29,28.25,0.75,2.65%,"17,881,600",-
2018-05-10,SCOM,Safaricom Plc,23.5,33.5,27.75,29.25,28,29,-1,3.45%,"14,074,900",-
2018-05-11,SCOM,Safaricom Plc,23.5,33.5,27.5,28,27.75,28,-0.25,0.89%,"6,723,800",-
2018-05-14,SCOM,Safaricom Plc,23.5,33.5,27,28,27.25,27.75,-0.5,1.80%,"6,003,400",-
2018-05-15,SCOM,Safaricom Plc,23.5,33.5,27,28.25,27.25,27.25,-,-,"22,976,600",-
2018-05-16,SCOM,Safaricom Plc,23.5,33.5,28,29.25,28.5,27.25,1.25,4.59%,"5,022,200",-
2018-05-17,SCOM,Safaricom Plc,23.5,33.5,28.75,29.5,29,28.5,0.5,1.75%,"6,485,300",-
2018-05-18,SCOM,Safaricom Plc,23.5,33.5,29,29.5,29.25,29,0.25,0.86%,"6,653,700",-
2018-05-21,SCOM,Safaricom Plc,23.5,33.5,29,29.25,29,29.25,-0.25,0.85%,"10,012,300",-
2018-05-22,SCOM,Safaricom Plc,23.5,33.5,29,29.75,29.25,29,0.25,0.86%,"7,749,700",-
2018-05-23,SCOM,Safaricom Plc,23.5,33.5,29,29.5,29,29.25,-0.25,0.85%,"2,708,000",-
2018-05-24,SCOM,Safaricom Plc,23.5,33.5,29,29.5,29,29,-,-,"7,640,000",-
2018-05-25,SCOM,Safaricom Plc,23.5,33.5,28.5,29.25,29,29,-,-,"8,862,200",-
2018-05-28,SCOM,Safaricom Plc,23.5,33.5,28,29,28.75,29,-0.25,0.86%,"2,100,300",-
2018-05-29,SCOM,Safaricom Plc,23.5,33.5,28.25,29,28.5,28.75,-0.25,0.87%,"4,277,900",-
2018-05-30,SCOM,Safaricom Plc,23.5,33.5,28,28.5,28.25,28.5,-0.25,0.88%,"7,646,000",-
2018-05-31,SCOM,Safaricom Plc,23.5,33.5,28.25,28.75,28.25,28.25,-,-,"10,668,400",-
2018-06-04,SCOM,Safaricom Plc,23.5,33.5,28.25,29,28.5,28.25,0.25,0.88%,"12,148,900",-
2018-06-05,SCOM,Safaricom Plc,23.5,33.5,28.5,29.25,28.75,28.5,0.25,0.88%,"2,347,400",-
2018-06-06,SCOM,Safaricom Plc,23.5,33.5,28.75,30,29.5,28.75,0.75,2.61%,"16,561,300",-
2018-06-07,SCOM,Safaricom Plc,23.5,33.5,29,29.75,29.25,29.5,-0.25,0.85%,"6,310,900",-
2018-06-08,SCOM,Safaricom Plc,23.5,33.5,29.25,29.75,29.5,29.25,0.25,0.85%,"1,693,000",-
2018-06-11,SCOM,Safaricom Plc,23.5,33.5,29.5,30.5,30,29.5,0.5,1.69%,"4,153,700",-
2018-06-12,SCOM,Safaricom Plc,23.5,33.5,30,30.5,30,30,-,-,"13,452,800",-
2018-06-13,SCOM,Safaricom Plc,23.5,33.5,30,30.5,30,30,-,-,"7,289,000",-
2018-06-14,SCOM,Safaricom Plc,23.5,33.5,29.75,30.25,30,30,-,-,"22,891,700",-
2018-06-18,SCOM,Safaricom Plc,23.5,33.5,29.5,30.25,29.75,30,-0.25,0.83%,"2,120,100",-
2018-06-19,SCOM,Safaricom Plc,23.5,33.5,27.75,29.75,28.25,29.75,-1.5,5.04%,"5,655,200",-
2018-06-20,SCOM,Safaricom Plc,23.5,33.5,27.25,28.5,27.25,28.25,-1,3.54%,"16,084,100",-
2018-06-21,SCOM,Safaricom Plc,23.5,33.5,27.25,27.75,27.25,27.25,-,-,"11,719,700",-
2018-06-22,SCOM,Safaricom Plc,23.5,33.5,27.25,28.75,28.25,27.25,1,3.67%,"13,917,200",-
2018-06-25,SCOM,Safaricom Plc,23.5,33.5,28.25,29,28.5,28.25,0.25,0.88%,"2,724,700",-
2018-06-26,SCOM,Safaricom Plc,23.5,33.5,28.5,29.5,29,28.5,0.5,1.75%,"17,602,600",-
2018-06-27,SCOM,Safaricom Plc,23.5,33.5,28.75,30,29.5,29,0.5,1.72%,"16,543,300",-
2018-06-28,SCOM,Safaricom Plc,23.5,33.5,29.25,30,29.75,29.5,0.25,0.85%,"22,488,900",-
2018-06-29,SCOM,Safaricom Plc,23.5,33.5,29.25,30,29.5,29.75,-0.25,0.84%,"10,555,800",-
2018-07-02,SCOM,Safaricom Plc,23.5,33.5,28.75,29.75,29,29.5,-0.5,1.69%,"9,571,200",-
2018-07-03,SCOM,Safaricom Plc,23.5,33.5,27.75,28.75,28,29,-1,3.45%,"3,750,400",-
2018-07-04,SCOM,Safaricom Plc,23.5,33.5,28,29.25,28.5,28,0.5,1.79%,"2,894,700",-
2018-07-05,SCOM,Safaricom Plc,23.5,33.5,28.5,29.25,29,28.5,0.5,1.75%,"5,412,700",-
2018-07-06,SCOM,Safaricom Plc,23.5,33.5,28.75,29.25,28.75,29,-0.25,0.86%,"2,036,900",-
2018-07-09,SCOM,Safaricom Plc,23.5,33.5,28.75,29.25,29,28.75,0.25,0.87%,"2,004,500",-
2018-07-10,SCOM,Safaricom Plc,23.5,33.5,29,29.25,29,29,-,-,"5,693,900",-
2018-07-11,SCOM,Safaricom Plc,23.5,33.5,28.25,29,28.5,29,-0.5,1.72%,"5,134,400",-
2018-07-12,SCOM,Safaricom Plc,23.5,33.5,28.5,29,28.5,28.5,-,-,"3,335,800",-
2018-07-13,SCOM,Safaricom Plc,23.5,33.5,28.25,28.75,28.25,28.5,-0.25,0.88%,"4,689,700",-
2018-07-16,SCOM,Safaricom Plc,23.5,33.5,28,28.75,28.25,28.25,-,-,"10,493,700",-
2018-07-17,SCOM,Safaricom Plc,23.5,33.5,28.25,29.25,28.75,28.25,0.5,1.77%,"3,960,900",-
2018-07-18,SCOM,Safaricom Plc,23.5,33.5,29,29.75,29,28.75,0.25,0.87%,"2,224,500",-
2018-07-19,SCOM,Safaricom Plc,23.5,33.5,28.75,29.75,29.25,29,0.25,0.86%,"10,041,000",-
2018-07-20,SCOM,Safaricom Plc,23.5,33.5,28.25,29.25,28.5,29.25,-0.75,2.56%,"3,537,600",-
2018-07-23,SCOM,Safaricom Plc,23.5,33.5,28.25,29,28.5,28.5,-,-,"656,500",-
2018-07-24,SCOM,Safaricom Plc,23.5,33.5,28.5,29,28.5,28.5,-,-,"748,100",-
2018-07-25,SCOM,Safaricom Plc,23.5,33.5,28.5,29,28.75,28.5,0.25,0.88%,"5,932,100",-
2018-07-26,SCOM,Safaricom Plc,23.5,33.5,28.5,29,28.5,28.75,-0.25,0.87%,"4,900,000",-
2018-07-27,SCOM,Safaricom Plc,23.5,33.5,28.5,29,28.5,28.5,-,-,"3,334,900",-
2018-07-30,SCOM,Safaricom Plc,23.5,33.5,28.25,28.75,28.25,28.5,-0.25,0.88%,"11,459,700",-
2018-07-31,SCOM,Safaricom Plc,23.5,33.5,27.75,28.5,28,28.25,-0.25,0.88%,"2,680,900",-
2018-08-01,SCOM,Safaricom Plc,23.5,33.5,27.75,28.5,27.75,28,-0.25,0.89%,"4,549,500",-
2018-08-02,SCOM,Safaricom Plc,23.5,33.5,28,28.5,28,27.75,0.25,0.90%,"18,662,800",-
2018-08-03,SCOM,Safaricom Plc,23.5,33.5,28,28.25,28,28,-,-,"5,929,000",-
2018-08-06,SCOM,Safaricom Plc,23.5,33.5,28,28.25,28,28,-,-,"1,404,800",-
2018-08-07,SCOM,Safaricom Plc,23.5,33.5,28,28.25,28,28,-,-,"5,167,200",-
2018-08-08,SCOM,Safaricom Plc,23.5,33.5,28.25,29.5,28.75,28,0.75,2.68%,"6,592,000",-
2018-08-09,SCOM,Safaricom Plc,23.5,33.5,28.25,29.25,28.75,28.75,-,-,"3,037,200",-
2018-08-10,SCOM,Safaricom Plc,23.5,33.5,28.25,29,28.25,28.75,-0.5,1.74%,"4,948,100",-
2018-08-13,SCOM,Safaricom Plc,23.5,33.5,28.5,29,28.5,28.25,0.25,0.88%,"2,021,800",-
2018-08-14,SCOM,Safaricom Plc,23.5,33.5,28.5,29,28.75,28.5,0.25,0.88%,"7,527,000",-
2018-08-15,SCOM,Safaricom Plc,23.5,33.5,28.75,29.25,29,28.75,0.25,0.87%,"8,721,200",-
2018-08-16,SCOM,Safaricom Plc,23.5,33.5,28.75,29,28.75,29,-0.25,0.86%,"6,699,800",-
2018-08-17,SCOM,Safaricom Plc,23.5,33.5,28.75,29.5,29,28.75,0.25,0.87%,"961,200",-
2018-08-20,SCOM,Safaricom Plc,23.5,33.5,29,29.5,29,29,-,-,"7,496,200",-
2018-08-22,SCOM,Safaricom Plc,23.5,33.5,29,29.5,29,29,-,-,"6,420,500",-
2018-08-23,SCOM,Safaricom Plc,23.5,33.5,29,29.25,29,29,-,-,"3,045,900",-
2018-08-24,SCOM,Safaricom Plc,23.5,33.5,29,29.25,29,29,-,-,"2,498,300",-
2018-08-27,SCOM,Safaricom Plc,23.5,33.5,29,29.5,29,29,-,-,"1,647,000",-
2018-08-28,SCOM,Safaricom Plc,23.5,33.5,29,30.5,29.75,29,0.75,2.59%,"4,929,200",-
2018-08-29,SCOM,Safaricom Plc,23.5,33.5,29.75,30.25,29.75,29.75,-,-,"1,959,600",-
2018-08-30,SCOM,Safaricom Plc,23.5,33.5,29.5,30,29.5,29.75,-0.25,0.84%,"2,726,600",-
2018-08-31,SCOM,Safaricom Plc,23.5,33.5,28,29.75,28.25,29.5,-1.25,4.24%,"9,077,200",-
2018-09-03,SCOM,Safaricom Plc,23.5,33.5,27,28,27.75,28.25,-0.5,1.77%,"1,732,800",-
2018-09-04,SCOM,Safaricom Plc,23.5,33.5,27.75,29,28.25,27.75,0.5,1.80%,"5,216,300",-
2018-09-05,SCOM,Safaricom Plc,23.5,33.5,27.5,28.5,27.75,28.25,-0.5,1.77%,"5,440,200",-
2018-09-06,SCOM,Safaricom Plc,23.5,33.5,27.5,28.25,27.75,27.75,-,-,"4,172,000",-
2018-09-07,SCOM,Safaricom Plc,23.5,33.5,27.25,28,27.5,27.75,-0.25,0.90%,"6,802,300",-
2018-09-10,SCOM,Safaricom Plc,23.5,33.5,27.25,27.75,27.25,27.5,-0.25,0.91%,"773,100",-
2018-09-11,SCOM,Safaricom Plc,23.5,33.5,27,27.75,27,27.25,-0.25,0.92%,"2,355,600",-
2018-09-12,SCOM,Safaricom Plc,23.5,33.5,26.75,27.25,27,27,-,-,"6,191,100",-
2018-09-13,SCOM,Safaricom Plc,23.5,33.5,25.75,27.25,26.25,27,-0.75,2.78%,"12,514,200",-
2018-09-14,SCOM,Safaricom Plc,23.5,33.5,26.25,26.75,26.5,26.25,0.25,0.95%,"9,138,100",-
2018-09-17,SCOM,Safaricom Plc,23.5,33.5,26.25,26.75,26.5,26.5,-,-,"5,165,700",-
2018-09-18,SCOM,Safaricom Plc,23.5,33.5,26.5,27.25,26.75,26.5,0.25,0.94%,"7,266,500",-
2018-09-19,SCOM,Safaricom Plc,23.5,33.5,25.75,27.25,26.5,26.75,-0.25,0.93%,"9,364,500",-
2018-09-20,SCOM,Safaricom Plc,23.5,33.5,24.5,25.75,24.75,26.5,-1.75,6.60%,"9,358,300",-
2018-09-21,SCOM,Safaricom Plc,23.5,33.5,23.75,25.25,24,24.75,-0.75,3.03%,"19,410,000",-
2018-09-24,SCOM,Safaricom Plc,23.5,33.5,24.5,26,25,24,1,4.17%,"23,273,800",-
2018-09-25,SCOM,Safaricom Plc,23.5,33.5,24.75,25.25,24.75,25,-0.25,1.00%,"7,497,500",-
2018-09-26,SCOM,Safaricom Plc,23.5,33.5,24.5,25,24.75,24.75,-,-,"2,701,500",-
2018-09-27,SCOM,Safaricom Plc,23.5,33.5,24.5,25,24.75,24.75,-,-,"14,903,000",-
2018-09-28,SCOM,Safaricom Plc,23.5,33.5,24,25,24.5,24.75,-0.25,1.01%,"5,979,700",-
2018-10-01,SCOM,Safaricom Plc,23.5,33.5,24,25,24,24.5,-0.5,2.04%,"2,902,300",-
2018-10-02,SCOM,Safaricom Plc,23.5,33.5,24,24.75,24.25,24,0.25,1.04%,"13,927,300",-
2018-10-03,SCOM,Safaricom Plc,23.5,33.5,24.25,24.5,24.25,24.25,-,-,"5,158,800",-
2018-10-04,SCOM,Safaricom Plc,23.5,33.5,24.25,24.75,24.5,24.25,0.25,1.03%,"21,580,200",-
2018-10-05,SCOM,Safaricom Plc,23.5,33.5,24.5,25,24.75,24.5,0.25,1.02%,"12,411,100",-
2018-10-08,SCOM,Safaricom Plc,23.5,33.5,24.5,25,24.5,24.75,-0.25,1.01%,"4,292,000",-
2018-10-09,SCOM,Safaricom Plc,23.5,33.5,24.25,25,24.5,24.5,-,-,"3,526,500",-
2018-10-11,SCOM,Safaricom Plc,23.5,33.5,23.5,25,24,24.5,-0.5,2.04%,"7,960,800",-
2018-10-12,SCOM,Safaricom Plc,23.5,33.5,22.75,24,23,24,-1,4.17%,"7,611,000",-
2018-10-15,SCOM,Safaricom Plc,23.5,33.5,21.75,23.5,22.25,23,-0.75,3.26%,"8,478,900",-
2018-10-16,SCOM,Safaricom Plc,23.5,33.5,22.5,24,23.5,22.25,1.25,5.62%,"13,366,800",-
2018-10-17,SCOM,Safaricom Plc,23.5,33.5,23.75,24.25,23.75,23.5,0.25,1.06%,"4,369,700",-
2018-10-18,SCOM,Safaricom Plc,23.5,33.5,23,24.25,23.5,23.75,-0.25,1.05%,"12,332,700",-
2018-10-19,SCOM,Safaricom Plc,23.5,33.5,23,23.75,23.5,23.5,-,-,"14,026,700",-
2018-10-22,SCOM,Safaricom Plc,23.5,33.5,23.5,24.5,23.75,23.5,0.25,1.06%,"6,414,400",-
2018-10-23,SCOM,Safaricom Plc,23.5,33.5,23.25,24,23.75,23.75,-,-,"4,292,400",-
2018-10-24,SCOM,Safaricom Plc,23.5,33.5,23.25,23.75,23.5,23.75,-0.25,1.05%,"3,622,800",-
2018-10-25,SCOM,Safaricom Plc,23.5,33.5,23.25,23.75,23.5,23.5,-,-,"9,827,300",-
2018-10-26,SCOM,Safaricom Plc,23.5,33.5,23.5,23.75,23.5,23.5,-,-,"6,974,000",-
2018-10-29,SCOM,Safaricom Plc,23.5,33.5,23.5,24,23.5,23.5,-,-,"9,428,000",-
2018-10-30,SCOM,Safaricom Plc,23.5,33.5,23.25,24,23.5,23.5,-,-,"22,059,900",-
2018-10-31,SCOM,Safaricom Plc,23.5,33.5,23.25,24,23.25,23.5,-0.25,1.06%,"4,661,300",-
2018-11-01,SCOM,Safaricom Plc,23.5,33.5,23,23.75,23.25,23.25,-,-,"47,502,800",-
2018-11-02,SCOM,Safaricom Plc,23.5,33.5,23.75,25,24.5,23.25,1.25,5.38%,"4,152,400",-
2018-11-05,SCOM,Safaricom Plc,23.5,33.5,23,24.5,23.75,24.5,-0.75,3.06%,"4,705,300",-
2018-11-06,SCOM,Safaricom Plc,23.5,33.5,22.5,24,22.5,23.75,-1.25,5.26%,"5,447,100",-
2018-11-07,SCOM,Safaricom Plc,23.5,33.5,22.5,23.5,22.75,22.5,0.25,1.11%,"8,627,800",-
2018-11-08,SCOM,Safaricom Plc,23.5,33.5,23.25,23.75,23.25,22.75,0.5,2.20%,"9,482,300",-
2018-11-09,SCOM,Safaricom Plc,23.5,33.5,23.5,24.75,24.25,23.25,1,4.30%,"10,310,900",-
2018-11-12,SCOM,Safaricom Plc,23.5,33.5,23.75,24.5,24.25,24.25,-,-,"10,296,300",-
2018-11-13,SCOM,Safaricom Plc,23.5,33.5,24,24.5,24.25,24.25,-,-,"12,009,100",-
2018-11-14,SCOM,Safaricom Plc,23.5,33.5,23.75,24.5,24,24.25,-0.25,1.03%,"8,868,800",-
2018-11-15,SCOM,Safaricom Plc,23.5,33.5,23.5,24,23.75,24,-0.25,1.04%,"15,069,000",-
2018-11-16,SCOM,Safaricom Plc,23.5,33.5,23.5,24.25,23.75,23.75,-,-,"7,079,300",-
2018-11-19,SCOM,Safaricom Plc,23.5,33.5,23.5,24,23.5,23.75,-0.25,1.05%,"2,172,700",-
2018-11-20,SCOM,Safaricom Plc,23.5,33.5,23.5,24,23.5,23.5,-,-,"4,664,500",-
2018-11-21,SCOM,Safaricom Plc,23.5,33.5,23.5,24,23.75,23.5,0.25,1.06%,"7,003,500",-
2018-11-22,SCOM,Safaricom Plc,23.5,33.5,23.75,24,23.75,23.75,-,-,"683,000",-
2018-11-23,SCOM,Safaricom Plc,23.5,33.5,23.75,24,23.75,23.75,-,-,"2,451,000",-
2018-11-26,SCOM,Safaricom Plc,23.5,33.5,23.6,24,23.75,23.75,-,-,"10,791,300",-
2018-11-27,SCOM,Safaricom Plc,23.5,33.5,23.75,24,23.75,23.75,-,-,"27,426,600",-
2018-11-28,SCOM,Safaricom Plc,23.5,33.5,23.75,24,23.75,23.75,-,-,"16,748,100",-
2018-11-29,SCOM,Safaricom Plc,23.5,33.5,23.5,24,23.75,23.75,-,-,"10,756,400",-
2018-11-30,SCOM,Safaricom Plc,23.5,33.5,23.65,23.85,23.75,23.75,-,-,"15,243,600",-
2018-12-03,SCOM,Safaricom Plc,23.5,33.5,23.55,23.8,23.75,23.75,-,-,"2,723,900",-
2018-12-04,SCOM,Safaricom Plc,23.5,33.5,23.5,23.75,23.6,23.75,-0.15,0.63%,"3,485,800",-
2018-12-05,SCOM,Safaricom Plc,23.5,33.5,23.5,23.75,23.65,23.6,0.05,0.21%,"1,769,900",-
2018-12-06,SCOM,Safaricom Plc,23.5,33.5,23.3,23.6,23.4,23.65,-0.25,1.06%,"4,442,000",-
2018-12-07,SCOM,Safaricom Plc,23.5,33.5,22.8,23.4,23,23.4,-0.4,1.71%,"12,989,200",-
2018-12-10,SCOM,Safaricom Plc,23.5,33.5,22.6,23,22.65,23,-0.35,1.52%,"13,202,600",-
2018-12-11,SCOM,Safaricom Plc,23.5,33.5,21.9,23,22.05,22.65,-0.6,2.65%,"21,143,400",-
2018-12-13,SCOM,Safaricom Plc,23.5,33.5,21.9,23,22.15,22.05,0.1,0.45%,"22,202,200",-
2018-12-14,SCOM,Safaricom Plc,23.5,33.5,22.25,23.25,22.9,22.15,0.75,3.39%,"29,994,100",-
2018-12-17,SCOM,Safaricom Plc,23.5,33.5,22.5,23.25,23,22.9,0.1,0.44%,"6,178,300",-
2018-12-18,SCOM,Safaricom Plc,23.5,33.5,22.8,23.1,23,23,-,-,"17,097,500",-
2018-12-19,SCOM,Safaricom Plc,23.5,33.5,22.5,23.05,22.9,23,-0.1,0.43%,"8,363,600",-
2018-12-20,SCOM,Safaricom Plc,23.5,33.5,22.35,22.9,22.45,22.9,-0.45,1.97%,"19,301,300",-
2018-12-21,SCOM,Safaricom Plc,23.5,33.5,22.2,23.25,22.3,22.45,-0.15,0.67%,"5,637,600",-
2018-12-24,SCOM,Safaricom Plc,23.5,33.5,22.5,23.5,22.6,22.3,0.3,1.35%,"730,100",-
2018-12-27,SCOM,Safaricom Plc,23.5,33.5,22.55,23,22.6,22.6,-,-,"1,778,700",-
2018-12-28,SCOM,Safaricom Plc,23.5,33.5,22.8,23,22.85,22.6,0.25,1.11%,"1,269,100",-
2018-12-31,SCOM,Safaricom Plc,23.5,33.5,22.1,22.8,22.2,22.85,-0.65,2.84%,"3,679,200",-
2019-01-02,SCOM,Safaricom Plc,23.5,33.5,22.2,23,22.25,22.2,0.05,0.23%,"1,778,300",-
2019-01-03,SCOM,Safaricom Plc,23.5,33.5,21.8,22.5,22.15,22.25,-0.1,0.45%,"12,255,400",-
2019-01-04,SCOM,Safaricom Plc,23.5,33.5,21,22,21.3,22.15,-0.85,3.84%,"2,210,300",-
2019-01-07,SCOM,Safaricom Plc,23.5,33.5,21.3,21.8,21.45,21.3,0.15,0.70%,"6,283,800",-
2019-01-08,SCOM,Safaricom Plc,23.5,33.5,21.5,22.2,22,21.45,0.55,2.56%,"1,532,800",-
2019-01-09,SCOM,Safaricom Plc,23.5,33.5,22.15,22.75,22.3,22,0.3,1.36%,"21,758,400",-
2019-01-10,SCOM,Safaricom Plc,23.5,33.5,22.4,24,23,22.3,0.7,3.14%,"24,914,800",-
2019-01-11,SCOM,Safaricom Plc,23.5,33.5,22.8,23.75,23.4,23,0.4,1.74%,"4,875,800",-
2019-01-14,SCOM,Safaricom Plc,23.5,33.5,23.25,23.65,23.5,23.4,0.1,0.43%,"22,014,500",-
2019-01-15,SCOM,Safaricom Plc,23.5,33.5,23.5,23.8,23.5,23.5,-,-,"21,628,800",-
2019-01-16,SCOM,Safaricom Plc,23.5,33.5,23.7,24.3,23.8,23.5,0.3,1.28%,"14,056,700",-
2019-01-17,SCOM,Safaricom Plc,23.5,33.5,23.55,24,23.75,23.8,-0.05,0.21%,"5,577,100",-
2019-01-18,SCOM,Safaricom Plc,23.5,33.5,23.5,23.95,23.7,23.75,-0.05,0.21%,"28,005,000",-
2019-01-21,SCOM,Safaricom Plc,23.5,33.5,23.05,23.7,23.5,23.7,-0.2,0.84%,"20,871,500",-
2019-01-22,SCOM,Safaricom Plc,23.5,33.5,23.05,23.5,23.3,23.5,-0.2,0.85%,"3,853,600",-
2019-01-23,SCOM,Safaricom Plc,23.5,33.5,23.05,23.45,23.25,23.3,-0.05,0.21%,"2,765,100",-
2019-01-24,SCOM,Safaricom Plc,23.5,33.5,23.05,23.4,23.2,23.25,-0.05,0.22%,"4,049,200",-
2019-01-25,SCOM,Safaricom Plc,23.5,33.5,23.15,23.65,23.45,23.2,0.25,1.08%,"14,283,100",-
2019-01-28,SCOM,Safaricom Plc,23.5,33.5,23.35,23.75,23.45,23.45,-,-,"23,039,500",-
2019-01-29,SCOM,Safaricom Plc,23.5,33.5,23.05,23.6,23.45,23.45,-,-,"7,797,300",-
2019-01-30,SCOM,Safaricom Plc,23.5,33.5,23.4,24,23.7,23.45,0.25,1.07%,"12,467,800",-
2019-01-31,SCOM,Safaricom Plc,23.5,33.5,23.6,24.5,23.85,23.7,0.15,0.63%,"61,100,700",-
2019-02-01,SCOM,Safaricom Plc,23.5,33.5,24,25.6,25.5,23.85,1.65,6.92%,"14,811,400",-
2019-02-04,SCOM,Safaricom Plc,23.5,33.5,25.5,26.25,26,25.5,0.5,1.96%,"10,610,100",-
2019-02-05,SCOM,Safaricom Plc,23.5,33.5,26.1,27,26.5,26,0.5,1.92%,"20,158,100",-
2019-02-06,SCOM,Safaricom Plc,23.5,33.5,26.5,27.2,26.9,26.5,0.4,1.51%,"19,635,000",-
2019-02-07,SCOM,Safaricom Plc,23.5,33.5,26.9,27.1,27.05,26.9,0.15,0.56%,"12,456,800",-
2019-02-08,SCOM,Safaricom Plc,23.5,33.5,26.5,27,26.85,27.05,-0.2,0.74%,"22,906,700",-
2019-02-11,SCOM,Safaricom Plc,23.5,33.5,26.5,26.95,26.8,26.85,-0.05,0.19%,"12,201,400",-
2019-02-12,SCOM,Safaricom Plc,23.5,33.5,26.8,27,26.9,26.8,0.1,0.37%,"7,061,000",-
2019-02-13,SCOM,Safaricom Plc,23.5,33.5,26.05,27,26.9,26.9,-,-,"5,822,600",-
2019-02-14,SCOM,Safaricom Plc,23.5,33.5,25.95,26.85,26.45,26.9,-0.45,1.67%,"12,160,700",-
2019-02-15,SCOM,Safaricom Plc,23.5,33.5,26,27,26.1,26.45,-0.35,1.32%,"1,611,300",-
2019-02-18,SCOM,Safaricom Plc,23.5,33.5,25.9,26.9,26.05,26.1,-0.05,0.19%,"10,594,400",-
2019-02-19,SCOM,Safaricom Plc,23.5,33.5,26,26.5,26.15,26.05,0.1,0.38%,"2,413,900",-
2019-02-20,SCOM,Safaricom Plc,23.5,33.5,26.05,26.5,26.15,26.15,-,-,"2,628,000",-
2019-02-21,SCOM,Safaricom Plc,23.5,33.5,26,26.15,26,26.15,-0.15,0.57%,"9,916,300",-
2019-02-22,SCOM,Safaricom Plc,23.5,33.5,26,26.2,26.05,26,0.05,0.19%,"5,415,200",-
2019-02-25,SCOM,Safaricom Plc,23.5,33.5,26.15,26.7,26.5,26.05,0.45,1.73%,"4,925,400",-
2019-02-26,SCOM,Safaricom Plc,23.5,33.5,26.3,26.65,26.6,26.5,0.1,0.38%,"3,376,100",-
2019-02-27,SCOM,Safaricom Plc,23.5,33.5,26.3,26.7,26.55,26.6,-0.05,0.19%,"4,048,100",-
2019-02-28,SCOM,Safaricom Plc,23.5,33.5,25.95,26.5,26,26.55,-0.55,2.07%,"13,900,000",-
2019-03-01,SCOM,Safaricom Plc,23.5,33.5,26,26.5,26.1,26,0.1,0.38%,"9,109,400",-
2019-03-04,SCOM,Safaricom Plc,23.5,33.5,26.05,26.55,26.45,26.1,0.35,1.34%,"3,349,100",-
2019-03-05,SCOM,Safaricom Plc,23.5,33.5,26.3,26.55,26.5,26.45,0.05,0.19%,"4,233,400",-
2019-03-06,SCOM,Safaricom Plc,23.5,33.5,26.4,26.75,26.6,26.5,0.1,0.38%,"5,447,000",-
2019-03-07,SCOM,Safaricom Plc,23.5,33.5,26.6,27,26.8,26.6,0.2,0.75%,"2,958,300",-
2019-03-08,SCOM,Safaricom Plc,23.5,33.5,26.8,27.45,27,26.8,0.2,0.75%,"15,997,900",-
2019-03-11,SCOM,Safaricom Plc,23.5,33.5,26.75,27,26.9,27,-0.1,0.37%,"2,078,300",-
2019-03-12,SCOM,Safaricom Plc,23.5,33.5,26.7,27,26.9,26.9,-,-,"4,065,500",-
2019-03-13,SCOM,Safaricom Plc,23.5,33.5,26.5,27,26.75,26.9,-0.15,0.56%,"13,639,600",-
2019-03-14,SCOM,Safaricom Plc,23.5,33.5,26.75,27.1,27,26.75,0.25,0.93%,"7,634,700",-
2019-03-15,SCOM,Safaricom Plc,23.5,33.5,26.8,28.1,27.75,27,0.75,2.78%,"9,914,300",-
2019-03-18,SCOM,Safaricom Plc,23.5,33.5,27.5,28.75,28.5,27.75,0.75,2.70%,"12,842,900",-
2019-03-19,SCOM,Safaricom Plc,23.5,33.5,27.6,28.5,28,28.5,-0.5,1.75%,"19,000,400",-
2019-03-20,SCOM,Safaricom Plc,23.5,33.5,28,28.75,28.55,28,0.55,1.96%,"3,771,500",-
2019-03-21,SCOM,Safaricom Plc,23.5,33.5,28.3,30,28.65,28.55,0.1,0.35%,"7,725,600",-
2019-03-22,SCOM,Safaricom Plc,23.5,33.5,28,28.65,28.15,28.65,-0.5,1.75%,"6,937,100",-
2019-03-25,SCOM,Safaricom Plc,23.5,33.5,27.5,28.2,27.95,28.15,-0.2,0.71%,"22,976,100",-
2019-03-26,SCOM,Safaricom Plc,23.5,33.5,27.2,27.95,27.6,27.95,-0.35,1.25%,"17,525,700",-
2019-03-27,SCOM,Safaricom Plc,23.5,33.5,26.95,27.75,27.25,27.6,-0.35,1.27%,"8,522,900",-
2019-03-28,SCOM,Safaricom Plc,23.5,33.5,27,27.25,27.1,27.25,-0.15,0.55%,"1,941,600",-
2019-03-29,SCOM,Safaricom Plc,23.5,33.5,27,27.7,27.55,27.1,0.45,1.66%,"5,203,900",-
2019-04-01,SCOM,Safaricom Plc,23.5,33.5,27.6,28.1,27.9,27.55,0.35,1.27%,"8,473,300",-
2019-04-02,SCOM,Safaricom Plc,23.5,33.5,28,28.5,28.1,27.9,0.2,0.72%,"12,059,300",-
2019-04-03,SCOM,Safaricom Plc,23.5,33.5,28,28.2,28.1,28.1,-,-,"2,479,600",-
2019-04-04,SCOM,Safaricom Plc,23.5,33.5,28,28.2,28.05,28.1,-0.05,0.18%,"3,202,600",-
2019-04-05,SCOM,Safaricom Plc,23.5,33.5,27.65,28.1,28,28.05,-0.05,0.18%,"11,067,300",-
2019-04-08,SCOM,Safaricom Plc,23.5,33.5,27.65,28,28,28,-,-,"15,722,000",-
2019-04-09,SCOM,Safaricom Plc,23.5,33.5,27.6,28,27.85,28,-0.15,0.54%,"10,031,100",-
2019-04-10,SCOM,Safaricom Plc,23.5,33.5,27.65,28,27.75,27.85,-0.1,0.36%,"10,065,600",-
2019-04-11,SCOM,Safaricom Plc,23.5,33.5,27.6,27.8,27.7,27.75,-0.05,0.18%,"3,305,000",-
2019-04-12,SCOM,Safaricom Plc,23.5,33.5,27.05,27.75,27.5,27.7,-0.2,0.72%,"6,692,400",-
2019-04-15,SCOM,Safaricom Plc,23.5,33.5,27.05,27.5,27.3,27.5,-0.2,0.73%,"1,273,300",-
2019-04-16,SCOM,Safaricom Plc,23.5,33.5,27.3,27.75,27.5,27.3,0.2,0.73%,"7,255,600",-
2019-04-17,SCOM,Safaricom Plc,23.5,33.5,27.6,28,27.85,27.5,0.35,1.27%,"2,210,700",-
2019-04-18,SCOM,Safaricom Plc,23.5,33.5,27.65,28,27.85,27.85,-,-,"1,773,800",-
2019-04-23,SCOM,Safaricom Plc,23.5,33.5,27.65,28,27.95,27.85,0.1,0.36%,"4,287,700",-
2019-04-24,SCOM,Safaricom Plc,23.5,33.5,27.85,28.1,28,27.95,0.05,0.18%,"8,046,000",-
2019-04-25,SCOM,Safaricom Plc,23.5,33.5,27.9,28.1,27.95,28,-0.05,0.18%,"14,337,500",-
2019-04-26,SCOM,Safaricom Plc,23.5,33.5,27.85,28,27.95,27.95,-,-,"2,881,500",-
2019-04-29,SCOM,Safaricom Plc,23.5,33.5,27.85,28.5,28,27.95,0.05,0.18%,"3,263,500",-
2019-04-30,SCOM,Safaricom Plc,23.5,33.5,28.1,28.6,28.15,28,0.15,0.54%,"2,694,500",-
2019-05-02,SCOM,Safaricom Plc,23.5,33.5,28.25,30,29.55,28.15,1.4,4.97%,"7,890,300",-
2019-05-03,SCOM,Safaricom Plc,23.5,33.5,28.35,30,29.25,29.55,-0.3,1.02%,"4,963,400",-
2019-05-06,SCOM,Safaricom Plc,23.5,33.5,28.5,29,28.65,29.25,-0.6,2.05%,"2,746,400",-
2019-05-07,SCOM,Safaricom Plc,23.5,33.5,28.2,29.5,28.6,28.65,-0.05,0.17%,"4,354,900",-
2019-05-08,SCOM,Safaricom Plc,23.5,33.5,28,29,28.15,28.6,-0.45,1.57%,"3,401,200",-
2019-05-09,SCOM,Safaricom Plc,23.5,33.5,27.8,28.3,27.95,28.15,-0.2,0.71%,"5,293,700",-
2019-05-10,SCOM,Safaricom Plc,23.5,33.5,27.2,27.9,27.45,27.95,-0.5,1.79%,"3,582,300",-
2019-05-13,SCOM,Safaricom Plc,23.5,33.5,27,28,27.2,27.45,-0.25,0.91%,"8,460,600",-
2019-05-14,SCOM,Safaricom Plc,23.5,33.5,26.1,27.2,26.4,27.2,-0.8,2.94%,"8,458,600",-
2019-05-15,SCOM,Safaricom Plc,23.5,33.5,26.35,27.2,26.7,26.4,0.3,1.14%,"9,707,700",-
2019-05-16,SCOM,Safaricom Plc,23.5,33.5,26.05,26.7,26.25,26.7,-0.45,1.69%,"6,430,300",-
2019-05-17,SCOM,Safaricom Plc,23.5,33.5,26.05,26.6,26.15,26.25,-0.1,0.38%,"12,300,000",-
2019-05-20,SCOM,Safaricom Plc,23.5,33.5,26.05,26.5,26.2,26.15,0.05,0.19%,"5,777,400",-
2019-05-21,SCOM,Safaricom Plc,23.5,33.5,26,26.5,26.35,26.2,0.15,0.57%,"8,351,400",-
2019-05-22,SCOM,Safaricom Plc,23.5,33.5,26.05,27,26.1,26.35,-0.25,0.95%,"13,510,200",-
2019-05-23,SCOM,Safaricom Plc,23.5,33.5,26.05,26.25,26.15,26.1,0.05,0.19%,"640,200",-
2019-05-24,SCOM,Safaricom Plc,23.5,33.5,26.2,27,26.45,26.15,0.3,1.15%,"12,182,000",-
2019-05-27,SCOM,Safaricom Plc,23.5,33.5,26.5,27,26.8,26.45,0.35,1.32%,"889,200",-
2019-05-28,SCOM,Safaricom Plc,23.5,33.5,26.9,28.65,28.35,26.8,1.55,5.78%,"28,201,600",-
2019-05-29,SCOM,Safaricom Plc,23.5,33.5,27.8,28.3,28,28.35,-0.35,1.23%,"17,196,700",-
2019-05-30,SCOM,Safaricom Plc,23.5,33.5,27.4,27.8,27.65,28,-0.35,1.25%,"11,923,400",-
2019-05-31,SCOM,Safaricom Plc,23.5,33.5,27,27.65,27.45,27.65,-0.2,0.72%,"7,496,300",-
2019-06-03,SCOM,Safaricom Plc,23.5,33.5,27.4,27.8,27.65,27.45,0.2,0.73%,"1,891,100",-
2019-06-04,SCOM,Safaricom Plc,23.5,33.5,27.6,27.8,27.7,27.65,0.05,0.18%,"6,881,000",-
2019-06-06,SCOM,Safaricom Plc,23.5,33.5,27.65,28,27.7,27.7,-,-,"8,481,500",-
2019-06-07,SCOM,Safaricom Plc,23.5,33.5,27.1,27.9,27.4,27.7,-0.3,1.08%,"1,781,200",-
2019-06-10,SCOM,Safaricom Plc,23.5,33.5,27.05,27.6,27.45,27.4,0.05,0.18%,"1,330,100",-
2019-06-11,SCOM,Safaricom Plc,23.5,33.5,27.2,27.7,27.55,27.45,0.1,0.36%,"1,708,000",-
2019-06-12,SCOM,Safaricom Plc,23.5,33.5,27.3,27.65,27.5,27.55,-0.05,0.18%,"22,670,800",-
2019-06-13,SCOM,Safaricom Plc,23.5,33.5,27.1,27.7,27.35,27.5,-0.15,0.55%,"22,555,700",-
2019-06-14,SCOM,Safaricom Plc,23.5,33.5,27.05,27.5,27.2,27.35,-0.15,0.55%,"5,297,100",-
2019-06-17,SCOM,Safaricom Plc,23.5,33.5,27.1,27.35,27.25,27.2,0.05,0.18%,"20,526,800",-
2019-06-18,SCOM,Safaricom Plc,23.5,33.5,27.1,27.65,27.3,27.25,0.05,0.18%,"9,906,500",-
2019-06-19,SCOM,Safaricom Plc,23.5,33.5,27,27.3,27,27.3,-0.3,1.10%,"18,546,400",-
2019-06-20,SCOM,Safaricom Plc,23.5,33.5,27,27.5,27.15,27,0.15,0.56%,"9,180,300",-
2019-06-21,SCOM,Safaricom Plc,23.5,33.5,27.15,27.5,27.25,27.15,0.1,0.37%,"1,207,600",-
2019-06-24,SCOM,Safaricom Plc,23.5,33.5,27.15,27.35,27.3,27.25,0.05,0.18%,"4,054,300",-
2019-06-25,SCOM,Safaricom Plc,23.5,33.5,27.3,28,27.45,27.3,0.15,0.55%,"8,705,800",-
2019-06-26,SCOM,Safaricom Plc,23.5,33.5,27.4,27.9,27.5,27.45,0.05,0.18%,"3,242,100",-
2019-06-27,SCOM,Safaricom Plc,23.5,33.5,27.55,28,27.55,27.5,0.05,0.18%,"5,346,200",-
2019-06-28,SCOM,Safaricom Plc,23.5,33.5,27.6,28.35,28.1,27.55,0.55,2.00%,"24,611,100",-
2019-07-01,SCOM,Safaricom Plc,23.5,33.5,27.35,28.55,28.15,28.1,0.05,0.18%,"4,827,100",-
2019-07-02,SCOM,Safaricom Plc,23.5,33.5,28,28.3,28.15,28.15,-,-,"7,980,200",-
2019-07-03,SCOM,Safaricom Plc,23.5,33.5,28,28.3,28.15,28.15,-,-,"6,185,400",-
2019-07-04,SCOM,Safaricom Plc,23.5,33.5,27.45,28.2,27.75,28.15,-0.4,1.42%,"3,643,000",-
2019-07-05,SCOM,Safaricom Plc,23.5,33.5,27.55,30,27.85,27.75,0.1,0.36%,"14,249,700",-
2019-07-08,SCOM,Safaricom Plc,23.5,33.5,27.2,28,27.55,27.85,-0.3,1.08%,"2,563,400",-
2019-07-09,SCOM,Safaricom Plc,23.5,33.5,27,27.5,27,27.55,-0.55,2.00%,"10,079,500",-
2019-07-10,SCOM,Safaricom Plc,23.5,33.5,27.2,27.75,27.5,27,0.5,1.85%,"2,979,900",-
2019-07-11,SCOM,Safaricom Plc,23.5,33.5,27.15,27.8,27.45,27.5,-0.05,0.18%,"594,900",-
2019-07-12,SCOM,Safaricom Plc,23.5,33.5,27.5,28.1,27.75,27.45,0.3,1.09%,"3,066,200",-
2019-07-15,SCOM,Safaricom Plc,23.5,33.5,27.25,27.75,27.5,27.75,-0.25,0.90%,"2,829,400",-
2019-07-16,SCOM,Safaricom Plc,23.5,33.5,27.3,28,27.7,27.5,0.2,0.73%,"3,400,800",-
2019-07-17,SCOM,Safaricom Plc,23.5,33.5,27.5,28.05,27.95,27.7,0.25,0.90%,"8,950,600",-
2019-07-18,SCOM,Safaricom Plc,23.5,33.5,27.5,28,27.75,27.95,-0.2,0.72%,"9,863,600",-
2019-07-19,SCOM,Safaricom Plc,23.5,33.5,27.65,28,27.85,27.75,0.1,0.36%,"1,880,000",-
2019-07-22,SCOM,Safaricom Plc,23.5,33.5,27.5,28,27.8,27.85,-0.05,0.18%,"3,407,400",-
2019-07-23,SCOM,Safaricom Plc,23.5,33.5,27.2,28,27.25,27.8,-0.55,1.98%,"6,862,500",-
2019-07-24,SCOM,Safaricom Plc,23.5,33.5,27.35,27.8,27.5,27.25,0.25,0.92%,"7,562,800",-
2019-07-25,SCOM,Safaricom Plc,23.5,33.5,27.35,27.95,27.5,27.5,-,-,"12,020,100",-
2019-07-26,SCOM,Safaricom Plc,23.5,33.5,27.5,27.8,27.6,27.5,0.1,0.36%,"5,645,900",-
2019-07-29,SCOM,Safaricom Plc,23.5,33.5,27.5,27.75,27.55,27.6,-0.05,0.18%,"898,600",-
2019-07-30,SCOM,Safaricom Plc,23.5,33.5,27.4,27.6,27.45,27.55,-0.1,0.36%,"6,603,600",-
2019-07-31,SCOM,Safaricom Plc,23.5,33.5,27.25,27.55,27.4,27.45,-0.05,0.18%,"10,863,000",-
2019-08-01,SCOM,Safaricom Plc,23.5,33.5,27.5,28,27.55,27.4,0.15,0.55%,"2,423,000",-
2019-08-02,SCOM,Safaricom Plc,23.5,33.5,27.5,28,27.6,27.55,0.05,0.18%,"1,658,600",-
2019-08-05,SCOM,Safaricom Plc,23.5,33.5,27.5,27.65,27.6,27.6,-,-,"1,618,800",-
2019-08-06,SCOM,Safaricom Plc,23.5,33.5,27.3,27.6,27.45,27.6,-0.15,0.54%,"3,597,900",-
2019-08-07,SCOM,Safaricom Plc,23.5,33.5,27,27.5,27.2,27.45,-0.25,0.91%,"6,139,400",-
2019-08-08,SCOM,Safaricom Plc,23.5,33.5,27.05,27.5,27.3,27.2,0.1,0.37%,"2,832,400",-
2019-08-09,SCOM,Safaricom Plc,23.5,33.5,27.2,28,27.65,27.3,0.35,1.28%,"10,389,600",-
2019-08-13,SCOM,Safaricom Plc,23.5,33.5,27.5,28.15,27.9,27.65,0.25,0.90%,"4,050,300",-
2019-08-14,SCOM,Safaricom Plc,23.5,33.5,27.65,28.15,28,27.9,0.1,0.36%,"6,576,500",-
2019-08-15,SCOM,Safaricom Plc,23.5,33.5,27.7,28.75,28.5,28,0.5,1.79%,"11,502,100",-
2019-08-16,SCOM,Safaricom Plc,23.5,33.5,28.65,29.6,29.2,28.5,0.7,2.46%,"23,352,400",-
2019-08-19,SCOM,Safaricom Plc,23.5,33.5,29,29.55,29.45,29.2,0.25,0.86%,"13,620,300",-
2019-08-20,SCOM,Safaricom Plc,23.5,33.5,28.95,29.9,29.3,29.45,-0.15,0.51%,"33,724,500",-
2019-08-21,SCOM,Safaricom Plc,23.5,33.5,28.95,29.35,29.1,29.3,-0.2,0.68%,"4,233,900",-
2019-08-22,SCOM,Safaricom Plc,23.5,33.5,28.95,29.2,29,29.1,-0.1,0.34%,"20,130,900",-
2019-08-23,SCOM,Safaricom Plc,23.5,33.5,28.75,29.1,28.9,29,-0.1,0.34%,"220,300",-
2019-08-26,SCOM,Safaricom Plc,23.5,33.5,28,28.9,28.3,28.9,-0.6,2.08%,"1,395,100",-
2019-08-27,SCOM,Safaricom Plc,23.5,33.5,28.05,28.3,28.2,28.3,-0.1,0.35%,"4,926,000",-
2019-08-28,SCOM,Safaricom Plc,23.5,33.5,27.95,29,28,28.2,-0.2,0.71%,"2,320,900",-
2019-08-29,SCOM,Safaricom Plc,23.5,33.5,28,28.4,28.25,28,0.25,0.89%,"1,409,800",-
2019-08-30,SCOM,Safaricom Plc,23.5,33.5,28,28.3,28.15,28.25,-0.1,0.35%,"3,348,700",-
2019-09-02,SCOM,Safaricom Plc,23.5,33.5,27.2,28.3,28.05,28.15,-0.1,0.36%,"12,684,500",-
2019-09-03,SCOM,Safaricom Plc,23.5,33.5,25.55,26.7,26.2,28.05,-1.85,6.60%,"5,592,600",-
2019-09-04,SCOM,Safaricom Plc,23.5,33.5,26.2,27,26.65,26.2,0.45,1.72%,"12,551,400",-
2019-09-05,SCOM,Safaricom Plc,23.5,33.5,26.7,28.5,26.85,26.65,0.2,0.75%,"19,366,300",-
2019-09-06,SCOM,Safaricom Plc,23.5,33.5,26.5,27,26.8,26.85,-0.05,0.19%,"9,506,900",-
2019-09-09,SCOM,Safaricom Plc,23.5,33.5,26.7,26.95,26.85,26.8,0.05,0.19%,"2,307,800",-
2019-09-10,SCOM,Safaricom Plc,23.5,33.5,26.9,27.05,26.95,26.85,0.1,0.37%,"3,275,100",-
2019-09-11,SCOM,Safaricom Plc,23.5,33.5,26.95,27.4,27.05,26.95,0.1,0.37%,"14,255,500",-
2019-09-12,SCOM,Safaricom Plc,23.5,33.5,27.05,28,27.15,27.05,0.1,0.37%,"1,167,400",-
2019-09-13,SCOM,Safaricom Plc,23.5,33.5,27.05,27.4,27.15,27.15,-,-,"1,513,000",-
2019-09-16,SCOM,Safaricom Plc,23.5,33.5,27.1,27.35,27.2,27.15,0.05,0.18%,"1,356,000",-
2019-09-17,SCOM,Safaricom Plc,23.5,33.5,27.05,27.7,27.15,27.2,-0.05,0.18%,"5,055,900",-
2019-09-18,SCOM,Safaricom Plc,23.5,33.5,27.15,27.5,27.25,27.15,0.1,0.37%,"1,076,700",-
2019-09-19,SCOM,Safaricom Plc,23.5,33.5,27.15,27.5,27.2,27.25,-0.05,0.18%,"2,746,200",-
2019-09-20,SCOM,Safaricom Plc,23.5,33.5,27.25,28,27.35,27.2,0.15,0.55%,"5,855,100",-
2019-09-23,SCOM,Safaricom Plc,23.5,33.5,27.4,27.6,27.5,27.35,0.15,0.55%,"1,195,000",-
2019-09-24,SCOM,Safaricom Plc,23.5,33.5,27.35,27.75,27.5,27.5,-,-,"4,280,400",-
2019-09-25,SCOM,Safaricom Plc,23.5,33.5,27.4,28,27.55,27.5,0.05,0.18%,"30,531,000",-
2019-09-26,SCOM,Safaricom Plc,23.5,33.5,27,27.5,27.15,27.55,-0.4,1.45%,"2,459,600",-
2019-09-27,SCOM,Safaricom Plc,23.5,33.5,27.1,27.4,27.1,27.15,-0.05,0.18%,"6,838,100",-
2019-09-30,SCOM,Safaricom Plc,23.5,33.5,27.2,28,27.5,27.1,0.4,1.48%,"1,392,200",-
2019-10-01,SCOM,Safaricom Plc,23.5,33.5,27.25,27.75,27.55,27.5,0.05,0.18%,"8,742,600",-
2019-10-02,SCOM,Safaricom Plc,23.5,33.5,27.5,28,27.65,27.55,0.1,0.36%,"8,347,100",-
2019-10-03,SCOM,Safaricom Plc,23.5,33.5,27.8,28.2,28.1,27.65,0.45,1.63%,"5,614,900",-
2019-10-04,SCOM,Safaricom Plc,23.5,33.5,27.8,28.5,28.05,28.1,-0.05,0.18%,"9,273,300",-
2019-10-07,SCOM,Safaricom Plc,23.5,33.5,27.75,28.55,27.85,28.05,-0.2,0.71%,"4,762,700",-
2019-10-08,SCOM,Safaricom Plc,23.5,33.5,28,28.35,28.2,27.85,0.35,1.26%,"1,733,300",-
2019-10-09,SCOM,Safaricom Plc,23.5,33.5,28,28.45,28.3,28.2,0.1,0.35%,"3,544,700",-
2019-10-11,SCOM,Safaricom Plc,23.5,33.5,28.2,29,28.45,28.3,0.15,0.53%,"4,501,800",-
2019-10-14,SCOM,Safaricom Plc,23.5,33.5,27.9,28.45,28,28.45,-0.45,1.58%,"1,129,700",-
2019-10-15,SCOM,Safaricom Plc,23.5,33.5,27.7,28.3,27.9,28,-0.1,0.36%,"502,000",-
2019-10-16,SCOM,Safaricom Plc,23.5,33.5,27,28,27.9,27.9,-,-,"8,243,800",-
2019-10-17,SCOM,Safaricom Plc,23.5,33.5,27.85,28.5,28.45,27.9,0.55,1.97%,"5,111,400",-
2019-10-18,SCOM,Safaricom Plc,23.5,33.5,28,28.5,28.25,28.45,-0.2,0.70%,"3,182,300",-
2019-10-22,SCOM,Safaricom Plc,23.5,33.5,27.8,28.55,28.45,28.25,0.2,0.71%,"16,056,000",-
2019-10-23,SCOM,Safaricom Plc,23.5,33.5,28.25,28.55,28.5,28.45,0.05,0.18%,"3,795,000",-
2019-10-24,SCOM,Safaricom Plc,23.5,33.5,28.4,28.75,28.6,28.5,0.1,0.35%,"3,019,500",-
2019-10-25,SCOM,Safaricom Plc,23.5,33.5,28.5,28.9,28.7,28.6,0.1,0.35%,"24,186,000",-
2019-10-28,SCOM,Safaricom Plc,23.5,33.5,28.8,28.95,28.85,28.7,0.15,0.52%,"2,595,300",-
2019-10-29,SCOM,Safaricom Plc,23.5,33.5,28.8,29,28.9,28.85,0.05,0.17%,"4,306,200",-
2019-10-30,SCOM,Safaricom Plc,23.5,33.5,28.85,29.6,29.25,28.9,0.35,1.21%,"22,245,100",-
2019-10-31,SCOM,Safaricom Plc,23.5,33.5,28.9,29.85,29.75,29.25,0.5,1.71%,"23,205,300",-
2019-11-01,SCOM,Safaricom Plc,23.5,33.5,29.8,30.95,30.3,29.75,0.55,1.85%,"7,080,600",-
2019-11-04,SCOM,Safaricom Plc,23.5,33.5,29.8,30.6,30.4,30.3,0.1,0.33%,"8,531,600",-
2019-11-05,SCOM,Safaricom Plc,23.5,33.5,30.4,30.55,30.5,30.4,0.1,0.33%,"6,699,600",-
2019-11-06,SCOM,Safaricom Plc,23.5,33.5,30.5,31.25,30.7,30.5,0.2,0.66%,"40,264,800",-
2019-11-07,SCOM,Safaricom Plc,23.5,33.5,30.8,31.5,31.2,30.7,0.5,1.63%,"10,563,700",-
2019-11-08,SCOM,Safaricom Plc,23.5,33.5,29.8,30.5,30,31.2,-1.2,3.85%,"5,180,600",-
2019-11-11,SCOM,Safaricom Plc,23.5,33.5,28,29.85,29.4,30,-0.6,2.00%,"3,247,300",-
2019-11-12,SCOM,Safaricom Plc,23.5,33.5,28.65,29.85,29,29.4,-0.4,1.36%,"15,141,600",-
2019-11-13,SCOM,Safaricom Plc,23.5,33.5,28.7,30,29.3,29,0.3,1.03%,"2,181,600",-
2019-11-14,SCOM,Safaricom Plc,23.5,33.5,29,30,29.95,29.3,0.65,2.22%,"9,540,500",-
2019-11-15,SCOM,Safaricom Plc,23.5,33.5,28.6,29.95,28.75,29.95,-1.2,4.01%,"7,555,600",-
2019-11-18,SCOM,Safaricom Plc,23.5,33.5,28.4,29.95,28.55,28.75,-0.2,0.70%,"4,095,900",-
2019-11-19,SCOM,Safaricom Plc,23.5,33.5,28.25,29,28.55,28.55,-,-,"2,837,400",-
2019-11-20,SCOM,Safaricom Plc,23.5,33.5,28.55,29.5,28.6,28.55,0.05,0.18%,"1,199,500",-
2019-11-21,SCOM,Safaricom Plc,23.5,33.5,28.25,28.95,28.5,28.6,-0.1,0.35%,"10,719,600",-
2019-11-22,SCOM,Safaricom Plc,23.5,33.5,28.1,29,28.45,28.5,-0.05,0.18%,"13,372,900",-
2019-11-25,SCOM,Safaricom Plc,23.5,33.5,28,29,28.9,28.45,0.45,1.58%,"3,344,500",-
2019-11-26,SCOM,Safaricom Plc,23.5,33.5,28.5,29,28.85,28.9,-0.05,0.17%,"2,350,000",-
2019-11-27,SCOM,Safaricom Plc,23.5,33.5,28.7,29,28.9,28.85,0.05,0.17%,"4,305,900",-
2019-11-28,SCOM,Safaricom Plc,23.5,33.5,28.45,29.1,28.95,28.9,0.05,0.17%,"3,807,600",-
2019-11-29,SCOM,Safaricom Plc,23.5,33.5,29,29.95,29.25,28.95,0.3,1.04%,"14,903,000",-
2019-12-02,SCOM,Safaricom Plc,23.5,33.5,29,29.8,29.4,29.25,0.15,0.51%,"3,394,400",-
2019-12-03,SCOM,Safaricom Plc,23.5,33.5,29.15,29.75,29.5,29.4,0.1,0.34%,"5,820,700",-
2019-12-04,SCOM,Safaricom Plc,23.5,33.5,29,29.5,29.4,29.5,-0.1,0.34%,"5,233,400",-
2019-12-05,SCOM,Safaricom Plc,23.5,33.5,29.4,30,29.45,29.4,0.05,0.17%,"13,172,100",-
2019-12-06,SCOM,Safaricom Plc,23.5,33.5,29.45,30.25,30,29.45,0.55,1.87%,"5,925,100",-
2019-12-09,SCOM,Safaricom Plc,23.5,33.5,29.8,30.25,30.15,30,0.15,0.50%,"15,072,100",-
2019-12-10,SCOM,Safaricom Plc,23.5,33.5,29.8,30.25,30.15,30.15,-,-,"15,072,100",-
2019-12-11,SCOM,Safaricom Plc,23.5,33.5,30,30.6,30.25,30.15,0.1,0.33%,"3,516,300",-
2019-12-13,SCOM,Safaricom Plc,23.5,33.5,30,30.5,30.3,30.25,0.05,0.17%,"14,786,600",-
2019-12-16,SCOM,Safaricom Plc,23.5,33.5,29.8,30.3,30.05,30.3,-0.25,0.83%,"4,849,500",-
2019-12-17,SCOM,Safaricom Plc,23.5,33.5,29.5,30.1,30,30.05,-0.05,0.17%,"20,994,900",-
2019-12-18,SCOM,Safaricom Plc,23.5,33.5,29.55,30.5,30.2,30,0.2,0.67%,"5,334,700",-
2019-12-19,SCOM,Safaricom Plc,23.5,33.5,30.2,31.1,30.9,30.2,0.7,2.32%,"4,872,100",-
2019-12-20,SCOM,Safaricom Plc,23.5,33.5,30.6,31.5,31.3,30.9,0.4,1.29%,"36,521,700",-
2019-12-23,SCOM,Safaricom Plc,23.5,33.5,30,32,31.65,31.3,0.35,1.12%,"7,618,600",-
2019-12-24,SCOM,Safaricom Plc,23.5,33.5,30.3,32,31.7,31.65,0.05,0.16%,"3,069,600",-
2019-12-27,SCOM,Safaricom Plc,23.5,33.5,31,32,31.45,31.7,-0.25,0.79%,"938,900",-
2019-12-30,SCOM,Safaricom Plc,23.5,33.5,30,31.5,31.35,31.45,-0.1,0.32%,"5,297,600",-
2019-12-31,SCOM,Safaricom Plc,23.5,33.5,31,31.6,31.5,31.35,0.15,0.48%,"6,325,600",-
2020-01-02,SCOM,Safaricom Plc,23.5,33.5,31,31.6,31.3,31.5,-0.2,0.63%,"349,300",-
2020-01-03,SCOM,Safaricom Plc,23.5,33.5,31,31.8,31.55,31.3,0.25,0.80%,"905,000",-
2020-01-06,SCOM,Safaricom Plc,23.5,33.5,31.05,31.7,31.5,31.55,-0.05,0.16%,"1,901,800",-
2020-01-07,SCOM,Safaricom Plc,23.5,33.5,31.3,31.7,31.55,31.5,0.05,0.16%,"7,754,500",-
2020-01-08,SCOM,Safaricom Plc,23.5,33.5,31.2,32.5,31.85,31.55,0.3,0.95%,"3,474,800",-
2020-01-09,SCOM,Safaricom Plc,23.5,33.5,31.7,33.5,32.8,31.85,0.95,2.98%,"4,160,400",-
2020-01-10,SCOM,Safaricom Plc,23.5,33.5,32.5,33.4,32.8,32.8,-,-,"4,937,700",-
2020-01-13,SCOM,Safaricom Plc,23.5,33.5,32.5,33,32.7,32.8,-0.1,0.30%,"10,670,300",-
2020-01-14,SCOM,Safaricom Plc,23.5,33.5,32,32.85,32.75,32.7,0.05,0.15%,"5,840,900",-
2020-01-15,SCOM,Safaricom Plc,23.5,33.5,31.5,32.85,32,32.75,-0.75,2.29%,"8,751,100",-
2020-01-16,SCOM,Safaricom Plc,23.5,33.5,31.5,32.3,32,32,-,-,"12,749,500",-
2020-01-17,SCOM,Safaricom Plc,23.5,33.5,31,32,31.5,32,-0.5,1.56%,"8,722,400",-
2020-01-20,SCOM,Safaricom Plc,23.5,33.5,31.2,32.3,31.55,31.5,0.05,0.16%,"2,710,900",-
2020-01-21,SCOM,Safaricom Plc,23.5,33.5,31.3,32.3,31.55,31.55,-,-,"1,298,900",-
2020-01-22,SCOM,Safaricom Plc,23.5,33.5,31.3,31.75,31.5,31.55,-0.05,0.16%,"8,157,000",-
2020-01-23,SCOM,Safaricom Plc,23.5,33.5,31.3,32,31.55,31.5,0.05,0.16%,"11,800,200",-
2020-01-24,SCOM,Safaricom Plc,23.5,33.5,31.2,32,31.3,31.55,-0.25,0.79%,"7,263,900",-
2020-01-27,SCOM,Safaricom Plc,23.5,33.5,30,31.5,30.7,31.3,-0.6,1.92%,"3,957,800",-
2020-01-28,SCOM,Safaricom Plc,23.5,33.5,29.75,30.5,29.95,30.7,-0.75,2.44%,"1,572,800",-
2020-01-29,SCOM,Safaricom Plc,23.5,33.5,29.9,30.5,30.05,29.95,0.1,0.33%,"13,109,900",-
2020-01-30,SCOM,Safaricom Plc,23.5,33.5,30.05,30.8,30.6,30.05,0.55,1.83%,"4,690,800",-
2020-01-31,SCOM,Safaricom Plc,23.5,33.5,30.15,30.7,30.45,30.6,-0.15,0.49%,"3,359,100",-
2020-02-03,SCOM,Safaricom Plc,23.5,33.5,30.3,31,30.8,30.45,0.35,1.15%,"1,097,900",-
2020-02-04,SCOM,Safaricom Plc,23.5,33.5,30.8,31.5,30.95,30.8,0.15,0.49%,"10,786,500",-
2020-02-05,SCOM,Safaricom Plc,23.5,33.5,31,32.1,31.55,30.95,0.6,1.94%,"3,136,700",-
2020-02-06,SCOM,Safaricom Plc,23.5,33.5,31.05,33.3,32.8,31.55,1.25,3.96%,"9,321,100",-
2020-02-07,SCOM,Safaricom Plc,23.5,33.5,32.8,33,32.9,32.8,0.1,0.30%,"18,309,100",-
2020-02-10,SCOM,Safaricom Plc,23.5,33.5,31.55,32.85,32.65,32.9,-0.25,0.76%,"2,363,900",-
2020-02-12,SCOM,Safaricom Plc,23.5,33.5,31.75,32.7,32.5,32.65,-0.15,0.46%,"12,104,100",-
2020-02-13,SCOM,Safaricom Plc,23.5,33.5,31.05,32.05,31.5,32.5,-1,3.08%,"13,315,500",-
2020-02-14,SCOM,Safaricom Plc,23.5,33.5,30.75,31.5,31,31.5,-0.5,1.59%,"16,785,200",-
2020-02-17,SCOM,Safaricom Plc,23.5,33.5,30.85,31.5,30.9,31,-0.1,0.32%,"5,945,600",-
2020-02-18,SCOM,Safaricom Plc,23.5,33.5,30,31,30.5,30.9,-0.4,1.29%,"3,515,900",-
2020-02-19,SCOM,Safaricom Plc,23.5,33.5,29.8,30.5,29.95,30.5,-0.55,1.80%,"13,930,100",-
2020-02-20,SCOM,Safaricom Plc,23.5,33.5,29.9,30.2,29.95,29.95,-,-,"14,572,700",-
2020-02-21,SCOM,Safaricom Plc,23.5,33.5,29.85,30.1,29.9,29.95,-0.05,0.17%,"10,657,300",-
2020-02-24,SCOM,Safaricom Plc,23.5,33.5,29,30,29.9,29.9,-,-,"4,927,000",-
2020-02-25,SCOM,Safaricom Plc,23.5,33.5,29.4,29.8,29.75,29.9,-0.15,0.50%,"7,892,300",-
2020-02-26,SCOM,Safaricom Plc,23.5,33.5,27.95,29.5,28.2,29.75,-1.55,5.21%,"5,608,400",-
2020-02-27,SCOM,Safaricom Plc,23.5,33.5,28.05,29,28.1,28.2,-0.1,0.35%,"19,384,300",-
2020-02-28,SCOM,Safaricom Plc,23.5,33.5,27.75,28.2,27.9,28.1,-0.2,0.71%,"13,289,800",-
2020-03-02,SCOM,Safaricom Plc,23.5,33.5,27.75,29.5,28.1,27.9,0.2,0.72%,"13,306,000",-
2020-03-03,SCOM,Safaricom Plc,23.5,33.5,28.5,29,28.85,28.1,0.75,2.67%,"24,017,700",-
2020-03-04,SCOM,Safaricom Plc,23.5,33.5,28.9,29.45,29.1,28.85,0.25,0.87%,"20,095,200",-
2020-03-05,SCOM,Safaricom Plc,23.5,33.5,29,29.85,29.55,29.1,0.45,1.55%,"545,600",-
2020-03-06,SCOM,Safaricom Plc,23.5,33.5,29.4,29.6,29.5,29.55,-0.05,0.17%,"11,035,900",-
2020-03-09,SCOM,Safaricom Plc,23.5,33.5,26.55,29.5,27.35,29.5,-2.15,7.29%,"28,108,800",-
2020-03-10,SCOM,Safaricom Plc,23.5,33.5,27.15,28.6,27.75,27.35,0.4,1.46%,"21,310,200",-
2020-03-11,SCOM,Safaricom Plc,23.5,33.5,27.7,28.5,27.85,27.75,0.1,0.36%,"12,535,900",-
2020-03-12,SCOM,Safaricom Plc,23.5,33.5,25.35,27.5,25.75,27.85,-2.1,7.54%,"38,181,100",-
2020-03-13,SCOM,Safaricom Plc,23.5,33.5,23.5,26.5,24.35,25.75,-1.4,5.44%,"29,945,800",-
2020-03-16,SCOM,Safaricom Plc,23.5,33.5,24,25,24.45,24.35,0.1,0.41%,"44,232,800",-
2020-03-17,SCOM,Safaricom Plc,23.5,33.5,24.55,26.5,25.1,24.45,0.65,2.66%,"11,561,900",-
2020-03-18,SCOM,Safaricom Plc,23.5,33.5,25.3,25.8,25.35,25.1,0.25,1.00%,"20,856,300",-
2020-03-19,SCOM,Safaricom Plc,23.5,33.5,25.35,26,25.4,25.35,0.05,0.20%,"13,759,300",-
2020-03-20,SCOM,Safaricom Plc,23.5,33.5,25.35,26,25.4,25.4,-,-,"12,077,400",-
2020-03-23,SCOM,Safaricom Plc,23.5,33.5,24,25.5,24.6,25.4,-0.8,3.15%,"14,714,000",-
2020-03-24,SCOM,Safaricom Plc,23.5,33.5,24.35,25,24.45,24.6,-0.15,0.61%,"7,508,200",-
2020-03-25,SCOM,Safaricom Plc,23.5,33.5,24,24.8,24.5,24.45,0.05,0.20%,"9,737,200",-
2020-03-26,SCOM,Safaricom Plc,23.5,33.5,24.6,25.05,24.65,24.5,0.15,0.61%,"13,626,300",-
2020-03-27,SCOM,Safaricom Plc,23.5,33.5,25,26.25,25.35,24.65,0.7,2.84%,"14,913,700",-
2020-03-30,SCOM,Safaricom Plc,23.5,33.5,26,26.5,26,25.35,0.65,2.56%,"4,439,600",-
2020-03-31,SCOM,Safaricom Plc,23.5,33.5,26.05,27.5,26.45,26,0.45,1.73%,"16,084,600",-
2020-04-01,SCOM,Safaricom Plc,23.5,33.5,26.7,27,26.9,26.45,0.45,1.70%,"9,821,800",-
2020-04-02,SCOM,Safaricom Plc,23.5,33.5,26.95,29,28.25,26.9,1.35,5.02%,"9,152,600",-
2020-04-03,SCOM,Safaricom Plc,23.5,33.5,27.9,29.5,28.75,28.25,0.5,1.77%,"16,762,100",-
2020-04-06,SCOM,Safaricom Plc,23.5,33.5,26.9,28.5,27.55,28.75,-1.2,4.17%,"14,371,000",-
2020-04-07,SCOM,Safaricom Plc,23.5,33.5,26.7,27.5,26.8,27.55,-0.75,2.72%,"15,545,200",-
2020-04-08,SCOM,Safaricom Plc,23.5,33.5,26,26.8,26.2,26.8,-0.6,2.24%,"13,279,600",-
2020-04-09,SCOM,Safaricom Plc,23.5,33.5,26,28,26.35,26.2,0.15,0.57%,"10,166,000",-
2020-04-14,SCOM,Safaricom Plc,23.5,33.5,26.3,28,27.05,26.35,0.7,2.66%,"10,513,800",-
2020-04-15,SCOM,Safaricom Plc,23.5,33.5,26.6,28,27.45,27.05,0.4,1.48%,"9,881,000",-
2020-04-16,SCOM,Safaricom Plc,23.5,33.5,27,27.8,27.4,27.45,-0.05,0.18%,"2,906,700",-
2020-04-17,SCOM,Safaricom Plc,23.5,33.5,27.4,28.5,28,27.4,0.6,2.19%,"13,712,200",-
2020-04-20,SCOM,Safaricom Plc,23.5,33.5,28,28.75,28.5,28,0.5,1.79%,"7,590,700",-
2020-04-21,SCOM,Safaricom Plc,23.5,33.5,28,29,28.4,28.5,-0.1,0.35%,"19,408,900",-
2020-04-22,SCOM,Safaricom Plc,23.5,33.5,27.55,29.5,27.95,28.4,-0.45,1.58%,"10,969,800",-
2020-04-23,SCOM,Safaricom Plc,23.5,33.5,28,29.45,28.2,27.95,0.25,0.89%,"5,791,100",-
2020-04-24,SCOM,Safaricom Plc,23.5,33.5,27.2,28.5,27.55,28.2,-0.65,2.30%,"9,768,500",-
2020-04-27,SCOM,Safaricom Plc,23.5,33.5,27.45,28,27.55,27.55,-,-,"6,878,900",-
2020-04-28,SCOM,Safaricom Plc,23.5,33.5,27.6,28,27.7,27.55,0.15,0.54%,"5,842,300",-
2020-04-29,SCOM,Safaricom Plc,23.5,33.5,28,29.4,29,27.7,1.3,4.69%,"2,936,400",-
2020-04-30,SCOM,Safaricom Plc,23.5,33.5,27.85,29,28.5,29,-0.5,1.72%,"9,712,700",-
2020-05-04,SCOM,Safaricom Plc,23.5,33.5,28.5,29.75,29.5,28.5,1,3.51%,"15,931,500",-
2020-05-05,SCOM,Safaricom Plc,23.5,33.5,29.5,30.4,29.95,29.5,0.45,1.53%,"8,285,100",-
2020-05-06,SCOM,Safaricom Plc,23.5,33.5,30,30.95,30.45,29.95,0.5,1.67%,"13,225,200",-
2020-05-07,SCOM,Safaricom Plc,23.5,33.5,28.5,30.45,28.9,30.45,-1.55,5.09%,"6,657,900",-
2020-05-08,SCOM,Safaricom Plc,23.5,33.5,27.95,30,28.35,28.9,-0.55,1.90%,"8,408,400",-
2020-05-11,SCOM,Safaricom Plc,23.5,33.5,28,29,28.3,28.35,-0.05,0.18%,"7,687,100",-
2020-05-12,SCOM,Safaricom Plc,23.5,33.5,27.9,29,28,28.3,-0.3,1.06%,"24,178,700",-
2020-05-13,SCOM,Safaricom Plc,23.5,33.5,27.5,28.5,27.8,28,-0.2,0.71%,"10,501,800",-
2020-05-14,SCOM,Safaricom Plc,23.5,33.5,26.9,28,27.1,27.8,-0.7,2.52%,"4,747,600",-
2020-05-15,SCOM,Safaricom Plc,23.5,33.5,27.05,28.5,27.65,27.1,0.55,2.03%,"13,420,000",-
2020-05-18,SCOM,Safaricom Plc,23.5,33.5,27.85,29,28.9,27.65,1.25,4.52%,"2,052,300",-
2020-05-19,SCOM,Safaricom Plc,23.5,33.5,29,29.5,29.2,28.9,0.3,1.04%,"8,828,400",-
2020-05-20,SCOM,Safaricom Plc,23.5,33.5,28.9,29.2,29,29.2,-0.2,0.68%,"3,729,400",-
2020-05-21,SCOM,Safaricom Plc,23.5,33.5,28.7,29,28.8,29,-0.2,0.69%,"4,493,700",-
2020-05-22,SCOM,Safaricom Plc,23.5,33.5,28.9,29.5,29.35,28.8,0.55,1.91%,"6,058,400",-
2020-05-26,SCOM,Safaricom Plc,23.5,33.5,28.9,29.35,29,29.35,-0.35,1.19%,"6,702,500",-
2020-05-27,SCOM,Safaricom Plc,23.5,33.5,28.5,29.3,28.65,29,-0.35,1.21%,"5,680,400",-
2020-05-28,SCOM,Safaricom Plc,23.5,33.5,27.9,28.6,28.05,28.65,-0.6,2.09%,"8,063,900",-
2020-05-29,SCOM,Safaricom Plc,23.5,33.5,28.1,29.5,28.55,28.05,0.5,1.78%,"7,418,000",-
2020-06-02,SCOM,Safaricom Plc,23.5,33.5,28.2,29,28.75,28.55,0.2,0.70%,"13,297,400",-
2020-06-03,SCOM,Safaricom Plc,23.5,33.5,28.7,29.95,29.1,28.75,0.35,1.22%,"6,216,700",-
2020-06-04,SCOM,Safaricom Plc,23.5,33.5,29.3,30,29.6,29.1,0.5,1.72%,"6,359,200",-
2020-06-05,SCOM,Safaricom Plc,23.5,33.5,29.05,29.75,29.5,29.6,-0.1,0.34%,"8,197,400",-
2020-06-08,SCOM,Safaricom Plc,23.5,33.5,29.3,30,29.9,29.5,0.4,1.36%,"14,866,900",-
2020-06-09,SCOM,Safaricom Plc,23.5,33.5,29.3,30,29.65,29.9,-0.25,0.84%,"6,873,400",-
2020-06-10,SCOM,Safaricom Plc,23.5,33.5,29.65,30.2,29.95,29.65,0.3,1.01%,"17,746,500",-
2020-06-11,SCOM,Safaricom Plc,23.5,33.5,29.85,30.95,30.45,29.95,0.5,1.67%,"3,451,800",-
2020-06-12,SCOM,Safaricom Plc,23.5,33.5,30,30.65,30.45,30.45,-,-,"21,340,700",-
2020-06-15,SCOM,Safaricom Plc,23.5,33.5,30.25,31,30.45,30.45,-,-,"13,444,800",-
2020-06-16,SCOM,Safaricom Plc,23.5,33.5,30.55,31,30.95,30.45,0.5,1.64%,"8,473,800",-
2020-06-17,SCOM,Safaricom Plc,23.5,33.5,30.65,31,30.95,30.95,-,-,"5,444,600",-
2020-06-18,SCOM,Safaricom Plc,23.5,33.5,30.7,31,30.95,30.95,-,-,"9,443,700",-
2020-06-19,SCOM,Safaricom Plc,23.5,33.5,30.8,31,30.9,30.95,-0.05,0.16%,"11,886,300",-
2020-06-22,SCOM,Safaricom Plc,23.5,33.5,29.5,30.95,30.2,30.9,-0.7,2.27%,"898,900",-
2020-06-23,SCOM,Safaricom Plc,23.5,33.5,29,30,29.45,30.2,-0.75,2.48%,"2,414,400",-
2020-06-24,SCOM,Safaricom Plc,23.5,33.5,28.35,29.9,28.65,29.45,-0.8,2.72%,"20,739,800",-
2020-06-25,SCOM,Safaricom Plc,23.5,33.5,28.2,29.4,28.3,28.65,-0.35,1.22%,"18,558,800",-
2020-06-26,SCOM,Safaricom Plc,23.5,33.5,28.25,29.4,28.5,28.3,0.2,0.71%,"8,949,200",-
2020-06-29,SCOM,Safaricom Plc,23.5,33.5,28.8,29.5,28.9,28.5,0.4,1.40%,"3,342,400",-
2020-06-30,SCOM,Safaricom Plc,23.5,33.5,28.6,29,28.65,28.9,-0.25,0.87%,"8,318,800",-
2020-07-01,SCOM,Safaricom Plc,23.5,37,28.65,29,28.7,28.65,0.05,0.17%,11597800,-
2020-07-02,SCOM,Safaricom Plc,23.5,35.25,28.8,29.5,29,28.7,0.3,1.05%,3283300,-
2020-07-03,SCOM,Safaricom Plc,23.5,35.05,29,30,29.65,29,0.65,2.24%,943900,-
2020-07-06,SCOM,Safaricom Plc,23.5,35.05,28.9,30.2,29.1,29.65,-0.55,1.85%,9154500,-
2020-07-07,SCOM,Safaricom Plc,23.5,35.05,27.9,30,28.1,29.1,-1,3.44%,22419900,-
2020-07-08,SCOM,Safaricom Plc,23.5,35.05,27.8,28.5,28,28.1,-0.1,0.36%,18685800,-
2020-07-09,SCOM,Safaricom Plc,23.5,37,27.25,28,27.5,28,-0.5,1.79%,30032300,-
2020-07-10,SCOM,Safaricom Plc,23.5,37,27.4,27.95,27.5,27.5,-,-,12790700,-
2020-07-13,SCOM,Safaricom Plc,23.5,37,27.4,28.4,27.5,27.5,-,-,4798600,-
2020-07-14,SCOM,Safaricom Plc,23.5,37,26.75,28.4,26.95,27.5,-0.55,2.00%,19231100,-
2020-07-15,SCOM,Safaricom Plc,23.5,37,26.75,27.5,26.95,26.95,-,-,24455200,-
2020-07-16,SCOM,Safaricom Plc,23.5,37,26.95,27.45,27,26.95,0.05,0.19%,16679100,-
2020-07-17,SCOM,Safaricom Plc,23.5,37,26.9,27.25,27,27,-,-,10761300,-
2020-07-20,SCOM,Safaricom Plc,23.5,37,26.8,27.3,27,27,-,-,6843000,-
2020-07-21,SCOM,Safaricom Plc,23.5,37,26.45,27.2,26.7,27,-0.3,1.11%,31735500,-
2020-07-22,SCOM,Safaricom Plc,23.5,37,26.5,27.35,26.85,26.7,0.15,0.56%,21409800,-
2020-07-23,SCOM,Safaricom Plc,23.5,37,26.9,28.4,27.5,26.85,0.65,2.42%,7197400,-
2020-07-24,SCOM,Safaricom Plc,23.5,35.05,27.85,28.8,28.1,27.5,0.6,2.18%,2485900,-
2020-07-27,SCOM,Safaricom Plc,23.5,35.05,28.2,29.95,29.35,28.1,1.25,4.45%,6186700,-
2020-07-28,SCOM,Safaricom Plc,23.5,35.05,28,29,28.3,29.35,-1.05,3.58%,3034900,-
2020-07-29,SCOM,Safaricom Plc,23.5,35.25,28.2,28.95,28.3,28.3,-,-,2254600,-
2020-07-30,SCOM,Safaricom Plc,23.5,37,28,28.6,28.15,28.3,-0.15,0.53%,11145000,-
2020-08-03,SCOM,Safaricom Plc,23.5,37,26.8,27.5,26.85,28.15,-1.3,4.62%,30994800,-
2020-08-04,SCOM,Safaricom Plc,23.5,35.05,26.1,27,26.4,26.85,-0.45,1.68%,23895400,-
2020-08-05,SCOM,Safaricom Plc,23.5,37,25.95,26.5,26.15,26.4,-0.25,0.95%,22651600,-
2020-08-06,SCOM,Safaricom Plc,23.5,35.05,26.4,28,27.4,26.15,1.25,4.78%,2125400,-
2020-08-07,SCOM,Safaricom Plc,23.5,37,27.5,27.9,27.7,27.4,0.3,1.09%,2152000,-
2020-08-10,SCOM,Safaricom Plc,23.5,37,27.05,27.8,27.5,27.7,-0.2,0.72%,16156200,-
2020-08-11,SCOM,Safaricom Plc,23.5,37,27,28,27.5,27.5,-,-,2276700,-
2020-08-12,SCOM,Safaricom Plc,23.5,37,27.3,28,27.95,27.5,0.45,1.64%,4507100,-
2020-08-13,SCOM,Safaricom Plc,23.5,37,27.55,28.2,27.85,27.95,-0.1,0.36%,502400,-
2020-08-14,SCOM,Safaricom Plc,23.5,37,27.5,28.2,27.7,27.85,-0.15,0.54%,5272400,-
2020-08-17,SCOM,Safaricom Plc,23.5,37,28,28.5,28.4,27.7,0.7,2.53%,2813300,-
2020-08-18,SCOM,Safaricom Plc,23.5,37,27.85,28.5,28,28.4,-0.4,1.41%,5918400,-
2020-08-19,SCOM,Safaricom Plc,23.5,37,27.8,28.2,28,28,-,-,3095400,-
2020-08-20,SCOM,Safaricom Plc,23.5,37,28,28.2,28.05,28,0.05,0.18%,1874100,-
2020-08-21,SCOM,Safaricom Plc,23.5,34.5,28.05,28.4,28.2,28.05,0.15,0.53%,11654400,-
2020-08-24,SCOM,Safaricom Plc,23.5,37,28,28.45,28.2,28.2,-,-,4173300,-
2020-08-25,SCOM,Safaricom Plc,23.5,37,28,28.95,28.65,28.2,0.45,1.60%,17696200,-
2020-08-26,SCOM,Safaricom Plc,23.5,37,28.55,29.25,29,28.65,0.35,1.22%,7522200,-
2020-08-27,SCOM,Safaricom Plc,23.5,37,29,29.95,29.45,29,0.45,1.55%,10409900,-
2020-08-28,SCOM,Safaricom Plc,23.5,35.05,29.3,30.1,29.85,29.45,0.4,1.36%,11730700,-
2020-08-31,SCOM,Safaricom Plc,23.5,34.5,29.5,30,29.9,29.85,0.05,0.17%,25963400,-
2020-09-01,SCOM,Safaricom Plc,23.5,35.05,29.5,29.95,29.9,29.9,-,-,2291000,-
2020-09-02,SCOM,Safaricom Plc,23.5,35.05,29.5,30.05,30,29.9,0.1,0.33%,25815000,-
2020-09-03,SCOM,Safaricom Plc,23.5,35.05,29.5,30.1,30.05,30,0.05,0.17%,3234000,-
2020-09-04,SCOM,Safaricom Plc,23.5,37,29.3,30.3,29.6,30.05,-0.45,1.50%,3278800,-
2020-09-07,SCOM,Safaricom Plc,23.5,35.05,29.05,29.5,29.05,29.6,-0.55,1.86%,12957200,-
2020-09-08,SCOM,Safaricom Plc,23.5,35.05,28.75,29.2,29,29.05,-0.05,0.17%,1652300,-
2020-09-09,SCOM,Safaricom Plc,23.5,35.05,28.55,29.5,29.05,29,0.05,0.17%,1831200,-
2020-09-10,SCOM,Safaricom Plc,23.5,35.05,29.2,30,29.95,29.05,0.9,3.10%,28936700,-
2020-09-11,SCOM,Safaricom Plc,23.5,37,29.3,30.15,30.05,29.95,0.1,0.33%,6191200,-
2020-09-14,SCOM,Safaricom Plc,23.5,37,29.3,30,29.95,30.05,-0.1,0.33%,378400,-
2020-09-15,SCOM,Safaricom Plc,23.5,37,29.9,30.25,30.15,29.95,0.2,0.67%,5077200,-
2020-09-16,SCOM,Safaricom Plc,23.5,37,29.8,30.5,30.1,30.15,-0.05,0.17%,13625100,-
2020-09-17,SCOM,Safaricom Plc,23.5,37,29.5,30.15,30,30.1,-0.1,0.33%,115836300,-
2020-09-18,SCOM,Safaricom Plc,23.5,37,29,30,30,30,-,-,5894100,-
2020-09-21,SCOM,Safaricom Plc,23.5,37,29.3,30,29.9,30,-0.1,0.33%,1425100,-
2020-09-22,SCOM,Safaricom Plc,23.5,37,29.5,30.4,30.05,29.9,0.15,0.50%,9994800,-
2020-09-23,SCOM,Safaricom Plc,23.5,37,29.35,30.4,30,30.05,-0.05,0.17%,13820000,-
2020-09-24,SCOM,Safaricom Plc,23.5,37,29.1,30.1,30,30,-,-,10557800,-
2020-09-25,SCOM,Safaricom Plc,23.5,34.5,29.5,30.05,30.05,30,0.05,0.17%,12093900,-
2020-09-28,SCOM,Safaricom Plc,23.5,35.05,29.5,30.05,29.8,30.05,-0.25,0.83%,5393200,-
2020-09-29,SCOM,Safaricom Plc,23.5,34.5,29.5,30,29.8,29.8,-,-,1216000,-
2020-09-30,SCOM,Safaricom Plc,23.5,34.5,29.7,30.25,29.7,29.8,-0.1,0.34%,16260700,-
2020-10-01,SCOM,Safaricom Plc,23.5,34.5,29.7,30.05,29.8,29.7,0.1,0.34%,1949700,-
2020-10-02,SCOM,Safaricom Plc,23.5,35.05,29.8,30.15,30,29.8,0.2,0.67%,4287500,-
2020-10-05,SCOM,Safaricom Plc,23.5,35.05,29.7,30.05,30,30,-,-,1100500,-
2020-10-06,SCOM,Safaricom Plc,23.5,35.05,29.9,30.15,29.95,30,-0.05,0.17%,5086100,-
2020-10-07,SCOM,Safaricom Plc,23.5,35.05,30,30.6,30.5,29.95,0.55,1.84%,3276800,-
2020-10-08,SCOM,Safaricom Plc,23.5,35.05,30,30.5,30.05,30.5,-0.45,1.48%,6302700,-
2020-10-09,SCOM,Safaricom Plc,23.5,37,30,30.2,30.1,30.05,0.05,0.17%,5908500,-
2020-10-12,SCOM,Safaricom Plc,23.5,37,30,30.1,30.05,30.1,-0.05,0.17%,3140000,-
2020-10-13,SCOM,Safaricom Plc,23.5,37,30,30.5,30.15,30.05,0.1,0.33%,3837600,-
2020-10-14,SCOM,Safaricom Plc,23.5,37,30,30.45,30.1,30.15,-0.05,0.17%,12379000,-
2020-10-15,SCOM,Safaricom Plc,23.5,37,30,30.1,30.05,30.1,-0.05,0.17%,102800,-
2020-10-16,SCOM,Safaricom Plc,23.5,37,30,30.2,30.1,30.05,0.05,0.17%,2402400,-
2020-10-19,SCOM,Safaricom Plc,23.5,37,30.05,30.2,30.1,30.1,-,-,2050100,-
2020-10-21,SCOM,Safaricom Plc,23.5,37,30.1,30.55,30.25,30.1,0.15,0.50%,6682400,-
2020-10-22,SCOM,Safaricom Plc,23.5,37,30.25,31,30.65,30.25,0.4,1.32%,1423800,-
2020-10-23,SCOM,Safaricom Plc,23.5,34.5,30.5,31.2,30.95,30.65,0.3,0.98%,13401700,-
2020-10-26,SCOM,Safaricom Plc,23.5,37,30.1,30.95,30.5,30.95,-0.45,1.45%,666900,-
2020-10-27,SCOM,Safaricom Plc,23.5,37,30.5,30.8,30.6,30.5,0.1,0.33%,5362700,-
2020-10-28,SCOM,Safaricom Plc,23.5,34.5,30.5,30.8,30.6,30.6,-,-,5808600,-
2020-10-29,SCOM,Safaricom Plc,23.5,34.5,30.1,30.8,30.5,30.6,-0.1,0.33%,4669400,-
2020-10-30,SCOM,Safaricom Plc,23.5,35.05,30.1,31.15,30.85,30.5,0.35,1.15%,6717400,-
2020-11-02,SCOM,Safaricom Plc,23.5,34.5,31,31.6,31.25,30.85,0.4,1.30%,7894900,-
2020-11-03,SCOM,Safaricom Plc,23.5,34.5,30.7,31.7,31.25,31.25,-,-,15696300,-
2020-11-04,SCOM,Safaricom Plc,23.5,34.5,30.3,31.25,31.15,31.25,-0.1,0.32%,9494900,-
2020-11-05,SCOM,Safaricom Plc,23.5,35.05,31,31.3,31.25,31.15,0.1,0.32%,5517900,-
2020-11-06,SCOM,Safaricom Plc,23.5,35.05,31,31.5,31.3,31.25,0.05,0.16%,3200800,-
2020-11-09,SCOM,Safaricom Plc,23.5,35.05,30,31.3,30.75,31.3,-0.55,1.76%,2275300,-
2020-11-10,SCOM,Safaricom Plc,23.5,35.05,30.8,31.35,30.95,30.75,0.2,0.65%,6330700,-
2020-11-11,SCOM,Safaricom Plc,23.5,35.05,30.3,32.5,31.8,30.95,0.85,2.75%,8444700,-
2020-11-12,SCOM,Safaricom Plc,23.5,35.05,31.5,32.5,31.7,31.8,-0.1,0.31%,10734800,-
2020-11-13,SCOM,Safaricom Plc,23.5,37,30.85,32,31.8,31.7,0.1,0.32%,3265800,-
2020-11-16,SCOM,Safaricom Plc,23.5,37,31.5,32.35,32.1,31.8,0.3,0.94%,2511300,-
2020-11-17,SCOM,Safaricom Plc,23.5,37,31.5,32.1,32.05,32.1,-0.05,0.16%,4834700,-
2020-11-18,SCOM,Safaricom Plc,23.5,37,31.7,32,31.95,32.05,-0.1,0.31%,3010300,-
2020-11-19,SCOM,Safaricom Plc,23.5,37,31.3,32,31.45,31.95,-0.5,1.56%,1060600,-
2020-11-20,SCOM,Safaricom Plc,23.5,37,31,32.2,32,31.45,0.55,1.75%,19617600,-
2020-11-23,SCOM,Safaricom Plc,23.5,37,31.5,32,32,32,-,-,2236900,-
2020-11-24,SCOM,Safaricom Plc,23.5,37,31.5,32.1,31.7,32,-0.3,0.94%,3455300,-
2020-11-25,SCOM,Safaricom Plc,23.5,37,31.75,32.3,32,31.7,0.3,0.95%,5307500,-
2020-11-26,SCOM,Safaricom Plc,23.5,37,31.75,32.15,32,32,-,-,2954800,-
2020-11-27,SCOM,Safaricom Plc,23.5,34.5,31.75,32.2,31.9,32,-0.1,0.31%,3907100,-
2020-11-30,SCOM,Safaricom Plc,23.5,34.5,32,33.45,32.7,31.9,0.8,2.51%,23703800,-
2020-12-01,SCOM,Safaricom Plc,23.5,34.5,32.05,33,32.3,32.7,-0.4,1.22%,10666600,-
2020-12-02,SCOM,Safaricom Plc,23.5,34.5,32.3,33,32.95,32.3,0.65,2.01%,13888800,-
2020-12-03,SCOM,Safaricom Plc,23.5,34.5,32.5,33.1,33,32.95,0.05,0.15%,22937000,-
2020-12-04,SCOM,Safaricom Plc,23.5,35.05,32.35,33.75,33.5,33,0.5,1.52%,24609700,-
2020-12-07,SCOM,Safaricom Plc,23.5,35.05,32.5,33.5,33,33.5,-0.5,1.49%,1243900,-
2020-12-08,SCOM,Safaricom Plc,23.5,35.05,32.7,33.1,33,33,-,-,4133600,-
2020-12-09,SCOM,Safaricom Plc,23.5,35.05,32.55,33,32.95,33,-0.05,0.15%,9002200,-
2020-12-10,SCOM,Safaricom Plc,23.5,35.05,31.8,32.95,32.65,32.95,-0.3,0.91%,23692900,-
2020-12-11,SCOM,Safaricom Plc,23.5,37,32.1,33,32.95,32.65,0.3,0.92%,4205400,-
2020-12-14,SCOM,Safaricom Plc,23.5,37,32.7,33.5,33.15,32.95,0.2,0.61%,2534600,-
2020-12-15,SCOM,Safaricom Plc,23.5,37,32.75,33.25,33.05,33.15,-0.1,0.30%,6861000,-
2020-12-16,SCOM,Safaricom Plc,23.5,37,32.5,33,32.8,33.05,-0.25,0.76%,6442300,-
2020-12-17,SCOM,Safaricom Plc,23.5,37,32.5,33.5,32.9,32.8,0.1,0.30%,5216400,-
2020-12-18,SCOM,Safaricom Plc,23.5,37,32.75,33.95,33.55,32.9,0.65,1.98%,4546800,-
2020-12-21,SCOM,Safaricom Plc,23.5,37,33,33.8,33.3,33.55,-0.25,0.75%,1363900,-
2020-12-22,SCOM,Safaricom Plc,23.5,37,33.2,34.05,33.85,33.3,0.55,1.65%,4497100,-
2020-12-23,SCOM,Safaricom Plc,23.5,37,33.5,34.1,34,33.85,0.15,0.44%,3049800,-
2020-12-24,SCOM,Safaricom Plc,23.5,37,33.85,34.1,34,34,-,-,3088500,-
2020-12-28,SCOM,Safaricom Plc,23.5,37,33.85,34.2,34.1,34,0.1,0.29%,1832100,-
2020-12-29,SCOM,Safaricom Plc,23.5,37,33.9,34.25,34.05,34.1,-0.05,0.15%,898300,-
2020-12-30,SCOM,Safaricom Plc,23.5,34.5,33.95,34.4,34,34.05,-0.05,0.15%,4020000,-
2020-12-31,SCOM,Safaricom Plc,23.5,34.5,34.15,34.5,34.25,34,0.25,0.74%,1342600,-
2021-01-04,SCOM,Safaricom Plc,23.5,35,34,34.5,34.25,34.25,-,-,"3,591,000",-
2021-01-05,SCOM,Safaricom Plc,23.5,35.05,34.1,35,34.4,34.25,0.15,0.44%,"7,743,600",-
2021-01-06,SCOM,Safaricom Plc,23.5,35.05,34.5,35.05,35,34.4,0.6,1.74%,"7,923,000",-
2021-01-07,SCOM,Safaricom Plc,23.5,35.05,34.6,35.05,34.95,35,-0.05,0.14%,"2,094,700",-
2021-01-11,SCOM,Safaricom Plc,23.5,35.05,34.5,35,34.95,35,-0.05,0.14%,"3,905,300",-
2021-01-12,SCOM,Safaricom Plc,23.5,35.25,34.25,35.05,34.9,34.95,-0.05,0.14%,"7,783,600",-
2021-01-13,SCOM,Safaricom Plc,23.5,37,35,35.25,35.1,34.9,0.2,0.57%,"2,770,000",-
2021-01-14,SCOM,Safaricom Plc,23.5,37,35,37,36.5,35.1,1.4,3.99%,"8,378,100",-
2021-01-15,SCOM,Safaricom Plc,23.5,37,36.25,36.6,36.55,36.5,0.05,0.14%,"13,225,100",-
2021-01-18,SCOM,Safaricom Plc,23.5,37,36,36.5,36.35,36.55,-0.2,0.55%,"8,334,900",-
2021-01-19,SCOM,Safaricom Plc,23.5,37,36.2,36.5,36.4,36.35,0.05,0.14%,"3,441,900",-
2021-01-20,SCOM,Safaricom Plc,23.5,37,35.05,36.35,35.85,36.4,-0.55,1.51%,"4,645,200",-
2021-01-21,SCOM,Safaricom Plc,23.5,37,34.95,35.9,35.3,35.85,-0.55,1.53%,"3,976,400",-
2021-01-22,SCOM,Safaricom Plc,23.5,37,35,36,35.55,35.3,0.25,0.71%,"3,037,000",-
2021-01-25,SCOM,Safaricom Plc,23.5,37,35.5,36.75,36.45,35.55,0.9,2.53%,"10,100,000",-
2021-01-26,SCOM,Safaricom Plc,23.5,37,36.15,37,36.55,36.45,0.1,0.27%,"2,089,800",-
2021-01-27,SCOM,Safaricom Plc,23.5,37,36.2,36.5,36.4,36.55,-0.15,0.41%,"14,316,900",-
2021-01-28,SCOM,Safaricom Plc,23.5,37,35.5,36.5,36.2,36.4,-0.2,0.55%,"4,469,900",-
2021-01-29,SCOM,Safaricom Plc,23.5,37,35.5,36.25,35.85,36.2,-0.35,0.97%,"3,596,400",-
2021-02-01,SCOM,Safaricom Plc,25.95,39.95,34.95,35.85,35.15,35.85,-0.7,1.95%,"10,614,000",-
2021-02-02,SCOM,Safaricom Plc,25.95,39.95,35.05,35.8,35.55,35.15,0.4,1.14%,"10,443,600",-
2021-02-03,SCOM,Safaricom Plc,25.95,39.95,35.5,36.95,36.45,35.55,0.9,2.53%,"3,181,300",-
2021-02-04,SCOM,Safaricom Plc,25.95,39.95,36.2,37.2,36.85,36.45,0.4,1.10%,"18,668,800",-
2021-02-05,SCOM,Safaricom Plc,25.95,39.95,35.75,37,36.2,36.85,-0.65,1.76%,"226,400",-
2021-02-08,SCOM,Safaricom Plc,25.95,39.95,35.75,36.25,35.95,36.2,-0.25,0.69%,"2,542,000",-
2021-02-09,SCOM,Safaricom Plc,25.95,39.95,36,37,36.6,35.95,0.65,1.81%,"8,129,600",-
2021-02-10,SCOM,Safaricom Plc,25.95,39.95,36,36.85,36.4,36.6,-0.2,0.55%,"2,833,100",-
2021-02-11,SCOM,Safaricom Plc,25.95,39.95,36.65,38,37.8,36.4,1.4,3.85%,"3,948,700",-
2021-02-12,SCOM,Safaricom Plc,25.95,39.95,37.8,39,38.35,37.8,0.55,1.46%,"2,847,000",-
2021-02-15,SCOM,Safaricom Plc,25.95,39.95,38.55,39.25,39.05,38.35,0.7,1.83%,"6,090,000",-
2021-02-16,SCOM,Safaricom Plc,25.95,39.95,38.25,39,38.5,39.05,-0.55,1.41%,"5,197,800",-
2021-02-17,SCOM,Safaricom Plc,25.95,39.95,38.35,38.9,38.75,38.5,0.25,0.65%,"7,737,700",-
2021-02-18,SCOM,Safaricom Plc,25.95,39.95,38.1,38.9,38.45,38.75,-0.3,0.77%,"2,235,000",-
2021-02-19,SCOM,Safaricom Plc,25.95,40.2,38.45,38.95,38.75,38.45,0.3,0.78%,"7,395,700",-
2021-02-22,SCOM,Safaricom Plc,25.95,39.95,38,39.05,38.9,38.75,0.15,0.39%,"12,603,100",-
2021-02-23,SCOM,Safaricom Plc,25.95,40.2,38.55,39.25,39,38.9,0.1,0.26%,"21,385,900",-
2021-02-24,SCOM,Safaricom Plc,25.95,39.95,38.55,39,39,39,-,-,"9,979,400",-
2021-02-25,SCOM,Safaricom Plc,25.95,40.2,38.7,39,39,39,-,-,"5,449,000",-
2021-02-26,SCOM,Safaricom Plc,25.95,39.95,38.1,39,38.75,39,-0.25,0.64%,"4,880,400",-
2021-03-01,SCOM,Safaricom Plc,25.95,39.95,38.1,39,38.7,38.75,-0.05,0.13%,"5,745,000",-
2021-03-02,SCOM,Safaricom Plc,25.95,39.95,38,38.75,38.6,38.7,-0.1,0.26%,"10,457,400",-
2021-03-03,SCOM,Safaricom Plc,25.95,39.95,37.5,38.95,38,38.6,-0.6,1.55%,"1,498,800",-
2021-03-04,SCOM,Safaricom Plc,25.95,39.95,37.05,38,37.85,38,-0.15,0.39%,"11,565,600",-
2021-03-05,SCOM,Safaricom Plc,25.95,39.95,37,38,37.3,37.85,-0.55,1.45%,"2,917,100",-
2021-03-08,SCOM,Safaricom Plc,25.95,39.95,35.5,37.7,35.9,37.3,-1.4,3.75%,"8,741,900",-
2021-03-09,SCOM,Safaricom Plc,25.95,39.95,35.5,36.9,36.15,35.9,0.25,0.70%,"7,272,100",-
2021-03-10,SCOM,Safaricom Plc,25.95,39.95,36.3,38.5,37.55,36.15,1.4,3.87%,"15,450,500",-
2021-03-11,SCOM,Safaricom Plc,25.95,39.95,36.95,38.1,37.55,37.55,-,-,"9,576,300",-
2021-03-12,SCOM,Safaricom Plc,25.95,39.95,36.75,37.5,37.1,37.55,-0.45,1.20%,"3,094,100",-
2021-03-15,SCOM,Safaricom Plc,25.95,39.95,37.05,37.5,37.35,37.1,0.25,0.67%,"7,024,800",-
2021-03-16,SCOM,Safaricom Plc,25.95,39.95,37,38,37.4,37.35,0.05,0.13%,"8,374,200",-
2021-03-17,SCOM,Safaricom Plc,25.95,39.95,37.4,38,37.55,37.4,0.15,0.40%,"232,900",-
2021-03-18,SCOM,Safaricom Plc,25.95,39.95,37.6,38.4,38.1,37.55,0.55,1.46%,"1,857,800",-
2021-03-19,SCOM,Safaricom Plc,25.95,39.95,38.2,39,38.6,38.1,0.5,1.31%,"3,192,500",-
2021-03-22,SCOM,Safaricom Plc,25.95,39.95,38.5,39.25,38.9,38.6,0.3,0.78%,"7,901,600",-
2021-03-23,SCOM,Safaricom Plc,25.95,39.95,39.05,39.5,39.45,38.9,0.55,1.41%,"8,991,700",-
2021-03-24,SCOM,Safaricom Plc,25.95,39.95,39,39.75,39.45,39.45,-,-,"8,307,800",-
2021-03-25,SCOM,Safaricom Plc,25.95,39.95,38.9,39.95,39.5,39.45,0.05,0.13%,"2,262,900",-
2021-03-26,SCOM,Safaricom Plc,25.95,41,38.5,39,38.75,39.5,-0.75,1.90%,"3,904,500",-
2021-03-29,SCOM,Safaricom Plc,25.95,41,37.4,38.45,37.6,38.75,-1.15,2.97%,"8,527,800",-
2021-03-30,SCOM,Safaricom Plc,25.95,41,36.95,38,37.35,37.6,-0.25,0.66%,"16,954,900",-
2021-03-31,SCOM,Safaricom Plc,25.95,41,35.8,37.25,36.25,37.35,-1.1,2.95%,"14,718,400",-
2021-04-01,SCOM,Safaricom Plc,25.95,39.95,36.15,37.3,37.05,36.25,0.8,2.21%,"7,286,500",-
2021-04-06,SCOM,Safaricom Plc,25.95,39.95,36.4,37.05,36.75,37.05,-0.3,0.81%,"2,456,300",-
2021-04-07,SCOM,Safaricom Plc,25.95,39.95,36.5,37,36.8,36.75,0.05,0.14%,"17,077,300",-
2021-04-08,SCOM,Safaricom Plc,25.95,39.95,36,36.7,36.15,36.8,-0.65,1.77%,"10,535,500",-
2021-04-09,SCOM,Safaricom Plc,25.95,39.95,36,36.4,36.3,36.15,0.15,0.41%,"8,004,600",-
2021-04-12,SCOM,Safaricom Plc,25.95,39.95,36.3,37,36.55,36.3,0.25,0.69%,"3,348,200",-
2021-04-13,SCOM,Safaricom Plc,25.95,39.95,36.5,37,36.65,36.55,0.1,0.27%,"8,410,100",-
2021-04-14,SCOM,Safaricom Plc,25.95,39.95,36.7,37.5,37.1,36.65,0.45,1.23%,"7,655,200",-
2021-04-15,SCOM,Safaricom Plc,25.95,39.95,37.35,38.45,38.15,37.1,1.05,2.83%,"7,139,700",-
2021-04-16,SCOM,Safaricom Plc,25.95,39.95,38.15,38.55,38.4,38.15,0.25,0.66%,"5,569,200",-
2021-04-19,SCOM,Safaricom Plc,25.95,39.95,37.8,38.4,38,38.4,-0.4,1.04%,"2,238,300",-
2021-04-20,SCOM,Safaricom Plc,25.95,39.95,38,38.9,38.4,38,0.4,1.05%,"5,128,500",-
2021-04-21,SCOM,Safaricom Plc,25.95,39.95,38.5,39.25,39,38.4,0.6,1.56%,"9,418,500",-
2021-04-22,SCOM,Safaricom Plc,25.95,39.95,38.8,39.25,39.1,39,0.1,0.26%,"2,293,400",-
2021-04-23,SCOM,Safaricom Plc,25.95,41,38,39.1,38.8,39.1,-0.3,0.77%,"2,854,800",-
2021-04-26,SCOM,Safaricom Plc,25.95,39.95,38.4,39.2,39,38.8,0.2,0.52%,"6,809,000",-
2021-04-27,SCOM,Safaricom Plc,25.95,40.2,39,39.6,39.35,39,0.35,0.90%,"10,080,800",-
2021-04-28,SCOM,Safaricom Plc,25.95,41,39,40.2,39.9,39.35,0.55,1.40%,"11,071,200",-
2021-04-29,SCOM,Safaricom Plc,25.95,41,40,41,40.35,39.9,0.45,1.13%,"10,140,200",-
2021-04-30,SCOM,Safaricom Plc,25.95,41,40,40.65,40.35,40.35,-,-,"10,465,400",-
2021-05-03,SCOM,Safaricom Plc,26.40,43.45,40.30,41.00,40.50,40.35,0.15,0.37%,3331500,-
2021-05-04,SCOM,Safaricom Plc,26.40,43.45,40.45,41.00,40.75,40.50,0.25,0.62%,9132400,-
2021-05-05,SCOM,Safaricom Plc,27.00,43.45,40.45,40.75,40.50,40.75,-0.25,0.61%,4582700,-
2021-05-06,SCOM,Safaricom Plc,26.40,43.45,40.30,40.85,40.65,40.50,0.15,0.37%,10568600,-
2021-05-07,SCOM,Safaricom Plc,27.50,43.45,40.65,40.90,40.80,40.65,0.15,0.37%,15341400,-
2021-05-10,SCOM,Safaricom Plc,27.80,44.25,40.65,41.25,40.85,40.80,0.05,0.12%,3927500,-
2021-05-11,SCOM,Safaricom Plc,27.30,43.45,40.00,40.95,40.60,40.85,-0.25,0.61%,12185800,-
2021-05-12,SCOM,Safaricom Plc,27.50,43.45,39.60,40.55,40.10,40.60,-0.5,1.23%,5833200,-
2021-05-13,SCOM,Safaricom Plc,27.80,45.25,39.00,39.90,39.40,40.10,-0.7,1.75%,2321100,-
2021-05-17,SCOM,Safaricom Plc,27.80,45.25,38.65,39.50,39.00,39.40,-0.4,1.02%,24876500,-
2021-05-18,SCOM,Safaricom Plc,28.00,45.25,38.10,39.00,38.35,39.00,-0.65,1.67%,7811900,-
2021-05-19,SCOM,Safaricom Plc,28.00,45.25,37.80,39.00,38.05,38.35,-0.3,0.78%,20924500,-
2021-05-20,SCOM,Safaricom Plc,28.00,45.25,38.10,39.95,38.90,38.05,0.85,2.23%,3253700,-
2021-05-21,SCOM,Safaricom Plc,28.55,45.25,39.05,40.10,39.50,38.90,0.6,1.54%,10058400,-
2021-05-24,SCOM,Safaricom Plc,28.55,45.25,40.85,43.45,41.75,39.50,2.25,5.70%,8560800,-
2021-05-25,SCOM,Safaricom Plc,28.55,45.25,42.05,43.10,42.75,41.75,1,2.40%,19488900,-
2021-05-26,SCOM,Safaricom Plc,28.55,45.25,41.10,42.80,41.80,42.75,-0.95,2.22%,6141500,-
2021-05-27,SCOM,Safaricom Plc,28.55,45.25,39.25,41.90,40.35,41.80,-1.45,3.47%,13876200,-
2021-05-28,SCOM,Safaricom Plc,26.40,43.45,40.00,42.20,41.85,40.35,1.5,3.72%,14150900,-
2021-05-31,SCOM,Safaricom Plc,25.95,43.45,40.00,41.80,40.85,41.85,-1,2.39%,1955700,-
2021-06-02,SCOM,Safaricom Plc,25.95,43.45,40.30,41.85,41.10,40.85,0.25,0.61%,5847500,-
2021-06-03,SCOM,Safaricom Plc,25.95,43.45,40.50,41.75,41.00,41.10,-0.1,0.24%,4545100,-
2021-06-04,SCOM,Safaricom Plc,27.00,43.45,40.20,41.10,40.50,41.00,-0.5,1.22%,1004200,-
2021-06-07,SCOM,Safaricom Plc,26.40,43.45,40.50,41.00,40.55,40.50,0.05,0.12%,3101100,-
2021-06-08,SCOM,Safaricom Plc,26.40,43.45,40.60,41.20,40.95,40.55,0.4,0.99%,1140500,-
2021-06-09,SCOM,Safaricom Plc,27.00,43.45,41.00,41.50,41.00,40.95,0.05,0.12%,12544200,-
2021-06-10,SCOM,Safaricom Plc,27.00,43.45,41.00,41.55,41.25,41.00,0.25,0.61%,6835900,-
2021-06-11,SCOM,Safaricom Plc,27.80,45.25,41.00,41.80,41.25,41.25,-,-,20279400,-
2021-06-14,SCOM,Safaricom Plc,27.80,44.25,41.25,41.70,41.45,41.25,0.2,0.48%,805800,-
2021-06-15,SCOM,Safaricom Plc,27.80,44.25,41.30,42.00,41.60,41.45,0.15,0.36%,4987800,-
2021-06-16,SCOM,Safaricom Plc,27.80,45.25,41.45,42.20,41.95,41.60,0.35,0.84%,9027100,-
2021-06-17,SCOM,Safaricom Plc,27.80,45.25,41.25,41.95,41.60,41.95,-0.35,0.83%,1814900,-
2021-06-18,SCOM,Safaricom Plc,28.00,45.25,41.05,41.95,41.25,41.60,-0.35,0.84%,12133300,-
2021-06-21,SCOM,Safaricom Plc,28.00,45.25,41.00,41.40,41.30,41.25,0.05,0.12%,2453100,-
2021-06-22,SCOM,Safaricom Plc,28.00,45.25,41.05,41.50,41.30,41.30,-,-,18738600,-
2021-06-23,SCOM,Safaricom Plc,28.00,45.25,41.00,41.30,41.15,41.30,-0.15,0.36%,5347200,-
2021-06-24,SCOM,Safaricom Plc,28.00,45.25,40.80,41.25,40.95,41.15,-0.2,0.49%,9055800,-
2021-06-25,SCOM,Safaricom Plc,25.95,43.45,40.50,41.25,40.75,40.95,-0.2,0.49%,7035700,-
2021-06-28,SCOM,Safaricom Plc,28.55,45.25,40.45,41.00,40.70,40.75,-0.05,0.12%,5135400,-
2021-06-29,SCOM,Safaricom Plc,28.55,45.25,40.55,41.75,40.85,40.70,0.15,0.37%,5822600,-
2021-06-30,SCOM,Safaricom Plc,28.55,45.25,41.00,42.00,41.45,40.85,0.6,1.47%,1567300,-
2021-07-01,SCOM,Safaricom Plc,25.95,43.45,41.25,42.45,42.00,41.45,0.55,1.33%,6616500,-
2021-07-02,SCOM,Safaricom Plc,26.40,43.45,41.20,42.00,41.35,42.00,-0.65,1.55%,10369000,-
2021-07-05,SCOM,Safaricom Plc,25.95,43.45,41.25,41.50,41.40,41.35,0.05,0.12%,3303100,-
2021-07-06,SCOM,Safaricom Plc,26.40,43.45,41.20,41.50,41.30,41.40,-0.1,0.24%,8916600,-
2021-07-07,SCOM,Safaricom Plc,26.40,43.45,41.00,42.00,41.40,41.30,0.1,0.24%,6559400,-
2021-07-08,SCOM,Safaricom Plc,26.40,43.45,41.05,41.50,41.40,41.40,-,-,2191900,-
2021-07-09,SCOM,Safaricom Plc,27.80,44.25,41.20,41.45,41.25,41.40,-0.15,0.36%,4145900,-
2021-07-12,SCOM,Safaricom Plc,27.50,43.45,40.65,41.40,41.15,41.25,-0.1,0.24%,1212400,-
2021-07-13,SCOM,Safaricom Plc,27.50,43.45,40.70,41.50,41.20,41.15,0.05,0.12%,6093200,-
2021-07-14,SCOM,Safaricom Plc,27.80,44.25,41.20,42.40,41.75,41.20,0.55,1.33%,1736900,-
2021-07-15,SCOM,Safaricom Plc,27.80,44.25,41.55,42.95,42.60,41.75,0.85,2.04%,3754200,-
2021-07-16,SCOM,Safaricom Plc,28.00,45.25,42.30,42.90,42.60,42.60,-,-,7553700,-
2021-07-19,SCOM,Safaricom Plc,28.00,45.25,41.75,42.90,42.60,42.60,-,-,5471700,-
2021-07-21,SCOM,Safaricom Plc,28.00,45.25,42.50,42.90,42.80,42.60,0.2,0.47%,8159300,-
2021-07-22,SCOM,Safaricom Plc,28.00,45.25,42.50,42.95,42.80,42.80,-,-,4880100,-
2021-07-23,SCOM,Safaricom Plc,28.55,45.25,42.55,43.00,42.80,42.80,-,-,6664300,-
2021-07-26,SCOM,Safaricom Plc,28.55,45.25,42.55,43.00,42.80,42.80,-,-,754600,-
2021-07-27,SCOM,Safaricom Plc,28.55,45.25,41.10,42.80,41.80,42.80,-1,2.34%,3433400,-
2021-07-28,SCOM,Safaricom Plc,28.55,45.25,41.30,42.55,41.75,41.80,-0.05,0.12%,3179300,-
2021-07-29,SCOM,Safaricom Plc,28.55,45.25,41.55,42.15,41.90,41.75,0.15,0.36%,3728700,-
2021-07-30,SCOM,Safaricom Plc,26.40,43.45,41.75,42.35,41.95,41.90,0.05,0.12%,9102400,-
2021-08-02,SCOM,Safaricom Plc,25.95,43.45,41.00,41.55,41.40,41.95,-0.55,1.31%,3375700,-
2021-08-03,SCOM,Safaricom Plc,25.95,43.45,41.00,41.30,41.05,41.40,-0.35,0.85%,3433600,-
2021-08-04,SCOM,Safaricom Plc,25.95,43.45,41.05,41.20,41.10,41.05,0.05,0.12%,752200,-
2021-08-05,SCOM,Safaricom Plc,26.40,43.45,41.10,41.65,41.25,41.10,0.15,0.36%,7336300,-
2021-08-06,SCOM,Safaricom Plc,27.50,43.45,41.30,42.75,42.10,41.25,0.85,2.06%,3268000,-
2021-08-09,SCOM,Safaricom Plc,27.00,43.45,42.00,43.20,42.95,42.10,0.85,2.02%,15584900,-
2021-08-10,SCOM,Safaricom Plc,27.00,43.45,42.70,43.20,42.95,42.95,-,-,3824400,-
2021-08-11,SCOM,Safaricom Plc,27.30,43.45,42.50,43.00,42.95,42.95,-,-,7164800,-
2021-08-12,SCOM,Safaricom Plc,27.50,43.45,42.70,43.20,43.00,42.95,0.05,0.12%,1311600,-
2021-08-13,SCOM,Safaricom Plc,28.00,45.25,42.85,43.25,43.00,43.00,-,-,509200,-
2021-08-16,SCOM,Safaricom Plc,27.80,45.25,43.00,44.25,43.60,43.00,0.6,1.40%,5818000,-
2021-08-17,SCOM,Safaricom Plc,27.80,45.25,43.60,45.25,44.90,43.60,1.3,2.98%,11965700,-
2021-08-18,SCOM,Safaricom Plc,27.80,45.25,43.65,45.00,44.20,44.90,-0.7,1.56%,4263100,-
2021-08-19,SCOM,Safaricom Plc,28.00,45.25,43.60,44.20,43.85,44.20,-0.35,0.79%,25494800,-
2021-08-20,SCOM,Safaricom Plc,28.55,45.25,43.60,44.75,44.45,43.85,0.6,1.37%,5049400,-
2021-08-23,SCOM,Safaricom Plc,28.00,45.25,44.00,45.25,44.95,44.45,0.5,1.12%,7715500,-
2021-08-24,SCOM,Safaricom Plc,28.00,45.25,44.00,45.00,44.95,44.95,-,-,2803400,-
2021-08-25,SCOM,Safaricom Plc,28.55,45.25,44.00,44.95,44.60,44.95,-0.35,0.78%,6118200,-
2021-08-26,SCOM,Safaricom Plc,28.55,45.25,44.00,45.00,44.45,44.60,-0.15,0.34%,8272700,-
2021-08-27,SCOM,Safaricom Plc,28.55,45.25,43.65,44.90,44.35,44.45,-0.1,0.22%,1947700,-
2021-08-30,SCOM,Safaricom Plc,28.55,45.25,43.60,44.30,43.70,44.35,-0.65,1.47%,614400,-
2021-08-31,SCOM,Safaricom Plc,28.55,45.25,42.05,44.00,42.60,43.70,-1.1,2.52%,6505200,-
2021-09-01,SCOM,Safaricom Plc,31.80,45.25,42.00,42.95,42.60,42.60,-,-,6425500,-
2021-09-02,SCOM,Safaricom Plc,31.80,45.25,42.25,42.60,42.45,42.60,-0.15,0.35%,1743000,-
2021-09-03,SCOM,Safaricom Plc,31.80,45.25,42.00,42.45,42.15,42.45,-0.3,0.71%,2360600,-
2021-09-06,SCOM,Safaricom Plc,31.80,45.25,41.80,42.40,42.15,42.15,-,-,2349500,-
2021-09-07,SCOM,Safaricom Plc,32.50,45.25,41.40,42.00,41.60,42.15,-0.55,1.30%,5436400,-
2021-09-08,SCOM,Safaricom Plc,31.80,45.25,41.80,42.15,42.00,41.60,0.4,0.96%,5013700,-
2021-09-09,SCOM,Safaricom Plc,31.80,45.25,42.10,42.60,42.50,42.00,0.5,1.19%,7335800,-
2021-09-10,SCOM,Safaricom Plc,32.50,45.25,42.00,42.55,42.50,42.50,-,-,4192100,-
2021-09-13,SCOM,Safaricom Plc,32.50,45.25,42.25,42.80,42.40,42.50,-0.1,0.24%,9208200,-
2021-09-14,SCOM,Safaricom Plc,32.50,45.25,42.20,43.00,42.45,42.40,0.05,0.12%,5672500,-
2021-09-15,SCOM,Safaricom Plc,33.00,45.25,42.35,43.00,42.45,42.45,-,-,6201000,-
2021-09-16,SCOM,Safaricom Plc,33.00,45.25,42.50,43.00,42.65,42.45,0.2,0.47%,9420400,-
2021-09-17,SCOM,Safaricom Plc,31.50,45.25,42.60,43.90,43.20,42.65,0.55,1.29%,3732700,-
2021-09-20,SCOM,Safaricom Plc,33.50,45.25,42.45,43.50,42.90,43.20,-0.3,0.69%,1645900,-
2021-09-21,SCOM,Safaricom Plc,33.50,45.25,41.50,43.00,41.80,42.90,-1.1,2.56%,11426100,-
2021-09-22,SCOM,Safaricom Plc,31.80,45.25,41.65,42.00,41.85,41.80,0.05,0.12%,7928200,-
2021-09-23,SCOM,Safaricom Plc,31.50,45.25,41.80,42.40,41.95,41.85,0.1,0.24%,7496400,-
2021-09-24,SCOM,Safaricom Plc,31.80,45.25,41.75,42.00,41.80,41.95,-0.15,0.36%,1225100,-
2021-09-27,SCOM,Safaricom Plc,31.80,45.25,41.70,42.05,41.85,41.80,0.05,0.12%,7587400,-
2021-09-28,SCOM,Safaricom Plc,31.80,45.25,41.40,41.85,41.55,41.85,-0.3,0.72%,2098200,-
2021-09-29,SCOM,Safaricom Plc,31.80,45.25,41.15,42.50,41.65,41.55,0.1,0.24%,3495900,-
2021-09-30,SCOM,Safaricom Plc,31.80,45.25,41.30,42.75,42.10,41.65,0.45,1.08%,6713400,-
2021-10-01,SCOM,Safaricom Plc,31.80,45.25,42.00,44.00,43.20,42.10,1.1,2.61%,2299500,-
2021-10-04,SCOM,Safaricom Plc,31.80,45.25,43.00,44.00,43.60,43.20,0.4,0.93%,5958000,-
2021-10-05,SCOM,Safaricom Plc,31.80,45.25,42.65,43.70,42.95,43.60,-0.65,1.49%,6028700,-
2021-10-06,SCOM,Safaricom Plc,31.80,45.25,42.50,43.50,42.95,42.95,-,-,13218200,-
2021-10-07,SCOM,Safaricom Plc,31.80,45.25,42.05,42.95,42.35,42.95,-0.6,1.40%,2423000,-
2021-10-08,SCOM,Safaricom Plc,32.50,45.25,41.55,42.35,41.65,42.35,-0.7,1.65%,22194200,-
2021-10-12,SCOM,Safaricom Plc,32.50,45.25,41.60,42.20,41.85,41.65,0.2,0.48%,10915100,-
2021-10-13,SCOM,Safaricom Plc,31.80,45.25,41.65,42.35,42.00,41.85,0.15,0.36%,482500,-
2021-10-14,SCOM,Safaricom Plc,32.50,45.25,41.85,42.55,42.45,42.00,0.45,1.07%,2458200,-
2021-10-15,SCOM,Safaricom Plc,33.50,45.25,42.50,43.55,43.10,42.45,0.65,1.53%,11272800,-
2021-10-18,SCOM,Safaricom Plc,33.00,45.25,42.30,43.20,42.90,43.10,-0.2,0.46%,5229800,-
2021-10-19,SCOM,Safaricom Plc,33.00,45.25,42.00,43.00,42.15,42.90,-0.75,1.75%,6477500,-
2021-10-21,SCOM,Safaricom Plc,33.20,45.25,42.40,42.85,42.50,42.15,0.35,0.83%,9642700,-
2021-10-22,SCOM,Safaricom Plc,31.80,45.25,42.25,43.10,42.95,42.50,0.45,1.06%,2725100,-
2021-10-25,SCOM,Safaricom Plc,31.75,45.25,41.70,42.95,42.35,42.95,-0.6,1.40%,9908300,-
2021-10-26,SCOM,Safaricom Plc,31.75,45.25,41.50,42.20,42.05,42.35,-0.3,0.71%,1093400,-
2021-10-27,SCOM,Safaricom Plc,31.75,45.25,41.85,42.20,42.00,42.05,-0.05,0.12%,3569600,-
2021-10-28,SCOM,Safaricom Plc,31.80,45.25,42.00,43.10,42.85,42.00,0.85,2.02%,3650300,-
2021-10-29,SCOM,Safaricom Plc,31.80,45.25,42.10,43.00,42.80,42.85,-0.05,0.12%,4171800,-
2021-11-01,SCOM,Safaricom Plc,31.80,45.25,41.60,42.75,41.95,42.80,-0.85,1.99%,2655400,-
2021-11-02,SCOM,Safaricom Plc,31.80,45.25,41.50,42.00,41.65,41.95,-0.3,0.72%,3619800,-
2021-11-03,SCOM,Safaricom Plc,31.80,45.25,41.25,41.80,41.60,41.65,-0.05,0.12%,8129600,-
2021-11-04,SCOM,Safaricom Plc,31.80,45.25,40.50,41.50,41.05,41.60,-0.55,1.32%,4115800,-
2021-11-05,SCOM,Safaricom Plc,31.80,45.25,39.50,40.80,40.20,41.05,-0.85,2.07%,4074300,-
2021-11-08,SCOM,Safaricom Plc,31.80,45.25,39.90,40.70,40.05,40.20,-0.15,0.37%,2162200,-
2021-11-09,SCOM,Safaricom Plc,31.80,45.25,39.90,40.35,40.10,40.05,0.05,0.12%,15943500,-
2021-11-10,SCOM,Safaricom Plc,31.80,45.25,40.05,40.90,40.50,40.10,0.4,1.00%,8330900,-
2021-11-11,SCOM,Safaricom Plc,31.80,45.25,40.00,40.60,40.50,40.50,-,-,15630100,-
2021-11-12,SCOM,Safaricom Plc,32.50,45.25,40.00,40.50,40.20,40.50,-0.3,0.74%,6007400,-
2021-11-15,SCOM,Safaricom Plc,32.50,45.25,39.85,40.30,40.05,40.20,-0.15,0.37%,7309400,-
2021-11-16,SCOM,Safaricom Plc,32.50,45.25,40.00,40.20,40.05,40.05,-,-,744000,-
2021-11-17,SCOM,Safaricom Plc,32.50,45.25,39.55,40.10,39.85,40.05,-0.2,0.50%,6123300,-
2021-11-18,SCOM,Safaricom Plc,32.50,45.25,39.60,39.95,39.70,39.85,-0.15,0.38%,2667100,-
2021-11-19,SCOM,Safaricom Plc,31.75,45.25,38.55,39.70,39.25,39.70,-0.45,1.13%,16376700,-
2021-11-22,SCOM,Safaricom Plc,33.50,45.25,36.05,39.00,37.95,39.25,-1.3,3.31%,3760000,-
2021-11-23,SCOM,Safaricom Plc,31.50,45.25,36.75,38.25,37.55,37.95,-0.4,1.05%,6190100,-
2021-11-24,SCOM,Safaricom Plc,31.75,45.25,36.60,38.00,36.95,37.55,-0.6,1.60%,15040900,-
2021-11-25,SCOM,Safaricom Plc,31.75,45.25,36.50,37.50,37.00,36.95,0.05,0.14%,24867700,-
2021-11-26,SCOM,Safaricom Plc,31.80,45.25,37.05,38.50,38.00,37.00,1,2.70%,62798300,-
2021-11-29,SCOM,Safaricom Plc,31.80,45.25,37.00,38.50,38.05,38.00,0.05,0.13%,8976600,-
2021-11-30,SCOM,Safaricom Plc,31.80,45.25,37.55,38.15,37.95,38.05,-0.1,0.26%,15651000,-
2021-12-01,SCOM,Safaricom Plc,31.80,45.25,37.60,38.25,37.90,37.95,-0.05,0.13%,11304200,-
2021-12-02,SCOM,Safaricom Plc,31.80,45.25,37.50,38.45,37.90,37.90,-,-,9865300,-
2021-12-03,SCOM,Safaricom Plc,31.80,45.25,36.80,37.85,37.05,37.90,-0.85,2.24%,6319400,-
2021-12-06,SCOM,Safaricom Plc,31.80,45.25,36.50,37.20,36.95,37.05,-0.1,0.27%,5032000,-
2021-12-07,SCOM,Safaricom Plc,31.80,45.25,36.00,36.95,36.50,36.95,-0.45,1.22%,12844300,-
2021-12-08,SCOM,Safaricom Plc,31.80,45.25,36.50,37.00,36.60,36.50,0.1,0.27%,10120600,-
2021-12-09,SCOM,Safaricom Plc,31.80,45.25,36.50,37.55,36.95,36.60,0.35,0.96%,12216600,-
2021-12-10,SCOM,Safaricom Plc,32.50,45.25,37.60,38.00,37.80,36.95,0.85,2.30%,7431200,-
2021-12-14,SCOM,Safaricom Plc,32.50,45.25,37.30,38.20,37.75,37.80,-0.05,0.13%,9801200,-
2021-12-15,SCOM,Safaricom Plc,32.50,45.25,37.40,37.90,37.70,37.75,-0.05,0.13%,9682800,-
2021-12-16,SCOM,Safaricom Plc,32.50,45.25,37.65,38.00,37.75,37.70,0.05,0.13%,6317300,-
2021-12-17,SCOM,Safaricom Plc,33.00,45.25,37.70,38.00,37.95,37.75,0.2,0.53%,2245600,-
2021-12-20,SCOM,Safaricom Plc,33.00,45.25,37.75,38.50,38.00,37.95,0.05,0.13%,9517100,-
2021-12-21,SCOM,Safaricom Plc,33.20,45.25,37.80,38.45,38.05,38.00,0.05,0.13%,4404400,-
2021-12-22,SCOM,Safaricom Plc,33.50,45.25,38.20,39.00,38.65,38.05,0.6,1.58%,5159400,-
2021-12-23,SCOM,Safaricom Plc,33.50,45.25,39.05,40.25,39.95,38.65,1.3,3.36%,7033100,-
2021-12-24,SCOM,Safaricom Plc,33.85,45.25,39.55,40.10,40.00,39.95,0.05,0.13%,4242200,-
2021-12-28,SCOM,Safaricom Plc,33.85,45.25,38.00,40.10,39.35,40.00,-0.65,1.63%,1047800,-
2021-12-29,SCOM,Safaricom Plc,33.95,45.25,38.05,39.55,38.75,39.35,-0.6,1.52%,330800,-
2021-12-30,SCOM,Safaricom Plc,34.00,45.25,37.10,38.30,37.65,38.75,-1.1,2.84%,1352500,-
2021-12-31,SCOM,Safaricom Plc,34.00,45.25,37.15,38.00,37.95,37.65,0.3,0.80%,6797900,-
2022-01-03,SCOM,Safaricom Plc,33.25,45.25,37.8,38.65,38.15,37.95,0.2,0.53%,"9,414,200",-
2022-01-04,SCOM,Safaricom Plc,33.25,45.25,38.65,39.5,39.05,38.15,0.9,2.36%,"4,115,300",-
2022-01-05,SCOM,Safaricom Plc,33.25,45.25,39,40,39.55,39.05,0.5,1.28%,"6,747,300",-
2022-01-06,SCOM,Safaricom Plc,33.25,45.25,39.55,40.1,40,39.55,0.45,1.14%,"5,136,500",-
2022-01-07,SCOM,Safaricom Plc,33.25,45.25,38.9,40,39.9,40,-0.1,0.25%,"4,576,700",-
2022-01-10,SCOM,Safaricom Plc,33.25,45.25,38.25,39.5,38.5,39.9,-1.4,3.51%,"4,630,700",-
2022-01-11,SCOM,Safaricom Plc,33.25,45.25,38.2,38.65,38.45,38.5,-0.05,0.13%,"7,366,200",-
2022-01-12,SCOM,Safaricom Plc,33.25,45.25,37.75,38.3,38,38.45,-0.45,1.17%,"5,913,400",-
2022-01-13,SCOM,Safaricom Plc,33.25,45.25,37.8,38,37.95,38,-0.05,0.13%,"2,428,200",-
2022-01-14,SCOM,Safaricom Plc,33.25,45.25,37.75,38,37.85,37.95,-0.1,0.26%,"2,009,000",-
2022-01-17,SCOM,Safaricom Plc,33.25,45.25,37.5,37.95,37.65,37.85,-0.2,0.53%,"4,225,900",-
2022-01-18,SCOM,Safaricom Plc,33.25,45.25,37.3,37.95,37.55,37.65,-0.1,0.27%,"1,004,400",-
2022-01-19,SCOM,Safaricom Plc,33.25,45.25,36.6,37.5,37,37.55,-0.55,1.46%,"10,997,900",-
2022-01-20,SCOM,Safaricom Plc,33.25,45.25,37,37.75,37.55,37,0.55,1.49%,"3,168,800",-
2022-01-21,SCOM,Safaricom Plc,33.25,45.25,37.2,37.6,37.45,37.55,-0.1,0.27%,"4,757,900",-
2022-01-24,SCOM,Safaricom Plc,33.25,45.25,37,37.65,37.3,37.45,-0.15,0.40%,"3,478,500",-
2022-01-25,SCOM,Safaricom Plc,33.25,45.25,36.05,37.3,36.55,37.3,-0.75,2.01%,"7,909,100",-
2022-01-26,SCOM,Safaricom Plc,33.25,45.25,35.55,36.6,35.95,36.55,-0.6,1.64%,"7,084,400",-
2022-01-27,SCOM,Safaricom Plc,33.25,45.25,35.7,36.8,35.9,35.95,-0.05,0.14%,"2,088,100",-
2022-01-28,SCOM,Safaricom Plc,33.25,45.25,35.8,37.45,36.2,35.9,0.3,0.84%,"11,041,100",-
2022-01-31,SCOM,Safaricom Plc,33.25,45.25,36.5,37.5,36.9,36.2,0.7,1.93%,"2,867,800",-
2022-02-01,SCOM,Safaricom Plc,33.25,45.25,36.8,38,37.5,36.9,0.6,1.63%,"1,874,300",-
2022-02-02,SCOM,Safaricom Plc,33.25,45.25,37.1,38.4,37.6,37.5,0.1,0.27%,"5,128,600",-
2022-02-03,SCOM,Safaricom Plc,33.25,45.25,37.8,38.2,37.8,37.6,0.2,0.53%,"20,020,300",-
2022-02-04,SCOM,Safaricom Plc,33.25,45.25,37.85,38.5,38,37.8,0.2,0.53%,"1,182,300",-
2022-02-07,SCOM,Safaricom Plc,33.25,45.25,37.9,38.5,38.05,38,0.05,0.13%,"2,911,600",-
2022-02-08,SCOM,Safaricom Plc,33.25,45.25,38.05,40,38.9,38.05,0.85,2.23%,"15,629,900",-
2022-02-09,SCOM,Safaricom Plc,33.25,45.25,38.05,38.8,38.3,38.9,-0.6,1.54%,"5,454,100",-
2022-02-10,SCOM,Safaricom Plc,33.2,45.25,38.5,38.95,38.7,38.3,0.4,1.04%,"14,587,600",-
2022-02-11,SCOM,Safaricom Plc,33.25,45.25,38.05,38.7,38.5,38.7,-0.2,0.52%,"413,900",-
2022-02-14,SCOM,Safaricom Plc,33.2,45.25,37.5,38.6,38.1,38.5,-0.4,1.04%,"2,071,100",-
2022-02-15,SCOM,Safaricom Plc,33.25,45.25,37,38.5,37.35,38.1,-0.75,1.97%,"11,463,100",-
2022-02-16,SCOM,Safaricom Plc,33.25,45.25,37.35,38.3,37.65,37.35,0.3,0.80%,"6,751,700",-
2022-02-17,SCOM,Safaricom Plc,33.2,45.25,37.7,38.1,37.95,37.65,0.3,0.80%,"6,805,600",-
2022-02-18,SCOM,Safaricom Plc,33.25,45.25,37.75,38,37.95,37.95,-,-,"2,057,900",-
2022-02-21,SCOM,Safaricom Plc,33.25,45.25,37.9,38,37.95,37.95,-,-,"1,566,100",-
2022-02-22,SCOM,Safaricom Plc,33.25,45.25,37,38.05,37.85,37.95,-0.1,0.26%,"6,843,800",-
2022-02-23,SCOM,Safaricom Plc,33.25,45.25,35.65,37.8,36.6,37.85,-1.25,3.30%,"2,530,300",-
2022-02-24,SCOM,Safaricom Plc,33.25,45.25,34.05,36.45,34.55,36.6,-2.05,5.60%,"18,336,200",-
2022-02-25,SCOM,Safaricom Plc,33.25,45.25,35.05,36.5,35.65,34.55,1.1,3.18%,"10,821,100",-
2022-02-28,SCOM,Safaricom Plc,33.25,45.25,35.7,36.75,35.95,35.65,0.3,0.84%,"11,298,700",-
2022-03-01,SCOM,Safaricom Plc,33.25,45.25,35.7,36.8,36.15,35.95,0.2,0.56%,"1,549,700",-
2022-03-02,SCOM,Safaricom Plc,33.25,45.25,36.3,37.5,37,36.15,0.85,2.35%,"10,535,600",-
2022-03-03,SCOM,Safaricom Plc,33.25,45.25,37,37.75,37.5,37,0.5,1.35%,"5,712,100",-
2022-03-04,SCOM,Safaricom Plc,33.25,45.25,37.4,37.7,37.5,37.5,-,-,"7,450,400",-
2022-03-07,SCOM,Safaricom Plc,33.25,45.25,36.25,37.5,36.7,37.5,-0.8,2.13%,"1,753,300",-
2022-03-08,SCOM,Safaricom Plc,33.25,45.25,35,37,36.05,36.7,-0.65,1.77%,"10,434,800",-
2022-03-09,SCOM,Safaricom Plc,33.25,45.25,34.9,36.05,35.1,36.05,-0.95,2.64%,"5,545,700",-
2022-03-10,SCOM,Safaricom Plc,33.25,45.25,34.8,35.5,35.05,35.1,-0.05,0.14%,"9,826,100",-
2022-03-11,SCOM,Safaricom Plc,33.25,45.25,35.2,36,35.5,35.05,0.45,1.28%,"1,807,600",-
2022-03-14,SCOM,Safaricom Plc,33.25,45.25,35.3,35.6,35.5,35.5,-,-,"2,714,200",-
2022-03-15,SCOM,Safaricom Plc,33.25,45.25,35.3,36.8,35.65,35.5,0.15,0.42%,"3,006,700",-
2022-03-16,SCOM,Safaricom Plc,33.25,45.25,34.9,35.5,35.4,35.65,-0.25,0.70%,"5,152,100",-
2022-03-17,SCOM,Safaricom Plc,33.25,45.25,34.5,35.5,34.95,35.4,-0.45,1.27%,"7,984,300",-
2022-03-18,SCOM,Safaricom Plc,33.25,45.25,34.25,35.4,34.5,34.95,-0.45,1.29%,"2,834,500",-
2022-03-21,SCOM,Safaricom Plc,33.25,45.25,34.95,35.95,35.5,34.5,1,2.90%,"2,363,700",-
2022-03-22,SCOM,Safaricom Plc,33.25,45.25,34.3,37,36.15,35.5,0.65,1.83%,"4,567,700",-
2022-03-23,SCOM,Safaricom Plc,33.25,45.25,35.6,36.15,35.95,36.15,-0.2,0.55%,"5,695,100",-
2022-03-24,SCOM,Safaricom Plc,33.25,45.25,35,35.95,35.5,35.95,-0.45,1.25%,"2,465,300",-
2022-03-25,SCOM,Safaricom Plc,33.25,45.25,35.5,36.05,35.95,35.5,0.45,1.27%,"1,192,700",-
2022-03-28,SCOM,Safaricom Plc,33.25,45.25,35.1,35.7,35.4,35.95,-0.55,1.53%,"4,134,200",-
2022-03-29,SCOM,Safaricom Plc,33.25,45.25,35.2,35.5,35.4,35.4,-,-,"1,759,300",-
2022-03-30,SCOM,Safaricom Plc,33.25,45.25,34.55,35.5,35.05,35.4,-0.35,0.99%,"4,293,000",-
2022-03-31,SCOM,Safaricom Plc,33.25,45.25,33.5,34.85,34.15,35.05,-0.9,2.57%,"6,621,600",-
2022-04-01,SCOM,Safaricom Plc,31.5,45.25,33.9,35.05,34.5,34.15,0.35,1.02%,"12,740,700",-
2022-04-04,SCOM,Safaricom Plc,31.5,45.25,34.85,36,35.35,34.5,0.85,2.46%,"3,006,000",-
2022-04-05,SCOM,Safaricom Plc,31.5,45.25,35.3,35.8,35.45,35.35,0.1,0.28%,"2,668,200",-
2022-04-06,SCOM,Safaricom Plc,31.5,45.25,34.9,35.5,35.1,35.45,-0.35,0.99%,"2,546,600",-
2022-04-07,SCOM,Safaricom Plc,31.5,45.25,34.9,35.4,35.05,35.1,-0.05,0.14%,"4,939,800",-
2022-04-08,SCOM,Safaricom Plc,30,45.25,34.7,35.1,35,35.05,-0.05,0.14%,"1,899,000",-
2022-04-11,SCOM,Safaricom Plc,30,45.25,34,35,34.1,35,-0.9,2.57%,"654,600",-
2022-04-12,SCOM,Safaricom Plc,30,45.25,34,35.05,34.7,34.1,0.6,1.76%,"16,427,400",-
2022-04-13,SCOM,Safaricom Plc,30,45.25,35,35.9,35.45,34.7,0.75,2.16%,"9,471,400",-
2022-04-14,SCOM,Safaricom Plc,27.5,45.25,35,35.9,35.3,35.45,-0.15,0.42%,"942,000",-
2022-04-19,SCOM,Safaricom Plc,27.5,45.25,34.9,35.5,35,35.3,-0.3,0.85%,"16,557,300",-
2022-04-20,SCOM,Safaricom Plc,26.05,45.25,35,35.5,35.05,35,0.05,0.14%,"2,113,100",-
2022-04-21,SCOM,Safaricom Plc,26.05,45.25,34.5,35.45,34.75,35.05,-0.3,0.86%,"15,472,200",-
2022-04-22,SCOM,Safaricom Plc,33.25,45.25,34,35,34.2,34.75,-0.55,1.58%,"2,441,600",-
2022-04-25,SCOM,Safaricom Plc,25.5,45.25,33.9,35,34,34.2,-0.2,0.58%,"2,071,900",-
2022-04-26,SCOM,Safaricom Plc,25.5,45.25,33.25,34,33.85,34,-0.15,0.44%,"3,325,700",-
2022-04-27,SCOM,Safaricom Plc,33.25,45.25,33.5,34,33.8,33.85,-0.05,0.15%,"2,155,100",-
2022-04-28,SCOM,Safaricom Plc,33.2,45.25,33.5,33.9,33.7,33.8,-0.1,0.30%,"3,389,800",-
2022-05-04,SCOM,Safaricom Plc,32,45.25,33.2,34,33.5,33.7,-0.2,0.59%,"10,003,100",-
2022-05-05,SCOM,Safaricom Plc,31.5,45.25,32,33.45,32.95,33.5,-0.55,1.64%,"382,700",-
2022-05-06,SCOM,Safaricom Plc,30,45.25,31.5,33,32,32.95,-0.95,2.88%,"19,178,800",-
2022-05-09,SCOM,Safaricom Plc,31.5,45.25,32,32.5,32.2,32,0.2,0.63%,"22,141,100",-
2022-05-10,SCOM,Safaricom Plc,31.5,45.25,32,32.95,32.25,32.2,0.05,0.16%,"11,056,900",-
2022-05-11,SCOM,Safaricom Plc,31,45.25,32.3,33,32.4,32.25,0.15,0.47%,"9,180,000",-
2022-05-12,SCOM,Safaricom Plc,30,45.25,31,33.2,31.85,32.4,-0.55,1.70%,"4,952,400",-
2022-05-13,SCOM,Safaricom Plc,27.5,45.25,30,31.8,30.2,31.85,-1.65,5.18%,"2,640,500",-
2022-05-16,SCOM,Safaricom Plc,30,45.25,30.1,31,30.3,30.2,0.1,0.33%,"12,643,600",-
2022-05-17,SCOM,Safaricom Plc,28,45.25,30.1,30.55,30.45,30.3,0.15,0.50%,"5,200,100",-
2022-05-18,SCOM,Safaricom Plc,27.5,45.25,28,30.5,29.45,30.45,-1,3.28%,"6,899,300",-
2022-05-19,SCOM,Safaricom Plc,27.5,45.25,27.5,29.45,28.05,29.45,-1.4,4.75%,"3,844,600",-
2022-05-20,SCOM,Safaricom Plc,25.5,45.25,27.5,28.5,27.8,28.05,-0.25,0.89%,"2,596,200",-
2022-05-23,SCOM,Safaricom Plc,25.5,45.25,26.05,28,26.65,27.8,-1.15,4.14%,"5,713,100",-
2022-05-24,SCOM,Safaricom Plc,25.5,45.25,25.5,26.9,26.35,26.65,-0.3,1.13%,"20,684,200",-
2022-05-25,SCOM,Safaricom Plc,25.5,45.25,26.5,27,26.55,26.35,0.2,0.76%,"7,833,200",-
2022-05-26,SCOM,Safaricom Plc,25.5,45.25,26.55,27.25,26.85,26.55,0.3,1.13%,"15,557,000",-
2022-05-27,SCOM,Safaricom Plc,25.5,45.25,26.3,27,26.45,26.85,-0.4,1.49%,"5,134,300",-
2022-05-30,SCOM,Safaricom Plc,25.5,45.25,26,26.8,26.25,26.45,-0.2,0.76%,"2,565,300",-
2022-05-31,SCOM,Safaricom Plc,25.5,45.25,25.95,26.45,26,26.25,-0.25,0.95%,"20,079,900",-
2022-06-02,SCOM,Safaricom Plc,12.15,21.15,25.95,26.4,26,26,-,-,"7,618,600",-
2022-06-03,SCOM,Safaricom Plc,12.15,21.15,26.05,26.85,26.2,26,0.2,0.77%,"7,264,000",-
2022-06-06,SCOM,Safaricom Plc,12.15,21.15,26.3,27.05,26.35,26.2,0.15,0.57%,"5,323,200",-
2022-06-07,SCOM,Safaricom Plc,12.15,21.15,26.3,26.85,26.4,26.35,0.05,0.19%,"10,187,100",-
2022-06-08,SCOM,Safaricom Plc,12.15,21.15,26.35,27,26.45,26.4,0.05,0.19%,"10,383,400",-
2022-06-09,SCOM,Safaricom Plc,12.15,21.15,26.55,27.9,26.6,26.45,0.15,0.57%,"11,001,700",-
2022-06-10,SCOM,Safaricom Plc,12.15,21.15,26.6,28,26.7,26.6,0.1,0.38%,"12,130,500",-
2022-06-13,SCOM,Safaricom Plc,12.15,21.15,26.4,27.4,26.5,26.7,-0.2,0.75%,"16,953,300",-
2022-06-14,SCOM,Safaricom Plc,12.15,21.15,26.2,27.3,26.35,26.5,-0.15,0.57%,"5,509,800",-
2022-06-15,SCOM,Safaricom Plc,12.15,21.15,25.45,26.7,25.7,26.35,-0.65,2.47%,"18,507,900",-
2022-06-16,SCOM,Safaricom Plc,12.15,21.15,24.5,25.8,25.05,25.7,-0.65,2.53%,"4,425,700",-
2022-06-17,SCOM,Safaricom Plc,12.15,21.15,24.1,25.5,24.3,25.05,-0.75,2.99%,"18,296,800",-
2022-06-20,SCOM,Safaricom Plc,12.15,21.15,24.1,25.5,24.3,25.05,-0.75,2.99%,"18,296,800",-
2022-06-21,SCOM,Safaricom Plc,12.15,21.15,24.1,25.5,24.3,25.05,-0.75,2.99%,"18,296,800",-
2022-06-22,SCOM,Safaricom Plc,12.15,21.15,23.3,24,23.45,24,-0.55,2.29%,"30,606,100",-
2022-06-23,SCOM,Safaricom Plc,12.15,21.15,23.35,23.8,23.5,23.45,0.05,0.21%,"502,800",-
2022-06-24,SCOM,Safaricom Plc,12.15,21.15,23,24,23.1,23.5,-0.4,1.70%,"36,145,200",-
2022-06-27,SCOM,Safaricom Plc,12.15,21.15,23,24,23.15,23.1,0.05,0.22%,"4,577,100",-
2022-06-28,SCOM,Safaricom Plc,12.15,21.15,23,24,23.15,23.1,0.05,0.22%,"4,577,100",-
2022-06-29,SCOM,Safaricom Plc,12.15,21.15,23,24,23.15,23.1,0.05,0.22%,"4,577,100",-
2022-06-30,SCOM,Safaricom Plc,12.15,21.15,24.5,26.5,24.95,24.9,0.05,0.20%,"8,554,700",-
2022-07-01,SCOM,Safaricom Plc,12.15,21.15,24.9,26.45,25.05,24.95,0.1,0.40%,"15,171,700",-
2022-07-04,SCOM,Safaricom Plc,12.15,21.15,24.9,26.45,25.05,24.95,0.1,0.40%,"15,171,700",-
2022-07-05,SCOM,Safaricom Plc,12.15,21.15,27.2,28,27.6,26.55,1.05,3.95%,"18,317,400",-
2022-07-06,SCOM,Safaricom Plc,12.15,21.15,27.5,28.7,27.75,27.6,0.15,0.54%,"11,302,300",-
2022-07-07,SCOM,Safaricom Plc,12.15,21.15,27.8,28,27.95,27.75,0.2,0.72%,"6,109,800",-
2022-07-08,SCOM,Safaricom Plc,12.15,21.15,28,28.7,28.2,27.95,0.25,0.89%,"4,897,700",-
2022-07-12,SCOM,Safaricom Plc,12.15,21.15,28.35,30,29.5,28.2,1.3,4.61%,"9,781,300",-
2022-07-13,SCOM,Safaricom Plc,12.15,21.15,29.95,30.5,30,29.5,0.5,1.69%,"6,032,300",-
2022-07-14,SCOM,Safaricom Plc,12.15,21.15,30.25,32.5,32.05,30,2.05,6.83%,"2,795,900",-
2022-07-15,SCOM,Safaricom Plc,12.15,21.15,29.5,33,31.45,32.05,-0.6,1.87%,"2,575,700",-
2022-07-18,SCOM,Safaricom Plc,12.15,21.15,29,31.7,30,31.45,-1.45,4.61%,"3,273,000",-
2022-07-19,SCOM,Safaricom Plc,12.15,21.15,28.5,29.8,28.9,30,-1.1,3.67%,"2,678,200",-
2022-07-20,SCOM,Safaricom Plc,12.15,21.15,28,29,28.15,28.9,-0.75,2.60%,"8,901,200",-
2022-07-21,SCOM,Safaricom Plc,12.15,21.15,28.2,29.5,28.55,28.15,0.4,1.42%,"3,783,100",-
2022-07-22,SCOM,Safaricom Plc,11.5,21.15,28.95,30,29,28.55,0.45,1.58%,"6,648,900",-
2022-07-25,SCOM,Safaricom Plc,12.15,21.15,29,30,29.5,29,0.5,1.72%,"2,313,900",-
2022-07-26,SCOM,Safaricom Plc,12.15,21.15,28.9,29,29,29.5,-0.5,1.69%,"2,508,100",-
2022-07-27,SCOM,Safaricom Plc,12.15,21.15,29,29.95,29.55,29,0.55,1.90%,"568,100",-
2022-07-28,SCOM,Safaricom Plc,12.15,21.15,29,29.95,29.55,29,0.55,1.90%,"568,100",-
2022-07-29,SCOM,Safaricom Plc,12.15,21.15,29.5,30.4,29.95,30,-0.05,0.17%,"1,843,600",-
2022-08-01,SCOM,Safaricom Plc,12.15,21.15,28.8,30,29.15,29.95,-0.8,2.67%,"3,002,100",-
2022-08-02,SCOM,Safaricom Plc,12.15,21.15,29.5,30.1,29.75,29.15,0.6,2.06%,"8,482,600",-
2022-08-03,SCOM,Safaricom Plc,12.15,21.15,29.55,30,29.6,29.75,-0.15,0.50%,"6,899,200",-
2022-08-04,SCOM,Safaricom Plc,12.15,21.15,29.6,30.45,30,29.6,0.4,1.35%,"4,305,000",-
2022-08-05,SCOM,Safaricom Plc,12.15,21.15,30,30.5,30.1,30,0.1,0.33%,"1,242,900",-
2022-08-08,SCOM,Safaricom Plc,12.15,21.15,29.95,30.6,30,30.1,-0.1,0.33%,"12,711,700",-
2022-08-10,SCOM,Safaricom Plc,12.15,21.15,30,31.1,30.45,30,0.45,1.50%,"2,025,600",-
2022-08-11,SCOM,Safaricom Plc,12.15,21.15,31.1,32.5,31.8,30.45,1.35,4.43%,"2,415,600",-
2022-08-12,SCOM,Safaricom Plc,12.15,21.15,30.85,31.95,31.15,31.8,-0.65,2.04%,"1,332,600",-
2022-08-15,SCOM,Safaricom Plc,12.15,21.15,30.9,31.8,31.15,31.15,-,-,"5,086,300",-
2022-08-16,SCOM,Safaricom Plc,12.15,21.15,31,31.5,31.1,31.15,-0.05,0.16%,"2,411,300",-
2022-08-17,SCOM,Safaricom Plc,12.15,21.15,30.9,31.8,31.1,31.1,-,-,"7,573,100",-
2022-08-18,SCOM,Safaricom Plc,12.15,21.15,30.5,31.15,31.05,31.1,-0.05,0.16%,"1,947,200",-
2022-08-19,SCOM,Safaricom Plc,12.15,21.15,30.7,31.3,31.25,31.05,0.2,0.64%,"6,192,400",-
2022-08-22,SCOM,Safaricom Plc,12.15,21.15,29.8,31.3,30.1,31.25,-1.15,3.68%,"3,324,700",-
2022-08-23,SCOM,Safaricom Plc,12.15,21.15,29.15,30,29.8,30.1,-0.3,1.00%,"2,585,600",-
2022-08-24,SCOM,Safaricom Plc,12.15,21.15,28.05,29.8,29.1,29.8,-0.7,2.35%,"3,560,300",-
2022-08-25,SCOM,Safaricom Plc,12.15,21.15,28,29,28.45,29.1,-0.65,2.23%,"1,614,000",-
2022-08-26,SCOM,Safaricom Plc,12.15,21.15,28,29,28.05,28.45,-0.4,1.41%,"4,559,100",-
2022-08-29,SCOM,Safaricom Plc,12.15,21.15,28,29,28.25,28.05,0.2,0.71%,"1,756,700",-
2022-08-30,SCOM,Safaricom Plc,12.15,21.15,28.1,29,28.2,28.25,-0.05,0.18%,"5,198,300",-
2022-08-31,SCOM,Safaricom Plc,12.15,21.15,27.5,28.5,27.95,28.2,-0.25,0.89%,"12,171,700",-
2022-09-01,SCOM,Safaricom Plc,12.15,21.15,27.75,28.5,27.85,27.95,-0.1,0.36%,"14,308,900",-
2022-09-02,SCOM,Safaricom Plc,12.15,21.15,27.95,29.8,28.05,27.85,0.2,0.72%,"7,760,900",-
2022-09-05,SCOM,Safaricom Plc,12.15,21.15,28,30.6,29.05,28.05,1,3.57%,"4,281,700",-
2022-09-06,SCOM,Safaricom Plc,12.15,21.15,30.15,31.85,31.05,29.05,2,6.88%,"7,397,300",-
2022-09-07,SCOM,Safaricom Plc,12.15,21.15,29.5,30.9,29.85,31.05,-1.2,3.86%,"4,653,700",-
2022-09-08,SCOM,Safaricom Plc,12.15,21.15,29.7,30,29.9,29.85,0.05,0.17%,"3,071,200",-
2022-09-09,SCOM,Safaricom Plc,12.15,21.15,28.8,29.95,29.25,29.9,-0.65,2.17%,"3,144,600",-
2022-09-12,SCOM,Safaricom Plc,12.15,21.15,28.4,29,28.65,29.25,-0.6,2.05%,"13,162,200",-
2022-09-14,SCOM,Safaricom Plc,12.15,21.15,27.85,28.95,28.2,28.65,-0.45,1.57%,"4,601,200",-
2022-09-15,SCOM,Safaricom Plc,12.15,21.15,26.6,28,26.85,28.2,-1.35,4.79%,"19,525,800",-
2022-09-16,SCOM,Safaricom Plc,12.15,21.15,26.4,27,26.55,26.85,-0.3,1.12%,"13,486,400",-
2022-09-19,SCOM,Safaricom Plc,12.15,21.15,26.6,28,26.8,26.55,0.25,0.94%,"1,335,500",-
2022-09-20,SCOM,Safaricom Plc,12.15,21.15,27.05,28,27.55,26.8,0.75,2.80%,"5,351,600",-
2022-09-21,SCOM,Safaricom Plc,12.15,21.15,27.4,28,27.5,27.55,-0.05,0.18%,"6,238,800",-
2022-09-22,SCOM,Safaricom Plc,12.15,21.15,27.4,28,27.5,27.5,-,-,"9,561,000",-
2022-09-23,SCOM,Safaricom Plc,12.15,21.15,26.8,28,27.4,27.5,-0.1,0.36%,"13,487,700",-
2022-09-26,SCOM,Safaricom Plc,12.15,21.15,26.2,27.95,27.05,27.4,-0.35,1.28%,"7,178,600",-
2022-09-27,SCOM,Safaricom Plc,12.15,21.15,25.95,26.95,26.25,27.05,-0.8,2.96%,"4,702,900",-
2022-09-28,SCOM,Safaricom Plc,12.15,21.15,25.75,26.5,25.95,26.25,-0.3,1.14%,"3,706,500",-
2022-09-29,SCOM,Safaricom Plc,12.15,21.15,24.7,26,25.15,25.95,-0.8,3.08%,"2,863,700",-
2022-09-30,SCOM,Safaricom Plc,12.15,21.15,24.85,25.05,24.95,25.15,-0.2,0.80%,"4,541,600",-
2022-10-03,SCOM,Safaricom Plc,12.15,21.15,24.5,24.8,24.75,24.95,-0.2,0.80%,"591,400",-
2022-10-04,SCOM,Safaricom Plc,12.15,21.15,23.9,25,24.45,24.75,-0.3,1.21%,"10,379,300",-
2022-10-05,SCOM,Safaricom Plc,12.15,21.15,23.65,24.45,23.7,24.45,-0.75,3.07%,"10,551,300",-
2022-10-06,SCOM,Safaricom Plc,12.15,21.15,23.6,24.3,23.65,23.7,-0.05,0.21%,"40,335,300",-
2022-10-07,SCOM,Safaricom Plc,12.15,21.15,24,26,24.75,23.65,1.1,4.65%,"20,918,000",-
2022-10-11,SCOM,Safaricom Plc,12.15,21.15,25.5,26.5,25.95,24.75,1.2,4.85%,"9,481,300",-
2022-10-12,SCOM,Safaricom Plc,12.15,21.15,25.5,26.5,25.95,24.75,1.2,4.85%,"9,481,300",-
2022-10-13,SCOM,Safaricom Plc,12.15,21.15,25.25,26,25.85,26.35,-0.5,1.90%,"3,895,200",-
2022-10-14,SCOM,Safaricom Plc,12.15,21.15,25.15,26,25.55,25.85,-0.3,1.16%,"555,000",-
2022-10-17,SCOM,Safaricom Plc,12.15,21.15,25.25,25.5,25.5,25.55,-0.05,0.20%,"884,700",-
2022-10-18,SCOM,Safaricom Plc,12.15,21.15,25.3,25.5,25.5,25.5,-,-,"1,322,500",-
2022-10-19,SCOM,Safaricom Plc,12.15,21.15,25.25,25.5,25.45,25.5,-0.05,0.20%,"865,100",-
2022-10-21,SCOM,Safaricom Plc,12.15,21.15,24.55,25.5,24.95,25.45,-0.5,1.96%,"2,163,100",-
2022-10-24,SCOM,Safaricom Plc,12.15,21.15,24.35,25.5,24.55,24.95,-0.4,1.60%,"687,200",-
2022-10-25,SCOM,Safaricom Plc,12.15,21.15,24.25,25,24.4,24.55,-0.15,0.61%,"1,719,200",-
2022-10-26,SCOM,Safaricom Plc,12.15,21.15,24.5,25.25,24.95,24.4,0.55,2.25%,"3,942,600",-
2022-10-27,SCOM,Safaricom Plc,12.15,21.15,25,25.5,25.3,24.95,0.35,1.40%,"184,300",-
2022-10-28,SCOM,Safaricom Plc,12.15,21.15,24.6,25.5,24.85,25.3,-0.45,1.78%,"5,331,000",-
2022-10-31,SCOM,Safaricom Plc,12.15,21.15,24.8,25.5,25.1,24.85,0.25,1.01%,"2,762,400",-
2022-11-01,SCOM,Safaricom Plc,12.15,21.15,24.95,25.1,25,25.1,-0.1,0.40%,"12,664,700",-
2022-11-02,SCOM,Safaricom Plc,12.15,21.15,24.4,25.1,24.8,25,-0.2,0.80%,"2,707,000",-
2022-11-03,SCOM,Safaricom Plc,12.15,21.15,24.5,25,24.8,24.8,-,-,"1,566,400",-
2022-11-04,SCOM,Safaricom Plc,12.15,21.15,24.5,25,24.8,24.8,-,-,"7,198,300",-
2022-11-07,SCOM,Safaricom Plc,12.15,21.15,24.55,25.1,24.95,24.8,0.15,0.60%,"443,100",-
2022-11-08,SCOM,Safaricom Plc,12.15,21.15,24.95,25.5,25,24.95,0.05,0.20%,"5,075,700",-
2022-11-09,SCOM,Safaricom Plc,12.15,21.15,25.05,25.6,25.15,25,0.15,0.60%,"1,825,300",-
2022-11-10,SCOM,Safaricom Plc,12.15,21.15,25.3,26,25.5,25.15,0.35,1.39%,"4,195,400",-
2022-11-11,SCOM,Safaricom Plc,12.15,21.15,24.95,26,25.25,25.5,-0.25,0.98%,"7,744,500",-
2022-11-14,SCOM,Safaricom Plc,12.15,21.15,24.9,26,25.1,25.25,-0.15,0.59%,"2,129,000",-
2022-11-15,SCOM,Safaricom Plc,12.15,21.15,25,25.45,25.05,25.1,-0.05,0.20%,"8,613,200",-
2022-11-16,SCOM,Safaricom Plc,12.15,21.15,25.05,25.5,25.25,25.05,0.2,0.80%,"20,419,500",-
2022-11-17,SCOM,Safaricom Plc,12.15,21.15,25.05,25.5,25.25,25.25,-,-,"5,792,100",-
2022-11-18,SCOM,Safaricom Plc,12.15,21.15,25.05,25.5,25.25,25.25,-,-,"12,424,900",-
2022-11-21,SCOM,Safaricom Plc,12.15,21.15,25.05,25.5,25.25,25.25,-,-,"12,424,900",-
2022-11-22,SCOM,Safaricom Plc,12.15,21.15,25.05,25.5,25.25,25.25,-,-,"12,424,900",-
2022-11-23,SCOM,Safaricom Plc,12.15,21.15,24.8,25.35,25,25,-,-,"4,009,000",-
2022-11-24,SCOM,Safaricom Plc,12.15,21.15,24.4,25,24.85,25,-0.15,0.60%,"1,180,300",-
2022-11-25,SCOM,Safaricom Plc,12.15,21.15,24.5,24.95,24.65,24.85,-0.2,0.80%,"499,100",-
2022-11-28,SCOM,Safaricom Plc,12.15,21.15,24.45,25,24.7,24.65,0.05,0.20%,"678,800",-
2022-11-29,SCOM,Safaricom Plc,12.15,21.15,24.25,24.8,24.45,24.7,-0.25,1.01%,"2,798,100",-
2022-11-30,SCOM,Safaricom Plc,12.15,21.15,24.2,24.7,24.35,24.45,-0.1,0.41%,"3,735,200",-
2022-12-01,SCOM,Safaricom Plc,12.15,21.15,24.4,24.8,24.5,24.35,0.15,0.62%,"323,600",-
2022-12-02,SCOM,Safaricom Plc,12.15,21.15,24.2,24.5,24.35,24.5,-0.15,0.61%,"5,275,400",-
2022-12-05,SCOM,Safaricom Plc,12.15,21.15,23,24.5,23.65,24.35,-0.7,2.87%,"3,762,700",-
2022-12-06,SCOM,Safaricom Plc,12.15,21.15,23.5,24.4,23.85,23.65,0.2,0.85%,"2,657,200",-
2022-12-07,SCOM,Safaricom Plc,12.15,21.15,23.9,25,24.1,23.85,0.25,1.05%,"3,595,800",-
2022-12-08,SCOM,Safaricom Plc,12.15,21.15,24.05,24.5,24.1,24.1,-,-,"6,624,500",-
2022-12-09,SCOM,Safaricom Plc,12.15,21.15,24.1,25,24.3,24.1,0.2,0.83%,"1,258,500",-
2022-12-13,SCOM,Safaricom Plc,12.15,21.15,24.5,25,24.75,24.3,0.45,1.85%,"876,500",-
2022-12-14,SCOM,Safaricom Plc,12.15,21.15,24.65,25.1,25,24.75,0.25,1.01%,"1,645,100",-
2022-12-15,SCOM,Safaricom Plc,12.15,21.15,24.55,25.1,24.8,25,-0.2,0.80%,"2,925,800",-
2022-12-16,SCOM,Safaricom Plc,12.15,21.15,24.75,25.3,24.95,24.8,0.15,0.60%,"4,606,000",-
2022-12-19,SCOM,Safaricom Plc,12.15,21.15,24.8,25,24.9,24.95,-0.05,0.20%,"264,400",-
2022-12-20,SCOM,Safaricom Plc,12.15,21.15,24.6,25,24.8,24.9,-0.1,0.40%,"901,200",-
2022-12-21,SCOM,Safaricom Plc,12.15,21.15,24.5,25,24.75,24.8,-0.05,0.20%,"2,791,700",-
2022-12-22,SCOM,Safaricom Plc,12.15,21.15,24.5,25,24.7,24.75,-0.05,0.20%,"1,202,000",-
2022-12-23,SCOM,Safaricom Plc,12.15,21.15,24.3,24.8,24.6,24.7,-0.1,0.40%,"624,400",-
2022-12-28,SCOM,Safaricom Plc,12.15,21.15,24.3,24.7,24.45,24.6,-0.15,0.61%,"153,100",-
2022-12-29,SCOM,Safaricom Plc,12.15,21.15,23.9,24.5,24,24.45,-0.45,1.84%,"3,306,100",-
2022-12-30,SCOM,Safaricom Plc,12.15,21.15,24,24.5,24.15,24,0.15,0.63%,"13,959,200",-
2023-01-03,SCOM,Safaricom Plc,12.15,21.15,24,24.4,24.05,24.15,-0.1,0.41%,"575,900.00",-
2023-01-04,SCOM,Safaricom Plc,12.15,21.15,23.8,24,23.9,24.05,-0.15,0.62%,"1,882,800.00",-
2023-01-05,SCOM,Safaricom Plc,12.15,21.15,23.8,24,23.9,23.9,-,-,"279,300.00",-
2023-01-06,SCOM,Safaricom Plc,12.15,21.15,23.4,23.9,23.5,23.9,-0.4,1.67%,"2,024,400.00",-
2023-01-09,SCOM,Safaricom Plc,12.15,21.15,23.15,23.9,23.35,23.5,-0.15,0.64%,"3,736,500.00",-
2023-01-10,SCOM,Safaricom Plc,12.15,21.15,22.8,23.5,22.95,23.35,-0.4,1.71%,"5,557,600.00",-
2023-01-11,SCOM,Safaricom Plc,12.15,21.15,22.5,22.85,22.65,22.95,-0.3,1.31%,"689,700.00",-
2023-01-12,SCOM,Safaricom Plc,12.15,21.15,22.15,22.5,22.25,22.65,-0.4,1.77%,"3,003,600.00",-
2023-01-13,SCOM,Safaricom Plc,12.15,21.15,21.5,22.35,22,22.25,-0.25,1.12%,"2,403,000.00",-
2023-01-16,SCOM,Safaricom Plc,12.15,21.15,21,22,21.55,22,-0.45,2.05%,"1,927,800.00",-
2023-01-17,SCOM,Safaricom Plc,12.15,21.15,21,22,21.55,22,-0.45,2.05%,"1,927,800.00",-
2023-01-18,SCOM,Safaricom Plc,12.15,21.15,20.5,21.5,20.6,21.1,-0.5,2.37%,"57,134,500.00",-
2023-01-19,SCOM,Safaricom Plc,12.15,21.15,21,22.05,21.75,20.6,1.15,5.58%,"107,510,300.00",-
2023-01-20,SCOM,Safaricom Plc,12.15,21.15,21.8,23.65,22.55,21.75,0.8,3.68%,"2,449,000.00",-
2023-01-23,SCOM,Safaricom Plc,12.15,21.15,22.5,23,23,22.55,0.45,2.00%,"2,274,700.00",-
2023-01-24,SCOM,Safaricom Plc,12.15,21.15,22.85,23.5,23.05,23,0.05,0.22%,"8,077,900.00",-
2023-01-25,SCOM,Safaricom Plc,12.15,21.15,23,24.95,23.55,23.05,0.5,2.17%,"12,920,300.00",-
2023-01-26,SCOM,Safaricom Plc,12.15,21.15,23,23.95,23.25,23.55,-0.3,1.27%,"1,304,000.00",-
2023-01-27,SCOM,Safaricom Plc,12.15,21.15,23,23.5,23.25,23.25,-,-,"622,600.00",-
2023-01-30,SCOM,Safaricom Plc,12.15,21.15,23,24,23.05,23.25,-0.2,0.86%,"847,500.00",-
2023-01-31,SCOM,Safaricom Plc,12.15,21.15,23,23.6,23.4,23.05,0.35,1.52%,"1,940,200.00",-
2023-02-01,SCOM,Safaricom Plc,12.15,21.15,23.05,24.45,24,23.4,0.6,2.56%,"7,298,100.00",-
2023-02-02,SCOM,Safaricom Plc,12.15,21.15,23.75,24.25,24,24,-,-,"2,086,300.00",-
2023-02-03,SCOM,Safaricom Plc,12.15,21.15,24.1,24.8,24.5,24,0.5,2.08%,"1,746,900.00",-
2023-02-06,SCOM,Safaricom Plc,12.15,21.15,24.25,24.95,24.45,24.5,-0.05,0.20%,"9,459,700.00",-
2023-02-07,SCOM,Safaricom Plc,12.15,21.15,23.5,24.5,24,24.45,-0.45,1.84%,"3,603,800.00",-
2023-02-08,SCOM,Safaricom Plc,12.15,21.15,23.7,24.3,24,24,-,-,"1,128,700.00",-
2023-02-09,SCOM,Safaricom Plc,12.15,21.15,23.95,24.3,24.1,24,0.1,0.42%,"1,112,900.00",-
2023-02-10,SCOM,Safaricom Plc,12.15,21.15,23.95,24.3,24.1,24,0.1,0.42%,"1,112,900.00",-
2023-02-13,SCOM,Safaricom Plc,12.15,21.15,23.55,24,23.75,23.9,-0.15,0.63%,"390,100.00",-
2023-02-14,SCOM,Safaricom Plc,12.15,21.15,23.5,23.9,23.7,23.75,-0.05,0.21%,"1,185,600.00",-
2023-02-15,SCOM,Safaricom Plc,12.15,21.15,23.5,23.7,23.7,23.7,-,-,"3,483,300.00",-
2023-02-16,SCOM,Safaricom Plc,12.15,21.15,23.5,23.7,23.6,23.7,-0.1,0.42%,"15,340,000.00",-
2023-02-17,SCOM,Safaricom Plc,12.15,21.15,23.5,23.7,23.65,23.6,0.05,0.21%,"205,400.00",-
2023-02-20,SCOM,Safaricom Plc,12.15,21.15,23.2,23.65,23.5,23.65,-0.15,0.63%,"771,800.00",-
2023-02-21,SCOM,Safaricom Plc,12.15,21.15,23,23.6,23.45,23.5,-0.05,0.21%,"1,567,800.00",-
2023-02-22,SCOM,Safaricom Plc,12.15,21.15,23.2,23.6,23.5,23.45,0.05,0.21%,"11,200,400.00",-
2023-02-23,SCOM,Safaricom Plc,12.15,21.15,23.25,23.6,23.4,23.5,-0.1,0.43%,"970,100.00",-
2023-02-24,SCOM,Safaricom Plc,12.15,21.15,23.2,23.5,23.35,23.4,-0.05,0.21%,"590,100.00",-
2023-02-27,SCOM,Safaricom Plc,12.15,21.15,22.9,23.5,23,23.35,-0.35,1.50%,"8,930,200.00",-
2023-02-28,SCOM,Safaricom Plc,12.15,21.15,23.05,23.5,23.3,23,0.3,1.30%,"3,743,300.00",-
2023-03-01,SCOM,Safaricom Plc,12.15,21.15,23,23.55,23.35,23.3,0.05,0.21%,"2,096,800.00",-
2023-03-02,SCOM,Safaricom Plc,12.15,21.15,23,23.6,23.5,23.35,0.15,0.64%,"2,949,200.00",-
2023-03-06,SCOM,Safaricom Plc,12.15,21.15,22.8,23.6,23,23.5,-0.5,2.13%,"4,611,000.00",-
2023-03-07,SCOM,Safaricom Plc,12.15,21.15,22,23,22.55,23,-0.45,1.96%,"2,794,600.00",-
2023-03-08,SCOM,Safaricom Plc,12.15,21.15,20.85,22,20.95,22.55,-1.6,7.10%,"28,703,400.00",-
2023-03-09,SCOM,Safaricom Plc,12.15,21.15,20.85,22,20.95,22.55,-1.6,7.10%,"28,703,400.00",-
2023-03-10,SCOM,Safaricom Plc,12.15,21.15,20,21,20.6,20.95,-0.35,1.67%,"1,442,700.00",-
2023-03-13,SCOM,Safaricom Plc,12.15,21.15,19.3,20.8,19.6,20.6,-1,4.85%,"3,227,200.00",-
2023-03-14,SCOM,Safaricom Plc,12.15,21.15,18.9,19.85,19.1,19.6,-0.5,2.55%,"3,589,700.00",-
2023-03-15,SCOM,Safaricom Plc,12.15,21.15,17.75,19.1,18,19.1,-1.1,5.76%,"16,825,500.00",-
2023-03-16,SCOM,Safaricom Plc,12.15,21.15,16.45,18,17,18,-1,5.56%,"39,533,700.00",-
2023-03-17,SCOM,Safaricom Plc,12.15,21.15,16.05,17.25,16.35,17,-0.65,3.82%,"78,127,900.00",-
2023-03-20,SCOM,Safaricom Plc,12.15,21.15,17,17.95,17.95,16.35,1.6,9.79%,"15,620,600.00",-
2023-03-21,SCOM,Safaricom Plc,12.15,21.15,18,19.7,18.95,17.95,1,5.57%,"37,107,400.00",-
2023-03-22,SCOM,Safaricom Plc,12.15,21.15,18.95,20,19.1,18.95,0.15,0.79%,"5,680,900.00",-
2023-03-23,SCOM,Safaricom Plc,12.15,21.15,18.55,19.4,19,19.1,-0.1,0.52%,"8,703,800.00",-
2023-03-24,SCOM,Safaricom Plc,12.15,21.15,18.5,19.4,18.9,19,-0.1,0.53%,"29,109,400.00",-
2023-03-27,SCOM,Safaricom Plc,12.15,21.15,18.75,19,18.85,18.9,-0.05,0.26%,"2,344,800.00",-
2023-03-28,SCOM,Safaricom Plc,12.15,21.15,18.4,18.9,18.5,18.85,-0.35,1.86%,"5,636,200.00",-
2023-03-29,SCOM,Safaricom Plc,12.15,21.15,18,18.85,18.5,18.5,-,-,"10,100,200.00",-
2023-03-30,SCOM,Safaricom Plc,12.15,21.15,17.8,18.5,18,18.5,-0.5,2.70%,"15,186,300.00",-
2023-03-31,SCOM,Safaricom Plc,12.15,21.15,18,18.5,18.1,18,0.1,0.56%,"1,704,000.00",-
2023-04-03,SCOM,Safaricom Plc,12.15,21.15,18.1,19,18.15,18.1,0.05,0.28%,"3,428,600.00",-
2023-04-04,SCOM,Safaricom Plc,12.15,21.15,17.95,19,18,18.15,-0.15,0.83%,"14,295,800.00",-
2023-04-05,SCOM,Safaricom Plc,12.15,21.15,18,18.5,18.05,18,0.05,0.28%,"24,080,000.00",-
2023-04-06,SCOM,Safaricom Plc,12.15,21.15,18.25,19.45,18.6,18.05,0.55,3.05%,"4,375,000.00",-
2023-04-11,SCOM,Safaricom Plc,12.15,21.15,18.25,19.45,18.6,18.05,0.55,3.05%,"4,375,000.00",-
2023-04-12,SCOM,Safaricom Plc,12.15,21.15,18.2,19,18.35,18.45,-0.1,0.54%,"2,908,300.00",-
2023-04-13,SCOM,Safaricom Plc,12.15,21.15,17.25,18.4,17.85,18.35,-0.5,2.72%,"2,163,500.00",-
2023-04-14,SCOM,Safaricom Plc,12.15,21.15,17.5,18,17.8,17.85,-0.05,0.28%,"2,620,100.00",-
2023-04-17,SCOM,Safaricom Plc,12.15,21.15,16.8,17.7,17.05,17.8,-0.75,4.21%,"3,459,200.00",-
2023-04-18,SCOM,Safaricom Plc,12.15,21.15,16.75,17.5,16.85,17.05,-0.2,1.17%,"2,256,100.00",-
2023-04-19,SCOM,Safaricom Plc,12.15,21.15,16.65,17.4,16.7,16.85,-0.15,0.89%,"4,827,100.00",-
2023-04-20,SCOM,Safaricom Plc,12.15,21.15,16.4,17.5,16.5,16.7,-0.2,1.20%,"8,316,600.00",-
2023-04-24,SCOM,Safaricom Plc,12.15,21.15,16.55,16.8,16.7,16.5,0.2,1.21%,"802,400.00",-
2023-04-25,SCOM,Safaricom Plc,12.15,21.15,16.45,17,16.5,16.7,-0.2,1.20%,"13,043,100.00",-
2023-04-26,SCOM,Safaricom Plc,12.15,21.15,16.55,17,16.7,16.5,0.2,1.21%,"1,559,200.00",-
2023-04-27,SCOM,Safaricom Plc,12.15,21.15,16.6,16.8,16.7,16.7,-,-,"616,200.00",-
2023-04-28,SCOM,Safaricom Plc,12.15,21.15,16.35,16.8,16.5,16.7,-0.2,1.20%,"10,408,200.00",-
2023-05-02,SCOM,Safaricom Plc,12.15,21.15,16.45,16.8,16.5,16.5,-,-,"937,800.00",-
2023-05-03,SCOM,Safaricom Plc,12.15,21.15,15.95,16.7,16.05,16.5,-0.45,2.73%,"12,831,200.00",-
2023-05-04,SCOM,Safaricom Plc,12.15,21.15,15.95,16.5,16.25,16.05,0.2,1.25%,"16,373,300.00",-
2023-05-05,SCOM,Safaricom Plc,12.15,21.15,15.65,16.2,15.75,16.25,-0.5,3.08%,"6,391,900.00",-
2023-05-08,SCOM,Safaricom Plc,12.15,21.15,15.7,16,15.95,15.75,0.2,1.27%,"573,100.00",-
2023-05-09,SCOM,Safaricom Plc,12.15,21.15,15.25,16,15.6,15.95,-0.35,2.19%,"3,955,000.00",-
2023-05-10,SCOM,Safaricom Plc,12.15,21.15,14.9,15.7,15.3,15.6,-0.3,1.92%,"6,690,300.00",-
2023-05-11,SCOM,Safaricom Plc,12.15,21.15,14,15.7,14.7,15.3,-0.6,3.92%,"18,694,700.00",-
2023-05-12,SCOM,Safaricom Plc,12.15,21.15,13.25,14.75,13.25,14.7,-1.45,9.86%,"41,634,500.00",-
2023-05-15,SCOM,Safaricom Plc,12.15,21.15,12.7,14.5,13,13.25,-0.25,1.89%,"22,757,400.00",-
2023-05-16,SCOM,Safaricom Plc,12.15,21.15,14.1,14.3,14.3,13,1.3,10.00%,"1,219,300.00",-
2023-05-17,SCOM,Safaricom Plc,12.15,21.15,15.2,15.7,15.5,14.3,1.2,8.39%,"18,171,800.00",-
2023-05-18,SCOM,Safaricom Plc,12.15,21.15,14.45,16.5,14.85,15.5,-0.65,4.19%,"7,282,500.00",-
2023-05-19,SCOM,Safaricom Plc,12.15,21.15,14.8,15.5,15,14.85,0.15,1.01%,"2,100,500.00",-
2023-05-22,SCOM,Safaricom Plc,12.15,21.15,14.9,15.45,15.05,15,0.05,0.33%,"2,271,800.00",-
2023-05-23,SCOM,Safaricom Plc,12.15,21.15,14.95,15.45,15.3,15.05,0.25,1.66%,"2,738,400.00",-
2023-05-24,SCOM,Safaricom Plc,12.15,21.15,15,15.35,15.25,15.3,-0.05,0.33%,"8,640,900.00",-
2023-05-25,SCOM,Safaricom Plc,12.15,21.15,15,15.35,15.05,15.25,-0.2,1.31%,"22,905,400.00",-
2023-05-26,SCOM,Safaricom Plc,12.15,21.15,14.95,15.3,15.05,15.05,-,-,"12,117,800.00",-
2023-05-29,SCOM,Safaricom Plc,12.15,21.15,14.95,15.65,15.25,15.05,0.2,1.33%,"444,100.00",-
2023-05-30,SCOM,Safaricom Plc,12.15,21.15,15.3,16.75,15.9,15.25,0.65,4.26%,"15,838,100.00",-
2023-05-31,SCOM,Safaricom Plc,12.15,21.15,16,17.3,16.6,15.9,0.7,4.40%,"10,822,100.00",-
2023-06-02,SCOM,Safaricom Plc,12.15,21.15,16.7,17.25,16.95,16.6,0.35,2.11%,"10,047,000.00",-
2023-06-05,SCOM,Safaricom Plc,12.15,21.15,16.75,17.25,16.95,16.95,-,-,"2,200,300.00",-
2023-06-06,SCOM,Safaricom Plc,12.15,21.15,16.9,17.2,17,16.95,0.05,0.29%,"3,968,700.00",-
2023-06-07,SCOM,Safaricom Plc,12.15,21.15,16.85,17,16.95,17,-0.05,0.29%,"1,410,600.00",-
2023-06-08,SCOM,Safaricom Plc,12.15,21.15,16.5,16.95,16.7,16.95,-0.25,1.47%,"1,734,900.00",-
2023-06-09,SCOM,Safaricom Plc,12.15,21.15,16.45,16.85,16.6,16.7,-0.1,0.60%,"568,400.00",-
2023-06-12,SCOM,Safaricom Plc,12.15,21.15,15.45,16.8,15.75,16.6,-0.85,5.12%,"5,374,200.00",-
2023-06-13,SCOM,Safaricom Plc,12.15,21.15,14.9,16,15.05,15.75,-0.7,4.44%,"8,512,100.00",-
2023-06-14,SCOM,Safaricom Plc,12.15,21.15,14.75,15.8,14.95,15.05,-0.1,0.66%,"3,786,800.00",-
2023-06-15,SCOM,Safaricom Plc,12.15,21.15,14.75,15.8,14.85,14.95,-0.1,0.67%,"2,369,800.00",-
2023-06-16,SCOM,Safaricom Plc,12.15,21.15,14.75,15.45,14.9,14.85,0.05,0.34%,"13,905,700.00",-
2023-06-19,SCOM,Safaricom Plc,12.15,21.15,15.45,16.3,16.05,14.9,1.15,7.72%,"477,200.00",-
2023-06-20,SCOM,Safaricom Plc,12.15,21.15,15.9,16.5,16.25,16.05,0.2,1.25%,"1,425,100.00",-
2023-06-21,SCOM,Safaricom Plc,12.15,21.15,16.4,17,16.8,16.25,0.55,3.38%,"2,504,300.00",-
2023-06-22,SCOM,Safaricom Plc,12.15,21.15,17,17.8,17.45,16.8,0.65,3.87%,"4,990,500.00",-
2023-06-23,SCOM,Safaricom Plc,12.15,21.15,17.4,17.8,17.5,17.45,0.05,0.29%,"9,481,100.00",-
2023-06-26,SCOM,Safaricom Plc,12.15,21.15,17.45,17.8,17.5,17.5,-,-,"8,518,700.00",-
2023-06-27,SCOM,Safaricom Plc,12.15,21.15,17.2,17.8,17.4,17.5,-0.1,0.57%,"867,000.00",-
2023-06-29,SCOM,Safaricom Plc,12.15,21.15,17.2,17.6,17.45,17.4,0.05,0.29%,"329,700.00",-
2023-06-30,SCOM,Safaricom Plc,12.15,21.15,17.4,17.6,17.5,17.45,0.05,0.29%,"1,626,500.00",-
2023-07-03,SCOM,Safaricom Plc,12.15,21.15,17.6,18,17.75,17.5,0.25,1.43%,"467,500.00",-
2023-07-04,SCOM,Safaricom Plc,12.15,21.15,17.6,18,17.8,17.75,0.05,0.28%,"15,905,700.00",-
2023-07-05,SCOM,Safaricom Plc,12.15,21.15,17.6,17.9,17.7,17.8,-0.1,0.56%,"2,346,400.00",-
2023-07-06,SCOM,Safaricom Plc,12.15,21.15,17.6,18.45,17.85,17.7,0.15,0.85%,"18,260,100.00",-
2023-07-07,SCOM,Safaricom Plc,12.15,21.15,18.2,19.2,18.9,17.85,1.05,5.88%,"3,157,600.00",-
2023-07-10,SCOM,Safaricom Plc,12.15,21.15,19,20,19.55,18.9,0.65,3.44%,"2,819,500.00",-
2023-07-11,SCOM,Safaricom Plc,12.15,21.15,19.4,20,19.7,19.55,0.15,0.77%,"4,534,200.00",-
2023-07-12,SCOM,Safaricom Plc,12.15,21.15,19.4,19.8,19.7,19.7,-,-,"5,111,900.00",-
2023-07-13,SCOM,Safaricom Plc,12.15,21.15,19.3,19.65,19.4,19.7,-0.3,1.52%,"437,100.00",-
2023-07-14,SCOM,Safaricom Plc,12.15,21.15,19,19.5,19.2,19.4,-0.2,1.03%,"930,500.00",-
2023-07-17,SCOM,Safaricom Plc,12.15,21.15,19,19.5,19.3,19.2,0.1,0.52%,"314,300.00",-
2023-07-18,SCOM,Safaricom Plc,12.15,21.15,18,19.4,18.55,19.3,-0.75,3.89%,"4,618,000.00",-
2023-07-19,SCOM,Safaricom Plc,12.15,21.15,18,18.55,18.15,18.55,-0.4,2.16%,"1,425,600.00",-
2023-07-20,SCOM,Safaricom Plc,12.15,21.15,18,18.2,18.05,18.15,-0.1,0.55%,"3,894,900.00",-
2023-07-21,SCOM,Safaricom Plc,12.15,21.15,17.85,18.1,18,18.05,-0.05,0.28%,"970,100.00",-
2023-07-24,SCOM,Safaricom Plc,12.15,21.15,17.6,18.05,17.85,18,-0.15,0.83%,"941,600.00",-
2023-07-25,SCOM,Safaricom Plc,12.15,21.15,16.5,17.7,16.8,17.85,-1.05,5.88%,"8,347,100.00",-
2023-07-26,SCOM,Safaricom Plc,12.15,21.15,16,16.5,16.15,16.8,-0.65,3.87%,"6,423,200.00",-
2023-07-27,SCOM,Safaricom Plc,12.15,21.15,16.55,17.7,17.25,16.15,1.1,6.81%,"784,600.00",-
2023-07-28,SCOM,Safaricom Plc,12.15,21.15,16.5,17.7,16.6,17.25,-0.65,3.77%,"208,485,900.00",-
2023-07-31,SCOM,Safaricom Plc,12.15,21.15,16.6,17.3,16.9,16.6,0.3,1.81%,"558,800.00",-
2023-08-01,SCOM,Safaricom Plc,12.15,21.15,16.6,17.6,17.35,16.9,0.45,2.66%,"3,925,500.00",-
2023-08-02,SCOM,Safaricom Plc,12.15,21.15,16.75,17.5,16.9,17.35,-0.45,2.59%,"946,700.00",-
2023-08-03,SCOM,Safaricom Plc,12.15,21.15,16.7,16.9,16.8,16.9,-0.1,0.59%,"1,753,000.00",-
2023-08-04,SCOM,Safaricom Plc,12.15,21.15,16.75,17,16.8,16.8,-,-,"597,400.00",-
2023-08-07,SCOM,Safaricom Plc,12.15,21.15,16.65,17,16.75,16.8,-0.05,0.30%,"599,700.00",-
2023-08-08,SCOM,Safaricom Plc,12.15,21.15,16,16.95,16.4,16.75,-0.35,2.09%,"4,449,000.00",-
2023-08-09,SCOM,Safaricom Plc,12.15,21.15,16.1,16.5,16.35,16.4,-0.05,0.30%,"308,100.00",-
2023-08-10,SCOM,Safaricom Plc,12.15,21.15,16,16.6,16.15,16.35,-0.2,1.22%,"1,236,200.00",-
2023-08-11,SCOM,Safaricom Plc,12.15,21.15,16,16.3,16.05,16.15,-0.1,0.62%,"5,178,900.00",-
2023-08-14,SCOM,Safaricom Plc,12.15,21.15,15.5,16.2,15.9,16.05,-0.15,0.93%,"5,431,200.00",-
2023-08-15,SCOM,Safaricom Plc,12.15,21.15,15.8,16,15.9,15.9,-,-,"2,795,500.00",-
2023-08-16,SCOM,Safaricom Plc,12.15,21.15,15,15.95,15,15.9,-0.9,5.66%,"30,962,800.00",-
2023-08-17,SCOM,Safaricom Plc,12.15,21.15,15.6,16.3,15.95,15,0.95,6.33%,"7,023,200.00",-
2023-08-18,SCOM,Safaricom Plc,12.15,21.15,15.95,16.25,16,15.95,0.05,0.31%,"1,575,200.00",-
2023-08-21,SCOM,Safaricom Plc,12.15,21.15,15.85,16.25,15.95,16,-0.05,0.31%,"975,600.00",-
2023-08-22,SCOM,Safaricom Plc,12.15,21.15,15.8,16,15.9,15.95,-0.05,0.31%,"1,019,800.00",-
2023-08-23,SCOM,Safaricom Plc,12.15,21.15,15.2,15.95,15.55,15.9,-0.35,2.20%,"3,907,600.00",-
2023-08-24,SCOM,Safaricom Plc,12.15,21.15,15.7,16,15.75,15.55,0.2,1.29%,"520,900.00",-
2023-08-25,SCOM,Safaricom Plc,12.15,21.15,15.3,15.75,15.5,15.75,-0.25,1.59%,"671,600.00",-
2023-08-28,SCOM,Safaricom Plc,12.15,21.15,15.4,15.5,15.45,15.5,-0.05,0.32%,"3,574,900.00",-
2023-08-29,SCOM,Safaricom Plc,12.15,21.15,15.35,15.5,15.45,15.45,-,-,"1,522,500.00",-
2023-08-30,SCOM,Safaricom Plc,12.15,21.15,15.4,15.7,15.5,15.45,0.05,0.32%,"5,767,600.00",-
2023-08-31,SCOM,Safaricom Plc,12.15,21.15,15.2,15.7,15.4,15.5,-0.1,0.65%,"1,497,600.00",-
2023-09-01,SCOM,Safaricom Plc,12.15,21.15,14.9,15.4,15.1,15.4,-0.3,1.95%,"2,761,200.00",-
2023-09-04,SCOM,Safaricom Plc,12.15,21.15,15,15.3,15.1,15.1,-,-,"802,900.00",-
2023-09-05,SCOM,Safaricom Plc,12.15,21.15,15.05,15.4,15.1,15.1,-,-,"11,102,200.00",-
2023-09-06,SCOM,Safaricom Plc,12.15,21.15,15.05,15.3,15.1,15.1,-,-,"23,586,000.00",-
2023-09-07,SCOM,Safaricom Plc,12.15,21.15,15.2,15.45,15.25,15.1,0.15,0.99%,"1,374,300.00",-
2023-09-08,SCOM,Safaricom Plc,12.15,21.15,15.3,16.2,15.5,15.25,0.25,1.64%,"8,584,700.00",-
2023-09-11,SCOM,Safaricom Plc,12.15,21.15,15.5,16,15.75,15.5,0.25,1.61%,"10,124,400.00",-
2023-09-12,SCOM,Safaricom Plc,12.15,21.15,15.25,16,15.35,15.75,-0.4,2.54%,"1,665,700.00",-
2023-09-13,SCOM,Safaricom Plc,12.15,21.15,14.9,15.75,15.3,15.35,-0.05,0.33%,"8,023,600.00",-
2023-09-14,SCOM,Safaricom Plc,12.15,21.15,15.25,15.95,15.5,15.3,0.2,1.31%,"15,168,100.00",-
2023-09-15,SCOM,Safaricom Plc,12.15,21.15,15.5,16,15.75,15.5,0.25,1.61%,"1,722,600.00",-
2023-09-18,SCOM,Safaricom Plc,12.15,21.15,15.45,16,15.6,15.75,-0.15,0.95%,"1,446,800.00",-
2023-09-19,SCOM,Safaricom Plc,12.15,21.15,15.2,15.7,15.4,15.6,-0.2,1.28%,"935,300.00",-
2023-09-20,SCOM,Safaricom Plc,12.15,21.15,14.95,15.5,15,15.4,-0.4,2.60%,"32,720,500.00",-
2023-09-21,SCOM,Safaricom Plc,12.15,21.15,14.85,15.3,14.95,15,-0.05,0.33%,"1,273,300.00",-
2023-09-22,SCOM,Safaricom Plc,12.15,21.15,14.9,15.3,15,14.95,0.05,0.33%,"8,289,600.00",-
2023-09-25,SCOM,Safaricom Plc,12.15,21.15,14.8,15,14.95,15,-0.05,0.33%,"2,139,000.00",-
2023-09-26,SCOM,Safaricom Plc,12.15,21.15,14.8,14.95,14.9,14.95,-0.05,0.33%,"299,700.00",-
2023-09-27,SCOM,Safaricom Plc,12.15,21.15,14.65,14.9,14.7,14.9,-0.2,1.34%,"3,180,700.00",-
2023-09-28,SCOM,Safaricom Plc,12.15,21.15,14.5,14.85,14.6,14.7,-0.1,0.68%,"2,383,000.00",-
2023-09-29,SCOM,Safaricom Plc,12.15,21.15,14.5,14.7,14.6,14.6,-,-,"2,270,500.00",-
2023-10-02,SCOM,Safaricom Plc,12.15,21.15,14.6,14.9,14.65,14.6,0.05,0.34%,"1,919,700.00",-
2023-10-03,SCOM,Safaricom Plc,12.15,21.15,14.6,14.9,14.65,14.6,0.05,0.34%,"1,919,700.00",-
2023-10-04,SCOM,Safaricom Plc,12.15,21.15,14.55,15,14.65,14.7,-0.05,0.34%,"574,900.00",-
2023-10-05,SCOM,Safaricom Plc,12.15,21.15,14.25,14.7,14.5,14.65,-0.15,1.02%,"2,483,600.00",-
2023-10-06,SCOM,Safaricom Plc,12.15,21.15,13.85,14.65,14,14.5,-0.5,3.45%,"48,233,400.00",-
2023-10-09,SCOM,Safaricom Plc,12.15,21.15,13.8,14,14,14,-,-,"809,100.00",-
2023-10-11,SCOM,Safaricom Plc,12.15,21.15,13.8,14.4,13.9,14,-0.1,0.71%,"5,405,200.00",-
2023-10-12,SCOM,Safaricom Plc,12.15,21.15,13.85,14.35,14,13.9,0.1,0.72%,"1,661,300.00",-
2023-10-13,SCOM,Safaricom Plc,12.15,21.15,13.85,14,13.95,14,-0.05,0.36%,"900,800.00",-
2023-10-16,SCOM,Safaricom Plc,12.15,21.15,13.8,14.2,13.95,13.95,-,-,"1,711,200.00",-
2023-10-17,SCOM,Safaricom Plc,12.15,21.15,13.65,14,13.8,13.95,-0.15,1.08%,"504,600.00",-
2023-10-18,SCOM,Safaricom Plc,12.15,21.15,13.65,13.95,13.8,13.8,-,-,"10,979,700.00",-
2023-10-19,SCOM,Safaricom Plc,12.15,21.15,13.7,13.8,13.8,13.8,-,-,"6,356,700.00",-
2023-10-23,SCOM,Safaricom Plc,12.15,21.15,13,13.9,13.6,13.8,-0.2,1.45%,"11,962,300.00",-
2023-10-24,SCOM,Safaricom Plc,12.15,21.15,12.7,13.75,13,13.6,-0.6,4.41%,"1,458,400.00",-
2023-10-25,SCOM,Safaricom Plc,12.15,21.15,12.3,13,12.5,13,-0.5,3.85%,"8,052,800.00",-
2023-10-26,SCOM,Safaricom Plc,12.15,21.15,12.4,12.7,12.45,12.5,-0.05,0.40%,"6,886,500.00",-
2023-10-27,SCOM,Safaricom Plc,12.15,21.15,12.5,13.3,12.5,12.45,0.05,0.40%,"72,111,600.00",-
2023-10-30,SCOM,Safaricom Plc,12.15,21.15,12.45,13,12.5,12.5,-,-,"14,855,700.00",-
2023-10-31,SCOM,Safaricom Plc,12.15,21.15,12.35,12.5,12.45,12.5,-0.05,0.40%,"2,338,500.00",-
2023-11-01,SCOM,Safaricom Plc,12.15,21.15,12.2,12.5,12.3,12.45,-0.15,1.20%,"811,900.00",-
2023-11-02,SCOM,Safaricom Plc,12.15,21.15,11.95,12.5,12.1,12.3,-0.2,1.63%,"705,400.00",-
2023-11-03,SCOM,Safaricom Plc,12.15,21.15,11.5,12,11.65,12.1,-0.45,3.72%,"5,888,700.00",-
2023-11-06,SCOM,Safaricom Plc,12.15,21.15,11.5,12.05,11.95,11.65,0.3,2.58%,"3,796,900.00",-
2023-11-07,SCOM,Safaricom Plc,12.15,21.15,11.8,12.3,12,11.95,0.05,0.42%,"12,695,600.00",-
2023-11-08,SCOM,Safaricom Plc,12.15,21.15,12.15,13.15,12.45,12,0.45,3.75%,"371,700.00",-
2023-11-09,SCOM,Safaricom Plc,12.15,21.15,12.95,13.75,13.3,12.45,0.85,6.83%,"17,306,000.00",-
2023-11-10,SCOM,Safaricom Plc,12.15,21.15,13.3,14.3,13.5,13.3,0.2,1.50%,"59,099,800.00",-
2023-11-14,SCOM,Safaricom Plc,12.15,21.15,13,14,13.3,13.5,-0.2,1.48%,"1,883,200.00",-
2023-11-15,SCOM,Safaricom Plc,12.15,21.15,13.45,13.95,13.5,13.3,0.2,1.50%,"6,066,600.00",-
2023-11-16,SCOM,Safaricom Plc,12.15,21.15,13.3,14,13.5,13.5,-,-,"3,915,000.00",-
2023-11-17,SCOM,Safaricom Plc,12.15,21.15,13.05,13.55,13.45,13.5,-0.05,0.37%,"7,093,700.00",-
2023-11-20,SCOM,Safaricom Plc,12.15,21.15,13.05,13.5,13.4,13.45,-0.05,0.37%,"2,454,400.00",-
2023-11-21,SCOM,Safaricom Plc,12.15,21.15,13.3,13.8,13.45,13.4,0.05,0.37%,"4,615,700.00",-
2023-11-22,SCOM,Safaricom Plc,12.15,21.15,13.45,14,13.7,13.45,0.25,1.86%,"3,260,900.00",-
2023-11-23,SCOM,Safaricom Plc,12.15,21.15,13.45,13.7,13.6,13.7,-0.1,0.73%,"885,500.00",-
2023-11-24,SCOM,Safaricom Plc,12.15,21.15,13.65,13.75,13.7,13.6,0.1,0.74%,"219,500.00",-
2023-11-27,SCOM,Safaricom Plc,12.15,21.15,13.35,13.8,13.45,13.7,-0.25,1.82%,"2,743,600.00",-
2023-12-01,SCOM,Safaricom Plc,12.15,21.15,14,14.4,14.05,13.45,0.6,4.46%,"1,213,300.00",-
2023-12-04,SCOM,Safaricom Plc,12.15,21.15,14,14.55,14.5,14.05,0.45,3.20%,"1,972,800.00",-
2023-12-05,SCOM,Safaricom Plc,12.15,21.15,14.5,15.2,14.8,14.5,0.3,2.07%,"8,039,500.00",-
2023-12-06,SCOM,Safaricom Plc,12.15,21.15,14.3,15.1,14.6,14.8,-0.2,1.35%,"59,683,100.00",-
2023-12-07,SCOM,Safaricom Plc,12.15,21.15,14.4,14.9,14.55,14.6,-0.05,0.34%,"1,248,800.00",-
2023-12-08,SCOM,Safaricom Plc,12.15,21.15,14.4,14.6,14.55,14.55,-,-,"2,899,700.00",-
2023-12-11,SCOM,Safaricom Plc,12.15,21.15,14.35,14.55,14.5,14.55,-0.05,0.34%,"1,768,900.00",-
2023-12-13,SCOM,Safaricom Plc,12.15,21.15,14.35,14.5,14.45,14.5,-0.05,0.34%,"14,879,800.00",-
2023-12-14,SCOM,Safaricom Plc,12.15,21.15,14.2,14.45,14.4,14.45,-0.05,0.35%,"6,830,400.00",-
2023-12-15,SCOM,Safaricom Plc,12.15,21.15,13.7,14.45,14.1,14.4,-0.3,2.08%,"753,200.00",-
2023-12-18,SCOM,Safaricom Plc,12.15,21.15,13.5,14,13.85,14.1,-0.25,1.77%,"5,857,300.00",-
2023-12-19,SCOM,Safaricom Plc,12.15,21.15,13.4,13.9,13.5,13.85,-0.35,2.53%,"11,518,300.00",-
2023-12-20,SCOM,Safaricom Plc,12.15,21.15,13.5,13.8,13.5,13.5,-,-,"6,908,500.00",-
2023-12-21,SCOM,Safaricom Plc,12.15,21.15,13.5,13.8,13.55,13.5,0.05,0.37%,"5,824,300.00",-
2023-12-22,SCOM,Safaricom Plc,12.15,21.15,13.5,13.8,13.55,13.55,-,-,"1,740,200.00",-
2023-12-27,SCOM,Safaricom Plc,12.15,21.15,13.5,14,13.6,13.55,0.05,0.37%,"14,199,200.00",-
2023-12-28,SCOM,Safaricom Plc,12.15,21.15,13.6,14.1,13.7,13.6,0.1,0.74%,"5,262,500.00",-
2023-12-29,SCOM,Safaricom Plc,12.15,21.15,13.8,14,13.9,13.7,0.2,1.46%,"396,700.00",-
2024-01-02,SCOM,Safaricom Plc,12.15,21.15,13.65,13.95,13.75,13.9,-0.15,-1.08%,"176,500.00",-
2024-01-03,SCOM,Safaricom Plc,12.15,21.15,13.6,13.9,13.65,13.75,-0.1,-0.73%,"1,666,700.00",-
2024-01-04,SCOM,Safaricom Plc,12.15,21.15,13.55,13.8,13.6,13.65,-0.05,-0.37%,"1,000,500.00",-
2024-01-05,SCOM,Safaricom Plc,12.15,21.15,13.55,14,13.6,13.6,-,-,"5,622,200.00",-
2024-01-08,SCOM,Safaricom Plc,12.15,21.15,13.55,14,13.6,13.6,-,-,"5,622,200.00",-
2024-01-09,SCOM,Safaricom Plc,12.15,21.15,13.6,14.1,13.65,13.85,-0.2,-1.44%,"2,192,400.00",-
2024-01-10,SCOM,Safaricom Plc,12.15,21.15,13.6,14.1,13.8,13.65,0.15,1.10%,"4,438,100.00",-
2024-01-11,SCOM,Safaricom Plc,12.15,21.15,13.85,14,13.9,13.8,0.1,0.72%,"10,658,100.00",-
2024-01-12,SCOM,Safaricom Plc,12.15,21.15,13.8,14.1,13.9,13.9,-,-,"440,300.00",-
2024-01-15,SCOM,Safaricom Plc,12.15,21.15,13.65,14.1,13.9,13.9,-,-,"407,100.00",-
2024-01-16,SCOM,Safaricom Plc,12.15,21.15,13.8,14.1,13.9,13.9,-,-,"2,446,300.00",-
2024-01-17,SCOM,Safaricom Plc,12.15,21.15,13.85,14.2,14,13.9,0.1,0.72%,"5,351,600.00",-
2024-01-18,SCOM,Safaricom Plc,12.15,21.15,13.9,14,13.95,14,-0.05,-0.36%,"1,274,700.00",-
2024-01-19,SCOM,Safaricom Plc,12.15,21.15,13.75,14,13.95,13.95,-,-,"11,829,000.00",-
2024-01-22,SCOM,Safaricom Plc,12.15,21.15,13.8,13.95,13.9,13.95,-0.05,-0.36%,"2,946,700.00",-
2024-01-23,SCOM,Safaricom Plc,12.15,21.15,13.7,13.95,13.8,13.9,-0.1,-0.72%,"316,400.00",-
2024-01-24,SCOM,Safaricom Plc,12.15,21.15,13.4,13.95,13.6,13.8,-0.2,-1.45%,"1,912,400.00",-
2024-01-25,SCOM,Safaricom Plc,12.15,21.15,13.2,13.5,13.45,13.6,-0.15,-1.10%,"2,189,800.00",-
2024-01-26,SCOM,Safaricom Plc,12.15,21.15,12.95,13.5,13.1,13.45,-0.35,-2.60%,"928,000.00",-
2024-01-29,SCOM,Safaricom Plc,12.15,21.15,13,13.45,13.1,13.1,-,-,"4,917,900.00",-
2024-01-30,SCOM,Safaricom Plc,12.15,21.15,13.5,13.7,13.55,13.1,0.45,3.44%,"5,800,700.00",-
2024-01-31,SCOM,Safaricom Plc,12.15,21.15,13.5,13.9,13.6,13.55,0.05,0.37%,"3,222,700.00",-
2024-02-01,SCOM,Safaricom Plc,12.15,21.15,13.5,13.9,13.6,13.55,0.05,0.37%,"3,222,700.00",-
2024-02-02,SCOM,Safaricom Plc,12.15,21.15,13.4,13.75,13.5,13.5,-,-,"6,246,000.00",-
2024-02-05,SCOM,Safaricom Plc,12.15,21.15,13.35,13.5,13.45,13.5,-0.05,-0.37%,"7,576,000.00",-
2024-02-06,SCOM,Safaricom Plc,12.15,21.15,13.4,13.5,13.45,13.45,-,-,"7,787,100.00",-
2024-02-07,SCOM,Safaricom Plc,12.15,21.15,13,13.45,13.15,13.45,-0.3,-2.23%,"1,425,100.00",-
2024-02-08,SCOM,Safaricom Plc,12.15,21.15,13,13.4,13.2,13.15,0.05,0.38%,"1,845,800.00",-
2024-02-09,SCOM,Safaricom Plc,12.15,21.15,12.95,13.2,13.05,13.2,-0.15,-1.14%,"4,896,800.00",-
2024-02-12,SCOM,Safaricom Plc,12.15,21.15,13,13.45,13.2,13.05,0.15,1.15%,"242,400.00",-
2024-02-13,SCOM,Safaricom Plc,12.15,21.15,13,13.3,13.2,13.2,-,-,"22,076,600.00",-
2024-02-14,SCOM,Safaricom Plc,12.15,21.15,12.95,13.35,13,13.2,-0.2,-1.52%,"1,334,300.00",-
2024-02-15,SCOM,Safaricom Plc,12.15,21.15,13,13.45,13.05,13,0.05,0.38%,"14,330,200.00",-
2024-02-16,SCOM,Safaricom Plc,12.15,21.15,12.95,13.5,13.1,13.05,0.05,0.38%,"11,761,400.00",-
2024-02-19,SCOM,Safaricom Plc,12.15,21.15,13.1,13.5,13.4,13.1,0.3,2.29%,"480,600.00",-
2024-02-20,SCOM,Safaricom Plc,12.15,21.15,13.35,13.6,13.5,13.4,0.1,0.75%,"494,000.00",-
2024-02-21,SCOM,Safaricom Plc,12.15,21.15,13,13.9,13.4,13.5,-0.1,-0.74%,"4,540,900.00",-
2024-02-22,SCOM,Safaricom Plc,12.15,21.15,13.3,13.5,13.4,13.4,-,-,"19,041,800.00",-
2024-02-23,SCOM,Safaricom Plc,12.15,21.15,13.35,13.7,13.4,13.4,-,-,"1,801,500.00",-
2024-02-26,SCOM,Safaricom Plc,12.15,21.15,13.35,14,13.75,13.4,0.35,2.61%,"2,030,600.00",-
2024-02-27,SCOM,Safaricom Plc,12.15,21.15,13.5,13.8,13.65,13.75,-0.1,-0.73%,"5,063,800.00",-
2024-02-28,SCOM,Safaricom Plc,12.15,21.15,13.3,13.6,13.5,13.65,-0.15,-1.10%,"13,609,500.00",-
2024-02-29,SCOM,Safaricom Plc,12.15,21.15,13.15,13.45,13.25,13.5,-0.25,-1.85%,"5,538,200.00",-
2024-03-01,SCOM,Safaricom Plc,12.15,21.15,13.3,13.9,13.5,13.25,0.25,1.89%,"11,252,100.00",-
2024-03-04,SCOM,Safaricom Plc,12.15,21.15,13.4,14.8,13.5,13.5,-,-,"2,195,300.00",-
2024-03-05,SCOM,Safaricom Plc,12.15,21.15,13.5,13.8,13.5,13.5,-,-,"10,095,000.00",-
2024-03-06,SCOM,Safaricom Plc,12.15,21.15,13.6,13.9,13.75,13.5,0.25,1.85%,"1,544,400.00",-
2024-03-07,SCOM,Safaricom Plc,12.15,21.15,13.75,13.9,13.9,13.75,0.15,1.09%,"1,017,300.00",-
2024-03-08,SCOM,Safaricom Plc,12.15,21.15,13.8,14.1,13.9,13.9,-,-,"10,298,300.00",-
2024-03-11,SCOM,Safaricom Plc,12.15,21.15,14,14.25,14.15,13.9,0.25,1.80%,"1,723,000.00",-
2024-03-12,SCOM,Safaricom Plc,12.15,21.15,14.2,14.7,14.5,14.15,0.35,2.47%,"23,289,700.00",-
2024-03-13,SCOM,Safaricom Plc,12.15,21.15,14.5,14.65,14.6,14.5,0.1,0.69%,"37,153,100.00",-
2024-03-14,SCOM,Safaricom Plc,12.15,21.15,14.6,15.2,15,14.6,0.4,2.74%,"42,418,700.00",-
2024-03-15,SCOM,Safaricom Plc,12.15,21.15,14.6,15.2,15,14.6,0.4,2.74%,"42,418,700.00",-
2024-03-18,SCOM,Safaricom Plc,12.15,21.15,14.3,15.4,14.6,15.2,-0.6,-3.95%,"9,307,800.00",-
2024-03-19,SCOM,Safaricom Plc,12.15,21.15,14.55,15,14.8,14.6,0.2,1.37%,"3,772,800.00",-
2024-03-20,SCOM,Safaricom Plc,12.15,21.15,14.9,15.85,15.4,14.8,0.6,4.05%,"5,257,500.00",-
2024-03-21,SCOM,Safaricom Plc,12.15,21.15,15.7,16.85,16.15,15.4,0.75,4.87%,"6,160,500.00",-
2024-03-22,SCOM,Safaricom Plc,12.15,21.15,16.3,17.2,16.75,16.15,0.6,3.72%,"20,780,000.00",-
2024-03-25,SCOM,Safaricom Plc,12.15,21.15,16.8,18.15,17.6,16.75,0.85,5.07%,"104,525,300.00",-
2024-03-26,SCOM,Safaricom Plc,12.15,21.15,18,19.35,19.25,17.6,1.65,9.38%,"5,313,500.00",-
2024-03-27,SCOM,Safaricom Plc,12.15,21.15,18.15,21.15,19.3,19.25,0.05,0.26%,"7,005,400.00",-
2024-03-28,SCOM,Safaricom Plc,12.15,21.15,17.4,19.5,17.75,19.3,-1.55,-8.03%,"13,614,000.00",-
2024-04-02,SCOM,Safaricom Plc,12.15,21.15,16.5,18.2,17.55,17.75,-0.2,-1.13%,"7,807,300.00",-
2024-04-03,SCOM,Safaricom Plc,12.15,21.15,17.5,18,18,17.55,0.45,2.56%,"16,829,500.00",-
2024-04-04,SCOM,Safaricom Plc,12.15,21.15,17.5,17.85,17.7,18,-0.3,-1.67%,"6,958,200.00",-
2024-04-05,SCOM,Safaricom Plc,12.15,21.15,17,18.05,17.55,17.7,-0.15,-0.85%,"5,390,900.00",-
2024-04-08,SCOM,Safaricom Plc,12.15,21.15,16.5,17.5,16.8,17.55,-0.75,-4.27%,"6,289,300.00",-
2024-04-09,SCOM,Safaricom Plc,12.15,21.15,16.3,17,16.65,16.8,-0.15,-0.89%,"8,563,600.00",-
2024-04-11,SCOM,Safaricom Plc,12.15,21.15,16.5,16.75,16.65,16.65,-,-,"4,093,000.00",-
2024-04-12,SCOM,Safaricom Plc,12.15,21.15,16.5,17.2,16.95,16.65,0.3,1.80%,"3,761,800.00",-
2024-04-15,SCOM,Safaricom Plc,12.15,21.15,17,17.3,17.05,16.95,0.1,0.59%,"5,336,200.00",-
2024-04-16,SCOM,Safaricom Plc,12.15,21.15,16.9,17.5,16.95,17.05,-0.1,-0.59%,"941,100.00",-
2024-04-17,SCOM,Safaricom Plc,12.15,21.15,16,16.95,16.75,16.95,-0.2,-1.18%,"10,621,700.00",-
2024-04-18,SCOM,Safaricom Plc,12.15,21.15,16.3,16.9,16.35,16.75,-0.4,-2.39%,"1,278,400.00",-
2024-04-19,SCOM,Safaricom Plc,12.15,21.15,15.9,16.5,16,16.35,-0.35,-2.14%,"11,548,000.00",-
2024-04-22,SCOM,Safaricom Plc,12.15,21.15,16,16.3,16.1,16,0.1,0.63%,"426,400.00",-
2024-04-23,SCOM,Safaricom Plc,12.15,21.15,16.05,17,16.25,16.1,0.15,0.93%,"5,562,200.00",-
2024-04-24,SCOM,Safaricom Plc,12.15,21.15,16.2,16.8,16.35,16.25,0.1,0.62%,"912,400.00",-
2024-04-25,SCOM,Safaricom Plc,12.15,21.15,16.2,16.5,16.35,16.35,-,-,"3,116,100.00",-
2024-04-26,SCOM,Safaricom Plc,12.15,21.15,16.2,16.5,16.3,16.35,-0.05,-0.31%,"1,809,200.00",-
2024-04-29,SCOM,Safaricom Plc,12.15,21.15,15.75,16.3,16,16.3,-0.3,-1.84%,"4,777,400.00",-
2024-04-30,SCOM,Safaricom Plc,12.15,21.15,15.75,16,15.95,16,-0.05,-0.31%,"616,000.00",-
2024-05-02,SCOM,Safaricom Plc,12.15,21.15,15.9,16.2,16,15.95,0.05,0.31%,"1,898,700.00",-
2024-05-03,SCOM,Safaricom Plc,12.15,21.15,15.85,16,15.95,16,-0.05,-0.31%,"1,483,800.00",-
2024-05-06,SCOM,Safaricom Plc,12.15,21.15,15.7,15.95,15.75,15.95,-0.2,-1.25%,"898,500.00",-
2024-05-07,SCOM,Safaricom Plc,12.15,21.15,15.5,15.85,15.65,15.75,-0.1,-0.63%,"5,009,400.00",-
2024-05-08,SCOM,Safaricom Plc,12.15,21.15,15.75,17,15.95,15.65,0.3,1.92%,"7,641,200.00",-
2024-05-09,SCOM,Safaricom Plc,12.15,21.15,16,17.4,16.5,15.95,0.55,3.45%,"2,783,300.00",-
2024-05-13,SCOM,Safaricom Plc,12.15,21.15,16.55,17.85,17.35,16.5,0.85,5.15%,"1,325,500.00",-
2024-05-14,SCOM,Safaricom Plc,12.15,21.15,17.05,17.75,17.35,17.35,-,-,"2,381,100.00",-
2024-05-15,SCOM,Safaricom Plc,12.15,21.15,17,17.35,17.25,17.35,-0.1,-0.58%,"5,723,200.00",-
2024-05-16,SCOM,Safaricom Plc,12.15,21.15,17,17.35,17.25,17.25,-,-,"526,000.00",-
2024-05-17,SCOM,Safaricom Plc,12.15,21.15,17.25,17.8,17.4,17.25,0.15,0.87%,"667,900.00",-
2024-05-20,SCOM,Safaricom Plc,12.15,21.15,17.5,18.15,17.95,17.4,0.55,3.16%,"5,743,900.00",-
2024-05-21,SCOM,Safaricom Plc,12.15,21.15,18,18.45,18.3,17.95,0.35,1.95%,"5,896,900.00",-
2024-05-22,SCOM,Safaricom Plc,12.15,21.15,18.4,19.05,18.9,18.3,0.6,3.28%,"16,527,700.00",-
2024-05-23,SCOM,Safaricom Plc,12.15,21.15,17.85,18.7,18,18.9,-0.9,-4.76%,"13,520,200.00",-
2024-05-24,SCOM,Safaricom Plc,12.15,21.15,17.5,18,17.75,18,-0.25,-1.39%,"8,426,400.00",-
2024-05-27,SCOM,Safaricom Plc,12.15,21.15,17.7,18,17.8,17.75,0.05,0.28%,"775,800.00",-
2024-05-28,SCOM,Safaricom Plc,12.15,21.15,17.7,18.7,18.5,17.8,0.7,3.93%,"30,893,800.00",-
2024-05-29,SCOM,Safaricom Plc,12.15,21.15,18.05,18.75,18.35,18.5,-0.15,-0.81%,"18,215,900.00",-
2024-05-30,SCOM,Safaricom Plc,12.15,21.15,18,18.35,18.05,18.35,-0.3,-1.63%,"11,478,800.00",-
2024-05-31,SCOM,Safaricom Plc,11.5,21.15,17.85,18.2,17.9,18.05,-0.15,-0.83%,"12,864,800.00",-
2024-06-03,SCOM,Safaricom Plc,12.15,21.15,17.95,18.5,18,17.9,0.1,0.56%,"6,821,200.00",-
2024-06-04,SCOM,Safaricom Plc,12.15,21.15,18,18.15,18,18,-,-,"3,279,500.00",-
2024-06-05,SCOM,Safaricom Plc,12.15,21.15,18,18.2,18.05,18,0.05,0.28%,"5,474,800.00",-
2024-06-06,SCOM,Safaricom Plc,12.15,21.15,18,18.7,18.35,18.05,0.3,1.66%,"4,895,200.00",-
2024-06-07,SCOM,Safaricom Plc,12.15,21.15,18.25,18.35,18.35,18.35,-,-,"3,250,900.00",-
2024-06-10,SCOM,Safaricom Plc,12.15,21.15,18,18.35,18.1,18.35,-0.25,-1.36%,"270,300.00",-
2024-06-11,SCOM,Safaricom Plc,12.15,21.15,18,18.15,18.05,18.1,-0.05,-0.28%,"9,094,600.00",-
2024-06-12,SCOM,Safaricom Plc,12.15,21.15,18,18.2,18.1,18.05,0.05,0.28%,"8,259,700.00",-
2024-06-13,SCOM,Safaricom Plc,12.15,21.15,18,18.25,18.1,18.1,-,-,"7,702,600.00",-
2024-06-14,SCOM,Safaricom Plc,12.15,21.15,18.1,18.35,18.2,18.1,0.1,0.55%,"241,300.00",-
2024-06-18,SCOM,Safaricom Plc,12.15,21.15,18.1,18.45,18.3,18.2,0.1,0.55%,"1,250,100.00",-
2024-06-19,SCOM,Safaricom Plc,12.15,21.15,18.05,18.7,18.5,18.3,0.2,1.09%,"4,109,900.00",-
2024-06-20,SCOM,Safaricom Plc,12.15,21.15,18.5,18.8,18.7,18.5,0.2,1.08%,"6,462,600.00",-
2024-06-21,SCOM,Safaricom Plc,12.15,21.15,18.05,18.55,18.15,18.7,-0.55,-2.94%,"3,081,600.00",-
2024-06-24,SCOM,Safaricom Plc,12.15,21.15,17.95,18.3,18.1,18.15,-0.05,-0.28%,"2,153,700.00",-
2024-06-25,SCOM,Safaricom Plc,12.15,21.15,17.95,18.5,18.05,18.1,-0.05,-0.28%,"2,368,100.00",-
2024-06-26,SCOM,Safaricom Plc,11.5,21.15,17.6,18.05,17.85,18.05,-0.2,-1.11%,"15,357,100.00",-
2024-06-27,SCOM,Safaricom Plc,11.5,21.15,16.95,17.8,17.2,17.85,-0.65,-3.64%,"3,790,800.00",-
2024-06-28,SCOM,Safaricom Plc,12.15,21.15,16.8,17.6,17.3,17.2,0.1,0.58%,"6,538,000.00",-
2024-07-01,SCOM,Safaricom Plc,11.5,21.15,17.3,17.8,17.45,17.3,0.15,0.87%,"1,359,700.00",-
2024-07-02,SCOM,Safaricom Plc,11.5,21.15,17.3,17.7,17.4,17.45,-0.05,-0.29%,"5,078,000.00",-
2024-07-03,SCOM,Safaricom Plc,11.5,21.15,17.3,17.5,17.35,17.4,-0.05,-0.29%,"6,918,000.00",-
2024-07-04,SCOM,Safaricom Plc,11.5,21.15,17.1,17.8,17.2,17.35,-0.15,-0.86%,"5,027,500.00",-
2024-07-05,SCOM,Safaricom Plc,11.5,21.15,17.1,17.5,17.3,17.2,0.1,0.58%,"2,170,700.00",-
2024-07-08,SCOM,Safaricom Plc,11.5,21.15,17.2,17.5,17.3,17.3,-,-,"5,022,400.00",-
2024-07-09,SCOM,Safaricom Plc,11.5,21.15,17.2,17.5,17.3,17.3,-,-,"2,397,400.00",-
2024-07-10,SCOM,Safaricom Plc,11.5,21.15,16.9,17.3,17.1,17.3,-0.2,-1.16%,"1,644,600.00",-
2024-07-11,SCOM,Safaricom Plc,11.5,21.15,17,17.2,17.05,17.1,-0.05,-0.29%,"6,594,100.00",-
2024-07-12,SCOM,Safaricom Plc,11.5,21.15,17.05,17.15,17.05,17.05,-,-,"6,048,400.00",-
2024-07-15,SCOM,Safaricom Plc,11.5,21.15,16.95,17.15,17,17.05,-0.05,-0.29%,"11,160,600.00",-
2024-07-16,SCOM,Safaricom Plc,11.5,21.15,16.95,17.15,17,17,-,-,"928,800.00",-
2024-07-17,SCOM,Safaricom Plc,11.5,21.15,16.6,17,16.75,17,-0.25,-1.47%,"1,146,200.00",-
2024-07-18,SCOM,Safaricom Plc,11.5,21.15,16.3,16.9,16.45,16.75,-0.3,-1.79%,"1,016,500.00",-
2024-07-19,SCOM,Safaricom Plc,11.5,21.15,16.3,16.45,16.4,16.45,-0.05,-0.30%,"432,500.00",-
2024-07-22,SCOM,Safaricom Plc,11.5,21.15,16.2,16.45,16.2,16.4,-0.2,-1.22%,"5,541,900.00",-
2024-07-23,SCOM,Safaricom Plc,11.5,21.15,16,16.3,16.15,16.2,-0.05,-0.31%,"6,812,200.00",-
2024-07-24,SCOM,Safaricom Plc,11.5,21.15,15.55,16.2,15.95,16.15,-0.2,-1.24%,"5,218,800.00",-
2024-07-25,SCOM,Safaricom Plc,11.5,21.15,15.05,15.95,15.55,15.95,-0.4,-2.51%,"21,303,400.00",-
2024-07-26,SCOM,Safaricom Plc,11.5,21.15,15.05,15.5,15.1,15.55,-0.45,-2.89%,"25,624,900.00",-
2024-07-29,SCOM,Safaricom Plc,11.5,21.15,15.2,16,15.3,15.1,0.2,1.32%,"3,487,600.00",-
2024-07-30,SCOM,Safaricom Plc,11.5,21.15,15.6,16.5,16,15.3,0.7,4.58%,"5,675,600.00",-
2024-07-31,SCOM,Safaricom Plc,11.5,21.15,15.7,16,15.9,16,-0.1,-0.63%,"883,400.00",-
2024-08-01,SCOM,Safaricom Plc,11.5,21.15,15.1,15.8,15.35,15.9,-0.55,-3.46%,"1,895,000.00",-
2024-08-02,SCOM,Safaricom Plc,11.5,21.15,14.95,15.35,15.05,15.35,-0.3,-1.95%,"14,638,300.00",-
2024-08-05,SCOM,Safaricom Plc,11.5,21.15,14.2,15,14.4,15.05,-0.65,-4.32%,"12,414,600.00",-
2024-08-06,SCOM,Safaricom Plc,11.5,21.15,14.5,15,14.85,14.4,0.45,3.13%,"4,266,600.00",-
2024-08-07,SCOM,Safaricom Plc,11.5,21.15,14.5,14.95,14.7,14.85,-0.15,-1.01%,"3,229,000.00",-
2024-08-08,SCOM,Safaricom Plc,11.5,21.15,14.65,14.9,14.75,14.7,0.05,0.34%,"9,072,900.00",-
2024-08-09,SCOM,Safaricom Plc,11.5,21.15,14.75,15,14.8,14.75,0.05,0.34%,"1,643,200.00",-
2024-08-12,SCOM,Safaricom Plc,11.5,21.15,14.7,15,14.8,14.8,-,-,"8,245,700.00",-
2024-08-13,SCOM,Safaricom Plc,11.5,21.15,14.55,15,14.65,14.8,-0.15,-1.01%,"5,494,700.00",-
2024-08-14,SCOM,Safaricom Plc,11.5,21.15,14.55,14.75,14.6,14.65,-0.05,-0.34%,"6,745,000.00",-
2024-08-15,SCOM,Safaricom Plc,11.5,21.15,14.6,15,14.75,14.6,0.15,1.03%,"407,200.00",-
2024-08-16,SCOM,Safaricom Plc,11.5,21.15,14.7,15.2,14.85,14.75,0.1,0.68%,"3,081,800.00",-
2024-08-19,SCOM,Safaricom Plc,11.5,21.15,14.85,15.2,14.95,14.85,0.1,0.67%,"9,567,900.00",-
2024-08-20,SCOM,Safaricom Plc,11.5,21.15,14.95,15.2,15,14.95,0.05,0.33%,"2,548,300.00",-
2024-08-21,SCOM,Safaricom Plc,11.5,21.15,14.9,15.15,15,15,-,-,"14,014,000.00",-
2024-08-22,SCOM,Safaricom Plc,11.5,21.15,15,15.15,15.05,15,0.05,0.33%,"452,900.00",-
2024-08-23,SCOM,Safaricom Plc,11.5,21.15,15,15.2,15,15.05,-0.05,-0.33%,"2,522,800.00",-
2024-08-26,SCOM,Safaricom Plc,11.5,21.15,14.8,15.1,14.9,15,-0.1,-0.67%,"471,000.00",-
2024-08-27,SCOM,Safaricom Plc,11.5,21.15,14.5,14.95,14.8,14.9,-0.1,-0.67%,"7,508,200.00",-
2024-08-28,SCOM,Safaricom Plc,11.5,21.15,14.4,14.85,14.55,14.8,-0.25,-1.69%,"17,813,000.00",-
2024-08-29,SCOM,Safaricom Plc,11.5,21.15,14.4,14.75,14.5,14.55,-0.05,-0.34%,"28,426,800.00",-
2024-08-30,SCOM,Safaricom Plc,11.5,21.15,14.4,14.9,14.5,14.5,-,-,"35,609,800.00",-
2024-09-02,SCOM,Safaricom Plc,11.5,21.15,14.5,14.95,14.7,14.5,0.2,1.38%,"7,264,400.00",-
2024-09-03,SCOM,Safaricom Plc,11.5,21.15,14.5,15,14.7,14.7,-,-,"14,355,600.00",-
2024-09-04,SCOM,Safaricom Plc,11.5,21.15,14.5,15,14.7,14.7,-,-,"17,825,000.00",-
2024-09-05,SCOM,Safaricom Plc,11.5,21.15,14.75,14.9,14.9,14.7,0.2,1.36%,"8,917,300.00",-
2024-09-06,SCOM,Safaricom Plc,11.5,21.15,14.7,15,14.8,14.9,-0.1,-0.67%,"1,949,200.00",-
2024-09-09,SCOM,Safaricom Plc,11.5,21.15,14.7,15,14.85,14.8,0.05,0.34%,"590,600.00",-
2024-09-10,SCOM,Safaricom Plc,11.5,21.15,14.9,15.65,15.15,14.85,0.3,2.02%,"1,208,200.00",-
2024-09-11,SCOM,Safaricom Plc,11.5,21.15,15.2,15.5,15.3,15.15,0.15,0.99%,"11,419,000.00",-
2024-09-12,SCOM,Safaricom Plc,11.5,21.15,14.9,15.45,15,15.3,-0.3,-1.96%,"1,594,100.00",-
2024-09-13,SCOM,Safaricom Plc,11.5,21.15,15,15.5,15.3,15,0.3,2.00%,"164,300.00",-
2024-09-16,SCOM,Safaricom Plc,11.5,21.15,15.05,15.55,15.45,15.3,0.15,0.98%,"924,500.00",-
2024-09-17,SCOM,Safaricom Plc,11.5,21.15,15.2,15.5,15.3,15.45,-0.15,-0.97%,"3,420,600.00",-
2024-09-18,SCOM,Safaricom Plc,11.5,21.15,15.1,15.4,15.25,15.3,-0.05,-0.33%,"12,453,100.00",-
2024-09-19,SCOM,Safaricom Plc,11.5,21.15,15.1,15.3,15.2,15.25,-0.05,-0.33%,"724,800.00",-
2024-09-20,SCOM,Safaricom Plc,11.5,21.15,14.9,15.25,15,15.2,-0.2,-1.32%,"5,714,000.00",-
2024-09-23,SCOM,Safaricom Plc,11.5,21.15,14.95,15.3,15,15,-,-,"1,872,100.00",-
2024-09-24,SCOM,Safaricom Plc,11.5,21.15,14.95,15.2,15,15,-,-,"1,335,400.00",-
2024-09-25,SCOM,Safaricom Plc,11.5,21.15,14.95,15.2,15.1,15,0.1,0.67%,"4,168,900.00",-
2024-09-26,SCOM,Safaricom Plc,11.5,21.15,15,15.1,15.05,15.1,-0.05,-0.33%,"306,900.00",-
2024-09-27,SCOM,Safaricom Plc,11.5,21.15,14.95,15.1,15.05,15.05,-,-,"586,100.00",-
2024-09-30,SCOM,Safaricom Plc,11.5,21.15,14.95,15.1,15,15.05,-0.05,-0.33%,"320,700.00",-
2024-10-01,SCOM,Safaricom Plc,11.5,21.15,14.95,15,15,15,-,-,"7,388,400.00",-
2024-10-02,SCOM,Safaricom Plc,12.15,21.15,14.9,15.1,15,15,-,-,"26,384,900.00",-
2024-10-03,SCOM,Safaricom Plc,12.15,21.15,14.95,15.1,15,15,-,-,"2,825,600.00",-
2024-10-04,SCOM,Safaricom Plc,12.15,21.15,14.95,15.1,15,15,-,-,"227,400.00",-
2024-10-07,SCOM,Safaricom Plc,12.15,21.15,14.9,15,14.95,15,-0.05,-0.33%,"5,648,100.00",-
2024-10-08,SCOM,Safaricom Plc,12.15,21.15,14.85,15,14.9,14.95,-0.05,-0.33%,"423,000.00",-
2024-10-09,SCOM,Safaricom Plc,11.5,21.15,14.9,15.3,15,14.9,0.1,0.67%,"10,071,400.00",-
2024-10-11,SCOM,Safaricom Plc,11.5,21.15,15,15.5,15.3,15,0.3,2.00%,"14,669,600.00",-
2024-10-14,SCOM,Safaricom Plc,11.5,21.15,15.2,15.95,15.5,15.3,0.2,1.31%,"432,500.00",-
2024-10-15,SCOM,Safaricom Plc,11.5,21.15,15.2,15.5,15.35,15.5,-0.15,-0.97%,"224,900.00",-
2024-10-16,SCOM,Safaricom Plc,11.5,21.15,15.4,15.6,15.55,15.35,0.2,1.30%,"693,300.00",-
2024-10-17,SCOM,Safaricom Plc,11.5,21.15,15.4,15.95,15.55,15.55,-,-,"5,660,600.00",-
2024-10-18,SCOM,Safaricom Plc,11.5,21.15,15.5,16.3,15.85,15.55,0.3,1.93%,"477,000.00",-
2024-10-22,SCOM,Safaricom Plc,11.5,21.15,15.6,16.15,15.85,15.85,-,-,"22,586,600.00",-
2024-10-23,SCOM,Safaricom Plc,11.5,21.15,15.9,16.25,16.15,15.85,0.3,1.89%,"4,846,200.00",-
2024-10-24,SCOM,Safaricom Plc,11.5,21.15,15.6,16.3,16.15,16.15,-,-,"4,563,000.00",-
2024-10-25,SCOM,Safaricom Plc,11.5,21.15,16.1,16.7,16.5,16.15,0.35,2.17%,"4,796,700.00",-
2024-10-28,SCOM,Safaricom Plc,11.5,21.15,16.5,17,16.75,16.5,0.25,1.52%,"3,931,300.00",-
2024-10-29,SCOM,Safaricom Plc,11.5,21.15,16.9,17.65,17.4,16.75,0.65,3.88%,"12,200,600.00",-
2024-10-30,SCOM,Safaricom Plc,11.5,21.15,16.85,17.5,17.35,17.4,-0.05,-0.29%,"8,426,900.00",-
2024-10-31,SCOM,Safaricom Plc,11.5,21.15,16.5,17.2,16.75,17.35,-0.6,-3.46%,"2,409,300.00",-
2024-11-04,SCOM,Safaricom Plc,11.5,21.15,16.25,16.8,16.7,16.75,-0.05,-0.30%,"5,049,800.00",-
2024-11-05,SCOM,Safaricom Plc,11.5,21.15,16.3,16.7,16.45,16.7,-0.25,-1.50%,"1,548,000.00",-
2024-11-06,SCOM,Safaricom Plc,11.8,21.15,16.2,16.45,16.35,16.45,-0.1,-0.61%,"868,700.00",-
2024-11-07,SCOM,Safaricom Plc,12.15,21.15,15.1,16.5,15.7,16.35,-0.65,-3.98%,"10,478,000.00",-
2024-11-08,SCOM,Safaricom Plc,12.15,21.15,15.5,15.9,15.65,15.7,-0.05,-0.32%,"3,815,500.00",-
2024-11-11,SCOM,Safaricom Plc,12.95,21.15,15.15,15.7,15.4,15.65,-0.25,-1.60%,"675,500.00",-
2024-11-12,SCOM,Safaricom Plc,12.95,21.15,15.2,15.5,15.3,15.4,-0.1,-0.65%,"5,287,200.00",-
2024-11-13,SCOM,Safaricom Plc,12.95,21.15,15.2,15.5,15.3,15.3,-,-,"2,990,000.00",-
2024-11-14,SCOM,Safaricom Plc,12.95,21.15,15.15,15.5,15.25,15.3,-0.05,-0.33%,"3,024,300.00",-
2024-11-15,SCOM,Safaricom Plc,12.95,21.15,15.1,15.3,15.15,15.25,-0.1,-0.66%,"2,598,600.00",-
2024-11-18,SCOM,Safaricom Plc,12.95,21.15,14.9,15.25,15,15.15,-0.15,-0.99%,"2,583,000.00",-
2024-11-19,SCOM,Safaricom Plc,12.95,21.15,14.5,15,14.9,15,-0.1,-0.67%,"12,136,100.00",-
2024-11-20,SCOM,Safaricom Plc,12.95,21.15,14.6,15,14.8,14.9,-0.1,-0.67%,"3,811,100.00",-
2024-11-21,SCOM,Safaricom Plc,12.95,21.15,14.85,15.3,14.9,14.8,0.1,0.68%,"8,231,600.00",-
2024-11-22,SCOM,Safaricom Plc,12.95,21.15,14.85,15,14.9,14.9,-,-,"10,138,100.00",-
2024-11-25,SCOM,Safaricom Plc,12.95,21.15,14.7,15,14.85,14.9,-0.05,-0.34%,"17,256,100.00",-
2024-11-26,SCOM,Safaricom Plc,12.95,21.15,14.55,14.85,14.65,14.85,-0.2,-1.35%,"11,698,000.00",-
2024-11-27,SCOM,Safaricom Plc,12.95,21.15,14.1,14.7,14.4,14.65,-0.25,-1.71%,"7,534,300.00",-
2024-11-28,SCOM,Safaricom Plc,12.95,21.15,14.2,15,14.4,14.4,-,-,"53,244,400.00",-
2024-11-29,SCOM,Safaricom Plc,12.95,21.15,14.55,15.7,15,14.4,0.6,4.17%,"6,528,500.00",-
2024-12-02,SCOM,Safaricom Plc,12.95,21.15,15.15,15.8,15.35,15,0.35,2.33%,"13,041,100.00",-
2024-12-03,SCOM,Safaricom Plc,12.95,21.15,15.1,15.5,15.25,15.35,-0.1,-0.65%,"7,372,900.00",-
2024-12-04,SCOM,Safaricom Plc,12.95,21.15,15.1,15.65,15.4,15.25,0.15,0.98%,"1,694,500.00",-
2024-12-05,SCOM,Safaricom Plc,12.95,21.15,15.4,16.05,15.95,15.4,0.55,3.57%,"8,256,100.00",-
2024-12-06,SCOM,Safaricom Plc,12.95,21.15,15.6,16.65,16.25,15.95,0.3,1.88%,"1,157,400.00",-
2024-12-09,SCOM,Safaricom Plc,12.95,21.15,16.25,16.7,16.55,16.25,0.3,1.85%,"2,266,500.00",-
2024-12-10,SCOM,Safaricom Plc,12.95,21.15,16.65,17.95,17.6,16.55,1.05,6.34%,"31,627,500.00",-
2024-12-11,SCOM,Safaricom Plc,12.95,21.15,16.6,17.5,17,17.6,-0.6,-3.41%,"45,870,800.00",-
2024-12-13,SCOM,Safaricom Plc,12.95,21.15,16.25,17.2,17,17,-,-,"4,285,900.00",-
2024-12-16,SCOM,Safaricom Plc,12.95,21.15,17,17.3,17.1,17,0.1,0.59%,"1,990,100.00",-
2024-12-17,SCOM,Safaricom Plc,12.95,21.15,17.1,17.5,17.25,17.1,0.15,0.88%,"1,474,800.00",-
2024-12-18,SCOM,Safaricom Plc,12.95,21.15,17.25,17.7,17.6,17.25,0.35,2.03%,"13,539,600.00",-
2024-12-19,SCOM,Safaricom Plc,12.95,21.15,17.45,17.7,17.6,17.6,-,-,"17,685,600.00",-
2024-12-20,SCOM,Safaricom Plc,12.95,21.15,17.4,17.7,17.6,17.6,-,-,"15,607,800.00",-
2024-12-23,SCOM,Safaricom Plc,12.95,21.15,17.15,17.7,17.5,17.6,-0.1,-0.57%,"195,000.00",-
2024-12-24,SCOM,Safaricom Plc,12.95,21.15,17.05,17.5,17.2,17.5,-0.3,-1.71%,"169,800.00",-
2024-12-27,SCOM,Safaricom Plc,12.95,21.15,17.05,17.5,17.1,17.2,-0.1,-0.58%,"283,900.00",-
2024-12-30,SCOM,Safaricom Plc,12.95,21.15,17.05,17.5,17.15,17.1,0.05,0.29%,"935,100.00",-
2024-12-31,SCOM,Safaricom Plc,12.95,21.15,17,17.35,17.05,17.15,-0.1,-0.58%,"1,243,600.00",-
