DATE,Day Price,Change%,12m Low,12m High,Day Low,Day High,Previous,Volume_log,MA_5,STD_5,MA_12,STD_12,MA_50,STD_50,MA_200,STD_200,MA_5_vs_MA_50,MA_12_vs_MA_200,HighVol_5_vs_50,Daily_Range
2013-01-03,31.0,9.8e-05,33.75,55.5,30.25,31.5,30.25,13.58029569059718,30.625,0.5303300858899106,30.625,0.5303300858899106,30.625,0.5303300858899106,30.625,0.5303300858899106,0,0,0,1.25
2013-01-04,31.0,0.000194,33.75,55.5,31.0,31.5,31.0,15.476534911814136,30.75,0.4330127018922193,30.75,0.4330127018922193,30.75,0.4330127018922193,30.75,0.4330127018922193,0,0,0,0.5
2013-01-07,31.0,0.0001899999999999,33.75,55.5,30.25,31.5,31.0,14.527332769538281,30.8125,0.375,30.8125,0.375,30.8125,0.375,30.8125,0.375,0,0,0,1.25
2013-01-08,31.0,0.0004669999999999,33.75,55.5,30.25,31.25,31.0,13.365467974838342,30.85,0.33541019662496835,30.85,0.33541019662496835,30.85,0.33541019662496835,30.85,0.33541019662496835,0,0,0,1.0
2013-01-09,31.25,0.0003569999999999,33.75,55.5,31.0,32.0,31.0,14.321726171945155,31.05,0.11180339887498929,30.916666666666668,0.34156502553198625,30.916666666666668,0.34156502553198625,30.916666666666668,0.34156502553198625,1,0,0,1.0
2013-01-10,31.75,0.000345,33.75,55.5,31.5,32.25,31.25,14.239274548932379,31.2,0.32596012026013255,31.035714285714285,0.4432026302139584,31.035714285714285,0.4432026302139584,31.035714285714285,0.4432026302139584,1,0,0,0.75
2013-01-11,32.75,0.0,33.75,55.5,31.5,33.25,31.75,15.086646841458965,31.55,0.7373940601876312,31.25,0.7319250547113985,31.25,0.7319250547113985,31.25,0.7319250547113985,1,0,1,1.75
2013-01-14,33.25,0.0,33.75,55.5,33.0,35.0,32.75,13.012104216284092,32.0,0.9682458365518541,31.47222222222222,0.9556120784316412,31.47222222222222,0.9556120784316412,31.47222222222222,0.9556120784316412,1,0,1,2.0
2013-01-15,34.25,8.9e-05,33.75,55.5,33.5,35.0,33.25,13.925799807433851,32.65,1.1937336386313324,31.75,1.2583057392117898,31.75,1.2583057392117898,31.75,1.2583057392117898,1,0,0,1.5
2013-01-16,34.5,0.000177,33.75,55.5,33.25,35.0,34.25,14.699898153792505,33.3,1.1236102527122125,32.0,1.4534441853748616,32.0,1.4534441853748616,32.0,1.4534441853748616,1,0,0,1.75
2013-01-17,32.75,0.0,33.75,55.5,31.75,34.0,34.5,13.431612695767244,33.5,0.8291561975888521,32.0625,1.4026152521110489,32.0625,1.4026152521110489,32.0625,1.4026152521110489,1,0,0,2.25
2013-01-18,32.75,0.0,33.75,55.5,32.5,33.25,32.75,13.70625468747567,33.5,0.8291561975888521,32.270833333333336,1.2900772234344104,32.11538461538461,1.35637147925765,32.11538461538461,1.35637147925765,1,1,0,0.75
2013-01-21,32.75,0.0,33.75,55.5,32.75,33.25,32.75,13.77946982331562,33.4,0.8944271909999177,32.416666666666664,1.2309149097933252,32.160714285714285,1.314150584309787,32.160714285714285,1.314150584309787,1,1,0,0.5
2013-01-22,33.0,0.000174,33.75,55.5,33.0,33.5,32.75,14.796652637040824,33.15,0.7623975340988471,32.583333333333336,1.1547005383792481,32.21666666666667,1.2847549330884995,32.21666666666667,1.2847549330884995,1,1,0,0.5
2013-01-23,33.0,8.800000000000001e-05,33.75,55.5,32.75,33.25,33.0,13.463966713106611,32.85,0.1369306393762994,32.75,1.0444659357341814,32.265625,1.2565453632877712,32.265625,1.2565453632877712,1,1,0,0.5
2013-01-24,32.75,0.0,33.75,55.5,32.75,33.25,33.0,13.401359334545612,32.85,0.1369306393762994,32.895833333333336,0.8884251473389448,32.294117647058826,1.222303454668322,32.294117647058826,1.222303454668322,1,1,0,0.5
2013-01-25,33.25,8.9e-05,33.75,55.5,33.0,33.5,32.75,13.582191662983412,32.95,0.2091650066335233,33.0625,0.7239804743725518,32.34722222222222,1.2070226156834174,32.34722222222222,1.2070226156834174,1,1,0,0.5
2013-01-28,33.5,0.00027,33.75,55.5,33.25,34.0,33.25,13.504219985060141,33.1,0.2850438562747871,33.208333333333336,0.6014502674722143,32.4078947368421,1.20245849522906,32.4078947368421,1.20245849522906,1,1,0,0.75
2013-01-29,33.5,0.000185,33.75,55.5,33.5,34.0,33.5,14.064556526345578,33.2,0.32596012026013427,33.270833333333336,0.5883174519274411,32.4625,1.1955922337794278,32.4625,1.1955922337794278,1,1,0,0.5
2013-01-30,33.5,0.0,33.75,55.5,33.5,34.0,33.5,14.88767653888383,33.3,0.32596012026013427,33.291666666666664,0.5919280259277815,32.51190476190476,1.1871083313986928,32.51190476190476,1.1871083313986928,1,1,0,0.5
2013-01-31,33.5,0.000283,33.75,55.5,33.5,33.75,33.5,14.590560714824633,33.45,0.11180339887499674,33.229166666666664,0.5163060814061199,32.55681818181818,1.17749688651347,32.55681818181818,1.17749688651347,1,1,0,0.25
2013-02-01,33.5,9.2e-05,33.75,55.5,33.5,34.0,33.5,15.296001069497203,33.5,0.0,33.145833333333336,0.3447385922255745,32.59782608695652,1.167113597811981,32.59782608695652,1.167113597811981,1,1,0,0.5
2013-02-04,33.75,9.1e-05,33.75,55.5,33.75,34.0,33.5,12.977339917490127,33.55,0.11180339887499027,33.229166666666664,0.36084391824347894,32.645833333333336,1.165436722273323,32.645833333333336,1.165436722273323,1,1,0,0.25
2013-02-05,34.25,9.2e-05,33.75,55.5,33.75,34.5,33.75,12.756218016006999,33.7,0.32596012026013205,33.354166666666664,0.4324656230863752,32.71,1.1851511858549235,32.71,1.1851511858549235,1,1,0,0.75
2013-02-06,34.75,0.0,33.75,55.5,34.25,35.0,34.25,15.366556566710754,33.95,0.5419870847169689,33.520833333333336,0.5483273463797416,32.78846153846154,1.2281944220934797,32.78846153846154,1.2281944220934797,1,1,0,0.75
2013-02-07,34.75,0.0,33.75,55.5,34.75,35.5,34.75,16.616960084047015,34.2,0.5700877125495672,33.666666666666664,0.6246210972673629,32.861111111111114,1.2621207224147442,32.861111111111114,1.2621207224147442,1,1,0,0.75
2013-02-08,35.5,0.000278,33.75,55.5,35.0,36.0,34.75,14.202472873624796,34.6,0.6519202405202625,33.875,0.779714399927635,32.955357142857146,1.33516119748906,32.955357142857146,1.33516119748906,1,1,0,1.0
2013-02-11,36.75,0.00018,33.75,55.5,35.75,37.5,35.5,14.625907743255969,35.2,0.9746794344808939,34.208333333333336,1.0597669841083095,33.08620689655172,1.4884613671101132,33.08620689655172,1.4884613671101132,1,1,0,1.75
2013-02-12,38.25,0.0,33.75,55.5,37.0,39.0,36.75,13.811503540582295,36.0,1.499999999999998,34.625,1.5281450430921886,33.25833333333333,1.7400992507034894,33.25833333333333,1.7400992507034894,1,1,0,2.0
2013-02-13,38.5,8.800000000000001e-05,33.75,55.5,38.25,39.0,38.25,14.373296673068763,36.75,1.6488632447841132,35.041666666666664,1.8427786989579844,33.42741935483871,1.9527689191537474,33.42741935483871,1.9527689191537474,1,1,0,0.75
2013-02-14,37.0,0.000175,33.75,55.5,36.0,38.25,38.5,15.24133832372898,37.2,1.2170661444638062,35.333333333333336,1.853538793930682,33.5390625,2.0221648561987102,33.5390625,2.0221648561987102,1,1,0,2.25
2013-02-15,37.0,8.9e-05,33.75,55.5,36.5,38.0,37.0,14.414787072123136,37.5,0.8100925873009781,35.625,1.813773063884419,33.64393939393939,2.079504056551011,33.64393939393939,2.079504056551011,1,1,0,1.5
2013-02-18,37.25,0.0,33.75,55.5,37.0,38.0,37.0,15.478982196370847,37.6,0.7202430145443919,35.9375,1.7357373335009638,33.75,2.1391020489349177,33.75,2.1391020489349177,1,1,0,1.0
2013-02-19,36.75,0.00018,33.75,55.5,36.25,37.5,37.25,14.650114331124735,37.3,0.6937218462755752,36.208333333333336,1.566094350654347,33.83571428571429,2.167560686054967,33.83571428571429,2.167560686054967,1,1,0,1.25
2013-02-20,36.5,8.800000000000001e-05,33.75,55.5,35.5,37.0,36.75,14.314648748988857,36.9,0.28504385627476975,36.4375,1.361504014616971,33.90972222222222,2.182031145661057,33.90972222222222,2.182031145661057,1,1,0,1.5
2013-02-21,36.25,0.0,33.75,55.5,35.75,36.75,36.5,14.776927989805158,36.75,0.3952847075210367,36.604166666666664,1.1796490875243018,33.972972972972975,2.1856411020629647,33.972972972972975,2.1856411020629647,1,1,0,1.0
2013-02-22,36.5,8.800000000000001e-05,33.75,55.5,36.25,36.75,36.25,14.032234346628217,36.65,0.3791437722025663,36.75,1.0280166252634877,34.03947368421053,2.1945312217128583,34.03947368421053,2.1945312217128583,1,1,0,0.5
2013-02-25,37.0,0.0,33.75,55.5,36.5,38.5,36.5,14.995365142204875,36.6,0.2850438562747688,36.9375,0.812718502088092,34.11538461538461,2.2167470787927104,34.11538461538461,2.2167470787927104,1,1,0,2.0
2013-02-26,39.25,0.0,33.75,55.5,38.5,39.5,37.0,15.94984278440682,37.1,1.2323757543866196,37.25,0.9231861823449673,34.24375,2.3338970244020625,34.24375,2.3338970244020625,1,1,0,1.0
2013-02-27,38.5,8.800000000000001e-05,33.75,55.5,37.25,39.0,39.25,13.85299996558035,37.5,1.3110110602126854,37.395833333333336,0.9738532494760691,34.34756097560975,2.3984878366251947,34.34756097560975,2.3984878366251947,1,1,0,1.75
2013-02-28,38.25,8.800000000000001e-05,33.75,55.5,37.5,38.75,38.5,12.760247946533124,37.9,1.1263880326068765,37.395833333333336,0.9738532494760691,34.44047619047619,2.444387251645006,34.44047619047619,2.444387251645006,1,1,0,1.25
2013-03-01,35.75,8.7e-05,33.75,55.5,35.0,37.5,38.25,16.03167693467427,37.75,1.3806701271484043,37.166666666666664,1.0131708402412203,34.47093023255814,2.4233544381934373,34.47093023255814,2.4233544381934373,1,1,0,2.5
2013-03-05,35.5,0.000259,33.75,55.5,35.5,36.0,35.75,13.78670050533976,37.45,1.7084349563269865,37.041666666666664,1.1222609754284638,34.49431818181818,2.400029454981333,34.49431818181818,2.400029454981333,1,1,0,0.5
2013-03-06,35.5,8.4e-05,33.75,55.5,35.5,36.0,35.5,14.836269767748862,36.7,1.5350081433008735,36.916666666666664,1.2076147288491,34.516666666666666,2.377331391593214,34.516666666666666,2.377331391593214,1,1,0,0.5
2013-03-07,36.0,8.5e-05,33.75,55.5,35.75,37.5,35.5,13.738738578954775,36.2,1.1645814698852102,36.8125,1.2299528815808527,34.54891304347826,2.360919997948884,34.54891304347826,2.360919997948884,1,1,0,1.75
2013-03-08,38.25,0.0,33.75,55.5,37.5,38.5,36.0,13.512242316449386,36.2,1.1645814698852102,36.9375,1.2973968692592057,34.62765957446808,2.3967098940784863,34.62765957446808,2.3967098940784863,1,1,0,1.0
2013-03-11,39.5,0.000336,33.75,55.5,38.0,40.0,38.25,14.745033753349105,36.95,1.8234582528810452,37.1875,1.4814190064688737,34.729166666666664,2.47317165077242,34.729166666666664,2.47317165077242,1,1,0,2.0
2013-03-12,40.25,0.0001629999999999,33.75,55.5,39.25,42.0,39.5,14.566502500106994,37.9,2.0961273816254566,37.520833333333336,1.6870439900140053,34.84183673469388,2.5712218832277185,34.84183673469388,2.5712218832277185,1,1,0,2.75
2013-03-13,39.75,0.0,33.75,55.5,39.5,40.0,40.25,15.016559391651484,38.75,1.7047727121232303,37.791666666666664,1.7672311848216151,34.94,2.6378137205818333,34.94,2.6378137205818333,1,1,0,0.5
2013-03-14,39.25,8e-05,33.75,55.5,39.0,39.75,39.75,14.97490463256848,39.4,0.7416198487095627,37.979166666666664,1.79474717557721,35.12,2.6182444655976322,35.02450980392157,2.6801375440267874,1,1,0,0.75
2013-03-15,38.5,0.000317,33.75,55.5,38.0,39.25,39.25,14.375355462507624,39.45,0.6471089552772361,37.916666666666664,1.7591750821612153,35.27,2.5920994563937376,35.09134615384615,2.69714302647802,1,1,0,1.25
2013-03-18,38.5,0.000246,33.75,55.5,38.25,39.25,38.5,13.020111358693203,39.25,0.7705517503711194,37.916666666666664,1.7591750821612153,35.42,2.5567238283971645,35.155660377358494,2.7118092948563075,1,1,0,1.0
2013-03-19,38.75,0.0,33.75,55.5,38.5,39.0,38.5,14.004808556034861,38.95,0.5419870847169664,37.958333333333336,1.7736497211493825,35.575,2.517920465262501,35.22222222222222,2.730275172161819,1,1,0,0.5
2013-03-20,38.5,0.0,33.75,55.5,38.25,39.0,38.75,13.465528878357672,38.7,0.32596012026012794,38.1875,1.6345871038277364,35.725,2.462602945118457,35.28181818181818,2.7407481344881575,1,1,0,0.75
2013-03-21,38.5,0.000252,33.75,55.5,38.25,38.75,38.5,13.863825371077054,38.55,0.11180339887497837,38.4375,1.3985585111431174,35.87,2.4065387118075923,35.339285714285715,2.7495572252755376,1,1,0,0.5
2013-03-22,38.5,0.0,33.75,55.5,38.0,38.75,38.5,13.650990804623376,38.55,0.11180339887497837,38.6875,1.050568028172437,36.005,2.359571259914017,35.39473684210526,2.7568694106483167,1,1,0,0.75
2013-03-25,39.0,0.0,33.75,55.5,38.5,39.5,38.5,15.524359502927641,38.65,0.22360679774997386,38.9375,0.6227231254008704,36.13,2.349142266393221,35.456896551724135,2.7732818021295573,1,1,0,1.0
2013-03-26,40.0,0.0,33.75,55.5,39.25,40.25,39.0,13.44096400682369,38.9,0.6519202405202634,39.083333333333336,0.6513389472788795,36.265,2.3740787687016573,35.53389830508475,2.812172443423194,1,1,0,1.0
2013-03-27,40.75,0.000259,33.75,55.5,40.0,41.75,40.0,15.631442341849576,39.35,0.9937303457175883,39.1875,0.8056970443489665,36.395,2.4385770775731666,35.62083333333333,2.868403141457086,1,1,0,1.75
2013-03-28,41.5,8.4e-05,33.75,55.5,41.0,41.75,40.75,13.984409939020326,39.95,1.2298373876248827,39.291666666666664,1.0103629710818107,36.535,2.526901183631191,35.717213114754095,2.942318887741171,1,1,0,0.75
2013-04-02,42.5,0.0,33.75,55.5,41.75,44.0,41.5,14.77455460216324,40.75,1.346291201783624,39.520833333333336,1.3712068893253337,36.73,2.60388250150283,35.82661290322581,3.0425900008501587,1,1,0,2.25
2013-04-03,42.0,0.00025,33.75,55.5,42.0,42.5,42.5,14.555589510285014,41.35,0.9937303457175867,39.75,1.5411035007422187,36.915,2.643634055690792,35.92460317460318,3.1165643953418174,1,1,0,0.5
2013-04-04,42.25,0.0001629999999999,33.75,55.5,42.25,42.75,42.0,14.30409118627969,41.8,0.6937218462755762,40.0625,1.6415243746978563,37.105,2.6793284644492816,36.0234375,3.19123264175608,1,1,0,0.5
2013-04-05,42.5,8e-05,33.75,55.5,42.25,42.75,42.25,13.875571256099752,42.15,0.4183300132670321,40.395833333333336,1.700462281174411,37.295,2.718835472501158,36.12307692307692,3.266521431066288,1,1,0,0.5
2013-04-08,42.25,7.900000000000001e-05,33.75,55.5,41.75,42.75,42.5,12.731691310720683,42.3,0.20916500663350818,40.6875,1.6926478718805424,37.48,2.735275981300157,36.21590909090909,3.3278794251792587,1,1,0,1.0
2013-04-10,42.25,7.900000000000001e-05,33.75,55.5,41.75,42.75,42.25,13.600956263146774,42.25,0.17677669529662368,41.0,1.5954480704349037,37.67,2.729954772743401,36.30597014925373,3.3838466813275923,1,1,0,1.0
2013-04-11,42.25,0.000156,33.75,55.5,42.0,42.75,42.25,14.234550443777735,42.3,0.11180339887496843,41.3125,1.4187262212664582,37.85,2.7292818820775406,36.393382352941174,3.4349814183138614,1,1,0,0.75
2013-04-12,42.0,0.0,33.75,55.5,42.0,42.5,42.25,14.585896981699312,42.25,0.17677669529662368,41.604166666666664,1.1152778563970545,38.02,2.7174980990549624,36.47463768115942,3.4757946952967935,1,1,0,0.5
2013-04-15,42.0,0.000154,33.75,55.5,42.0,42.5,42.0,12.898221828255906,42.15,0.13693063937627425,41.854166666666664,0.7572252977252287,38.19,2.694741667221779,36.55357142857143,3.5131463398169034,1,1,0,0.5
2013-04-16,42.0,0.0,33.75,55.5,41.75,42.5,42.0,14.791842588613878,42.1,0.13693063937627425,42.020833333333336,0.48216289841294124,38.36,2.6607310641848714,36.63028169014085,3.5473478913653516,1,1,0,0.75
2013-04-17,41.75,7.8e-05,33.75,55.5,41.25,42.0,42.0,16.089192037034028,42.0,0.17677669529662368,42.104166666666664,0.29112503822016733,38.525,2.6084879113527553,36.701388888888886,3.573582376490698,1,1,0,0.75
2013-04-18,41.0,0.000155,33.75,55.5,40.0,41.75,41.75,15.490417995517214,41.75,0.4330127018922139,42.0625,0.4006386946317978,38.675,2.528031621153305,36.76027397260274,3.584166171666526,1,1,0,1.75
2013-04-19,40.75,7.6e-05,33.75,55.5,40.25,41.25,41.0,12.348010479804223,41.5,0.5863019699779247,41.916666666666664,0.5258470799719848,38.815,2.4420894783787412,36.814189189189186,3.5896208853726326,1,1,0,1.0
2013-04-22,40.5,0.0,33.75,55.5,39.75,41.0,40.75,12.781283341160998,41.2,0.6471089552772361,41.791666666666664,0.6642950239071442,38.94,2.3623103530403498,36.86333333333334,3.5905970795102236,1,1,0,1.25
2013-04-23,40.75,0.0,33.75,55.5,40.5,41.0,40.5,14.014608107590217,40.95,0.48088460154178037,41.666666666666664,0.7097801622951974,39.06,2.296603525883828,36.91447368421053,3.5943364319391238,1,1,0,0.5
2013-04-24,41.75,0.0,33.75,55.5,40.5,42.0,40.75,14.860722421522647,40.95,0.48088460154178037,41.604166666666664,0.6610798099711067,39.2,2.241195927105317,36.97727272727273,3.6128839757193325,1,1,0,1.5
2013-04-25,41.5,0.0,33.75,55.5,41.0,42.0,41.75,14.117244193174013,41.05,0.5419870847169674,41.541666666666664,0.6291528696058332,39.32,2.199280958562109,37.03525641025641,3.625693923500216,1,1,0,1.0
2013-04-26,41.5,7.6e-05,33.75,55.5,41.5,41.75,41.5,13.208726377576465,41.2,0.5419870847169674,41.479166666666664,0.5883174519273987,39.415,2.1885660667595626,37.09177215189873,3.6372311811827895,1,1,0,0.25
2013-04-29,41.5,7.5e-05,33.75,55.5,41.5,41.75,41.5,13.0933484872158,41.4,0.37914377220257317,41.416666666666664,0.5365433699885892,39.48,2.201483729725226,37.146875,3.647587582779966,1,1,0,0.25
2013-04-30,42.0,0.000149,33.75,55.5,41.5,42.5,41.5,15.637362829225424,41.65,0.2236067977499726,41.416666666666664,0.5365433699885892,39.55,2.2252034990636007,37.20679012345679,3.664609060718646,1,1,0,1.0
2013-05-02,42.0,0.000294,33.75,55.5,41.75,42.5,42.0,15.998377105911517,41.7,0.2738612787525773,41.416666666666664,0.5365433699885892,39.65,2.220613079529973,37.265243902439025,3.6801829079644177,1,1,0,0.75
2013-05-03,42.0,7.099999999999999e-05,33.75,55.5,41.75,42.5,42.0,14.02211895397681,41.8,0.2738612787525773,41.416666666666664,0.5365433699885892,39.75,2.2114036543446742,37.3222891566265,3.6944111796264973,1,1,0,0.75
2013-05-06,42.25,0.0,33.75,55.5,41.75,42.75,42.0,15.328768132115949,41.95,0.2738612787525773,41.458333333333336,0.5822500764405919,39.85,2.209095299170303,37.38095238095238,3.711240697634332,1,1,0,1.0
2013-05-07,42.25,7.099999999999999e-05,33.75,55.5,41.75,42.75,42.25,16.087894245291412,42.1,0.1369306393762783,41.5625,0.6041993199116829,39.96,2.188420360321434,37.438235294117646,3.7266946213931207,1,1,0,1.0
2013-05-08,42.75,0.0001409999999999,33.75,55.5,42.5,43.25,42.25,14.608594019584459,42.25,0.3061862178478913,41.729166666666664,0.6347720898562919,40.085,2.1651283131133146,37.5,3.7487252735390673,1,1,0,0.75
2013-05-09,43.0,6.9e-05,33.75,55.5,42.5,43.5,42.75,13.181200048848504,42.45,0.4107919181288695,41.9375,0.6041993199116763,40.22,2.131302179324145,37.5632183908046,3.7732262101742835,1,1,0,1.0
2013-05-10,43.0,0.00028,33.75,55.5,42.75,43.5,43.0,14.376554468504128,42.65,0.3791437722025717,42.125,0.5487589303476296,40.35,2.097739307941206,37.625,3.795982449725059,1,1,0,0.75
2013-05-13,42.75,7.2e-05,33.75,55.5,42.0,43.0,43.0,14.706073551690404,42.75,0.30618621784789035,42.208333333333336,0.5623947713019645,40.465,2.0677368580856066,37.68258426966292,3.8132476995844473,1,1,0,1.0
2013-05-14,40.5,0.00029,33.75,55.5,39.0,41.0,42.75,14.975939228608723,42.4,1.0694624818103695,42.125,0.726917526896278,40.49,2.060290251000419,37.71388888888889,3.803376883488232,1,1,0,2.0
2013-05-15,41.25,0.000352,33.75,55.5,40.5,41.75,40.5,15.282970304011997,42.1,1.1537980759214304,42.104166666666664,0.7496842769802665,40.545,2.04271353141565,37.752747252747255,3.8003096557850986,1,1,0,1.25
2013-05-16,41.0,0.000136,33.75,55.5,41.0,41.5,41.25,15.150248695396893,41.7,1.1096170510586054,42.0625,0.7986138559460391,40.6,2.0165134590704503,37.78804347826087,3.794504192120877,1,1,0,0.5
2013-05-17,41.25,0.000138,33.75,55.5,41.0,41.75,41.0,14.643145361314916,41.35,0.8403868156985789,42.0,0.8325754129096824,40.71,1.8927628008834583,37.825268817204304,3.7908616066047682,1,1,0,0.75
2013-05-20,41.25,0.00021,33.75,55.5,41.25,41.75,41.25,11.731265497840116,41.05,0.3259601202601293,41.9375,0.8602655509676812,40.825,1.7381156228419852,37.861702127659576,3.7869358448637174,1,1,0,0.5
2013-05-21,41.5,7.099999999999999e-05,33.75,55.5,41.25,42.0,41.25,15.4840474113083,41.25,0.17677669529663248,41.895833333333336,0.8690272339422069,40.945,1.5610779242928021,37.9,3.7851895031118405,1,1,0,0.75
2013-05-22,41.75,7.099999999999999e-05,33.75,55.5,41.5,42.25,41.5,13.71214915386183,41.35,0.28504385627478146,41.854166666666664,0.8624643163456716,41.06,1.3919960708365995,37.940104166666664,3.785662841158705,1,1,0,0.75
2013-05-23,42.0,7e-05,33.75,55.5,41.75,42.25,41.75,13.778017391742134,41.55,0.32596012026013016,41.833333333333336,0.8550208220040699,41.135,1.3374606612563256,37.9819587628866,3.788388135467171,1,1,0,0.5
2013-05-24,41.75,7.099999999999999e-05,33.75,55.5,41.5,42.5,42.0,13.741542114537506,41.65,0.2850438562747824,41.75,0.8048150549829328,41.18,1.319051916788615,38.02040816326531,3.78798178681633,1,1,0,1.0
2013-05-27,41.25,7.099999999999999e-05,33.75,55.5,41.25,42.0,41.75,14.233365922176036,41.65,0.2850438562747824,41.604166666666664,0.7107800878845995,41.2,1.3122266479195774,38.053030303030305,3.782558106044499,1,1,0,0.75
2013-05-28,41.75,0.000144,33.75,55.5,41.25,42.75,41.25,14.056573395573386,41.7,0.27386127875258093,41.5,0.5640760748176809,41.24,1.2975251167401256,38.09,3.781520724510044,1,1,0,1.5
2013-05-29,42.0,0.0001419999999999,33.75,55.5,41.75,42.5,41.75,14.512700057333594,41.75,0.30618621784789546,41.4375,0.44113747599492753,41.295,1.2694306131619415,38.12871287128713,3.782627040395689,1,1,0,0.75
2013-05-30,41.75,0.00014,33.75,55.5,41.75,42.25,42.0,14.193399583608986,41.7,0.27386127875258093,41.541666666666664,0.3342789617106172,41.36,1.204964221672269,38.16421568627451,3.7808950263850964,1,1,0,0.5
2013-05-31,41.5,0.0,33.75,55.5,41.25,42.0,41.75,15.061766976124348,41.65,0.2850438562747824,41.5625,0.3220142571658689,41.42,1.1321372239607737,38.19660194174757,3.7766456102587074,1,1,0,0.75
2013-06-03,41.0,0.000138,33.75,55.5,41.0,41.75,41.5,14.95564891323571,41.6,0.37914377220257656,41.5625,0.3220142571658689,41.465,1.066667995322329,38.22355769230769,3.768307780771077,1,1,0,0.75
2013-06-04,41.25,7e-05,33.75,55.5,41.25,41.75,41.0,15.207190640017723,41.5,0.39528470752104655,41.5625,0.3220142571658689,41.52,0.9778673170711762,38.25238095238095,3.761759644463027,0,1,0,0.5
2013-06-05,41.5,0.0,33.75,55.5,41.25,41.75,41.25,14.713108054938877,41.4,0.2850438562747834,41.583333333333336,0.3077287274481778,41.58,0.8754590632511822,38.283018867924525,3.757068809289474,0,1,0,0.5
2013-06-06,41.25,7e-05,33.75,55.5,41.25,41.75,41.5,14.335851368416991,41.3,0.20916500663351692,41.5625,0.3220142571658689,41.635,0.7562832047020184,38.3107476635514,3.750289473339199,0,1,0,0.5
2013-06-07,41.0,7e-05,33.75,55.5,40.0,41.5,41.25,14.881737730793361,41.2,0.20916500663351692,41.5,0.35355339059313623,41.675,0.6609555544044023,38.335648148148145,3.741682682377541,0,1,0,1.5
2013-06-10,40.5,6.9e-05,33.75,55.5,40.0,41.0,41.0,13.323671869431003,41.1,0.37914377220257656,41.375,0.4196860298321383,41.685,0.6384971193581408,38.35550458715596,3.730085016963425,0,1,0,1.0
2013-06-11,40.5,0.000138,33.75,55.5,40.0,41.0,40.5,14.118648323468538,40.95,0.44721359549995765,41.270833333333336,0.470231245497701,41.68,0.6468920990050615,38.375,3.7185608713759706,0,1,0,1.0
2013-06-12,39.75,0.0,33.75,55.5,39.0,40.5,40.5,13.817010432589758,40.6,0.5755432216610674,41.145833333333336,0.643660813180461,41.645,0.701837966066467,38.387387387387385,3.7039197202451986,0,1,0,1.5
2013-06-13,39.0,6.8e-05,33.75,55.5,38.0,40.0,39.75,14.06205886855141,40.15,0.7826237921249266,40.916666666666664,0.8616404368552602,41.575,0.7844958084460709,38.392857142857146,3.687652010260367,0,1,0,2.0
2013-06-14,38.25,0.000411,33.75,55.5,37.75,39.0,39.0,14.003069210534314,39.6,0.9778803607803976,40.604166666666664,1.0842798895062788,41.5,0.9119389524860131,38.39159292035398,3.671176963467202,0,1,1,1.25
2013-06-17,37.25,0.000429,33.75,55.5,36.5,38.25,38.25,13.36844346372147,38.95,1.2673791855636585,40.229166666666664,1.387682556922776,41.4,1.0856202966836446,38.38157894736842,3.6564602978346885,0,1,1,1.75
2013-06-18,36.25,0.000299,33.75,55.5,35.5,37.0,37.25,13.95761844211714,38.1,1.3874436925511624,39.791666666666664,1.734782319765087,41.275,1.2958430397519285,38.36304347826087,3.645810422724132,0,1,1,1.5
2013-06-19,37.5,0.0,33.75,55.5,36.25,38.25,36.25,15.214079526909687,37.65,1.0398317171542735,39.5,1.8059245932107646,41.18,1.3933515606007747,38.355603448275865,3.630808818453803,0,1,0,2.0
2013-06-20,38.75,0.0,33.75,55.5,38.0,39.25,37.5,15.26242977619469,37.6,0.9617692030835694,39.291666666666664,1.7282194375258735,41.11,1.426033459835872,38.35897435897436,3.615308777916719,0,1,0,1.25
2013-06-21,38.75,0.000217,33.75,55.5,38.5,39.25,38.75,14.213212947316782,37.7,1.0665364503850787,39.0625,1.5851763595603188,41.04,1.4545495129813633,38.36228813559322,3.600005558166872,0,1,0,0.75
2013-06-24,37.5,7.400000000000001e-05,33.75,55.5,37.0,38.75,38.75,15.379825782807677,37.75,1.0458250331675958,38.75,1.48093950524038,40.95,1.5311393650161536,38.35504201680672,3.5855902461761917,0,1,0,1.75
2013-06-25,36.5,0.0,33.75,55.5,36.5,37.25,37.5,14.876213619771539,37.8,0.9585144756340416,38.375,1.428206122124016,40.84,1.647323122337502,38.33958333333333,3.5745064643367783,0,1,0,0.75
2013-06-26,36.75,7.5e-05,33.75,55.5,36.75,37.5,36.5,15.15565652486567,37.65,1.0694624818103726,38.0625,1.3276987952502155,40.735,1.7367648202380026,38.32644628099174,3.562513592840529,0,0,0,0.75
2013-06-27,36.75,0.000226,33.75,55.5,36.75,37.25,36.75,15.113520277291379,37.25,0.9185586535436924,37.75,1.1281521496354312,40.635,1.8191231909009018,38.31352459016394,3.550631633281334,0,0,0,0.5
2013-06-28,37.0,7.7e-05,33.75,55.5,36.75,37.5,36.75,13.520738074520448,36.9,0.37914377220257905,37.520833333333336,0.9502292386894711,40.555,1.8893430993175333,38.302845528455286,3.5380328238765935,0,0,0,0.75
2013-07-01,37.25,0.000229,33.75,55.5,36.75,37.75,37.0,14.491562951716581,36.85,0.28504385627478573,37.375,0.8291561975887066,40.485,1.9459599698045276,38.29435483870968,3.5248894907282264,0,0,0,1.0
2013-07-02,37.5,0.0,33.75,55.5,37.0,38.0,37.25,14.449810193021921,37.05,0.3259601202601339,37.3125,0.7842555821806941,40.425,1.9912115581694876,38.288,3.5113663363977103,0,0,0,1.0
2013-07-03,37.5,0.000156,33.75,55.5,37.25,38.0,37.5,13.731368877635438,37.2,0.3259601202601339,37.333333333333336,0.7857634774052584,40.36,2.032993168825168,38.28174603174603,3.4979971593733614,0,0,0,0.75
2013-07-04,38.0,0.0002379999999999,33.75,55.5,37.75,39.0,37.5,11.827743504053695,37.45,0.3708099243547832,37.479166666666664,0.7265917740109427,40.285,2.0497697730352495,38.27952755905512,3.4841782657789646,0,0,0,1.25
2013-07-05,38.25,0.000465,33.75,55.5,38.0,38.75,38.0,13.621684274870246,37.7,0.4107919181288736,37.541666666666664,0.760033890791245,40.22,2.061948751317845,38.279296875,3.4704349006083106,0,0,0,0.75
2013-07-08,39.25,7.400000000000001e-05,33.75,55.5,38.25,39.75,38.25,14.53456960751932,38.1,0.7202430145443954,37.583333333333336,0.8416254115300326,40.175,2.0579921361980604,38.286821705426355,3.457908278609364,0,0,0,1.5
2013-07-09,39.75,7.5e-05,33.75,55.5,39.0,40.0,39.25,12.816655817607314,38.55,0.9253377761660868,37.666666666666664,1.0018921492793744,40.14,2.0498631114077344,38.29807692307692,3.4468691773578954,0,0,0,1.0
2013-07-10,40.25,0.00015,33.75,55.5,39.75,41.0,39.75,13.19542980734122,39.1,0.961769203083567,37.895833333333336,1.2452561498694343,40.105,2.0323217345324665,38.31297709923664,3.437819007778148,0,0,0,1.25
2013-07-11,40.5,0.000222,33.75,55.5,40.25,41.0,40.25,13.359648069806902,39.6,0.8944271909999151,38.229166666666664,1.3670569472298768,40.075,2.014773243938331,38.32954545454545,3.4299586857139186,0,0,0,0.75
2013-07-12,40.5,0.000217,33.75,55.5,40.5,41.0,40.5,14.709147008438842,40.05,0.5419870847169685,38.541666666666664,1.4255514616094187,40.045,1.9966106484822324,38.34586466165413,3.4221208043735936,1,1,0,0.5
2013-07-15,40.5,0.0003549999999999,33.75,55.5,40.5,40.75,40.5,14.049396997262388,40.3,0.3259601202601313,38.854166666666664,1.4080060584407463,40.01,1.9723600284006568,38.36194029850746,3.414306362390249,1,1,0,0.25
2013-07-16,40.75,0.000137,33.75,55.5,40.25,41.25,40.5,13.684263411604524,40.5,0.17677669529663625,39.166666666666664,1.3748278129101508,39.98,1.9488615200905839,38.379629629629626,3.4077463133908523,1,1,0,1.0
2013-07-17,41.25,6.8e-05,33.75,55.5,40.75,42.0,40.75,14.643626035806605,40.7,0.3259601202601313,39.5,1.3526069105787004,39.95,1.9166296949998154,38.400735294117645,3.404011714379662,1,1,0,1.25
2013-07-18,41.75,6.8e-05,33.75,55.5,41.25,42.25,41.25,13.87330860053148,40.95,0.5419870847169685,39.854166666666664,1.33764690498803,39.925,1.8839074135575573,38.425182481751825,3.403523931204109,1,1,0,1.0
2013-07-19,42.0,6.8e-05,33.75,55.5,41.75,42.25,41.75,13.809594090134746,41.25,0.6373774391990965,40.229166666666664,1.245256149869458,39.905,1.8556931154626544,38.45108695652174,3.4047062072000944,1,1,0,0.5
2013-07-22,42.0,0.000207,33.75,55.5,42.0,42.25,42.0,12.479532814438391,41.55,0.5419870847169685,40.5625,1.123736664396481,39.89,1.8351444362885438,38.476618705035975,3.4056767515677855,1,1,0,0.25
2013-07-23,42.0,0.0001409999999999,33.75,55.5,41.75,42.25,42.0,13.733976154932886,41.8,0.3259601202601313,40.875,0.9262583578324101,39.92,1.857445030361951,38.50178571428572,3.40644443588303,1,1,0,0.5
2013-07-24,42.5,7.099999999999999e-05,33.75,55.5,41.25,42.75,42.0,15.298341846126313,42.05,0.27386127875258337,41.145833333333336,0.8820065793748146,39.945,1.8839344955898687,38.530141843971634,3.4109167150312256,1,1,0,1.5
2013-07-25,42.25,0.0,33.75,55.5,41.75,42.5,42.5,13.561393491674197,42.15,0.22360679774998007,41.354166666666664,0.8150455462267755,39.97,1.9063802648699706,38.556338028169016,3.413105006535219,1,1,0,0.75
2013-07-26,42.5,0.0001419999999999,33.75,55.5,42.25,43.0,42.25,12.897470797430847,42.25,0.2500000000000011,41.541666666666664,0.7965360613114518,39.995,1.9315387225563663,38.58391608391609,3.417017279953384,1,1,0,0.75
2013-07-29,42.75,0.0,33.75,55.5,42.25,43.0,42.5,13.74186509422166,42.4,0.28504385627478573,41.729166666666664,0.7938566201356522,40.025,1.9628241315585453,38.61284722222222,3.422701599939727,1,1,0,0.75
2013-07-30,43.0,0.00014,33.75,55.5,42.5,43.75,42.75,14.649593339718427,42.6,0.28504385627478573,41.9375,0.7696294858270559,40.055,1.996993914331623,38.64310344827586,3.4301999288269056,1,1,0,1.25
2013-07-31,42.75,0.0,33.75,55.5,42.5,43.25,43.0,14.719769598456418,42.65,0.28504385627478573,42.125,0.6527912098337735,40.075,2.0191999324848755,38.67123287671233,3.4352073451270866,1,1,0,0.75
2013-08-01,42.5,0.0,33.75,55.5,42.5,42.75,42.75,13.659676295039331,42.7,0.20916500663352144,42.270833333333336,0.4938063354895108,40.085,2.030136468721411,38.697278911564624,3.4379568553842716,1,1,0,0.25
2013-08-02,42.5,0.0,33.75,55.5,42.25,43.0,42.5,14.348137398750117,42.7,0.20916500663352144,42.375,0.3768891807220517,40.1,2.045403009039476,38.722972972972975,3.440472293843785,1,1,0,0.75
2013-08-05,42.75,6.9e-05,33.75,55.5,42.25,43.25,42.5,14.238292199059575,42.7,0.20916500663352144,42.458333333333336,0.33427896171059035,40.13,2.0734226854775777,38.75,3.4446639109584303,1,1,0,1.0
2013-08-06,43.25,0.0,33.75,55.5,42.5,43.5,42.75,14.63440938474679,42.75,0.30618621784789946,42.5625,0.37119279479669115,40.16,2.1079054310197214,38.78,3.452690809427239,1,1,0,1.0
2013-08-07,43.75,0.000137,33.75,55.5,43.0,44.0,43.25,14.626174516514954,42.95,0.5419870847169705,42.708333333333336,0.462617716386913,40.195,2.153124213219249,38.812913907284766,3.4648495088827835,1,1,0,1.0
2013-08-08,43.75,0.000405,33.75,55.5,43.5,44.25,43.75,15.004116189804892,43.2,0.5700877125495688,42.854166666666664,0.493806335489523,40.235,2.2006550509021663,38.8453947368421,3.4764979870189654,1,1,0,0.75
2013-08-12,44.25,0.000195,33.75,55.5,44.0,44.5,43.75,12.961022577169068,43.55,0.5700877125495688,43.0,0.6215815605079783,40.29,2.266301491192111,38.880718954248366,3.4924831131293392,1,1,0,0.5
2013-08-13,44.25,0.0002549999999999,33.75,55.5,44.0,44.5,44.25,14.44107512215989,43.85,0.4183300132670381,43.166666666666664,0.6685579234214458,40.355,2.3327143250833293,38.91558441558441,3.507836788858889,1,1,0,0.5
2013-08-14,44.25,0.000131,33.75,55.5,44.0,44.75,44.25,13.43950861645675,44.05,0.27386127875258337,43.3125,0.7000405832390842,40.415,2.393981612123132,38.95,3.5225848316405184,1,1,0,0.75
2013-08-15,44.25,0.000194,33.75,55.5,44.0,44.75,44.25,13.087566942681606,44.15,0.22360679774998007,43.4375,0.723980474372497,40.47,2.4503435827388342,38.98397435897436,3.5367516861748776,1,1,0,0.75
2013-08-16,45.0,0.0001899999999999,33.75,55.5,44.25,45.5,44.25,16.231040423294456,44.4,0.33541019662496885,43.604166666666664,0.8356974042768415,40.545,2.530774867223758,39.02229299363057,3.557942518491053,1,1,0,1.25
2013-08-19,44.75,0.000124,33.75,55.5,44.25,45.5,45.0,14.913422935084764,44.5,0.35355339059327423,43.770833333333336,0.8491863306968173,40.62,2.5991756935063646,39.05854430379747,3.575746294372533,1,1,0,1.25
2013-08-20,44.75,6.099999999999999e-05,33.75,55.5,44.75,45.5,44.75,13.73776629018622,44.6,0.33541019662496885,43.958333333333336,0.7893706737686434,40.705,2.6638595982490676,39.094339622641506,3.5928770123257143,1,1,0,0.75
2013-08-21,44.75,0.000183,33.75,55.5,44.5,45.0,44.75,15.612373814019588,44.7,0.2738612787525832,44.145833333333336,0.669619407958771,40.79,2.724304816773243,39.1296875,3.6093619397923153,1,1,0,0.5
2013-08-22,44.75,0.000124,33.75,55.5,44.75,45.0,44.75,15.475508686149428,44.8,0.1118033988749878,44.3125,0.5235911833411948,40.89,2.7766151762055027,39.16459627329193,3.6252268883803653,1,1,0,0.25
2013-08-23,45.0,6.3e-05,33.75,55.5,44.75,45.5,44.75,14.510656240188764,44.8,0.11180339887499027,44.458333333333336,0.4373646976926545,41.01,2.822540468067301,39.20061728395062,3.6429161568598514,1,1,0,0.75
2013-08-26,44.75,0.0,33.75,55.5,44.5,45.25,45.0,14.515733148671085,44.8,0.11180339887499027,44.541666666666664,0.3818813079128694,41.14,2.8424443347088437,39.234662576687114,3.6575742960494564,1,1,0,0.75
2013-08-27,44.5,0.0001899999999999,33.75,55.5,43.75,45.0,44.75,13.769258220786021,44.75,0.1767766952966375,44.604166666666664,0.29112503822017716,41.285,2.8248216486955093,39.266768292682926,3.6694447074890943,1,1,0,1.25
2013-08-28,43.0,0.000323,33.75,55.5,42.5,44.0,44.5,14.632290740821642,44.4,0.8023403267940604,44.5,0.5435573065045262,41.42,2.7392833861044386,39.28939393939394,3.669766839302063,1,1,0,1.5
2013-08-29,42.75,0.0002,33.75,55.5,42.25,43.0,43.0,15.284053115954356,44.0,1.0458250331675942,44.375,0.7423855895936233,41.525,2.686060957868939,39.31024096385542,3.6684755238187434,1,1,0,0.75
2013-08-30,42.0,0.0,33.75,55.5,41.25,42.75,42.75,14.855787622976248,43.4,1.180571895311759,44.1875,1.0120018415361862,41.59,2.656701192172324,39.32634730538922,3.663326942587959,1,1,0,1.5
2013-09-02,42.0,0.0,33.75,55.5,41.75,42.25,42.0,13.581560071516186,42.85,1.0246950765959593,44.0,1.191828236556949,41.655,2.625371693801146,39.342261904761905,3.6581628356584557,1,1,0,0.5
2013-09-03,42.25,0.000131,33.75,55.5,42.0,42.75,42.0,13.923468597135031,42.4,0.45414755311462307,43.770833333333336,1.2452561498694859,41.75,2.5570031885241185,39.3594674556213,3.6541112300222873,1,1,0,0.75
2013-09-04,43.0,6.500000000000001e-05,33.75,55.5,42.5,45.0,42.25,13.043755140385633,42.4,0.45414755311462307,43.625,1.2224230780781562,41.88,2.447531034178193,39.38088235294118,3.6539679069974285,1,1,0,2.5
2013-09-05,45.0,6.4e-05,33.75,55.5,43.0,45.5,43.0,14.876767406109316,42.85,1.2698425099200286,43.645833333333336,1.2452561498694843,42.045,2.3715415205459824,39.41374269005848,3.6684587280334013,1,1,0,2.5
2013-09-06,45.0,0.0,33.75,55.5,45.0,46.0,45.0,13.538308049234532,43.45,1.4620191517213434,43.666666666666664,1.2673044646258054,42.21,2.280887761287681,39.446220930232556,3.682434234636759,1,1,0,1.0
2013-09-09,45.0,0.0002549999999999,33.75,55.5,44.25,45.25,45.0,13.1064392589593,44.05,1.327591804735174,43.6875,1.2886083049694572,42.37,2.1866011272740216,39.47832369942196,3.695913215872446,1,1,0,1.0
2013-09-10,44.75,0.0,33.75,55.5,44.25,45.25,45.0,13.056225711649638,44.55,0.8732124598286478,43.666666666666664,1.2673044646258054,42.52,2.0829972518034015,39.508620689655174,3.7068223845434076,1,1,0,1.0
2013-09-11,44.25,0.0,33.75,55.5,44.0,44.75,44.75,14.435065556404869,44.8,0.32596012026013066,43.625,1.2362884335416973,42.655,1.9664857809124219,39.535714285714285,3.7134922418852345,1,1,0,0.75
2013-09-12,44.0,0.0,33.75,55.5,43.5,44.25,44.25,14.488710610788354,44.6,0.45414755311462257,43.583333333333336,1.2123105912664711,42.785,1.8287737053299566,39.56107954545455,3.7181261754401853,1,1,0,0.75
2013-09-13,44.0,6.2e-05,33.75,55.5,44.0,44.5,44.0,13.009644745976612,44.4,0.45414755311462257,43.666666666666664,1.2029005349444277,42.905,1.7007576342949022,39.586158192090394,3.7225308988663675,1,1,0,0.5
2013-09-16,44.25,0.000125,33.75,55.5,44.0,44.75,44.0,11.710964518881163,44.25,0.30618621784789507,43.791666666666664,1.1766349038548842,43.025,1.572442854482287,39.6123595505618,3.7284240388528493,1,1,0,0.75
2013-09-17,44.75,6.2e-05,33.75,55.5,44.25,45.0,44.25,14.740919987852136,44.25,0.30618621784789507,44.020833333333336,1.0577545542183198,43.135,1.4933611589366371,39.641061452513966,3.7377144809557277,1,1,0,0.75
2013-09-18,44.5,6.099999999999999e-05,33.75,55.5,44.5,44.75,44.75,12.573146829448284,44.3,0.32596012026013066,44.229166666666664,0.8491863306968187,43.23,1.4230608001123857,39.668055555555554,3.7448130380078686,1,1,0,0.25
2013-09-19,45.0,0.000183,33.75,55.5,44.5,45.25,44.5,13.679119079189867,44.5,0.3952847075210463,44.458333333333336,0.6014502674721589,43.325,1.3778958374186692,39.697513812154696,3.7553675520775602,1,1,0,0.75
2013-09-20,45.0,0.00018,33.75,55.5,44.5,47.0,45.0,12.967581498412784,44.7,0.32596012026013066,44.625,0.4059220704428852,43.415,1.3359339009678943,39.72664835164835,3.765548433194297,1,1,0,2.5
2013-09-23,44.75,0.000235,33.75,55.5,44.75,45.0,45.0,12.940124217215681,44.8,0.20916500663351506,44.604166666666664,0.3910698224876432,43.5,1.2807443626458719,39.75409836065574,3.7735046716223226,1,1,0,0.25
2013-09-24,45.0,6e-05,33.75,55.5,44.5,45.75,44.75,13.374368011882572,44.85,0.22360679774997536,44.604166666666664,0.3910698224876432,43.59,1.2224097980161657,39.78260869565217,3.783000043931131,1,1,0,1.25
2013-09-25,46.0,0.000121,33.75,55.5,45.0,46.75,45.0,13.835020005032428,45.15,0.4873397172404468,44.6875,0.5551924318320179,43.695,1.1987344517091778,39.81621621621622,3.800297722426939,1,1,0,1.75
2013-09-26,46.5,0.0,33.75,55.5,46.0,46.75,46.0,13.697178496620866,45.45,0.7582875444051536,44.833333333333336,0.7637626158259195,43.8,1.2100767390070517,39.85215053763441,3.82156692059255,1,1,0,0.75
2013-09-27,46.5,6e-05,33.75,55.5,46.5,46.75,46.5,12.705031132543777,45.75,0.8291561975888484,45.020833333333336,0.8755409583205641,43.895,1.2321066247261685,39.88770053475936,3.8421591090838225,1,1,0,0.25
2013-09-30,46.5,0.000241,33.75,55.5,46.5,47.0,46.5,13.949867484741691,46.1,0.6519202405202627,45.229166666666664,0.9074084810685198,43.985,1.255000203268638,39.922872340425535,3.8620992940210463,1,1,0,0.5
2013-10-02,46.5,0.000294,33.75,55.5,46.5,46.75,46.5,14.174932425651066,46.4,0.2236067977499716,45.4375,0.8862907895472544,44.075,1.2709971178054011,39.957671957671955,3.8814112204233844,1,1,0,0.25
2013-10-03,46.5,0.000171,33.75,55.5,46.5,47.0,46.5,13.872364314289724,46.5,0.0,45.625,0.8494650723195429,44.165,1.2803558975886558,39.992105263157896,3.900117457120642,1,1,0,0.5
2013-10-04,47.0,0.0,33.75,55.5,46.5,48.0,46.5,14.164406020051167,46.6,0.22360679774997858,45.8125,0.8862907895472606,44.255,1.3185199649453354,40.02879581151832,3.9227518690975893,1,1,0,1.5
2013-10-07,48.75,0.000225,33.75,55.5,47.5,49.5,47.0,14.17003388884286,47.05,0.974679434480897,46.166666666666664,1.1298297002270326,44.385,1.4323254247723372,40.07421875,3.9627717062526973,1,1,0,2.0
2013-10-08,49.75,0.00033,33.75,55.5,48.75,50.0,48.75,14.913756446182603,47.7,1.4726676475023142,46.5625,1.4659971784668273,44.53,1.5953056133544727,40.12435233160622,4.0133342487117245,1,1,0,1.25
2013-10-09,49.25,0.000319,33.75,55.5,49.0,49.75,49.75,14.621986870259695,48.25,1.4252192813739222,46.916666666666664,1.5642792899510258,44.66,1.708143759184548,40.17139175257732,4.056188085328208,1,1,0,0.75
2013-10-10,49.25,0.00011,33.75,55.5,48.75,49.75,49.25,13.122565357005076,48.8,1.066536450385077,47.291666666666664,1.5367961557221672,44.785,1.809844113255622,40.217948717948715,4.097624518960647,1,1,0,1.0
2013-10-11,48.5,0.0,33.75,55.5,48.5,49.0,49.25,11.672498559754418,49.1,0.4873397172404496,47.583333333333336,1.3871706543329292,44.9,1.8598880808988785,40.26020408163265,4.129695209363472,1,1,0,0.5
2013-10-14,48.0,5.6000000000000006e-05,33.75,55.5,47.5,48.75,48.5,14.808095812604234,48.95,0.6937218462755819,47.75,1.2968493288806586,45.01,1.8776070311078519,40.2994923857868,4.155893865661845,1,1,0,1.25
2013-10-15,47.25,0.00011,33.75,55.5,47.0,48.0,48.0,12.219487265827034,48.45,0.8551315688243557,47.8125,1.2482942907678753,45.105,1.868160996864142,40.33459595959596,4.174657965062853,1,1,0,1.0
2013-10-16,47.75,0.0,33.75,55.5,47.0,48.5,47.25,13.341982324592585,48.15,0.7623975340988481,47.916666666666664,1.1790468672413148,45.205,1.8733428050697165,40.37185929648241,4.197150555815609,1,1,0,1.5
2013-10-17,48.25,5.500000000000001e-05,33.75,55.5,48.0,48.75,47.75,11.88034943062464,47.95,0.48088460154178736,48.0625,1.0929786240944175,45.305,1.9001141211700283,40.41125,4.22349089191279,1,1,0,0.75
2013-10-18,49.0,5.500000000000001e-05,33.75,55.5,48.5,49.5,48.25,12.927809712482325,48.05,0.6471089552772431,48.270833333333336,1.0026007846263632,45.41,1.9566474868395363,40.505,4.204863778647872,1,1,0,1.0
2013-10-22,49.5,0.00011,33.75,55.5,49.25,50.0,49.0,13.947416505268018,48.35,0.911729126440526,48.520833333333336,0.8884251473389995,45.525,2.024877169366278,40.5975,4.198198195708748,1,1,0,0.75
2013-10-23,49.5,5.6000000000000006e-05,33.75,55.5,49.0,50.0,49.5,12.947059538723556,48.8,0.7786205751198748,48.729166666666664,0.7866668271700479,45.63,2.0924060947403387,40.69,4.1894699296518665,1,1,0,1.0
2013-10-24,49.5,0.0,33.75,55.5,49.0,50.5,49.5,14.763610373829758,49.15,0.5477225575051713,48.791666666666664,0.8176555546565458,45.735,2.152602838331363,40.7825,4.178666055094607,1,1,0,1.5
2013-10-25,48.75,0.0,33.75,55.5,48.0,49.5,49.5,13.953794016616467,49.25,0.3535533905932824,48.708333333333336,0.7600338907914612,45.825,2.1831041838518455,40.87125,4.158298107791966,1,1,0,1.5
2013-10-28,48.5,0.0,33.75,55.5,48.0,50.0,48.75,12.02035131605286,49.15,0.48733971724045416,48.645833333333336,0.7420666269196896,45.91,2.2031748890719403,40.9575,4.136574669941292,1,1,0,2.0
2013-10-30,48.5,0.000278,33.75,55.5,48.5,49.5,48.5,15.262194454446416,48.95,0.5123475382979858,48.583333333333336,0.7177405625653309,45.98,2.2291208114046137,41.04125,4.118744495424895,1,1,0,1.0
2013-10-31,48.5,0.000216,33.75,55.5,48.25,49.0,48.5,15.129046305367499,48.75,0.4330127018922269,48.583333333333336,0.7177405625653309,46.055,2.249880949231475,41.12,4.109979887221681,1,1,0,0.75
2013-11-01,48.5,0.000106,33.75,55.5,48.25,49.0,48.5,14.439843958142356,48.55,0.11180339887501858,48.625,0.6949493114282733,46.13,2.26792182135001,41.19625,4.104697448438311,1,1,0,0.75
2013-11-04,48.75,0.000157,33.75,55.5,48.5,49.5,48.5,13.530492932718326,48.55,0.11180339887501858,48.75,0.5435573065046965,46.21,2.288703402651068,41.26875,4.1094432171860324,1,1,0,1.0
2013-11-05,48.75,5.2e-05,33.75,55.5,48.5,49.5,48.75,13.911185216792594,48.6,0.1369306393763152,48.833333333333336,0.4438126822994118,46.29,2.306468278205406,41.34,4.11502639251016,1,1,0,1.0
2013-11-06,48.25,5.2e-05,33.75,55.5,47.75,49.0,48.75,14.762059265077287,48.55,0.20916500663353366,48.833333333333336,0.4438126822994118,46.355,2.315150852404271,41.4175,4.098359611788305,1,1,0,1.25
2013-11-07,47.5,0.000155,33.75,55.5,47.0,48.0,48.25,14.805683893741492,48.35,0.5184110338331994,48.708333333333336,0.5822500764407373,46.41,2.3089002594663417,41.49125,4.074246354145911,1,1,0,1.0
2013-11-08,46.25,0.000102,33.75,55.5,45.75,47.5,47.5,15.23792009388733,47.9,1.0547511554864522,48.4375,0.8668451156611121,46.445,2.292562286337096,41.55875,4.040387928225786,1,1,0,1.75
2013-11-11,46.5,5.1000000000000006e-05,33.75,55.5,46.25,47.0,46.25,14.559588942364899,47.45,1.0810874155219856,48.1875,0.9601432184836034,46.515,2.238012283163862,41.62625,4.00933250970367,1,1,0,0.75
2013-11-12,46.5,0.0,33.75,55.5,46.25,47.0,46.5,14.693310326353078,47.0,0.847791247890663,47.9375,0.9777350914695359,46.59,2.171099599140548,41.69375,3.9768833833447403,1,1,0,0.75
2013-11-13,46.5,0.0,33.75,55.5,46.25,47.0,46.5,15.214992825112438,46.65,0.4873397172404559,47.75,1.0224747162910992,46.68,2.0677553638906274,41.7625,3.9401736754824292,0,1,0,0.75
2013-11-14,46.5,5.1000000000000006e-05,33.75,55.5,46.25,46.75,46.5,13.878016702723404,46.45,0.11180339887502107,47.583333333333336,1.0516941599441407,46.77,1.954743054256435,41.82875,3.9075832649300897,0,1,0,0.5
2013-11-15,46.0,0.0,33.75,55.5,46.0,46.5,46.5,14.975155542038209,46.4,0.22360679774999395,47.375,1.1001033009346275,46.845,1.8467359512041526,41.89125,3.873516696166066,0,1,0,0.5
2013-11-18,46.5,5.1000000000000006e-05,33.75,55.5,46.0,47.0,46.0,14.020409483667127,46.4,0.22360679774999395,47.208333333333336,1.0651148750109887,46.915,1.7624267244864957,41.95625,3.8409357420258603,0,1,0,1.0
2013-11-19,47.0,5.1000000000000006e-05,33.75,55.5,46.75,47.5,46.5,14.378435721015034,46.5,0.35355339059328317,47.083333333333336,0.9847319278346444,46.955,1.7406382244946699,42.02375,3.8100796543329243,0,1,0,0.75
2013-11-20,47.5,0.000101,33.75,55.5,47.25,48.5,47.0,13.962464834254261,46.7,0.5700877125495742,46.979166666666664,0.8491863306968503,47.005,1.7191078013474297,42.09375,3.781188353457348,0,1,0,1.25
2013-11-21,48.75,0.000547,33.75,55.5,47.75,49.5,47.5,12.263402433573614,47.15,1.0547511554864524,46.979166666666664,0.8491863306968503,47.08,1.7116348552046838,42.17,3.760726701933158,1,1,0,1.75
2013-11-22,48.75,0.0001419999999999,33.75,55.5,48.5,49.5,48.75,14.111979661135546,47.7,1.0216408370851304,47.020833333333336,0.9260027325046182,47.16,1.6938966067284804,42.245,3.7414861476376875,1,1,0,1.0
2013-11-25,49.0,0.00014,33.75,55.5,49.0,49.5,48.75,14.404852124491176,48.2,0.8909264840602754,47.145833333333336,1.0842798895063241,47.255,1.6602265028654617,42.31875,3.7284504356037305,1,1,0,0.5
2013-11-26,48.75,9.2e-05,33.75,55.5,48.75,49.25,49.0,14.62852792789249,48.55,0.5968668193156689,47.354166666666664,1.1354731359324293,47.35,1.6051575038747627,42.38875,3.717040879787298,1,1,0,0.5
2013-11-27,48.5,0.0,33.75,55.5,48.5,49.0,48.75,14.9108511671877,48.75,0.1767766952966488,47.520833333333336,1.1454372593693238,47.44,1.538253714377601,42.4575,3.702174934579812,1,1,0,0.5
2013-11-28,48.5,0.0,33.75,55.5,48.0,48.75,48.5,13.433372740574711,48.7,0.2091650066335294,47.6875,1.1287815232686653,47.525,1.4744853823818387,42.5225,3.693518531932461,1,1,0,0.75
2013-11-29,48.0,0.000182,33.75,55.5,47.0,48.5,48.5,13.493652413400904,48.55,0.3708099243547885,47.8125,1.0666696259428678,47.59,1.420297468124112,42.57875,3.690829452540251,1,1,0,1.5
2013-12-02,46.75,4.6e-05,33.75,55.5,46.75,47.5,48.0,13.927499953966459,48.1,0.8023403267940632,47.833333333333336,1.04083299973307,47.635,1.3545181385849674,42.62125,3.6896719819207138,1,1,0,0.75
2013-12-03,46.5,4.6e-05,33.75,55.5,46.0,47.0,46.75,15.23775128703067,47.65,0.9617692030835693,47.875,0.968245836551859,47.665,1.3108748441950673,42.66125,3.6881326644050008,0,1,0,1.0
2013-12-04,46.0,4.6e-05,33.75,55.5,45.75,46.5,46.5,15.73825457519298,47.15,1.0547511554864508,47.833333333333336,1.04083299973307,47.685,1.276564666180042,42.70625,3.6735881214324397,0,1,0,0.75
2013-12-05,45.5,0.000372,33.75,55.5,45.0,46.0,46.0,14.152197771476299,46.55,0.9420721840708394,47.708333333333336,1.2239714296526953,47.7,1.2453996981547142,42.74875,3.656368566346218,0,1,0,1.0
2013-12-06,45.0,0.0,33.75,55.5,44.75,45.5,45.5,13.788345917428996,45.95,0.7158910531638183,47.5,1.4538350537926772,47.7,1.2453996981547142,42.7875,3.638825221822937,0,1,0,0.75
2013-12-09,44.75,0.0,33.75,55.5,44.5,45.25,45.0,14.729118093284027,45.55,0.7158910531638183,47.166666666666664,1.593072122623067,47.675,1.2918998034063642,42.8275,3.6160229340113923,0,1,0,0.75
2013-12-10,44.5,0.000145,33.75,55.5,44.5,45.0,44.75,15.638785005488181,45.15,0.6020797289396146,46.8125,1.6791671366267353,47.635,1.3582795991210126,42.8675,3.58982982057693,0,1,0,0.5
2013-12-11,44.75,0.000147,33.75,55.5,44.5,45.0,44.5,14.393584091656942,44.9,0.3791437722025767,46.458333333333336,1.6231049556235204,47.6,1.4096967397138171,42.91,3.561293875875962,0,1,0,0.5
2013-12-16,45.0,5e-05,33.75,55.5,44.75,45.25,44.75,13.507627138738266,44.8,0.2091650066335172,46.145833333333336,1.4979468271502858,47.57,1.4489968380694536,42.9525,3.535035520423117,0,1,0,0.5
2013-12-17,44.75,0.00015,33.75,55.5,44.5,45.0,45.0,14.976315180122924,44.75,0.17677669529663437,45.833333333333336,1.345587626505962,47.535,1.4957507841093862,42.99125,3.5118587238070624,0,1,0,0.5
2013-12-18,44.25,5.1000000000000006e-05,33.75,55.5,44.25,44.75,44.75,14.094278769742047,44.65,0.2850438562747826,45.479166666666664,1.1203608049790017,47.49,1.5599908424641487,43.01625,3.5028772721031713,0,1,0,0.5
2013-12-19,44.5,0.000101,33.75,55.5,44.25,44.75,44.25,15.406112379855022,44.65,0.2850438562747826,45.1875,0.8196798155376543,47.44,1.6151072498667083,43.04625,3.489672262548429,0,1,0,0.5
2013-12-20,44.5,5e-05,33.75,55.5,44.25,44.75,44.5,15.35776132474963,44.6,0.2850438562747826,45.0,0.6741998624631146,47.355,1.6560726223849038,43.0775,3.4744572259671362,0,1,0,0.5
2013-12-23,44.5,0.000199,33.75,55.5,44.5,45.0,44.5,14.123363572229056,44.5,0.17677669529663437,44.833333333333336,0.4923659639171431,47.25,1.6675167899899896,43.12125,3.436609866477679,0,1,0,0.5
2013-12-24,46.25,0.000585,33.75,55.5,44.75,47.0,44.5,11.96655196818541,44.8,0.8177713616898066,44.854166666666664,0.548327346379601,47.19,1.6479424400490577,43.175,3.4006908845795123,0,1,0,2.25
2013-12-27,46.75,9.2e-05,33.75,55.5,46.25,48.0,46.25,14.330488150366902,45.3,1.1096170510586083,44.958333333333336,0.7600338907912849,47.14,1.6218847690517924,43.23125,3.3659671137063474,0,1,0,1.75
2013-12-30,47.5,9.3e-05,33.75,55.5,47.5,49.0,46.75,14.425004897152803,45.9,1.3532368602724372,45.166666666666664,1.0570828928821432,47.12,1.6109003693588724,43.28875,3.3399419152864493,0,1,0,1.5
2013-12-31,47.25,0.0,33.75,55.5,47.0,48.25,47.5,14.130030014509535,46.45,1.191112924957161,45.375,1.2036875160786085,47.105,1.6060234196581153,43.33375,3.3323333665509858,0,1,0,1.25
2014-01-02,47.75,0.000138,33.75,55.5,47.0,48.25,47.25,14.45620640544757,47.1,0.602079728939616,45.645833333333336,1.34611534243964,47.115,1.608499427467668,43.375,3.3356984908876934,0,1,0,1.25
2014-01-03,48.0,9.3e-05,33.75,55.5,47.75,48.25,47.75,14.616166395273979,47.45,0.48088460154178425,45.916666666666664,1.4706729030884744,47.12,1.6109003693588724,43.41375,3.3442177559927777,1,1,0,0.5
2014-01-06,48.5,0.0002309999999999,33.75,55.5,48.25,49.25,48.0,13.791731053363886,47.8,0.48088460154178425,46.208333333333336,1.6125690025170092,47.125,1.6148624127910867,43.4575,3.353269423882551,1,1,0,1.0
2014-01-07,48.5,4.5e-05,33.75,55.5,48.5,49.0,48.5,13.41129616738276,48.0,0.5303300858899115,46.520833333333336,1.6667140144789512,47.115,1.6045296214539015,43.50375,3.3587317296351875,1,1,0,0.5
2014-01-08,48.25,0.000225,33.75,55.5,48.25,49.0,48.5,12.361369810748965,48.2,0.3259601202601337,46.854166666666664,1.5683602226142905,47.09,1.5760969616916376,43.5525,3.3564972993587983,1,1,0,0.75
2014-01-09,48.5,0.000308,33.75,55.5,48.0,48.75,48.25,14.673918331226359,48.35,0.22360679774997982,47.1875,1.4425553400444957,47.07,1.5510365197876015,43.6025,3.3553368200345086,1,1,0,0.75
2014-01-10,47.5,4.3e-05,33.75,55.5,47.0,48.25,48.5,14.16581595936832,48.25,0.4330127018922196,47.4375,1.1683564602388326,47.03,1.5123977448991575,43.64625,3.3487863904621653,1,1,0,1.25
2014-01-13,46.75,8.5e-05,33.75,55.5,46.5,48.0,47.5,12.833349752162816,47.9,0.7623975340988451,47.625,0.7650014854412249,46.99,1.4922931265373933,43.6875,3.335863256840964,1,1,0,1.5
2014-01-14,46.75,0.0,33.75,55.5,46.75,47.25,46.75,14.53022400577121,47.55,0.8177713616898056,47.666666666666664,0.6935853271664684,46.955,1.4765946067399824,43.72875,3.322375177731729,1,1,0,0.5
2014-01-15,46.0,4.3e-05,33.75,55.5,46.0,47.0,46.75,15.143858224043978,47.1,0.9453835200594511,47.604166666666664,0.8080443094661415,46.905,1.4654960154941097,43.76625,3.305344148070792,1,1,0,1.0
2014-01-16,45.75,0.000171,33.75,55.5,45.75,46.25,46.0,13.816111377436101,46.55,0.6937218462755793,47.458333333333336,0.9701999169180949,46.85,1.455986936474435,43.8,3.2908621772032074,0,1,0,0.5
2014-01-17,45.75,0.0,33.75,55.5,45.5,46.0,45.75,12.922938794110705,46.2,0.5123475382979781,47.333333333333336,1.0888553901258204,46.795,1.4442797089039068,43.82875,3.282603902300259,0,1,0,0.5
2014-01-20,45.25,0.000174,33.75,55.5,45.0,45.75,45.75,15.580583933104064,45.9,0.5477225575051645,47.125,1.2316839913490127,46.725,1.4323610450112905,43.85125,3.2768122359464154,0,1,0,0.75
2014-01-21,45.5,4.3e-05,33.75,55.5,45.25,46.25,45.25,14.757391450731298,45.65,0.2850438562747807,46.916666666666664,1.2806840028482753,46.66,1.4121918121438888,43.87125,3.2745955195386833,0,1,0,1.0
2014-01-22,45.5,0.000213,33.75,55.5,45.25,45.75,45.5,14.755791607096667,45.55,0.2091650066335132,46.666666666666664,1.2355222181389942,46.605,1.4025214174946263,43.88625,3.2751536750933217,0,1,0,0.5
2014-01-23,45.5,4.2e-05,33.75,55.5,45.25,46.0,45.5,15.21565875993315,45.5,0.17677669529662965,46.416666666666664,1.1298297002270223,46.565,1.4049929188580768,43.90375,3.2743749163717846,0,1,0,0.75
2014-01-24,45.75,0.000332,33.75,55.5,45.5,46.0,45.5,13.370942289793193,45.5,0.17677669529662965,46.208333333333336,0.9818427325774066,46.555,1.4090541769108487,43.92125,3.274844879137326,0,1,0,0.5
2014-01-27,46.0,8e-05,33.75,55.5,45.75,46.5,45.75,15.622011009741696,45.65,0.2236067977499736,46.0,0.6657190234488726,46.545,1.4112250431626774,43.93875,3.276563026071527,0,1,0,0.75
2014-01-28,46.25,0.000243,33.75,55.5,46.0,46.5,46.0,13.47597503426638,45.8,0.3259601202601295,45.895833333333336,0.48216289841292714,46.54,1.4118304806608228,43.95875,3.27841056254137,0,1,0,0.5
2014-01-29,45.5,0.000166,33.75,55.5,45.25,46.25,46.25,15.1480087582959,45.8,0.3259601202601295,45.791666666666664,0.41056133044953586,46.52,1.4194710138584,43.975,3.2779528481007425,0,1,0,1.0
2014-01-30,45.25,0.000295,33.75,55.5,44.75,45.5,45.5,14.547975081624061,45.75,0.39528470752104533,45.666666666666664,0.3077287274481338,46.495,1.4307929156056995,43.99,3.276883401056637,0,1,0,0.75
2014-01-31,43.25,0.0004349999999999,33.75,55.5,42.5,45.5,45.25,14.97324076531406,45.25,1.1858541225631416,45.4375,0.7471536899216251,46.44,1.501325944569417,43.99625,3.274259813167018,0,1,0,3.0
2014-02-03,42.5,0.000182,33.75,55.5,42.25,43.5,43.25,13.548024499474279,44.55,1.594913790773657,45.166666666666664,1.1197266982561973,46.36,1.6013068642424233,43.99875,3.27291856255015,0,1,0,1.25
2014-02-04,44.0,0.000134,33.75,55.5,43.5,45.5,42.5,15.128884971718678,44.1,1.2820881404958067,45.020833333333336,1.1503869572952345,46.3,1.6327327786662231,44.00875,3.2698348639783563,0,1,0,2.0
2014-02-05,44.0,8.800000000000001e-05,33.75,55.5,44.0,45.0,44.0,14.165604595159527,43.8,1.0216408370851255,44.916666666666664,1.1838560518555372,46.23,1.6551095900581785,44.02,3.2658927227301606,0,1,0,1.0
2014-02-06,43.75,0.000437,33.75,55.5,43.0,44.5,44.0,14.775129325612566,43.5,0.637377439199094,44.770833333333336,1.2128962957492464,46.13,1.6507883089048194,44.03375,3.258895585884642,0,1,0,1.5
2014-02-07,43.75,8.4e-05,33.75,55.5,43.25,44.0,43.75,14.295279476191512,43.6,0.6274950199005523,44.625,1.222423078078122,46.03,1.6402463727336236,44.04875,3.2505988528285004,0,1,0,0.75
2014-02-10,43.75,8.4e-05,33.75,55.5,43.5,44.0,43.75,14.5018853576346,43.85,0.1369306393762702,44.479166666666664,1.212896295749237,45.925,1.6140723626396782,44.065,3.240878192293926,0,1,0,0.5
2014-02-11,44.75,0.0,33.75,55.5,44.0,45.0,43.75,13.742510740810703,44.0,0.43301270189221264,44.395833333333336,1.1503869572952143,45.845,1.5697149747776857,44.085,3.232649861279142,0,1,0,1.0
2014-02-12,45.0,4.3e-05,33.75,55.5,44.75,46.0,44.75,14.249628556481618,44.2,0.6224949798994314,44.3125,1.0559625079431572,45.775,1.526341831882882,44.10125,3.22901978646879,0,1,0,1.25
2014-02-13,45.75,8.5e-05,33.75,55.5,45.5,46.25,45.0,12.829336379587506,44.6,0.858778201865879,44.270833333333336,0.9796702444591078,45.72,1.4748227150463928,44.1225,3.2257979808204427,0,1,0,0.75
2014-02-14,45.75,8.5e-05,33.75,55.5,45.5,46.0,45.75,13.653698437441703,45.0,0.8291561975888453,44.291666666666664,1.0103629710817374,45.675,1.4376940862766214,44.14375,3.2224321220790597,0,1,0,0.5
2014-02-17,44.25,0.000127,33.75,55.5,44.25,45.5,45.75,14.777807009609509,45.1,0.6519202405202592,44.208333333333336,0.9643257968259574,45.625,1.4430074179170898,44.1575,3.2169570737064968,0,1,0,1.25
2014-02-18,44.25,0.000129,33.75,55.5,44.0,45.5,44.25,12.173037959397275,45.0,0.749999999999995,44.291666666666664,0.9159777025206093,45.58,1.4502286941398586,44.16875,3.213306338590838,0,1,0,1.5
2014-02-19,44.0,8.7e-05,33.75,55.5,44.0,44.5,44.25,14.340653793795871,44.8,0.8732124598286443,44.416666666666664,0.7334022006229467,45.54,1.4659050279676655,44.17875,3.2096331037680828,0,1,0,0.5
2014-02-20,44.25,0.0,33.75,55.5,44.0,45.75,44.0,15.338453541844473,44.5,0.7071067811865411,44.4375,0.7239804743724253,45.515,1.477216425357981,44.19,3.2058990852370153,0,1,0,1.75
2014-02-21,44.0,0.0,33.75,55.5,43.75,45.0,44.25,14.820691267818392,44.15,0.13693063937625805,44.4375,0.7239804743724253,45.495,1.4910361415843263,44.19875,3.2029643834592445,0,1,0,1.25
2014-02-24,44.0,4.4000000000000006e-05,33.75,55.5,44.0,44.5,44.0,13.78029883804806,44.1,0.13693063937625805,44.458333333333336,0.7057662931919156,45.48,1.5024130250898564,44.2075,3.2000029444081797,0,1,0,0.5
2014-02-25,43.75,8.7e-05,33.75,55.5,43.5,44.25,44.0,14.599914715187435,44.0,0.17677669529661114,44.458333333333336,0.7057662931919156,45.465,1.516078790155595,44.2125,3.198495052835785,0,1,0,0.75
2014-02-26,43.75,8.7e-05,33.75,55.5,43.5,44.25,43.75,16.784862972577976,43.95,0.20916500663349755,44.458333333333336,0.7057662931919156,45.445,1.5322136180797505,44.21625,3.1975058492172943,0,1,0,0.75
2014-02-27,44.75,0.0,33.75,55.5,44.5,45.0,43.75,13.897183628181923,44.05,0.4107919181288648,44.458333333333336,0.7057662931919156,45.44,1.5341021438468723,44.225,3.196555149550922,0,1,0,0.5
2014-02-28,43.75,4.3e-05,33.75,55.5,43.5,45.0,44.75,15.062600608703383,44.0,0.4330127018922101,44.354166666666664,0.7107800878845152,45.42,1.549720185408221,44.23,3.195018106915437,0,1,0,1.5
2014-03-03,44.0,0.0,33.75,55.5,43.0,44.75,43.75,14.061746222240163,44.0,0.4330127018922101,44.208333333333336,0.562394771301841,45.415,1.5539695713146684,44.2475,3.18405161286163,0,0,0,1.75
2014-03-04,44.0,0.0,33.75,55.5,43.75,44.25,44.0,13.686996272867159,44.05,0.4107919181288648,44.0625,0.2845450914893187,45.405,1.5615680894407546,44.26125,3.176972095562033,0,0,0,0.5
2014-03-05,44.0,0.0,33.75,55.5,43.75,44.5,44.0,15.386727465370363,44.1,0.37914377220256734,44.041666666666664,0.2786602145109139,45.395,1.569064780598542,44.27625,3.1685679021051723,0,0,0,0.75
2014-03-06,44.75,4.3e-05,33.75,55.5,44.0,45.5,44.0,14.902118076864047,44.1,0.37914377220256734,44.083333333333336,0.3426722084208182,45.4,1.5665508713902419,44.29375,3.16142713742165,0,0,0,1.5
2014-03-07,45.0,0.0,33.75,55.5,45.0,45.5,44.75,14.640607067846299,44.35,0.4873397172404398,44.166666666666664,0.4308202184273961,45.375,1.562678561225804,44.3125,3.154396907373285,0,0,0,0.5
2014-03-10,45.25,0.0,33.75,55.5,45.25,45.75,45.0,12.646264409266557,44.6,0.5755432216610594,44.25,0.5330017908888198,45.345,1.550090517436114,44.33125,3.148735239032897,0,0,0,0.5
2014-03-11,45.75,4.3e-05,33.75,55.5,45.25,46.25,45.25,14.698327646596873,44.95,0.6471089552772318,44.395833333333336,0.6780514640339538,45.31,1.5199019839505394,44.35125,3.1449586263266562,0,1,0,1.0
2014-03-12,46.25,8.5e-05,33.75,55.5,46.0,46.5,45.75,14.068058336467125,45.4,0.6020797289396064,44.583333333333336,0.848349556313195,45.29,1.5003060912185209,44.3725,3.1433496440778805,1,1,0,0.5
2014-03-13,46.0,0.000378,33.75,55.5,46.0,46.5,46.25,14.877908622790773,45.65,0.5184110338331838,44.770833333333336,0.894797674777784,45.255,1.4616614114195903,44.39375,3.1398954048289967,1,1,0,0.5
2014-03-14,46.0,0.000243,33.75,55.5,46.0,46.5,46.0,15.83947916165021,45.85,0.3791437722025651,44.958333333333336,0.8971757032065223,45.215,1.4115142397369023,44.4175,3.1339555095243945,1,1,0,0.5
2014-03-17,46.0,4.1e-05,33.75,55.5,46.0,46.5,46.0,14.407123781133828,46.0,0.17677669529660955,45.0625,0.9422229518054523,45.165,1.3349787891001823,44.43875,3.130183891318089,1,1,0,0.5
2014-03-18,46.5,8.3e-05,33.75,55.5,46.25,47.0,46.0,14.428911361940289,46.15,0.22360679774995773,45.291666666666664,0.9283008263716779,45.125,1.260921674565158,44.46125,3.1287387182915416,1,1,0,0.75
2014-03-19,46.5,8.199999999999999e-05,33.75,55.5,46.5,47.0,46.5,14.685380735923722,46.2,0.27386127875256516,45.5,0.8918825850158113,45.09,1.1949724614709385,44.485,3.1260817223280144,1,1,0,0.5
2014-03-20,46.5,0.0001219999999999,33.75,55.5,46.5,47.25,46.5,14.845594510089509,46.3,0.27386127875256516,45.708333333333336,0.7965360613115157,45.05,1.1088696211616293,44.51,3.122080545833705,1,1,0,0.75
2014-03-21,46.75,8e-05,33.75,55.5,46.5,47.0,46.5,14.72292238879929,46.45,0.27386127875256516,45.9375,0.6407116072277426,45.035,1.0797415601592515,44.53875,3.116064864327022,1,1,0,0.5
2014-03-24,46.75,0.000159,33.75,55.5,46.75,47.0,46.75,14.060885940530891,46.6,0.136930639376254,46.104166666666664,0.5585933361145025,45.035,1.0797415601592515,44.56625,3.1111605612196165,1,1,0,0.25
2014-03-25,46.75,0.0,33.75,55.5,46.75,47.0,46.75,13.659793151461484,46.65,0.136930639376254,46.25,0.4646601886423282,45.035,1.0797415601592515,44.5925,3.1073051793132347,1,1,0,0.25
2014-03-26,46.5,8.100000000000002e-05,33.75,55.5,46.0,46.75,46.75,14.825401280830429,46.65,0.136930639376254,46.354166666666664,0.344738592225679,45.045,1.0911167280754865,44.61875,3.101095759898462,1,1,0,0.75
2014-03-27,46.0,8e-05,33.75,55.5,45.25,46.25,46.5,14.486259254906477,46.55,0.325960120260116,46.375,0.31079078025410867,45.05,1.0949792654827653,44.64375,3.091916586583778,1,1,0,1.0
2014-03-28,46.0,4e-05,33.75,55.5,45.5,46.25,46.0,14.309048202055878,46.4,0.37914377220256296,46.354166666666664,0.32784304263794667,45.055,1.098805009535374,44.67125,3.0793094470764366,1,1,0,0.75
2014-03-31,46.0,4.1e-05,33.75,55.5,46.0,46.25,46.0,14.326356781518088,46.25,0.3535533905932579,46.354166666666664,0.32784304263794667,45.07,1.1066127763292526,44.69875,3.066402625685999,1,1,0,0.25
2014-04-01,46.0,0.0,33.75,55.5,46.0,46.5,46.0,14.386377668850825,46.1,0.22360679774995398,46.354166666666664,0.32784304263794667,45.08,1.1128195482373675,44.73,3.0475049519501565,1,1,0,0.5
2014-04-02,46.0,4e-05,33.75,55.5,45.75,46.5,46.0,13.87217534999302,46.0,0.0,46.354166666666664,0.32784304263794667,45.09,1.1189006995755468,44.765,3.0214517792397877,1,1,0,0.75
2014-04-03,46.25,4e-05,33.75,55.5,46.0,47.0,46.0,14.164194357589913,46.05,0.11180339887499027,46.333333333333336,0.3256694736395313,45.105,1.1294865186972407,44.805,2.9875327209578626,1,1,0,1.0
2014-04-04,46.0,4e-05,33.75,55.5,46.0,46.25,46.25,15.018573248262053,46.05,0.11180339887499027,46.291666666666664,0.3342789617108178,45.11,1.1329481138039261,44.84875,2.9400305843108736,1,1,0,0.25
2014-04-07,46.0,4e-05,33.75,55.5,46.0,46.25,46.0,14.084087025143575,46.05,0.11180339887499027,46.25,0.33709993123166976,45.11,1.1329481138039261,44.8975,2.876890901004299,1,1,0,0.25
2014-04-08,46.0,8e-05,33.75,55.5,46.0,46.25,46.0,13.951876305008623,46.05,0.11180339887499027,46.1875,0.30385777175278955,45.105,1.1283566703443768,44.94,2.829452954212249,1,1,0,0.25
2014-04-09,46.25,8.100000000000002e-05,33.75,55.5,46.0,46.75,46.0,14.541947920017897,46.1,0.1369306393762921,46.145833333333336,0.2490512299739452,45.12,1.1386529814852915,44.9775,2.796510523049674,1,1,0,0.75
2014-04-10,46.25,0.000241,33.75,55.5,46.25,46.75,46.25,12.162648309521318,46.1,0.1369306393762921,46.104166666666664,0.16713948085542468,45.14,1.1497115876141826,45.015,2.7626638517541124,1,1,0,0.5
2014-04-11,47.25,0.0,33.75,55.5,46.25,47.75,46.25,15.023754527862284,46.35,0.5184110338331928,46.166666666666664,0.35887028128266835,45.22,1.154671081357328,45.06375,2.715000844461574,1,1,0,1.5
2014-04-14,47.25,7.8e-05,33.75,55.5,47.0,48.0,47.25,12.999067423500716,46.6,0.6020797289396141,46.270833333333336,0.4702312454978516,45.315,1.1212351971586498,45.1175,2.650247689192517,1,1,0,1.0
2014-04-15,47.25,0.000195,33.75,55.5,46.75,47.75,47.25,14.80035710583054,46.85,0.5477225575051651,46.375,0.5383054219240024,45.38,1.1375322377133734,45.17,2.5869016799073488,1,1,0,1.0
2014-04-16,46.75,7.6e-05,33.75,55.5,46.5,47.25,47.25,16.025695343366372,46.95,0.44721359549995654,46.4375,0.534332633886817,45.435,1.1359276529134783,45.22,2.51909292121759,1,1,0,0.75
2014-04-17,47.25,0.0,33.75,55.5,46.5,47.75,46.75,13.014334861352134,47.15,0.22360679774997486,46.541666666666664,0.5623947713021106,45.505,1.1378125271498996,45.27125,2.4544567069171497,1,1,0,1.25
2014-04-22,47.75,0.0,33.75,55.5,47.25,48.0,47.25,14.273568748702479,47.25,0.35355339059327107,46.6875,0.6317813919963328,45.585,1.1524264552214798,45.32375,2.3935630675399775,1,1,0,0.75
2014-04-23,48.5,0.000152,33.75,55.5,47.75,49.75,47.75,14.706976078457227,47.5,0.6614378277661462,46.875,0.8012773892639056,45.68,1.193135125864585,45.37875,2.3386335694934637,1,1,0,2.0
2014-04-24,49.25,0.000115,33.75,55.5,48.75,49.75,48.5,14.141933180232447,47.9,0.9937303457175889,47.145833333333336,1.0026007846264149,45.77,1.2875383885699447,45.4375,2.2867256769468374,1,1,0,1.0
2014-04-25,49.75,7.6e-05,33.75,55.5,49.25,50.0,49.25,15.097055605493184,48.5,1.0307764064044147,47.458333333333336,1.181453906563246,45.865,1.399899777753957,45.49625,2.2452458847338983,1,1,0,0.75
2014-04-28,49.25,3.8e-05,33.75,55.5,49.25,49.75,49.75,12.945389894136861,48.9,0.7826237921249259,47.729166666666664,1.1892431384811555,45.935,1.4792872663303123,45.55125,2.201144274710403,1,1,0,0.5
2014-04-29,49.75,3.8e-05,33.75,55.5,48.5,50.5,49.25,15.993337206102991,49.3,0.5123475382979801,48.020833333333336,1.2222293962141522,46.015,1.574193995254193,45.60375,2.175162083142227,1,1,0,2.0
2014-04-30,49.0,3.8e-05,33.75,55.5,48.5,49.25,49.75,13.097662814782355,49.4,0.3354101966249695,48.25,1.1129404133360936,46.11,1.6084597779065972,45.65,2.148243410031474,1,1,0,0.75
2014-05-02,50.0,3.8e-05,33.75,55.5,49.0,51.0,49.0,15.595416888815286,49.55,0.410791918128876,48.479166666666664,1.1699763659878273,46.225,1.676860830509928,45.69875,2.1356770636265305,1,1,0,2.0
2014-05-05,49.75,3.8e-05,33.75,55.5,49.5,50.0,50.0,14.349779819554321,49.55,0.410791918128876,48.6875,1.1536749581625345,46.34,1.7178237299989274,45.745,2.1226464945212746,1,1,0,0.5
2014-05-06,49.5,0.000154,33.75,55.5,49.5,50.0,49.75,14.987218711540223,49.6,0.3791437722025795,48.875,1.079246370053276,46.445,1.7476587837705297,45.79,2.1062302889643125,1,1,0,0.5
2014-05-07,49.5,7.8e-05,33.75,55.5,49.0,50.0,49.5,14.851218899960898,49.55,0.37080992435478516,49.104166666666664,0.8558510738478634,46.555,1.7636421614006283,45.835,2.0887109823618815,1,1,0,1.0
2014-05-08,48.75,7.8e-05,33.75,55.5,48.5,49.5,49.5,15.668772851511331,49.5,0.46770717334674483,49.229166666666664,0.6436608131809336,46.65,1.7510929531617498,45.875,2.0673338740352536,1,1,0,1.0
2014-05-09,48.75,3.9e-05,33.75,55.5,48.75,49.0,48.75,13.094994236104542,49.25,0.46770717334674483,49.3125,0.478218759375552,46.75,1.724670923950092,45.9125,2.050975683981005,1,1,0,0.25
2014-05-12,49.0,3.9e-05,33.75,55.5,48.25,49.75,48.75,15.213659623585022,49.1,0.3791437722025802,49.354166666666664,0.41912155610084717,46.855,1.69790537223419,45.94875,2.041082070272502,1,1,0,1.5
2014-05-13,47.0,3.9e-05,33.75,55.5,47.0,48.0,49.0,13.385498114212531,48.6,0.9453835200594534,49.166666666666664,0.8000946913659686,46.9,1.6705736519325065,45.97375,2.023014179225316,1,1,0,1.0
2014-05-14,47.0,0.000195,33.75,55.5,47.0,47.5,47.0,13.83639201487916,48.1,1.0093314619093194,48.9375,0.9892892306189512,46.965,1.60754756809059,45.99875,2.004470114443824,1,1,0,0.5
2014-05-15,47.0,0.0,33.75,55.5,47.0,47.5,47.0,13.801919618129038,47.75,1.0307764064044171,48.75,1.1281521496357207,47.025,1.5495637964227786,46.02375,1.9854365335218251,1,1,0,0.5
2014-05-16,46.75,0.000198,33.75,55.5,46.5,47.5,47.0,12.09904963758644,47.35,0.9287087810503378,48.5,1.2154310870111529,47.08,1.4875675254783038,46.045,1.9702179559555828,1,1,0,1.0
2014-05-19,46.75,0.0001169999999999,33.75,55.5,46.25,47.0,46.75,13.144909297253815,46.9,0.13693063937630953,48.3125,1.301768901428986,47.135,1.420701536968043,46.0675,1.9522744756157238,0,1,0,0.75
2014-05-20,46.75,0.0,33.75,55.5,46.5,47.0,46.75,15.826004003940422,46.85,0.13693063937630953,48.041666666666664,1.256045984489353,47.175,1.379745983720315,46.08875,1.9363128556290479,0,1,0,0.5
2014-05-21,46.25,3.8e-05,33.75,55.5,46.0,46.75,46.75,15.480969760179974,46.7,0.2738612787525929,47.75,1.2293753032999737,47.2,1.3505478857994033,46.10625,1.921747644082759,0,1,0,0.75
2014-05-22,46.5,3.8e-05,33.75,55.5,46.25,47.0,46.25,14.7027023938238,46.6,0.22360679774999173,47.5,1.1431614854509444,47.225,1.3250433185065575,46.12375,1.9092142185100003,0,1,0,0.75
2014-05-23,46.75,3.8e-05,33.75,55.5,46.75,47.25,46.5,14.393976699198593,46.6,0.22360679774999173,47.270833333333336,0.9680012991477377,47.245,1.309784606065523,46.14375,1.894589874209517,0,1,0,0.5
2014-05-26,47.5,3.9e-05,33.75,55.5,47.0,48.0,46.75,12.32652323122033,46.75,0.46770717334674883,47.166666666666664,0.8550208220042266,47.27,1.302313483061497,46.16875,1.879193384508858,0,1,0,1.0
2014-05-27,47.75,3.8e-05,33.75,55.5,47.5,48.5,47.5,13.480179070441327,46.95,0.6471089552772431,47.083333333333336,0.7256136379060943,47.305,1.2909516344346454,46.195,1.8642969224550374,0,1,0,1.0
2014-05-28,48.5,0.0,33.75,55.5,48.0,49.0,47.75,12.670124221397808,47.4,0.8023403267940638,47.041666666666664,0.610824083191077,47.355,1.2877860292546117,46.22375,1.8552176693052649,1,1,0,1.0
2014-05-29,49.75,0.0,33.75,55.5,49.0,50.0,48.5,17.176219257606945,48.05,1.1374313166077357,47.270833333333336,0.9912018263735433,47.43,1.3161477492894502,46.25625,1.8597896453969132,1,1,0,1.0
2014-05-30,49.0,0.0,33.75,55.5,47.0,49.5,49.75,14.490545192236208,48.5,0.9185586535436961,47.4375,1.1033265815046573,47.48,1.327534157291635,46.2825,1.8612873780041426,1,1,0,2.5
2014-06-03,48.0,0.0001159999999999,33.75,55.5,47.5,48.75,49.0,14.552244387862054,48.6,0.8023403267940658,47.520833333333336,1.1050418201329046,47.51,1.3218725123006423,46.30375,1.856483528869775,1,1,0,1.25
2014-06-04,48.75,0.0,33.75,55.5,48.0,49.0,48.0,14.304029834742108,48.8,0.6471089552772453,47.6875,1.1287815232687717,47.555,1.3250818226566972,46.32625,1.8587355721391967,1,1,0,1.0
2014-06-05,48.75,0.0,33.75,55.5,48.5,49.25,48.75,14.562056789249844,48.85,0.6274950199005631,47.854166666666664,1.1254207967232677,47.595,1.3304614053105444,46.34875,1.860711469671422,1,1,0,0.75
2014-06-06,49.25,0.0,33.75,55.5,48.75,49.75,48.75,15.006732717214508,48.75,0.4677071733467518,48.0625,1.1338039352712876,47.645,1.3449546688364593,46.37375,1.865953469207145,1,1,0,1.0
2014-06-09,49.5,3.9e-05,33.75,55.5,48.75,50.0,49.25,15.008766440681416,48.85,0.5755432216610741,48.333333333333336,1.0462776733244876,47.7,1.3637059351456675,46.4,1.872842141890811,1,1,0,1.25
2014-06-10,49.75,3.9e-05,33.75,55.5,49.5,50.5,49.5,15.763718208597586,49.2,0.4472135954999662,48.604166666666664,0.9442308879174338,47.765,1.3826641689441914,46.42375,1.8850771914136273,1,1,0,1.0
2014-06-11,50.0,7.8e-05,33.75,55.5,49.75,50.5,49.75,13.951178042519103,49.45,0.48088460154179036,48.875,0.8222751143241426,47.845,1.3941294555298684,46.45,1.8981609719348975,1,1,0,0.75
2014-06-12,49.75,3.9e-05,33.75,55.5,49.5,50.5,50.0,14.267032574489736,49.65,0.2850438562747949,49.0625,0.7317864194126664,47.92,1.3937176828871523,46.475,1.908556506813053,1,1,0,1.0
2014-06-13,50.0,3.9e-05,33.75,55.5,49.75,50.5,49.75,13.865063288448951,49.8,0.2091650066335339,49.25,0.6484246644406907,48.0,1.3960585918353245,46.50125,1.9207766272418936,1,1,0,0.75
2014-06-16,50.0,3.9e-05,33.75,55.5,50.0,51.0,50.0,12.127575825689417,49.9,0.1369306393763156,49.375,0.6351449369313961,48.08,1.3937176828871514,46.5275,1.932561179773564,1,1,0,1.0
2014-06-17,49.75,0.0,33.75,55.5,49.0,50.0,50.0,14.105490737743416,49.9,0.1369306393763156,49.375,0.6351449369313961,48.155,1.3803375067908406,46.55125,1.9428546933047859,1,1,0,1.0
2014-06-18,49.75,3.9e-05,33.75,55.5,48.75,50.5,49.75,15.502057833867536,49.85,0.1369306393763156,49.4375,0.6317813919966568,48.225,1.370470275310886,46.57625,1.9517093236236662,1,1,0,1.75
2014-06-19,49.75,0.0,33.75,55.5,49.5,50.0,49.75,14.12255471951306,49.85,0.1369306393763156,49.583333333333336,0.4438126822998927,48.3,1.348657684892982,46.6025,1.9589361665257405,1,1,0,0.5
2014-06-20,49.75,0.0,33.75,55.5,49.75,50.0,49.75,15.171191318238115,49.8,0.11180339887501908,49.666666666666664,0.3588702812833902,48.375,1.3221523114582396,46.63625,1.9547001562912343,1,1,0,0.25
2014-06-23,49.75,0.0,33.75,55.5,49.5,50.5,49.75,13.226905358153841,49.75,8.024520884654677e-08,49.75,0.21320071635690688,48.45,1.2906650713996635,46.67125,1.9474209042710593,1,1,0,1.0
2014-06-24,50.0,0.0001169999999999,33.75,55.5,49.75,51.0,49.75,13.859049817374183,49.8,0.11180339887501908,49.8125,0.155395390128822,48.525,1.2689884288887525,46.71125,1.9330986236984067,1,1,0,1.25
2014-06-25,50.0,7.900000000000001e-05,33.75,55.5,49.75,51.0,50.0,13.769362949167823,49.85,0.1369306393763156,49.854166666666664,0.12873216263831277,48.6,1.2423233664949143,46.75125,1.9178311497875478,1,1,0,1.25
2014-06-26,50.0,0.000159,33.75,55.5,50.0,50.5,50.0,12.962900948516443,49.9,0.1369306393763156,49.875,0.13055824196895802,48.655,1.2422104228730164,46.79,1.9046755484133167,1,1,0,0.5
2014-06-27,49.75,8.100000000000002e-05,33.75,55.5,49.5,50.5,50.0,14.15005307673421,49.9,0.1369306393763156,49.854166666666664,0.12873216263831277,48.705,1.2347952817190315,46.82375,1.896968869528372,1,1,0,1.0
2014-06-30,50.5,0.0,33.75,55.5,49.5,52.0,49.75,12.610206868403342,50.05,0.27386127875259597,49.916666666666664,0.22190634115094765,48.77,1.2421590814682106,46.85125,1.9102174196808623,1,1,0,2.5
2014-07-01,52.0,0.000161,33.75,55.5,50.5,53.0,50.5,14.755947802123657,50.45,0.9082951062292507,50.083333333333336,0.6425564472319838,48.875,1.2889344594729424,46.88625,1.9400236846453385,1,1,0,2.5
2014-07-02,52.0,0.000237,33.75,55.5,52.0,53.0,52.0,15.42778464465117,50.85,1.0839741694339422,50.25,0.8461141122270197,48.97,1.3407277950459007,46.92125,1.9687536392245097,1,1,0,1.0
2014-07-03,51.5,0.000154,33.75,55.5,51.0,53.0,52.0,12.379189468444443,51.15,0.9937303457175918,50.395833333333336,0.9011251384531253,49.045,1.3755240188855633,46.955,1.989097166477393,1,1,0,2.0
2014-07-04,51.0,3.9e-05,33.75,55.5,51.0,52.0,51.5,14.270528079338739,51.4,0.6519202405202686,50.5,0.8918825850162171,49.095,1.4005192185875681,46.98875,2.0002037427629134,1,1,0,1.0
2014-07-07,51.5,3.9e-05,33.75,55.5,51.0,52.5,51.0,14.283951091211721,51.6,0.4183300132670442,50.645833333333336,0.9011251384531448,49.14,1.4411588307715022,47.02625,2.014145563072884,1,1,0,1.5
2014-07-08,51.5,3.9e-05,33.75,55.5,51.0,52.0,51.5,13.043322334563697,51.5,0.3535533905932816,50.791666666666664,0.8844190012079529,49.175,1.4770782660651778,47.06375,2.0272945155462176,1,1,0,1.0
2014-07-09,51.0,0.0,33.75,55.5,50.0,52.0,51.5,14.547975081624061,51.3,0.2738612787525927,50.895833333333336,0.8219871524474064,49.21,1.4994556835529536,47.0975,2.0363823351903574,1,1,0,2.0
2014-07-10,51.0,0.000118,33.75,55.5,50.0,51.5,51.0,12.302296044586472,51.2,0.2738612787525927,50.979166666666664,0.7720864098293352,49.235,1.5189365909567847,47.12875,2.0480989929504334,1,1,0,1.5
2014-07-11,51.0,0.00012,33.75,55.5,51.0,51.5,51.0,12.688810474592326,51.2,0.2738612787525927,51.0625,0.708110481878494,49.275,1.5388257516294792,47.16125,2.057724981135698,1,1,0,0.5
2014-07-14,51.5,4e-05,33.75,55.5,51.0,52.0,51.0,13.346468066677433,51.2,0.2738612787525927,51.1875,0.6317813919968528,49.305,1.56760085767394,47.19375,2.0746794721258177,1,1,0,1.0
2014-07-15,52.0,4e-05,33.75,55.5,51.5,53.5,51.5,14.577717741091163,51.3,0.44721359549996487,51.375,0.4826536495825162,49.35,1.612293334328108,47.22875,2.0964161660333547,1,1,0,2.0
2014-07-16,53.5,0.0001219999999999,33.75,55.5,52.0,54.5,52.0,14.33810723030813,51.8,1.03682206766639,51.625,0.7111130839624784,49.43,1.71580290005502,47.2725,2.1353671144718422,1,1,0,2.5
2014-07-17,53.5,8.199999999999999e-05,33.75,55.5,53.5,54.5,53.5,12.02515610124372,52.3,1.151086443322138,51.75,0.8918825850163068,49.51,1.8098088747892107,47.315,2.1741457052687747,1,1,0,1.0
2014-07-18,54.0,4.1e-05,33.75,55.5,53.5,54.5,53.5,14.942062539470681,52.9,1.0839741694339453,51.916666666666664,1.104398917827166,49.615,1.914105801780206,47.355,2.2228767182465563,1,1,0,1.0
2014-07-21,54.0,8.3e-05,33.75,55.5,53.5,55.0,54.0,13.74218796962362,53.4,0.8215838362577567,52.125,1.2454462508021917,49.72,2.007409743313881,47.3925,2.271119474695613,1,1,0,1.5
2014-07-22,53.5,4.2e-05,33.75,55.5,53.5,54.5,54.0,15.078648378223587,53.7,0.2738612787526069,52.333333333333336,1.2492421945351349,49.81,2.0742345526946364,47.4275,2.3108861338495372,1,1,0,1.0
2014-07-23,53.5,8.4e-05,33.75,55.5,53.5,54.0,53.5,13.174008509889596,53.7,0.2738612787526069,52.5,1.261312447774148,49.94,2.0980797829231097,47.4625,2.349455993913624,1,1,0,0.5
2014-07-24,53.5,4.1e-05,33.75,55.5,53.5,54.0,53.5,14.737624700818701,53.7,0.2738612787526069,52.666666666666664,1.2492421945351533,50.07,2.1135133724466195,47.4975,2.386887073050894,1,1,0,0.5
2014-07-25,53.0,0.000167,33.75,55.5,53.0,54.0,53.5,14.621674321560947,53.5,0.3535533905932926,52.833333333333336,1.1348474733988512,50.19,2.1059681955853,47.53,2.41729530320864,1,1,0,1.0
2014-07-28,53.5,0.0001639999999999,33.75,55.5,53.0,54.5,53.0,13.927589355343835,53.4,0.22360679775000886,53.041666666666664,0.987612670979764,50.325,2.0972832280776923,47.5625,2.453557308753285,1,1,0,1.5
2014-07-30,54.0,4.2e-05,33.75,55.5,54.0,55.0,53.5,13.856749425580864,53.5,0.3535533905932926,53.291666666666664,0.7821396449761719,50.47,2.0956952964376,47.58875,2.4940755807538277,1,1,0,1.0
2014-07-31,54.5,0.000124,33.75,55.5,53.0,55.5,54.0,15.504480463063816,53.7,0.57008771254958,53.541666666666664,0.620056204686928,50.625,2.101536124275081,47.6125,2.5370062581256727,1,1,0,2.5
2014-08-01,54.5,0.0001639999999999,33.75,55.5,53.5,55.0,54.5,15.614891079725023,53.9,0.6519202405202746,53.75,0.4522670168678478,50.79,2.07472643881521,47.63875,2.5808165389150917,1,1,0,1.5
2014-08-04,56.0,8.100000000000002e-05,33.75,55.5,54.5,57.0,54.5,14.100389455188935,54.5,0.9354143466934923,53.958333333333336,0.7821396449762273,50.98,2.108558846265321,47.6725,2.645322742513716,1,1,0,2.5
2014-08-05,58.5,8e-05,33.75,55.5,56.0,60.0,56.0,14.987528500789976,55.5,1.8371173070873872,54.375,1.5094399924840531,51.215,2.2756530796182415,47.7225,2.7533431027036963,1,1,0,4.0
2014-08-06,58.0,0.000278,33.75,55.5,57.0,59.0,58.5,14.210252376563684,56.3,1.8907670401189076,54.708333333333336,1.8272972258273579,51.425,2.4065440119875494,47.7725,2.8475933151421398,1,1,0,2.0
2014-08-07,55.0,7.7e-05,33.75,55.5,54.5,57.5,58.0,16.375486104974346,56.4,1.7818529681205506,54.791666666666664,1.8148169621374555,51.57,2.3990006422744306,47.81125,2.8928192049039807,1,1,0,3.0
2014-08-08,54.0,3.9e-05,33.75,55.5,53.0,55.0,55.0,15.746698725642101,56.3,1.9235384061671383,54.833333333333336,1.788007185939396,51.68,2.381390435893229,47.8425,2.925725224701092,1,1,0,2.0
2014-08-11,53.5,7.8e-05,33.75,55.5,53.0,55.0,54.0,15.046524726597587,55.8,2.3075961518428683,54.833333333333336,1.788007185939396,51.755,2.3784159108319214,47.86875,2.9528260779689792,1,1,0,2.0
2014-08-12,54.0,7.900000000000001e-05,33.75,55.5,54.0,54.5,53.5,13.831188021794555,54.9,1.8165902124584978,54.875,1.7597133030957441,51.855,2.3652943467863055,47.89375,2.983459163521768,1,1,0,0.5
2014-08-13,55.0,3.9e-05,33.75,55.5,54.0,56.0,54.0,13.934715693068844,54.3,0.670820393249944,55.041666666666664,1.6577412526107043,51.995,2.3394847243593375,47.92125,3.0234196316165276,1,1,0,2.0
2014-08-14,56.0,3.9e-05,33.75,55.5,55.0,57.0,55.0,13.79224295456585,54.5,1.0000000000000044,55.25,1.6025547785280514,52.14,2.358852194070216,47.95375,3.0749716569351944,1,1,0,2.0
2014-08-15,56.5,7.8e-05,33.75,55.5,56.0,57.5,56.0,14.616749969647566,55.0,1.2747548783981997,55.458333333333336,1.5877132402718799,52.295,2.3860190139004267,47.98875,3.131969364152522,1,1,0,1.5
2014-08-18,56.5,0.0,33.75,55.5,56.5,57.5,56.5,13.18195405311796,55.6,1.083974169433944,55.625,1.5829345590336756,52.44,2.4172846969529544,48.0275,3.188861542886191,1,1,0,1.0
2014-08-19,56.5,3.9e-05,33.75,55.5,56.0,57.5,56.5,14.72682935020568,56.1,0.6519202405202706,55.791666666666664,1.5588214273692746,52.58,2.4460714024989003,48.0675,3.244507341561619,1,1,0,1.5
2014-08-20,56.5,3.9e-05,33.75,55.5,56.0,57.5,56.5,14.189279267465473,56.4,0.22360679774999495,55.833333333333336,1.5715269548112485,52.715,2.4728164971489326,48.1075,3.2987272937898307,1,1,0,1.5
2014-08-21,57.0,3.9e-05,33.75,55.5,56.5,58.0,56.5,13.635307954601986,56.6,0.22360679774997858,55.708333333333336,1.389217132929756,52.855,2.5137834319721404,48.15,3.358032446172573,1,1,0,1.5
2014-08-22,57.0,0.0,33.75,55.5,56.5,58.0,57.0,13.198214543597802,56.7,0.27386127875258215,55.625,1.263562783993034,53.0,2.5399863409564603,48.1925,3.415776838002622,1,1,0,1.5
2014-08-25,57.0,0.0,33.75,55.5,57.0,57.5,57.0,13.109887881002546,56.8,0.27386127875258215,55.791666666666664,1.304856894510985,53.14,2.5640568938895507,48.23375,3.4718970004029575,1,1,0,0.5
2014-08-26,57.5,0.0,33.75,55.5,57.0,58.0,57.0,13.43410517929135,57.0,0.35355339059327345,56.083333333333336,1.2583057392123362,53.29,2.5957972311616735,48.2775,3.5330270520834945,1,1,0,1.0
2014-08-27,57.0,3.9e-05,33.75,55.5,57.0,58.0,57.5,14.19620540046715,57.1,0.22360679774997858,56.375,0.9799118698784494,53.435,2.596509627345611,48.32125,3.5864570691763826,1,1,0,1.0
2014-08-28,57.0,3.9e-05,33.75,55.5,56.5,57.5,57.0,13.362640900279244,57.1,0.22360679774997858,56.625,0.6440285143331501,53.58,2.5889482538716324,48.36875,3.63806452733114,1,1,0,1.0
2014-08-29,57.5,0.000157,33.75,55.5,56.5,58.5,57.0,14.076181851703659,57.2,0.27386127875258215,56.833333333333336,0.4438126823009462,53.735,2.586962011506948,48.425,3.691716246438929,1,1,0,2.0
2014-09-01,58.0,0.000154,33.75,55.5,57.5,59.0,57.5,12.900970792253764,57.4,0.4183300132670373,57.0,0.4767312946243549,53.9,2.590701583331826,48.4825,3.7506707942760333,1,1,0,1.5
2014-09-02,58.0,3.8e-05,33.75,55.5,58.0,58.5,58.0,13.694586218575553,57.5,0.49999999999999956,57.125,0.5276448530125112,54.065,2.5837058103209416,48.54,3.8078403644593704,1,1,0,0.5
2014-09-03,58.5,0.000152,33.75,55.5,58.0,59.0,58.0,13.594740437832627,57.8,0.5700877125495691,57.291666666666664,0.6200562046873047,54.235,2.5904110854914926,48.6,3.8695759574470565,1,1,0,1.0
2014-09-04,57.5,0.000149,33.75,55.5,57.0,59.0,58.5,13.570378266549609,57.9,0.4183300132670386,57.375,0.5690901829808491,54.385,2.5571079407034505,48.655,3.9174554606826364,1,1,0,2.0
2014-09-05,57.5,0.0,33.75,55.5,57.0,58.5,57.5,12.974097680379948,57.9,0.4183300132670386,57.458333333333336,0.49810245994936997,54.535,2.5142502026713913,48.7125,3.962429556465301,1,1,0,1.5
2014-09-08,57.5,3.8e-05,33.75,55.5,57.5,58.5,57.5,12.665713390084107,57.8,0.44721359549995837,57.5,0.4767312946244324,54.69,2.451342822343203,48.7675,4.007648936720887,1,1,0,1.0
2014-09-09,57.0,0.0,33.75,55.5,57.0,58.0,57.5,14.507857918753645,57.6,0.5477225575051665,57.5,0.4767312946244324,54.82,2.3963407478053527,48.8175,4.047667452872739,1,1,0,1.0
2014-09-10,57.0,7.5e-05,33.75,55.5,57.0,57.5,57.0,13.592493248681205,57.3,0.2738612787525842,57.5,0.4767312946244324,54.92,2.3805332964507526,48.865,4.087672975148435,1,1,0,0.5
2014-09-11,57.5,0.000152,33.75,55.5,57.0,58.0,57.0,13.726024485075438,57.3,0.2738612787525842,57.5,0.4767312946244324,55.03,2.3699005404086164,48.90875,4.133009773328903,1,1,0,1.0
2014-09-12,57.5,3.9e-05,33.75,55.5,57.5,58.5,57.5,14.630256153023756,57.3,0.2738612787525842,57.541666666666664,0.45016831869100066,55.15,2.3392175562590767,48.9525,4.177394146988832,1,1,0,1.0
2014-09-15,58.5,0.0,33.75,55.5,57.5,59.0,57.5,14.487230301940055,57.5,0.6123724356957949,57.666666666666664,0.49236596391894494,55.3,2.3079277744863207,49.0,4.231596275068778,1,1,0,1.5
2014-09-16,59.0,3.9e-05,33.75,55.5,58.5,60.0,58.5,15.13132907353454,57.9,0.8215838362577498,57.791666666666664,0.6200562046873721,55.45,2.2996228617151404,49.05125,4.290217449772417,1,1,0,1.5
2014-09-17,58.5,0.000272,33.75,55.5,58.5,59.0,59.0,13.93790605097664,58.2,0.6708203932499377,57.833333333333336,0.6513389472801717,55.59,2.267089296333848,49.10125,4.341723592800617,1,1,0,0.5
2014-09-18,58.5,8e-05,33.75,55.5,58.5,59.0,58.5,14.090488017508035,58.4,0.5477225575051665,57.875,0.6784005253011659,55.74,2.2044481932527185,49.15125,4.3920538043839015,1,1,0,0.5
2014-09-19,59.5,0.0,33.75,55.5,58.5,60.0,58.5,14.056573395573386,58.8,0.44721359549995965,57.958333333333336,0.8106768589879746,55.91,2.158726949110704,49.20875,4.451778024045783,1,1,0,1.5
2014-09-22,60.0,4e-05,33.75,55.5,59.0,62.0,59.5,15.34041424092568,59.1,0.651920240520266,58.166666666666664,0.9847319278355122,56.09,2.115757209943771,49.275,4.513171677763314,1,1,0,3.0
2014-09-23,59.0,0.0,33.75,55.5,57.5,61.0,60.0,14.376040784815817,59.1,0.651920240520266,58.291666666666664,0.9876126709801187,56.24,2.048493722375718,49.3375,4.560849756625696,1,1,0,3.5
2014-09-24,57.5,0.0,33.75,55.5,57.5,59.0,59.0,13.508035218172509,58.9,0.9617692030835675,58.291666666666664,0.9876126709801187,56.35,1.9620116706887465,49.395,4.590954072573861,1,1,0,1.5
2014-09-25,57.5,4e-05,33.75,55.5,57.5,59.5,57.5,12.541476454442867,58.7,1.1510864433221346,58.333333333333336,0.9374368665620006,56.43,1.924625593062159,49.455,4.618128468629249,1,1,0,2.0
2014-09-26,57.5,4e-05,33.75,55.5,57.5,58.5,57.5,13.87679472693754,58.3,1.1510864433221346,58.375,0.8822749519910457,56.51,1.8830338091842884,49.5175,4.642056353161793,1,1,0,1.0
2014-09-29,58.0,0.000158,33.75,55.5,57.5,58.5,57.5,14.963262473542123,57.9,0.6519202405202651,58.416666666666664,0.848349556314311,56.59,1.8590374950935615,49.58375,4.668150768289036,1,1,0,1.0
2014-09-30,58.0,3.9e-05,33.75,55.5,57.5,59.0,58.0,15.386291006590394,57.7,0.27386127875258215,58.458333333333336,0.8106768589880288,56.67,1.8311644561061684,49.65125,4.691814848259881,1,1,0,1.5
2014-10-01,58.5,3.9e-05,33.75,55.5,58.0,59.0,58.0,14.607054513525135,57.9,0.4183300132670373,58.458333333333336,0.8106768589880288,56.77,1.7905933345671745,49.72,4.720289255254012,1,1,0,1.0
2014-10-02,58.5,0.000154,33.75,55.5,58.5,59.0,58.5,14.29149688015973,58.1,0.4183300132670373,58.416666666666664,0.7929614610998431,56.87,1.7432376633783704,49.7875,4.7488923596156845,1,1,0,0.5
2014-10-03,58.5,3.9e-05,33.75,55.5,58.0,59.0,58.5,12.484086884722583,58.3,0.27386127875258215,58.416666666666664,0.7929614610998431,56.97,1.6885267095844418,49.85625,4.775055414185564,1,1,0,1.0
2014-10-06,58.5,3.9e-05,33.75,55.5,58.0,59.0,58.5,13.987866792126018,58.4,0.22360679774997858,58.416666666666664,0.7929614610998431,57.08,1.6015298808277478,49.9275,4.797245205093137,1,1,0,1.0
2014-10-07,58.5,7.900000000000001e-05,33.75,55.5,58.5,60.0,58.5,13.001553014011936,58.5,0.0,58.333333333333336,0.7177405625664608,57.18,1.5278369396915945,49.9975,4.819739953159357,1,1,0,1.5
2014-10-08,59.0,7.8e-05,33.75,55.5,58.5,59.5,58.5,16.846706544051724,58.6,0.22360679774997858,58.25,0.5435573065061629,57.28,1.478278093746044,50.07,4.845616575834304,1,1,0,1.0
2014-10-09,59.0,0.0,33.75,55.5,59.0,59.5,59.0,14.233958358363303,58.7,0.27386127875258215,58.25,0.5435573065061629,57.37,1.442114377416533,50.1425,4.870271189295993,1,1,0,0.5
2014-10-10,59.0,7.8e-05,33.75,55.5,58.5,59.5,59.0,13.857133191887247,58.8,0.27386127875258215,58.375,0.527644853012707,57.46,1.3991250910510513,50.20625,4.9024041315302025,1,1,0,1.0
2014-10-13,57.5,3.9e-05,33.75,55.5,57.5,58.5,59.0,12.254391269970792,58.6,0.6519202405202651,58.375,0.527644853012707,57.49,1.3831714518838836,50.26,4.923206762276066,1,1,0,1.0
2014-10-14,58.0,3.9e-05,33.75,55.5,58.0,58.5,57.5,14.647332568467597,58.5,0.7071067811865477,58.416666666666664,0.468718433282378,57.48,1.3775162505061826,50.3125,4.949541245682649,1,1,0,0.5
2014-10-15,58.5,0.0001189999999999,33.75,55.5,58.0,59.5,58.0,13.76569091406238,58.4,0.6519202405202651,58.458333333333336,0.45016831869117546,57.49,1.3831714518838836,50.36875,4.978404210176157,1,1,0,1.5
2014-10-16,58.0,0.0,33.75,55.5,57.5,59.5,58.5,14.892013901829394,58.2,0.5700877125495691,58.458333333333336,0.45016831869117546,57.55,1.3372603733465276,50.42,5.004003422386567,1,1,0,2.0
2014-10-17,57.0,0.00028,33.75,55.5,56.5,58.5,58.0,15.248951113628117,57.8,0.5700877125495691,58.333333333333336,0.6154574548980483,57.61,1.2383745106274882,50.465,5.02256466149463,1,1,0,2.0
2014-10-21,56.0,0.0,33.75,55.5,55.0,57.0,57.0,14.384341470203973,57.5,1.0000000000000002,58.125,0.907669343078913,57.66,1.1131862707875204,50.5025,5.035800850014347,0,1,0,2.0
2014-10-22,56.5,0.000247,33.75,55.5,56.0,57.0,56.0,13.242988592461828,57.2,1.0368220676663866,57.958333333333336,1.0103629710826574,57.71,0.9953463144628216,50.5425,5.051562646932095,0,1,1,1.0
2014-10-23,56.0,4e-05,33.75,55.5,56.0,57.0,56.5,14.62118297615356,56.7,0.8366600265340772,57.75,1.1381803659596987,57.73,0.9487370767587626,50.58125,5.063599126914635,0,1,0,1.0
2014-10-24,55.5,0.0002,33.75,55.5,55.0,56.5,56.0,12.984940996120589,56.2,0.570087712549573,57.5,1.2792042981342757,57.72,0.9697464427703473,50.61625,5.073324010951864,0,1,0,1.5
2014-10-27,53.5,4.1e-05,33.75,55.5,53.5,56.0,55.5,13.66956065961885,55.5,1.1726039399558597,57.041666666666664,1.6300910924541825,57.66,1.1268522167381965,50.64625,5.072543932509248,0,1,1,2.5
2014-10-28,54.5,8.199999999999999e-05,33.75,55.5,53.5,55.5,53.5,13.624230190598414,55.2,1.204159457879232,56.666666666666664,1.656026643030144,57.62,1.201869292360367,50.685,5.072232022339122,0,1,1,2.0
2014-10-29,54.0,4.1e-05,33.75,55.5,54.0,55.5,54.5,15.375989501982307,54.7,1.0368220676663897,56.25,1.6445502286481979,57.57,1.297603757009252,50.72125,5.069874661460063,0,1,0,1.5
2014-10-30,54.5,0.0,33.75,55.5,54.5,55.5,54.0,15.103116815513827,54.4,0.7416198487095723,56.0,1.6651508258198786,57.53,1.3605596087566463,50.76375,5.065723661886145,0,1,0,1.0
2014-10-31,54.5,0.0,33.75,55.5,54.5,55.0,54.5,15.490642760877172,54.2,0.4472135954999671,55.708333333333336,1.5877132402718837,57.48,1.4248523016906356,50.8075,5.059986270265622,0,1,0,0.5
2014-11-03,54.5,4.1e-05,33.75,55.5,54.5,55.5,54.5,15.169591854903926,54.4,0.22360679774999595,55.375,1.3505049560682492,57.43,1.4846493436060377,50.85125,5.053861744265564,0,1,0,1.0
2014-11-04,54.5,0.0,33.75,55.5,54.5,55.0,54.5,13.527429739357144,54.4,0.22360679774999595,55.083333333333336,1.0836246694514002,57.38,1.5404743504811267,50.8975,5.044661714034495,0,1,0,0.5
2014-11-05,54.5,0.0004099999999999,33.75,55.5,54.5,55.5,54.5,13.509937390074626,54.5,0.0,54.875,0.9076693430786585,57.32,1.5932254538950954,50.9425,5.036407025712223,0,1,0,1.0
2014-11-06,54.0,7.900000000000001e-05,33.75,55.5,53.0,54.5,54.5,13.239436828031458,54.4,0.22360679774997858,54.708333333333336,0.8649312461735016,57.26,1.6605875527681835,50.985,5.026102719077058,0,1,0,1.5
2014-11-07,53.5,0.0001169999999999,33.75,55.5,53.0,54.5,54.0,14.350951327905557,54.2,0.44721359549995837,54.458333333333336,0.7216878364878301,57.19,1.7434717885734445,51.025,5.014050609795256,0,1,0,1.5
2014-11-10,53.5,0.0,33.75,55.5,53.0,55.0,53.5,12.83708108983072,54.0,0.5000000000000007,54.25,0.583874208122104,57.11,1.819088132184236,51.06375,5.003014009916155,0,1,0,2.0
2014-11-11,55.0,3.9e-05,33.75,55.5,54.0,55.5,53.5,12.149507585033072,54.1,0.6519202405202651,54.208333333333336,0.4981024599489324,57.05,1.8385053823192363,51.10875,4.997711630859305,0,1,0,1.5
2014-11-12,55.5,0.000269,33.75,55.5,54.5,56.5,55.0,14.622343949197125,54.3,0.9082951062292484,54.375,0.5690901829804981,57.0,1.8461211404744275,51.155,4.995321932171179,0,1,0,2.0
2014-11-13,56.0,0.00015,33.75,55.5,55.5,56.5,55.5,13.981449482606033,54.7,1.1510864433221342,54.5,0.7385489458767801,56.95,1.8385053823192383,51.2075,4.990764712151892,0,1,0,1.0
2014-11-14,56.5,0.000111,33.75,55.5,56.0,57.5,56.0,14.420973953700921,55.3,1.1510864433221342,54.708333333333336,0.9159777025213756,56.93,1.8378392370457688,51.26375,4.986678075497101,0,1,0,1.5
2014-11-17,56.0,0.0,33.75,55.5,56.0,57.0,56.5,12.898722202295934,55.8,0.5700877125495711,54.833333333333336,0.9847319278352724,56.9,1.8405855323894358,51.3275,4.965166982673333,0,1,0,1.0
2014-11-18,56.0,3.6e-05,33.75,55.5,55.0,56.5,56.0,13.727117499619697,56.0,0.35355339059327817,54.958333333333336,1.0326121628128822,56.87,1.842829457156509,51.395,4.9362366394657675,0,1,0,1.5
2014-11-19,56.0,3.6e-05,33.75,55.5,55.0,57.0,56.0,14.290066932718428,56.1,0.223606797749986,55.083333333333336,1.0624442944404728,56.85,1.8468119248355461,51.455,4.918797908465226,0,1,0,2.0
2014-11-20,56.0,7.3e-05,33.75,55.5,55.5,57.0,56.0,13.177042832273992,56.1,0.223606797749986,55.208333333333336,1.07573090022469,56.83,1.8505652749187704,51.515,4.900558885161463,0,1,0,1.5
2014-11-21,56.5,3.7000000000000005e-05,33.75,55.5,56.0,57.5,56.0,14.210723963144602,56.1,0.22360679774997858,55.375,1.1103848636647662,56.81,1.8485791565306786,51.57875,4.881933768919945,0,1,0,1.5
2014-11-24,56.5,7.400000000000001e-05,33.75,55.5,56.0,57.5,56.5,14.269766465162304,56.2,0.27386127875258215,55.583333333333336,1.0624442944405055,56.79,1.846369852617171,51.6425,4.862397381072179,0,1,0,1.5
2014-11-25,57.0,7.400000000000001e-05,33.75,55.5,56.5,58.0,56.5,14.60387745969183,56.4,0.4183300132670373,55.875,0.9076693430787347,56.76,1.8301332615693684,51.70875,4.844554621936358,0,1,0,1.5
2014-11-26,58.0,0.000185,33.75,55.5,57.0,59.0,57.0,14.921959063131682,56.8,0.7582875444051557,56.25,0.7537783614453358,56.74,1.810513513805949,51.775,4.839509713943872,1,1,0,2.0
2014-11-27,58.5,7.2e-05,33.75,55.5,57.5,59.5,58.0,15.61837497175053,57.3,0.9082951062292489,56.541666666666664,0.8908201872780177,56.74,1.810513513805949,51.8425,4.838686099121275,1,1,0,2.0
2014-11-28,58.0,7.2e-05,33.75,55.5,56.5,58.5,58.5,14.495066291846996,57.6,0.8215838362577511,56.75,0.9170109546295264,56.73,1.8019547209425175,51.90375,4.838709952821931,1,1,0,2.0
2014-12-01,58.5,7.2e-05,33.75,55.5,57.5,60.0,58.0,13.11895959109068,58.0,0.6123724356957967,56.958333333333336,1.0103629710825839,56.71,1.7759447040483076,51.9675,4.841216856665962,1,1,0,2.5
2014-12-02,58.5,3.6e-05,33.75,55.5,58.0,60.0,58.5,13.333435966916156,58.3,0.27386127875258826,57.125,1.089724735885863,56.68,1.7313437037193573,52.03875,4.831917119815298,1,1,0,2.0
2014-12-03,59.0,0.000179,33.75,55.5,58.5,59.5,58.5,15.066271810075788,58.5,0.35355339059327817,57.375,1.1505927326231389,56.68,1.7313437037193573,52.1125,4.82499967453852,1,1,0,1.0
2014-12-04,59.5,0.000246,33.75,55.5,58.5,60.0,59.0,15.838976941363462,58.7,0.5700877125495711,57.666666666666664,1.212310591267169,56.72,1.7732709313353288,52.19,4.81851798563519,1,1,0,1.5
2014-12-05,58.5,0.000172,33.75,55.5,58.0,60.0,59.5,14.208768797819372,58.8,0.44721359549995965,57.875,1.1103848636649163,56.74,1.7878273212513396,52.26125,4.80586021431105,1,1,0,2.0
2014-12-08,58.0,0.000135,33.75,55.5,57.5,59.0,58.5,13.347746020081466,58.7,0.5700877125495711,58.041666666666664,0.940462490996492,56.75,1.7935542184986695,52.33125,4.786847131967397,1,1,0,1.5
2014-12-09,58.0,3.3e-05,33.75,55.5,58.0,59.0,58.0,12.765691290604371,58.6,0.6519202405202668,58.166666666666664,0.8071648849626686,56.75,1.7935542184986695,52.40125,4.766725215902421,1,1,0,1.0
2014-12-10,58.0,0.0002009999999999,33.75,55.5,58.0,58.5,58.0,14.646984303411735,58.4,0.6519202405202668,58.291666666666664,0.6200562046874132,56.75,1.7935542184986695,52.4725,4.7432039454721,1,1,0,0.5
2014-12-11,58.0,0.0004099999999999,33.75,55.5,58.0,58.5,58.0,14.76736185126277,58.1,0.22360679774998354,58.375,0.4826536495834445,56.74,1.7849712739929704,52.54375,4.718484280681199,1,1,0,0.5
2014-12-15,58.0,0.000107,33.75,55.5,57.0,58.5,58.0,14.934579181783645,58.0,0.0,58.375,0.4826536495834445,56.73,1.7762894138155387,52.61,4.701493935562509,1,1,0,1.5
2014-12-16,57.0,0.0,33.75,55.5,56.5,58.0,58.0,16.969864970881876,57.8,0.44721359549995715,58.25,0.621581560509393,56.7,1.7583619464417377,52.67625,4.669262091583627,1,1,0,1.5
2014-12-17,56.0,0.00036,33.75,55.5,55.0,57.5,57.0,14.623726427004453,57.4,0.8944271909999151,58.083333333333336,0.9003366373794268,56.65,1.7415979057482311,52.73625,4.634180247935138,1,1,0,2.5
2014-12-18,52.5,3.7000000000000005e-05,33.75,55.5,51.5,56.0,56.0,15.43940368849773,56.3,2.2803508501982748,57.583333333333336,1.8319554050418834,56.53,1.81661829805186,52.77875,4.5924463803382425,0,1,1,4.5
2014-12-19,53.0,0.000112,33.75,55.5,53.0,55.0,52.5,14.359636132480393,55.3,2.439262183530092,57.125,2.227156768781394,56.41,1.8480270781655692,52.82375,4.5498907643301845,0,1,1,2.0
2014-12-22,54.0,3.7000000000000005e-05,33.75,55.5,53.5,56.0,53.0,14.979286484843557,54.5,1.9364916731037054,56.708333333333336,2.3106308990223003,56.31,1.8402805908506856,52.87,4.514282193061638,0,1,1,2.5
2014-12-23,55.0,0.000297,33.75,55.5,55.0,56.0,54.0,13.552847548877052,54.1,1.4317821063276308,56.333333333333336,2.1777107802519704,56.23,1.8076086356267402,52.92,4.4819403102589455,0,1,0,1.0
2014-12-24,57.5,0.000108,33.75,55.5,55.0,59.0,55.0,14.500424437730887,54.4,1.9811612756158925,56.25,2.1051883958020414,56.23,1.8076086356267402,52.98125,4.460247186234413,0,1,1,4.0
2014-12-29,58.5,3.6e-05,33.75,55.5,57.5,59.0,57.5,13.981703579711455,55.6,2.329162939770421,56.291666666666664,2.147496780962389,56.24,1.8189478905598029,53.045,4.447471191587467,0,1,1,1.5
2014-12-30,59.0,3.6e-05,33.75,55.5,58.5,60.0,58.5,15.324973648045528,56.8,2.1965882636488776,56.375,2.237338109938511,56.25,1.8329467743367638,53.10875,4.440956700937135,1,1,1,1.5
2014-12-31,57.0,3.5e-05,33.75,55.5,56.0,59.5,59.0,14.083628239739278,57.4,1.5572411502397414,56.291666666666664,2.1894201529313655,56.23,1.818863740394804,53.16375,4.420543457517351,1,1,0,3.5
2015-01-02,57.0,7.099999999999999e-05,33.75,55.5,56.0,58.0,57.0,13.387034210465275,57.8,0.9082951062292437,56.208333333333336,2.1368874277297025,56.23,1.818863740394804,53.21875,4.399344507763676,1,1,0,2.0
2015-01-05,56.5,7.099999999999999e-05,33.75,55.5,56.0,58.0,57.0,11.894104711087113,57.6,1.083974169433937,56.083333333333336,2.065224325624914,56.24,1.8189478905598029,53.27125,4.375351924108445,1,1,0,2.0
2015-01-06,56.0,0.000107,33.75,55.5,56.0,56.5,56.5,13.802223677013396,57.1,1.1401754250991356,56.0,2.0449494325825106,56.23,1.818863740394804,53.31875,4.352982104663201,1,1,0,0.5
2015-01-07,56.0,3.6e-05,33.75,55.5,56.0,56.5,56.0,11.909020140718255,56.5,0.49999999999999556,56.0,2.0449494325825106,56.23,1.818863740394804,53.36625,4.329973068202304,1,1,0,0.5
2015-01-08,56.0,7.2e-05,33.75,55.5,56.0,57.0,56.0,13.395440819535605,56.3,0.44721359549995265,56.291666666666664,1.7249286326918538,56.24,1.8161407838984573,53.41375,4.306314568551289,1,1,0,1.0
2015-01-09,56.0,0.0,33.75,55.5,55.5,58.0,56.0,14.148262310732042,56.1,0.22360679774996714,56.541666666666664,1.3892171329297962,56.29,1.773069516461384,53.46,4.28400085394289,0,1,0,2.5
2015-01-12,56.5,7.3e-05,33.75,55.5,56.0,57.0,56.0,12.312237337751334,56.1,0.22360679774997858,56.75,1.1381803659596397,56.33,1.754324103814632,53.50875,4.262682635825631,0,1,0,1.0
2015-01-13,57.5,0.000614,33.75,55.5,56.5,59.0,56.5,13.508307178642012,56.4,0.6519202405202651,56.958333333333336,1.010362971082591,56.4,1.7291026338444644,53.5625,4.244768432462087,0,1,0,2.5
2015-01-14,59.0,0.000102,33.75,55.5,57.0,59.5,57.5,14.362244298906209,57.0,1.2747548783981963,57.083333333333336,1.1645001528819707,56.49,1.7452267263972103,53.625,4.232264205068968,1,1,0,2.5
2015-01-15,58.0,0.000168,33.75,55.5,57.5,59.0,59.0,13.425280307818698,57.4,1.1937336386313324,57.041666666666664,1.1171866722296597,56.56,1.733935008080004,53.685,4.208617624773997,1,1,0,1.5
2015-01-16,59.0,0.000137,33.75,55.5,58.0,60.0,58.0,14.549992081771448,58.0,1.0606601717798219,57.041666666666664,1.1171866722296597,56.65,1.74159790574823,53.75,4.189676832382127,1,1,0,2.0
2015-01-19,59.0,0.000169,33.75,55.5,58.0,60.0,59.0,13.817908680169245,58.5,0.7071067811865485,57.208333333333336,1.2515142343534988,56.74,1.7444957168542834,53.815,4.169631775796178,1,1,0,2.0
2015-01-20,58.5,0.000412,33.75,55.5,58.5,59.5,59.0,12.87723236377919,58.7,0.44721359549995965,57.333333333333336,1.3026778945584594,56.82,1.731343703719353,53.8775,4.1455150736827875,1,1,0,1.0
2015-01-21,58.0,0.000143,33.75,55.5,58.0,59.0,58.5,12.539687231525832,58.5,0.5000000000000018,57.458333333333336,1.2873216263617078,56.9,1.6903085094571744,53.9375,4.117674704839485,1,1,0,1.0
2015-01-22,59.0,3.5e-05,33.75,55.5,58.0,59.5,58.0,13.410996497466927,58.7,0.44721359549995965,57.708333333333336,1.2695441797133509,57.01,1.6428260866631244,54.00125,4.096703042274785,1,1,0,1.5
2015-01-23,59.5,3.5e-05,33.75,55.5,59.0,60.0,59.0,14.715103046950835,58.8,0.5700877125495711,58.0,1.2431631210167917,57.13,1.5997767701420635,54.06875,4.07536858246161,1,1,0,1.0
2015-01-26,59.0,0.000106,33.75,55.5,58.0,60.0,59.5,12.480673277818179,58.8,0.5700877125495711,58.25,1.097517860696198,57.21,1.591078443146456,54.13375,4.0496198019322245,1,1,0,2.0
2015-01-27,58.0,7.099999999999999e-05,33.75,55.5,58.0,59.0,59.0,12.984940996120589,58.7,0.6708203932499394,58.416666666666664,0.8483495563143179,57.26,1.575449401385833,54.19375,4.017270935141449,1,1,0,1.0
2015-01-28,58.5,3.5e-05,33.75,55.5,58.0,59.5,58.0,15.141497700015147,58.8,0.5700877125495711,58.583333333333336,0.5967081414413276,57.31,1.5743155299226221,54.255,3.9888317706407426,1,1,0,1.5
2015-01-29,58.0,3.5e-05,33.75,55.5,58.0,59.0,58.5,14.387281316882694,58.6,0.6519202405202668,58.625,0.5276448530127583,57.34,1.572856494096283,54.31375,3.9567382177901544,1,1,0,1.0
2015-01-30,58.5,3.5e-05,33.75,55.5,58.0,59.0,58.0,14.947300013782712,58.4,0.4183300132670413,58.583333333333336,0.5149286505461443,57.39,1.5691216833449524,54.37,3.9357241548559,1,1,0,1.0
2015-02-02,58.5,3.5e-05,33.75,55.5,58.5,59.0,58.5,14.11494900266153,58.3,0.27386127875258826,58.625,0.48265364958353907,57.44,1.5637474612127804,54.42625,3.9137848685751817,1,1,0,0.5
2015-02-03,59.0,7e-05,33.75,55.5,58.5,59.5,58.5,12.829068247847415,58.5,0.35355339059327817,58.625,0.48265364958353907,57.5,1.5649215928720412,54.485,3.893658676546759,1,1,0,1.0
2015-02-04,59.0,0.000105,33.75,55.5,59.0,60.0,59.0,13.352523852425925,58.6,0.4183300132670413,58.625,0.48265364958353907,57.56,1.5637474612127775,54.54625,3.867633823731635,1,1,0,1.0
2015-02-05,59.0,6.9e-05,33.75,55.5,59.0,60.0,59.0,13.547109408116992,58.8,0.27386127875258826,58.666666666666664,0.4923659639191288,57.61,1.5691216833449473,54.605,3.845424090027189,1,1,0,1.0
2015-02-06,59.5,0.0,33.75,55.5,59.0,60.0,59.0,12.32873708107804,59.0,0.35355339059327817,58.791666666666664,0.49810245994960617,57.67,1.5831059629084652,54.66375,3.829894108446105,1,1,0,1.0
2015-02-09,59.5,0.000172,33.75,55.5,59.5,60.0,59.5,13.17950145770422,59.2,0.27386127875258826,58.833333333333336,0.5365433699903317,57.72,1.6008926081588235,54.71875,3.8199043553366936,1,1,0,0.5
2015-02-10,59.0,3.4e-05,33.75,55.5,58.0,60.0,59.5,15.282024764913965,59.2,0.27386127875258826,58.791666666666664,0.49810245994960617,57.74,1.610678650223604,54.7675,3.8119678967997364,1,1,0,2.0
2015-02-11,58.5,6.8e-05,33.75,55.5,58.0,59.5,59.0,16.011323138902604,59.1,0.4183300132670413,58.75,0.5000000000017825,57.74,1.610678650223604,54.81125,3.804296821890463,1,1,0,1.5
2015-02-12,59.5,6.7e-05,33.75,55.5,58.5,64.0,58.5,13.906174506186517,59.2,0.44721359549996087,58.875,0.482653649583576,57.77,1.6294796966004415,54.8625,3.798038206904478,1,1,0,5.5
2015-02-13,59.0,6.8e-05,33.75,55.5,58.5,59.5,59.5,15.549358565176881,59.1,0.4183300132670413,58.916666666666664,0.4687184332824721,57.78,1.6355739178700361,54.90875,3.791783756728435,1,1,0,1.0
2015-02-16,59.0,0.0,33.75,55.5,58.5,60.0,59.0,11.915727028992151,59.0,0.35355339059327817,59.0,0.3692744729404574,57.79,1.6415833571182914,54.95875,3.7793888178757262,1,1,0,1.5
2015-02-17,59.0,3.4e-05,33.75,55.5,59.0,60.0,59.0,15.77446398668794,59.0,0.35355339059327817,59.041666666666664,0.33427896171348515,57.79,1.6415833571182914,55.00375,3.7736255359972213,1,1,0,1.0
2015-02-18,58.5,0.000101,33.75,55.5,58.5,59.5,59.0,13.536062492839577,59.0,0.35355339059327817,59.041666666666664,0.33427896171348515,57.77,1.6263455967291867,55.0475,3.7631169254988004,1,1,0,1.0
2015-02-19,59.0,0.000134,33.75,55.5,58.5,60.0,58.5,12.578673594719154,58.9,0.223606797749986,59.041666666666664,0.33427896171348515,57.78,1.6324515181726185,55.095,3.7526841315191244,1,1,0,1.5
2015-02-20,59.5,9.9e-05,33.75,55.5,59.0,61.0,59.0,14.896264667670659,59.0,0.35355339059327817,59.083333333333336,0.35887028128518156,57.81,1.6502628114755498,55.145,3.7443726621647193,1,1,0,2.0
2015-02-23,59.0,9.8e-05,33.75,55.5,59.0,60.0,59.5,15.642218969052248,59.0,0.35355339059327817,59.083333333333336,0.35887028128518156,57.83,1.65865079175214,55.19625,3.72650744345578,1,1,0,1.0
2015-02-24,59.5,0.000162,33.75,55.5,59.0,60.0,59.0,13.345348516171933,59.1,0.4183300132670413,59.083333333333336,0.35887028128518156,57.86,1.6752703102022983,55.25,3.7105546863511787,1,1,0,1.0
2015-02-25,59.5,0.000127,33.75,55.5,59.5,60.0,59.5,14.664079467369179,59.3,0.27386127875258826,59.083333333333336,0.35887028128518156,57.89,1.691183621259599,55.3025,3.695932675483853,1,1,0,0.5
2015-02-26,59.0,9.399999999999998e-05,33.75,55.5,59.0,60.0,59.5,14.499415661799873,59.3,0.27386127875258826,59.083333333333336,0.35887028128518156,57.91,1.6984086188944925,55.3625,3.6576784726170124,1,1,0,1.0
2015-02-27,60.0,3.2e-05,33.75,55.5,59.0,64.5,59.0,14.76353287550659,59.4,0.4183300132670413,59.208333333333336,0.3964807305517018,57.97,1.7184770191383185,55.4275,3.623675464131333,1,1,0,5.5
2015-03-02,59.5,9.5e-05,33.75,55.5,59.0,60.5,60.0,13.680836798801778,59.5,0.35355339059327817,59.208333333333336,0.3964807305517018,58.04,1.7078450438719388,55.49,3.5851837768193335,1,1,0,1.5
2015-03-03,59.0,0.00016,33.75,55.5,59.0,59.5,59.5,15.360858062176545,59.4,0.4183300132670413,59.208333333333336,0.3964807305517018,58.17,1.5139150489742113,55.55125,3.539466776622543,1,1,0,0.5
2015-03-04,59.0,3.2e-05,33.75,55.5,59.0,59.5,59.0,14.513446752867358,59.3,0.44721359549996087,59.208333333333336,0.3964807305517018,58.29,1.3212934293831131,55.6125,3.4920719613025284,1,1,0,0.5
2015-03-05,59.0,0.000162,33.75,55.5,59.0,60.0,59.0,15.270117792758333,59.3,0.44721359549996087,59.208333333333336,0.3964807305517018,58.39,1.17060075279719,55.67375,3.4429300419657185,1,1,0,1.0
2015-03-06,59.0,3.2e-05,33.75,55.5,59.0,60.0,59.0,15.708050219164681,59.1,0.22360679774998354,59.25,0.3370999312343597,58.47,1.0662254614734352,55.7375,3.385116514847931,1,1,0,1.0
2015-03-09,58.5,0.000127,33.75,55.5,58.0,59.0,59.0,11.91103693456627,58.9,0.22360679774997858,59.208333333333336,0.3964807305517018,58.49,1.056998059581731,55.7975,3.326400978134989,1,1,0,1.0
2015-03-10,58.0,0.000129,33.75,55.5,58.0,59.0,58.5,13.171155446333852,58.7,0.44721359549995837,59.083333333333336,0.514928650546211,58.48,1.059264280681121,55.85375,3.2672308496070257,1,1,0,1.0
2015-03-11,59.0,6.3e-05,33.75,55.5,58.0,59.5,58.0,13.63877457278093,58.7,0.44721359549995837,59.083333333333336,0.514928650546211,58.48,1.059264280681121,55.91125,3.220332068382701,1,1,0,1.5
2015-03-12,59.0,6.3e-05,33.75,55.5,59.0,60.0,59.0,12.258195345865499,58.7,0.44721359549995837,59.041666666666664,0.4981024599496395,58.52,1.0398194505760494,55.9675,3.174995548606184,1,1,0,1.0
2015-03-13,59.5,9.399999999999998e-05,33.75,55.5,59.0,60.5,59.0,14.123657538355987,58.8,0.5700877125495701,59.041666666666664,0.4981024599496395,58.57,1.0252426293224188,56.0225,3.14007069504016,1,1,0,1.5
2015-03-16,60.0,9.5e-05,33.75,55.5,59.5,61.0,59.5,13.876230234086435,59.1,0.7416198487095671,59.125,0.5690901829811057,58.64,1.0002040608124203,56.07375,3.1207682402813073,1,1,0,1.5
2015-03-17,60.0,3.2e-05,33.75,55.5,59.5,60.5,60.0,14.058379086501152,59.5,0.5000000000000007,59.125,0.5690901829811057,58.72,0.9430735682344114,56.12875,3.0922761513944974,1,1,0,1.0
2015-03-18,60.0,9.6e-05,33.75,55.5,60.0,60.5,60.0,13.637341567320762,59.7,0.44721359549995837,59.166666666666664,0.6154574548981564,58.8,0.8748177652798999,56.18875,3.0498885287316977,1,1,0,0.5
2015-03-19,60.5,6.3e-05,33.75,55.5,60.0,61.5,60.0,15.859622934585616,60.0,0.35355339059327345,59.291666666666664,0.7216878364883165,58.89,0.8099508677466787,56.2475,3.0188884023644214,1,1,0,1.5
2015-03-20,60.5,0.0,33.75,55.5,60.5,61.0,60.5,13.968146662830284,60.2,0.27386127875258215,59.416666666666664,0.7929614610999379,58.98,0.7281511392787764,56.30625,2.9864052839662047,1,1,0,0.5
2015-03-23,60.0,3.2e-05,33.75,55.5,60.0,60.5,60.5,14.709351570082365,60.2,0.27386127875258215,59.5,0.7977240352186441,59.05,0.648782218735425,56.36,2.955346062944163,1,1,0,0.5
2015-03-24,60.0,6.3e-05,33.75,55.5,59.5,61.0,60.0,14.6708620435329,60.2,0.27386127875258215,59.583333333333336,0.7929614610999511,59.1,0.6226998490774951,56.4125,2.9259871417642316,1,1,0,1.5
2015-03-25,60.5,6.3e-05,33.75,55.5,60.0,61.0,60.0,13.85636551194136,60.3,0.27386127875258215,59.75,0.7537783614456762,59.13,0.6531712279804901,56.46625,2.9016194468905883,1,1,0,1.0
2015-03-26,60.5,0.000217,33.75,55.5,60.5,61.5,60.5,14.71851380086204,60.3,0.27386127875258215,59.958333333333336,0.5418123347272019,59.18,0.6605501726686315,56.51875,2.8789368392032126,1,1,0,1.0
2015-03-27,60.5,9.1e-05,33.75,55.5,60.5,61.5,60.5,15.857367177854325,60.3,0.27386127875258215,60.083333333333336,0.46871843328262697,59.21,0.6857886864401394,56.5725,2.8521558010684873,1,1,0,1.0
2015-03-30,61.0,6e-05,33.75,55.5,60.5,61.5,60.5,14.205862705081111,60.5,0.35355339059327345,60.25,0.3988620176112031,59.25,0.7301802964381005,56.6275,2.8307569082080546,1,1,0,1.0
2015-03-31,60.5,0.00021,33.75,55.5,60.0,61.5,61.0,13.746268726918034,60.6,0.22360679774997858,60.333333333333336,0.32566947364250604,59.29,0.7429258210013374,56.68,2.804469691627469,1,1,0,1.5
2015-04-01,60.5,2.9e-05,33.75,55.5,60.0,61.5,60.5,15.180019582518367,60.6,0.22360679774997858,60.375,0.31079078025722545,59.34,0.7384484561899248,56.73375,2.7738320349819765,1,1,0,1.5
2015-04-02,60.5,0.000235,33.75,55.5,60.5,61.5,60.5,15.388450654792603,60.6,0.22360679774997858,60.416666666666664,0.2886751345982613,59.37,0.7546454769748965,56.7875,2.7417933737835556,1,1,0,1.0
2015-04-07,60.5,0.0004219999999999,33.75,55.5,60.5,61.5,60.5,14.968674476873476,60.6,0.22360679774997858,60.458333333333336,0.25746432527609436,59.39,0.7712301332077522,56.84125,2.7083039877293227,1,1,0,1.0
2015-04-08,61.5,3.1e-05,33.75,55.5,60.5,62.0,60.5,15.333644475109901,60.7,0.44721359549995715,60.541666666666664,0.39648073055190847,59.44,0.8246211251237126,56.9,2.6810098974738166,1,1,0,1.5
2015-04-09,61.5,0.0002189999999999,33.75,55.5,61.5,64.0,61.5,14.355507141780457,60.9,0.5477225575051655,60.625,0.48265364958379825,59.51,0.8481071360895439,56.95875,2.6521274171284133,1,1,0,2.5
2015-04-10,62.5,0.000245,33.75,55.5,61.0,64.0,61.5,12.354065835437861,61.3,0.8366600265340759,60.833333333333336,0.6853444168438274,59.59,0.9350870307636238,57.02125,2.6345426571918753,1,1,0,3.0
2015-04-13,64.0,6.3e-05,33.75,55.5,63.0,65.0,62.5,14.971920259972363,62.0,1.3228756555322958,61.166666666666664,1.0940611029425034,59.71,1.0977249200051369,57.09125,2.633040151554721,1,1,1,2.0
2015-04-14,64.5,6.3e-05,33.75,55.5,64.0,65.5,64.0,14.75563538766898,62.8,1.3964240043768952,61.5,1.4301938838691235,59.83,1.276194918258192,57.16375,2.636427924008787,1,1,1,1.5
2015-04-15,65.0,0.000124,33.75,55.5,64.5,65.5,64.5,13.063040033558348,63.5,1.4577379737113265,61.875,1.7072705489391145,59.96,1.456302278557197,57.24,2.64145536251545,1,1,1,1.0
2015-04-16,64.5,0.000276,33.75,55.5,64.5,65.5,65.0,15.245989493789587,64.1,0.9617692030835697,62.208333333333336,1.8022502769061326,60.07,1.58439456021827,57.31,2.647441165279961,1,1,0,1.0
2015-04-17,64.0,0.000269,33.75,55.5,64.0,65.0,64.5,14.882770112924224,64.4,0.41833001326704766,62.458333333333336,1.827297225827629,60.17,1.6709095653297532,57.37,2.662431729372355,1,1,0,1.0
2015-04-20,64.0,2.9e-05,33.75,55.5,64.0,65.0,64.0,14.541415786648852,64.4,0.41833001326704766,62.75,1.7645499039807833,60.27,1.7473303251836432,57.43,2.675986644700212,1,1,0,1.0
2015-04-21,64.5,2.9e-05,33.75,55.5,64.0,65.0,64.0,15.084484557627565,64.4,0.41833001326704766,63.083333333333336,1.6764862244015974,60.37,1.8428294571564436,57.495,2.68907617096786,1,1,0,1.0
2015-04-22,64.5,8.7e-05,33.75,55.5,64.0,65.0,64.5,13.994995595638873,64.3,0.2738612787526004,63.416666666666664,1.50504203102565,60.47,1.9283333186343439,57.5625,2.6946520178843643,1,1,0,1.0
2015-04-23,64.0,5.9e-05,33.75,55.5,63.0,65.0,64.5,14.767284643139355,64.2,0.2738612787526004,63.708333333333336,1.1957943980578662,60.57,1.9795124116194207,57.625,2.698291847534881,1,1,0,2.0
2015-04-24,63.0,8.7e-05,33.75,55.5,62.0,64.0,64.0,13.556352448285207,64.0,0.6123724356958021,63.833333333333336,1.0075472768827587,60.66,1.985765672510902,57.6825,2.6896308894732903,1,1,0,2.0
2015-04-27,63.0,0.0001159999999999,33.75,55.5,61.0,63.5,63.0,13.746804431076447,63.8,0.7582875444051608,63.958333333333336,0.7525210155140128,60.73,2.0056298313518335,57.7425,2.673608923041603,1,1,0,2.5
2015-04-28,62.5,5.8e-05,33.75,55.5,62.0,63.0,63.0,12.928538308194957,63.4,0.8215838362577538,63.958333333333336,0.7525210155140128,60.8,2.005095549659796,57.8,2.651443145490714,1,1,0,1.0
2015-04-29,62.0,5.8e-05,33.75,55.5,61.5,62.5,62.5,13.663059599458618,62.9,0.7416198487095708,63.791666666666664,0.9404624909968725,60.86,1.9949937343260529,57.855,2.623621916320994,1,1,0,1.0
2015-04-30,62.5,5.8e-05,33.75,55.5,62.0,63.0,62.0,14.984426281178504,62.6,0.4183300132670453,63.625,0.9799118698789203,60.93,1.9897953950810923,57.91,2.604962407738257,1,1,0,1.0
2015-05-04,62.5,2.9e-05,33.75,55.5,62.0,64.0,62.5,14.951740031230926,62.5,0.3535533905932829,63.416666666666664,0.92523543277531,61.01,1.9704189961549707,57.9625,2.591025048898786,1,1,0,2.0
2015-05-05,62.0,2.9e-05,33.75,55.5,61.5,63.0,62.5,14.916886025534913,62.3,0.2738612787525943,63.208333333333336,0.9404624909968422,61.07,1.9535681640088138,58.005,2.5871687635436804,1,1,0,1.5
2015-05-06,60.5,2.9e-05,33.75,55.5,59.5,62.0,62.0,15.45658298094378,61.9,0.8215838362577524,62.916666666666664,1.1838560518565626,61.09,1.9422530573474983,58.04,2.5732290099579758,1,1,0,2.5
2015-05-07,59.0,0.0002279999999999,33.75,55.5,58.5,62.0,60.5,15.532097565593777,61.3,1.5247950681976916,62.5,1.581138830084889,61.09,1.9422530573474983,58.065,2.558025109789273,1,1,0,3.5
2015-05-08,60.5,5.8e-05,33.75,55.5,58.5,62.0,59.0,13.811202290694242,60.9,1.3874436925511615,62.166666666666664,1.542331961281375,61.11,1.9306602444739027,58.0975,2.5473888000251024,0,1,0,3.5
2015-05-09,33.25,0.0001219999999999,33.75,55.5,32.0,33.75,33.25,15.476591893483718,55.05,12.232640761503625,59.5625,8.396512398284619,60.585,4.385624126574467,57.99625,3.0781771081349567,0,1,1,1.75
2015-05-11,60.0,8.800000000000001e-05,33.75,55.5,60.0,62.0,60.5,12.498745990829315,54.65,11.978626799429057,59.229166666666664,8.282963301899139,60.605,4.380525665036222,58.02875,3.0647511211637117,0,1,1,2.0
2015-05-12,58.0,0.000148,33.75,55.5,57.5,60.0,60.0,16.363251230181923,54.15,11.72284095260189,58.8125,8.20138915616805,60.565,4.395269372534871,58.05125,3.0478076703555703,0,1,1,2.5
2015-05-13,57.5,0.00033,33.75,55.5,57.0,59.0,58.0,13.77531440922835,53.85,11.586090798884669,58.354166666666664,8.099143005543496,60.525,4.414219255163169,58.07375,3.0268685308443675,0,1,1,2.0
2015-05-14,58.0,0.000155,33.75,55.5,57.0,58.5,57.5,16.081172400615067,53.35,11.277189366149704,57.979166666666664,7.993220375399308,60.505,4.423525350963016,58.09625,3.0093737036035533,0,0,1,1.5
2015-05-15,58.0,0.0,33.75,55.5,58.0,59.0,58.0,15.346208463841165,58.3,0.9746794344808817,57.645833333333336,7.893076895532535,60.485,4.432719831214357,58.11625,2.995272395143119,0,0,0,1.0
2015-05-18,58.0,9.2e-05,33.75,55.5,57.5,59.0,58.0,13.079875412592552,57.9,0.22360679774991155,57.270833333333336,7.747036334605548,60.465,4.441803389045829,58.13375,2.9842422735490244,0,0,0,1.5
2015-05-19,59.0,6.099999999999999e-05,33.75,55.5,58.0,62.5,58.0,14.291061895181603,58.1,0.5477225575051382,56.979166666666664,7.5966936089248955,60.465,4.441803389045829,58.15625,2.9736528874392425,0,0,0,4.5
2015-05-20,61.0,9e-05,33.75,55.5,60.0,61.5,59.0,15.262076772802898,58.8,1.3038404810405186,56.895833333333336,7.5418968657317835,60.515,4.433295291637742,58.18125,2.9764504403095584,0,0,0,1.5
2015-05-21,60.0,0.0001219999999999,33.75,55.5,60.0,61.0,61.0,14.267096238304072,59.2,1.3038404810405186,56.854166666666664,7.521528445171016,60.555,4.4191403033178736,58.18875,2.979146270326597,0,0,0,1.0
2015-05-22,59.5,3.1e-05,33.75,55.5,59.0,60.0,60.0,13.248645306048871,59.5,1.1180339887498814,56.895833333333336,7.5358675175739265,60.565,4.416114392373779,58.19625,2.9805564954575074,0,0,0,1.0
2015-05-25,59.5,0.000123,33.75,55.5,59.5,60.5,59.5,14.801775386433198,59.8,0.7582875444051351,56.8125,7.497821653350798,60.575,4.413063284275519,58.21875,2.9732832025411637,0,0,0,1.0
2015-05-26,60.0,0.0002189999999999,33.75,55.5,59.5,61.0,59.5,15.493429397530841,60.0,0.6123724356957704,59.041666666666664,1.1171866722298038,60.585,4.41114370379275,58.24875,2.9607458549475023,0,1,0,1.5
2015-05-27,59.0,0.000288,33.75,55.5,57.0,60.0,60.0,13.596360272938748,59.6,0.4183300132670028,58.958333333333336,1.0757309002249593,60.565,4.416114392373779,58.27625,2.9418994372676734,0,1,0,3.0
2015-05-28,57.0,0.00023,33.75,55.5,57.0,59.0,59.0,13.062615496138552,59.0,1.172603939955845,58.875,1.1894421916489035,60.505,4.444237842420253,58.29125,2.9275997230140316,0,1,0,2.0
2015-05-29,56.5,0.0001929999999999,33.75,55.5,55.5,57.5,57.0,16.07448863603316,58.4,1.557241150239734,58.791666666666664,1.3221596199430188,60.435,4.4797759829195805,58.29875,2.921039764197157,0,1,0,2.0
2015-06-02,57.5,0.0004099999999999,33.75,55.5,56.0,59.0,56.5,14.724897916292619,58.0,1.4577379737113147,58.75,1.3568010506005999,60.375,4.498936949265862,58.30625,2.917030815985309,0,1,0,3.0
2015-06-03,58.5,6.099999999999999e-05,33.75,55.5,58.0,60.0,57.5,13.714696358797184,57.7,1.036822067666371,58.791666666666664,1.339238815918361,60.335,4.506687208120503,58.31625,2.914234418976037,0,1,0,2.0
2015-06-04,59.5,3e-05,33.75,55.5,58.5,60.0,58.5,14.294040856623123,57.8,1.2041594578792179,58.916666666666664,1.3285900478151043,60.325,4.5080002580446745,58.33125,2.912559174027532,0,1,0,1.5
2015-06-05,59.0,6.099999999999999e-05,33.75,55.5,58.5,59.5,59.5,11.690242855114947,58.2,1.2041594578792179,58.916666666666664,1.3285900478151043,60.305,4.511688335052999,58.34375,2.91002399228585,0,1,0,1.0
2015-06-08,58.5,0.000183,33.75,55.5,58.0,59.5,59.0,13.446330608482288,58.6,0.7416198487095462,58.708333333333336,1.1571582223347623,60.265,4.518784489805458,58.35375,2.9070912153167368,0,1,0,1.5
2015-06-09,58.5,0.0,33.75,55.5,58.0,59.5,58.5,11.686887175419702,58.8,0.4472135954999239,58.583333333333336,1.0836246694516516,60.225,4.525508766076692,58.36125,2.905515624242013,0,1,0,1.5
2015-06-10,58.5,0.0,33.75,55.5,58.0,59.5,58.5,14.80546096152051,58.8,0.4472135954999239,58.5,1.0444659357350317,60.185,4.53186281922182,58.36875,2.9039197106549857,0,1,0,1.5
2015-06-11,58.0,3.1e-05,33.75,55.5,57.0,58.5,58.5,12.876209609976803,58.5,0.3535533905932298,58.375,1.002836885133152,60.125,4.540703105674033,58.37375,2.902411653181454,0,1,0,1.5
2015-06-12,58.0,3.1e-05,33.75,55.5,57.0,59.0,58.0,11.357452244304588,58.3,0.2738612787525258,58.208333333333336,0.8649312461738095,60.075,4.550243882228222,58.37625,2.9018705520760077,0,0,0,2.0
2015-06-15,57.5,3.1e-05,33.75,55.5,57.0,58.0,58.0,12.15109361980364,58.1,0.4183300132670004,58.083333333333336,0.8483495563142988,60.015,4.564282919739839,58.37875,2.9008941504060752,0,0,0,1.0
2015-06-16,57.0,3.1e-05,33.75,55.5,57.0,58.0,57.5,14.411541478738885,57.8,0.570087712549541,58.083333333333336,0.8483495563142988,59.945,4.583491339267821,58.37875,2.9008941504060752,0,0,0,1.0
2015-06-17,56.5,0.0,33.75,55.5,56.0,58.0,57.0,12.62741438362914,57.4,0.6519202405202397,58.083333333333336,0.8483495563142988,59.865,4.608446659368553,58.37375,2.9032772051858298,0,0,0,2.0
2015-06-18,56.5,3.1e-05,33.75,55.5,56.5,57.5,56.5,14.082633482029944,57.1,0.6519202405202397,58.0,0.9534625892464759,59.765,4.626457299366053,58.36625,2.9061835716730275,0,0,0,1.0
2015-06-19,56.5,3.1e-05,33.75,55.5,56.5,57.5,56.5,12.889929302516245,56.8,0.4472135954999214,57.833333333333336,1.0298573010896794,59.665,4.642200503016257,58.35875,2.909067601319384,0,0,0,1.0
2015-06-22,56.0,0.000187,33.75,55.5,55.5,57.0,56.5,14.364845680492078,56.5,0.35355339059322666,57.541666666666664,1.0103629710826423,59.535,4.652191166865517,58.34625,2.913824859882838,0,0,0,1.5
2015-06-23,56.0,0.000214,33.75,55.5,55.5,56.5,56.0,12.015523333397592,56.3,0.27386127875252175,57.291666666666664,0.9876126709800552,59.375,4.633025304203302,58.33875,2.9179415435816534,0,0,0,1.0
2015-06-24,56.0,3.1e-05,33.75,55.5,55.5,57.0,56.0,17.153647472295628,56.2,0.27386127875252175,57.083333333333336,0.9731236802026935,59.205,4.596940530929057,58.33125,2.9220330806001305,0,0,0,1.5
2015-06-25,55.5,3.1e-05,33.75,55.5,55.5,56.0,56.0,14.926315216691686,56.0,0.35355339059322666,56.833333333333336,0.9613752775289788,59.015,4.548606537014584,58.32125,2.928307679673544,0,0,0,0.5
2015-06-26,55.5,0.0,33.75,55.5,55.5,56.0,55.5,12.337105293891872,55.8,0.27386127875252175,56.583333333333336,0.874729395386351,58.835,4.504988731327544,58.31375,2.933624755919475,0,0,0,0.5
2015-06-29,55.5,0.000124,33.75,55.5,54.5,56.5,55.5,14.771829753596412,55.7,0.27386127875252175,56.375,0.8012773892647147,58.665,4.466316680876758,58.30625,2.9389129767527153,0,0,0,2.0
2015-06-30,55.0,9.2e-05,33.75,55.5,54.0,56.0,55.5,13.256196474511476,55.5,0.35355339059322666,56.125,0.7111130839628825,58.485,4.428113455582484,58.29375,2.9476629764296236,0,0,0,2.0
2015-07-01,54.0,3e-05,33.75,55.5,54.0,55.0,55.0,15.167938108184327,55.1,0.6519202405202397,55.833333333333336,0.8071648849624777,58.275,4.385810259536262,58.27625,2.9627500530563324,0,0,0,1.0
2015-07-02,54.0,3e-05,33.75,55.5,53.5,55.0,54.0,14.618364246660924,54.8,0.758287544405133,55.583333333333336,0.8747293953862628,58.065,4.332721372278215,58.25375,2.9780897451473205,0,0,0,1.5
2015-07-03,55.0,6.099999999999999e-05,33.75,55.5,54.5,55.5,54.0,12.810937641967044,54.7,0.6708203932499114,55.458333333333336,0.8382431122012264,57.885,4.267583673246934,58.23375,2.9864725898878817,0,0,0,1.0
2015-07-06,54.5,0.0,33.75,55.5,54.5,56.0,55.0,15.14592242620488,54.5,0.49999999999996647,55.291666666666664,0.8106768589877397,57.715,4.228791620714967,58.21375,2.9980518695585783,0,0,0,1.5
2015-07-07,56.0,0.0,33.75,55.5,55.0,57.0,54.5,14.614278670270833,54.7,0.8366600265340548,55.25,0.7537783614452394,57.575,4.16565463900083,58.20125,3.002061425338997,0,0,0,2.0
2015-07-08,55.0,0.0001219999999999,33.75,55.5,55.0,56.0,56.0,13.372500891170741,54.9,0.7416198487095426,55.166666666666664,0.717740562566137,57.425,4.119469081107985,58.17875,3.009133656772739,0,0,0,1.0
2015-07-09,54.5,0.000124,33.75,55.5,54.5,56.0,55.0,14.996992631278392,55.0,0.612372435695766,55.041666666666664,0.6894771844521101,57.275,4.0858922288923685,58.15125,3.0175260154255024,0,0,0,1.5
2015-07-13,54.5,6.3e-05,33.75,55.5,54.5,56.0,54.5,14.703237604303977,54.9,0.651920240520238,54.916666666666664,0.6336522323138731,57.115,4.033409582120749,58.12875,3.027924631720173,0,0,0,1.5
2015-07-14,54.5,6.3e-05,33.75,55.5,54.0,56.0,54.5,12.633302506993136,54.9,0.651920240520238,54.833333333333336,0.615457454897631,56.955,3.973666507170011,58.11375,3.038467518636641,0,0,0,2.0
2015-07-15,54.0,3.2e-05,33.75,55.5,54.0,54.5,54.5,14.778341687083797,54.5,0.3535533905932235,54.708333333333336,0.6200562046870176,56.795,3.927171828610154,58.09625,3.0520688160311527,0,0,0,0.5
2015-07-16,54.0,0.000287,33.75,55.5,54.0,55.0,54.0,15.279576048676686,54.3,0.2738612787525177,54.583333333333336,0.5967081414408213,56.665,3.909567672742827,58.07875,3.0655093664642834,0,0,0,1.0
2015-07-17,54.5,6.6e-05,33.75,55.5,54.0,56.0,54.0,14.47225357516801,54.3,0.2738612787525177,54.541666666666664,0.5822500764416423,56.575,3.90651274626557,58.06125,3.0759336430395834,0,0,0,2.0
2015-07-20,55.5,9.9e-05,33.75,55.5,54.5,56.5,54.5,14.27014734475754,54.5,0.6123724356957652,54.666666666666664,0.6154574548976118,56.475,3.8677928368220695,58.04875,3.081258950673633,0,0,0,2.0
2015-07-21,55.5,0.000131,33.75,55.5,55.0,56.5,55.5,13.853481451957329,54.7,0.7582875444051309,54.791666666666664,0.6200562046870299,56.92,1.9413859976412138,58.03375,3.086349169077956,0,0,0,1.5
2015-07-22,55.5,3.2e-05,33.75,55.5,55.5,57.0,55.5,13.611435295758493,55.0,0.7071067811865211,54.833333333333336,0.6513389472798456,56.83,1.8995434467584822,58.01875,3.091357857725867,0,0,0,1.5
2015-07-23,55.0,6.4e-05,33.75,55.5,54.5,56.5,55.5,14.279245203127035,55.2,0.4472135954999164,54.875,0.6440285143329656,56.77,1.9091883092038493,58.00125,3.098518196261507,0,0,0,2.0
2015-07-24,54.5,0.000129,33.75,55.5,54.0,55.0,55.0,11.610968271383634,55.2,0.4472135954999164,54.75,0.5435573065056947,56.71,1.9327732005847504,57.98125,3.1081770801077884,0,0,0,1.0
2015-07-27,54.0,0.000131,33.75,55.5,51.0,55.0,54.5,14.027553525137577,54.9,0.6519202405202363,54.666666666666664,0.5773502691906364,56.63,1.9608671551129286,57.95875,3.1206655870232223,0,0,0,4.0
2015-07-28,53.5,0.0,33.75,55.5,52.0,54.5,54.0,14.697168850439722,54.5,0.7905694150420711,54.583333333333336,0.6685579234223841,56.54,1.9995917950770499,57.93125,3.1356414293358976,0,0,0,2.5
2015-07-29,51.5,0.000162,33.75,55.5,50.0,53.0,53.5,12.402465567990559,53.7,1.3509256086106165,54.333333333333336,1.1146408580459244,56.41,2.110928802248898,57.89375,3.1674813540321805,0,0,0,3.0
2015-07-30,50.5,0.0001639999999999,33.75,55.5,50.0,51.0,51.5,15.4384372858993,52.8,1.7175564037317563,54.0,1.5666989036016177,56.24,2.2366155189465537,57.85125,3.2093121317966737,0,0,0,1.0
2015-07-31,50.0,0.000368,33.75,55.5,45.5,51.0,50.5,15.67173057654018,51.9,1.7818529681205353,53.666666666666664,1.946247360404064,56.02,2.2989793653814585,57.81375,3.256901977332227,0,0,0,5.5
2015-08-03,49.0,0.000174,33.75,55.5,46.0,50.0,50.0,15.557869852004002,50.9,1.7102631376486952,53.25,2.3596995186215435,55.8,2.43276948084679,57.76875,3.3159559340079032,0,0,0,4.0
2015-08-04,47.0,0.000106,33.75,55.5,46.5,49.0,49.0,15.363094555811097,49.6,1.7102631376486952,52.625,2.924232611068617,55.55,2.674997615867868,57.71125,3.401807964101432,0,0,0,2.5
2015-08-05,46.0,3.6e-05,33.75,55.5,45.75,47.0,47.0,16.078803839277597,48.5,1.9364916731036983,51.833333333333336,3.332575671468135,55.28,2.9366786737152433,57.65125,3.5010674520809943,0,0,0,1.25
2015-08-06,46.0,3.6e-05,33.75,55.5,46.0,47.0,46.0,15.176974428239024,47.6,1.8165902124584845,51.041666666666664,3.5062174213903448,55.0,3.137983233784257,57.59625,3.5964525287369065,0,0,0,1.0
2015-08-07,49.25,0.0004679999999999,33.75,55.5,46.0,49.75,46.0,15.086759040243914,47.45,1.5850867484147235,50.520833333333336,3.2376659896608424,54.805,3.1869032054358435,57.5625,3.6428795763847313,0,0,0,3.75
2015-08-10,49.5,0.00055,33.75,55.5,48.25,50.0,49.25,14.85589362438758,47.55,1.7175564037317563,50.0625,2.919614311389966,54.655,3.2572094291443823,57.5275,3.686505167738083,0,0,0,1.75
2015-08-11,49.5,6.500000000000001e-05,33.75,55.5,47.0,50.0,49.5,14.461619064599843,48.05,1.874166481399122,49.645833333333336,2.5638623503447784,54.515,3.3259991593751543,57.495,3.7284523309169972,0,0,0,3.0
2015-08-12,48.75,6.500000000000001e-05,33.75,55.5,46.0,49.5,49.5,13.97200220986273,48.6,1.4853450777512838,49.208333333333336,2.171178286441573,54.34,3.3952097106942936,57.46125,3.7768384238540427,0,0,0,3.5
2015-08-13,48.25,6.4e-05,33.75,55.5,47.5,49.5,48.75,14.507257258309448,49.05,0.5419870847169378,48.770833333333336,1.707131876108103,54.135,3.447940083053583,57.435,3.822477162559934,0,0,0,2.0
2015-08-14,47.5,0.000291,33.75,55.5,47.25,48.5,48.25,13.292276601599085,48.7,0.8551315688243336,48.4375,1.5042553276984443,53.895,3.484327153739552,57.4,3.881084135953837,0,0,0,1.25
2015-08-17,47.25,0.0001,33.75,55.5,47.0,48.0,47.5,13.451668563394815,48.25,0.9185586535436736,48.166666666666664,1.387170654332924,53.66,3.5289473483967133,57.36625,3.939705552028501,0,0,0,1.0
2015-08-18,47.0,0.0,33.75,55.5,46.5,47.5,47.25,13.977034842967177,47.75,0.7288689868556397,47.916666666666664,1.2939252004047144,53.43,3.5814288563452368,57.32875,4.002321680182525,0,0,0,1.0
2015-08-19,46.5,0.000101,33.75,55.5,46.5,47.25,47.0,15.016830145621714,47.3,0.6471089552772129,47.708333333333336,1.3048568945104393,53.19,3.6363948282522816,57.28875,4.070137100588715,0,0,0,0.75
2015-08-20,46.5,6.7e-05,33.75,55.5,46.0,47.0,46.5,15.190718946133543,46.95,0.4472135954999194,47.666666666666664,1.3371158468430069,52.95,3.6745817476835883,57.24875,4.136452238708474,0,0,0,1.0
2015-08-21,46.0,6.6e-05,33.75,55.5,45.5,47.0,46.5,15.108730014190428,46.65,0.48733971724041303,47.666666666666664,1.3371158468430069,52.71,3.7294881193877414,57.20625,4.207886044359129,0,0,0,1.5
2015-08-24,45.5,0.000433,33.75,55.5,45.0,46.25,46.0,13.106032755714887,46.3,0.570087712549538,47.625,1.4000811664782749,52.46,3.786172479010647,57.16125,4.284400937642638,0,0,0,1.25
2015-08-25,44.75,0.000279,33.75,55.5,43.0,45.75,45.5,13.96771734966464,45.85,0.7416198487095425,47.25,1.5225576567675956,52.205,3.8682676869576302,57.115,4.367812833069243,0,0,0,2.75
2015-08-26,43.5,0.000358,33.75,55.5,43.0,45.5,44.75,13.7962268160238,45.25,1.1726039399558423,46.75,1.6922282244532119,51.935,3.995791791474842,57.065,4.465546498205895,0,0,0,2.5
2015-08-27,43.0,3.7000000000000005e-05,33.75,55.5,42.75,44.25,43.5,15.837812935618883,44.55,1.2796483892069586,46.208333333333336,1.7704433616948292,51.665,4.134724159790164,57.0125,4.568212074519929,0,0,0,1.5
2015-08-28,43.75,0.000481,33.75,55.5,42.25,44.0,43.0,15.876940994114053,44.1,1.009331461909299,45.791666666666664,1.7050504302502236,51.41,4.222679292601414,56.95625,4.661428753894981,0,0,0,1.75
2015-08-31,44.0,0.0001409999999999,33.75,55.5,44.0,44.75,43.75,15.386041516017661,43.8,0.6471089552772109,45.4375,1.585176359560197,51.16,4.2847498914936235,56.89875,4.749576647359894,0,0,0,0.75
2015-09-01,44.0,0.000174,33.75,55.5,43.25,45.0,44.0,14.30415253405349,43.65,0.4183300132669931,45.145833333333336,1.4903413784236785,50.92,4.34378514521111,56.83875,4.835997341701651,0,0,0,1.75
2015-09-02,43.5,0.0,33.75,55.5,43.25,44.0,44.0,13.6147410798455,43.65,0.4183300132669931,44.833333333333336,1.3994046353119716,50.67,4.404728442601527,56.77375,4.927081193050839,0,0,0,0.75
2015-09-03,44.0,0.000411,33.75,55.5,43.5,45.5,43.5,12.768259411382008,43.85,0.2236067977498959,44.583333333333336,1.2355222181387102,50.43,4.435202408928477,56.71375,5.008936580336174,0,0,0,2.0
2015-09-04,45.0,0.00023,33.75,55.5,45.0,46.25,44.0,13.658155917599368,44.1,0.5477225575051318,44.458333333333336,1.0914613501114452,50.22,4.438824536440686,56.65875,5.076746271087981,0,0,0,1.25
2015-09-07,46.25,0.000168,33.75,55.5,46.0,47.5,45.0,11.586185220346932,44.55,1.0954451150103157,44.4375,1.0505680281720922,50.035,4.406919998996216,56.61,5.129640930942702,0,0,0,1.5
2015-09-08,46.5,0.0,33.75,55.5,46.0,47.0,46.25,14.625774329933739,45.05,1.3275918047351625,44.479166666666664,1.1254207967228052,49.855,4.362727685421665,56.5625,5.179064325380875,0,0,0,1.0
2015-09-09,46.0,0.000137,33.75,55.5,46.0,47.0,46.5,15.165659731649436,45.55,1.0368220676663702,44.520833333333336,1.1748226816556473,49.675,4.331673216800261,56.51,5.232642999844321,0,0,0,1.0
2015-09-10,46.25,0.0,33.75,55.5,46.25,47.0,46.0,14.169683073439028,46.0,0.586301969977902,44.645833333333336,1.2767961205034235,49.52,4.312369489300146,56.45875,5.282697740224548,0,0,0,0.75
2015-09-11,46.0,0.000104,33.75,55.5,45.75,46.5,46.25,14.115467732141665,46.2,0.20916500663344448,44.854166666666664,1.2767961205034408,49.36,4.291115643907734,56.40375,5.334047124947103,0,0,0,0.75
2015-09-14,46.25,0.000103,33.75,55.5,45.0,47.0,46.0,14.567728683421265,46.2,0.20916500663344448,45.125,1.18944219164787,49.185,4.234458378010581,56.345,5.380879978844941,0,0,0,2.0
2015-09-15,46.25,0.000306,33.75,55.5,46.0,47.0,46.25,15.015144261995715,46.15,0.136930639376179,45.333333333333336,1.1448170424157154,49.02,4.183556245246962,56.28375,5.425759649706443,0,0,0,1.0
2015-09-16,46.5,0.000132,33.75,55.5,46.5,47.0,46.25,14.798749779667219,46.25,0.1767766952965499,45.541666666666664,1.106968286753617,48.83,4.074384891600203,56.22625,5.468249923295272,0,0,0,0.5
2015-09-17,46.75,3.3e-05,33.75,55.5,46.25,48.0,46.5,14.278741932169803,46.35,0.2850438562747302,45.770833333333336,1.0415151404940246,48.665,3.9854998662245045,56.1675,5.506683353688461,0,0,0,1.75
2015-09-18,47.75,0.0002,33.75,55.5,47.25,49.0,46.75,13.148422860279787,46.7,0.6224949798994109,46.125,0.9139076937671817,48.53,3.897160138210803,56.11375,5.536187342291207,0,0,0,1.75
2015-09-21,47.0,0.000136,33.75,55.5,47.0,47.5,47.75,13.64068205797126,46.85,0.5755432216610387,46.375,0.6527912098335844,48.38,3.805956663238707,56.05375,5.569675020742598,0,0,0,0.5
2015-09-22,47.0,6.7e-05,33.75,55.5,47.0,47.75,47.0,12.698329939940777,47.0,0.46770717334670764,46.541666666666664,0.5093816810304075,48.23,3.706323884214121,55.99125,5.600855636131372,0,0,0,0.75
2015-09-23,47.25,6.7e-05,33.75,55.5,47.0,47.75,47.0,11.87965667474488,47.15,0.37914377220253437,46.625,0.5383054219236619,48.095,3.6136398350063965,55.935,5.631939605375185,0,0,0,0.75
2015-09-24,48.0,3.3e-05,33.75,55.5,47.25,50.0,47.25,14.241301685786672,47.4,0.4541475531145882,46.75,0.6657190234487294,47.975,3.5117332484352355,55.885,5.657844645282457,0,0,0,2.75
2015-09-25,48.75,0.0,33.75,55.5,48.0,50.0,48.0,12.461880850543723,47.6,0.7623975340988237,46.979166666666664,0.8356974042767599,47.86,3.385578659128319,55.83875,5.678238981157476,0,0,0,2.0
2015-09-28,49.0,3.3e-05,33.75,55.5,48.5,49.5,48.75,13.103590259980951,48.0,0.8838834764831657,47.208333333333336,0.9818427325773542,47.73,3.206275733874884,55.79375,5.696657614547985,1,0,0,1.0
2015-09-29,47.75,6.6e-05,33.75,55.5,47.25,49.0,49.0,14.31743730390657,48.15,0.7202430145443736,47.354166666666664,0.9136486129134302,47.575,3.003930248653889,55.7425,5.722756631845993,1,0,0,1.75
2015-09-30,47.0,6.6e-05,33.75,55.5,47.0,48.5,47.75,13.674984473707058,48.1,0.8023403267940404,47.416666666666664,0.8550208220040416,47.405,2.778328120085798,55.6875,5.753726670864343,1,0,0,1.5
2015-10-01,45.5,0.0001639999999999,33.75,55.5,45.0,47.5,47.0,11.980432229642377,47.6,1.420827223838271,47.354166666666664,0.9680012991475591,47.215,2.564977025795655,55.63,5.79783792659955,1,0,0,2.5
2015-10-02,43.75,0.000334,33.75,55.5,43.5,46.0,45.5,14.782570827089154,46.6,2.035620298582221,47.125,1.4122033075368359,47.0,2.38618472692766,55.56875,5.8583004667989735,0,0,0,2.5
2015-10-05,44.25,0.000104,33.75,55.5,43.5,46.0,43.75,13.959438592721357,45.65,1.7193748864049314,46.916666666666664,1.6387818831698782,46.805,2.1930374518709397,55.5275,5.908844299418834,0,0,0,2.5
2015-10-07,45.0,3.4e-05,33.75,55.5,44.5,45.75,44.25,16.248764287303516,45.1,1.2574776339959173,46.6875,1.7026883823155745,46.635,1.9828409324168703,55.4875,5.952953639595765,0,0,0,1.25
2015-10-08,44.75,3.4e-05,33.75,55.5,44.5,45.0,45.0,13.647921148222022,44.65,0.6754628043052933,46.5,1.7869476260320218,46.5,1.8715103580826609,55.44125,6.000312884429931,0,0,0,0.5
2015-10-09,44.0,6.8e-05,33.75,55.5,43.25,45.0,44.75,14.646113109764785,44.35,0.5184110338331648,46.25,1.915843037791497,46.37,1.8128228072855879,55.38625,6.054546731018847,0,0,0,1.75
2015-10-12,43.25,0.000101,33.75,55.5,43.0,45.0,44.0,14.612522586228163,44.25,0.6846531968814361,45.916666666666664,2.0679736825005013,46.235,1.7881483411055423,55.315,6.113110961543333,0,0,0,2.0
2015-10-13,42.25,3.3e-05,33.75,55.5,40.5,43.5,43.25,13.751186413846307,43.85,1.1263880326068683,45.4375,2.203109888729476,46.1,1.829464067838671,55.23375,6.178209676885232,0,0,0,3.0
2015-10-14,40.25,0.0002,33.75,55.5,39.0,42.5,42.25,15.60682009265363,42.9,1.7464249196572896,44.729166666666664,2.3990015284139754,45.965,2.0025557649761914,55.14,6.262456932719887,0,0,0,3.5
2015-10-15,41.25,0.000204,33.75,55.5,39.75,42.5,40.25,16.13258033952125,42.2,1.5041608956491226,44.083333333333336,2.1777107802514424,45.87,2.1106145734249266,55.06125,6.337527690165826,0,0,0,2.75
2015-10-16,41.75,0.000104,33.75,55.5,41.25,43.0,41.25,15.52665650385675,41.75,1.1180339887498825,43.583333333333336,1.9345346320040966,45.785,2.1893818436137495,54.985,6.405460531696068,0,0,0,1.75
2015-10-19,42.5,0.000137,33.75,55.5,42.0,43.5,41.75,13.437613436787792,41.6,0.8944271909999003,43.208333333333336,1.6231049556231998,45.65,2.1794494717709596,54.915,6.465041283237898,0,0,0,1.5
2015-10-21,42.5,0.000169,33.75,55.5,42.0,43.5,42.5,15.411843169858225,41.65,0.9453835200594374,42.958333333333336,1.4609824423888635,45.51,2.1517434791356393,54.8475,6.5238637124555225,0,0,0,1.5
2015-10-22,41.75,3.3e-05,33.75,55.5,41.75,42.5,42.5,14.986660848932889,41.95,0.5419870847169456,42.791666666666664,1.4764566510477146,45.355,2.1375469919653054,54.77625,6.588706527538665,0,0,0,0.75
2015-10-23,41.75,0.0,33.75,55.5,41.5,42.0,41.75,12.77874849269723,42.05,0.4107919181288413,42.583333333333336,1.4275429198022478,45.215,2.1398848433642303,54.705,6.652150443851872,0,0,0,0.5
2015-10-26,41.75,0.000301,33.75,55.5,41.5,42.0,41.75,13.941174457871528,42.05,0.4107919181288413,42.3125,1.220678834985063,45.085,2.1491633398202503,54.63375,6.71423511678866,0,0,0,0.5
2015-10-27,41.0,0.0,33.75,55.5,41.0,41.5,41.75,12.836282688719516,41.75,0.5303300858898845,42.0,0.9999999999992972,44.955,2.196175943660498,54.55625,6.781701913362824,0,0,0,0.5
2015-10-28,40.5,0.0,33.75,55.5,40.0,41.25,41.0,14.54686880754297,41.35,0.5755432216610431,41.708333333333336,0.864931246171961,44.82,2.258792344848407,54.47125,6.850804958572564,0,0,0,1.25
2015-10-29,40.5,6.9e-05,33.75,55.5,40.25,41.0,40.5,13.844779026801017,41.1,0.6274950199005352,41.479166666666664,0.7794107136834361,44.69,2.3170618270143377,54.37875,6.913953260322929,0,0,0,0.75
2015-10-30,40.25,3.5e-05,33.75,55.5,39.75,40.75,40.5,14.512799648958222,40.8,0.5968668193156433,41.3125,0.8127185020871525,44.565,2.3850137979327286,54.29,6.980835215180769,0,0,0,1.0
2015-11-02,39.75,0.0,33.75,55.5,39.75,40.25,40.25,12.933140460917048,40.4,0.45414755311459265,41.270833333333336,0.8820065793739962,44.43,2.4630120932369723,54.19375,7.047953011032992,0,0,0,0.5
2015-11-03,38.75,7e-05,33.75,55.5,38.25,40.0,39.75,15.482217067056862,39.95,0.7373940601876127,41.0625,1.1437826001308102,44.285,2.579357814398172,54.0925,7.123608477358496,0,0,0,1.75
2015-11-04,39.75,0.000104,33.75,55.5,38.75,40.25,38.75,14.187488511281128,39.8,0.6708203932499167,40.895833333333336,1.1796490875236116,44.17,2.6512607705528426,53.99875,7.188396983574828,0,0,0,1.5
2015-11-05,40.5,0.000455,33.75,55.5,40.0,42.5,39.75,14.940570341280344,39.8,0.6708203932499167,40.729166666666664,1.068443713863884,44.085,2.6999669310149916,53.91125,7.2457272758696725,0,0,0,2.5
2015-11-06,42.5,6.7e-05,33.75,55.5,41.0,43.0,40.5,12.497252344150006,40.25,1.4031215200402183,40.729166666666664,1.068443713863884,44.065,2.7080803126190562,53.82875,7.281342643424707,0,0,0,2.0
2015-11-09,42.25,0.0,33.75,55.5,42.0,43.0,42.5,13.708483098171186,40.75,1.610512340840632,40.770833333333336,1.120360804978299,44.05,2.716164763119361,53.7425,7.315911189500842,0,0,0,1.0
2015-11-10,41.5,0.000266,33.75,55.5,40.0,42.5,42.25,13.820598591938214,41.3,1.1645814698852,40.75,1.102682679154513,44.005,2.739772260758078,53.655,7.357249527032189,0,0,0,2.5
2015-11-11,41.25,0.000227,33.75,55.5,40.5,42.0,41.5,13.92221107541854,41.6,0.8023403267940445,40.708333333333336,1.0704360482212878,43.95,2.767338661116351,53.57125,7.402735195817643,0,0,0,1.5
2015-11-12,41.5,0.000158,33.75,55.5,41.0,42.0,41.25,14.580048200160132,41.8,0.5419870847169455,40.75,1.092328621880843,43.9,2.7889175721940807,53.48625,7.4433453762033315,0,0,0,1.0
2015-11-13,41.0,3.1e-05,33.75,55.5,40.0,42.0,41.5,14.357253866098382,41.5,0.4677071733467136,40.791666666666664,1.0914613501110206,43.85,2.818488522421823,53.40125,7.488470933515788,0,0,0,2.0
2015-11-16,40.25,3.1e-05,33.75,55.5,39.75,41.0,41.0,15.343760323626544,41.1,0.5184110338331671,40.770833333333336,1.0998880797049653,43.775,2.863942800991336,53.31,7.537062528451598,0,0,0,1.25
2015-11-17,39.75,3.1e-05,33.75,55.5,39.75,41.0,40.25,15.148087900374701,40.75,0.7288689868556443,40.729166666666664,1.1304581398967788,43.67,2.913918044034548,53.21625,7.588617066528808,0,0,0,1.25
2015-11-18,40.75,9.3e-05,33.75,55.5,40.0,41.75,39.75,14.83269620954793,40.65,0.6754628043052952,40.8125,1.0877677308883245,43.56,2.9183445125414447,53.125,7.628340770742553,0,0,0,1.75
2015-11-19,40.75,0.000154,33.75,55.5,40.5,41.0,40.75,15.076950345184498,40.5,0.499999999999973,40.979166666666664,0.875540958319657,43.445,2.9134146107069605,53.03375,7.6667672481749864,0,0,0,0.5
2015-11-20,41.5,9.1e-05,33.75,55.5,41.0,42.0,40.75,14.635511069951669,40.6,0.6519202405202439,41.125,0.7941547822560674,43.355,2.9023609319991714,52.94625,7.698131564569895,0,0,0,1.0
2015-11-23,41.75,3e-05,33.75,55.5,41.5,42.75,41.5,12.801334082366724,40.9,0.7826237921249091,41.229166666666664,0.7866668271689622,43.265,2.88044515408948,52.8575,7.724467993259773,0,0,0,1.25
2015-11-24,41.75,0.000299,33.75,55.5,41.5,42.0,41.75,13.906174506186517,41.3,0.5123475382979543,41.166666666666664,0.701729465266077,43.18,2.860729891165432,52.76875,7.749693522064587,0,0,0,0.5
2015-11-25,41.5,9.3e-05,33.75,55.5,41.25,42.0,41.75,15.416654369239293,41.45,0.4107919181288432,41.104166666666664,0.6257571171751295,43.085,2.8354578869337415,52.68125,7.77772789402326,0,0,0,0.75
2015-11-27,41.25,0.0004359999999999,33.75,55.5,41.0,41.75,41.5,12.895465286619547,41.55,0.20916500663345508,41.083333333333336,0.615457454895327,42.985,2.8096090584328355,52.595,7.80846242400742,0,0,0,0.75
2015-11-30,39.75,9.8e-05,33.75,55.5,39.5,41.5,41.25,14.859631813344258,41.2,0.8366600265340604,40.958333333333336,0.7216878364858741,42.85,2.799416848895665,52.49625,7.845495999289944,0,0,0,2.0
2015-12-01,40.5,9.7e-05,33.75,55.5,40.0,41.25,39.75,11.682676678340282,40.95,0.8177713616897914,40.875,0.7111130839607218,42.725,2.7609937947589254,52.40375,7.877424548996059,0,0,0,1.25
2015-12-02,40.5,0.000128,33.75,55.5,40.0,41.25,40.5,13.432639764998356,40.7,0.6937218462755634,40.833333333333336,0.7177405625640899,42.58,2.68092277747401,52.31125,7.908136890754654,0,0,0,1.25
2015-12-03,40.25,9.5e-05,33.75,55.5,40.0,41.0,40.5,15.041108151969121,40.45,0.541987084716949,40.833333333333336,0.7177405625640899,42.445,2.6231358784359937,52.2175,7.939521317039126,0,0,0,1.0
2015-12-04,40.25,9.6e-05,33.75,55.5,40.0,40.5,40.25,12.766262554340948,40.25,0.3061862178478614,40.875,0.6614378277648705,42.31,2.556783693851783,52.12625,7.971762252132379,0,0,0,0.5
2015-12-07,40.5,9.6e-05,33.75,55.5,40.25,41.5,40.25,15.60177177278966,40.4,0.13693063937621142,40.854166666666664,0.6696194079575778,42.175,2.4672601097134317,52.03375,7.998888015525951,0,0,0,1.25
2015-12-08,40.75,0.000159,33.75,55.5,40.5,41.75,40.5,14.028200459781736,40.45,0.2091650066334657,40.854166666666664,0.6696194079575778,42.03,2.326993330284221,51.94,8.02078957002571,0,0,0,1.25
2015-12-09,40.75,9.399999999999998e-05,33.75,55.5,40.5,41.5,40.75,14.763959041979085,40.5,0.2499999999999556,40.791666666666664,0.638119870945311,41.87,2.121464646158774,51.84875,8.043845672532363,0,0,0,1.0
2015-12-10,40.5,3.1e-05,33.75,55.5,40.5,41.0,40.75,13.70915065419558,40.55,0.2091650066334657,40.6875,0.5653337710817727,41.7,1.8633139229646345,51.75375,8.065197486109671,0,0,0,0.5
2015-12-11,40.25,6.2e-05,33.75,55.5,39.75,41.0,40.5,14.794814022552632,40.55,0.2091650066334657,40.5625,0.46618617037915205,41.55,1.6567733578215695,51.6575,8.087124126237079,0,0,0,1.25
2015-12-14,40.0,9.2e-05,33.75,55.5,39.75,40.5,40.25,14.05916315367001,40.45,0.32596012026009896,40.4375,0.38619648790600225,41.41,1.472329821081042,51.5625,8.111996745933158,0,0,0,0.75
2015-12-15,40.0,3e-05,33.75,55.5,39.75,40.5,40.0,16.099646609151822,40.3,0.32596012026009896,40.333333333333336,0.30772872744537116,41.3,1.361833997496918,51.4625,8.130714071133768,0,0,0,0.75
2015-12-16,39.5,0.000214,33.75,55.5,39.5,40.0,40.0,14.116948335402519,40.05,0.3708099243547526,40.3125,0.355556541978385,41.215,1.3382233882048449,51.3625,8.154319923640806,0,0,0,0.5
2015-12-17,39.75,6e-05,33.75,55.5,39.75,40.0,39.5,13.12834743715147,39.9,0.2850438562747439,40.25,0.38435305739050596,41.125,1.2799972098198646,51.26625,8.177294120500116,0,0,0,0.25
2015-12-18,39.75,6e-05,33.75,55.5,39.75,40.5,39.75,15.4704572567314,39.8,0.20916500663346305,40.1875,0.40063869462959406,41.02,1.1658840912755952,51.17,8.19906846038563,0,0,0,0.75
2015-12-21,39.75,0.0,33.75,55.5,39.75,40.25,39.75,13.289234522258106,39.75,0.1767766952965703,40.145833333333336,0.4191215560980014,40.92,1.047884165589702,51.07375,8.219652478776656,0,0,0,0.5
2015-12-22,39.75,0.0,33.75,55.5,39.75,40.0,39.75,14.312217581700809,39.7,0.11180339887488402,40.104166666666664,0.43246562308423553,40.835,0.961782465117727,50.9775,8.239055097186343,0,0,0,0.25
2015-12-23,40.0,0.000359,33.75,55.5,39.75,40.25,39.75,13.733759141278622,39.8,0.11180339887499027,40.0625,0.4145780987921461,40.77,0.9032819976899819,50.885,8.258003579290687,0,0,0,0.5
2015-12-24,40.0,0.000124,33.75,55.5,39.75,41.75,40.0,11.972253562968545,39.85,0.1369306393762921,40.0,0.35355339059057983,40.725,0.883883476485377,50.795,8.278133088878544,0,0,0,2.0
2015-12-28,40.0,0.0,33.75,55.5,39.75,41.75,40.0,13.881299234831427,39.9,0.1369306393762921,39.9375,0.2638224265019038,40.72,0.8873257230461582,50.7,8.292508879560383,0,0,0,2.0
2015-12-29,39.75,0.000126,33.75,55.5,39.75,41.0,40.0,12.041203898548972,39.9,0.1369306393762921,39.875,0.1994310087995131,40.69,0.894370146632566,50.60375,8.307390512255663,0,0,0,1.25
2015-12-30,40.0,9.3e-05,33.75,55.5,39.75,43.0,39.75,16.44813301383117,39.95,0.11180339887499027,39.854166666666664,0.16713948084957395,40.655,0.886246959641205,50.50625,8.316880481419153,0,0,0,3.25
2015-12-31,43.75,3.1e-05,33.75,55.5,42.0,44.0,40.0,15.191679075329509,40.7,1.708434956326988,40.166666666666664,1.13984315773731,40.68,0.9543669768671267,50.425,8.303031171395519,1,0,1,2.0
2016-01-04,43.0,3.1e-05,33.75,55.5,41.0,43.5,43.75,14.207080236875502,41.3,1.915398130937795,40.416666666666664,1.3994046353115797,40.69,0.976196283376122,50.34,8.291525612631515,1,0,1,2.5
2016-01-05,43.5,0.0,33.75,55.5,42.0,44.25,43.0,14.645110297883669,42.0,1.960548392669765,40.75,1.620185174601436,40.725,1.0439939987335332,50.2575,8.27700050967654,1,0,1,2.25
2016-01-06,42.75,0.000153,33.75,55.5,42.0,44.0,43.5,13.068331599950358,42.6,1.5062370331392065,41.0,1.6821252790870849,40.745,1.073200915059946,50.16875,8.26177161926814,1,0,1,2.0
2016-01-07,41.75,6e-05,33.75,55.5,41.5,42.25,42.75,14.543977101297234,42.95,0.7786205751198714,41.166666666666664,1.645701471510469,40.745,1.073200915059946,50.075,8.250323581289383,1,0,0,0.75
2016-01-08,41.5,6.099999999999999e-05,33.75,55.5,40.5,42.0,41.75,17.093236291954,42.5,0.8477912478906585,41.3125,1.5851763595598811,40.755,1.0779444724651435,49.9825,8.242192513960449,1,0,0,1.5
2016-01-11,41.5,9.1e-05,33.75,55.5,41.25,43.0,41.5,14.74771440198369,42.2,0.8909264840602734,41.458333333333336,1.5069284433349168,40.775,1.0823844614797673,49.89,8.233008999504943,1,0,0,1.75
2016-01-12,41.25,0.000154,33.75,55.5,41.0,41.75,41.5,13.022103166385445,41.75,0.5863019699779302,41.5625,1.438611230571262,40.79,1.0836917251256943,49.79375,8.22086134439198,1,0,0,0.75
2016-01-13,41.0,6.3e-05,33.75,55.5,40.25,41.75,41.25,12.6647656754269,41.4,0.2850438562747873,41.645833333333336,1.3670569472294136,40.805,1.081252580510679,49.69625,8.208873335892283,1,0,0,1.5
2016-01-14,39.75,3.1e-05,33.75,55.5,39.0,41.0,41.0,15.273148591937785,41.0,0.7288689868556636,41.625,1.3960170616300287,40.805,1.081252580510679,49.5925,8.202766033662959,1,0,0,2.0
2016-01-15,39.75,0.0,33.75,55.5,39.75,41.0,39.75,13.792549969553662,40.65,0.8403868156985812,41.625,1.3960170616300287,40.825,1.051299002111478,49.48625,8.19188061298421,0,0,0,1.25
2016-01-18,39.5,3.1e-05,33.75,55.5,39.0,41.0,39.75,12.891442158294312,40.25,0.810092587300983,41.583333333333336,1.455137190241091,40.82,1.0570945934946847,49.38125,8.184582941551469,0,0,0,2.0
2016-01-19,38.5,0.0,33.75,55.5,37.75,39.75,39.5,13.439799864032354,39.7,0.8909264840602741,41.145833333333336,1.531704091605434,40.78,1.1061516300106844,49.27125,8.18223568725004,0,0,0,2.0
2016-01-20,37.5,0.000217,33.75,55.5,37.0,39.0,38.5,15.752207106142803,39.0,0.9842509842514778,40.6875,1.7357373335004913,40.68,1.1715592261648797,49.15625,8.18525444866846,0,0,0,2.0
2016-01-21,37.5,0.000317,33.75,55.5,37.25,39.0,37.5,14.999658440745515,38.55,1.066536450385078,40.1875,1.7159843451283199,40.585,1.2326448252883038,49.04125,8.186648705215866,0,0,0,1.75
2016-01-22,38.5,9.8e-05,33.75,55.5,38.0,39.0,37.5,14.716363132372496,38.3,0.8366600265340762,39.833333333333336,1.5715269548102222,40.525,1.2599096987417457,48.92625,8.172288844767484,0,0,0,1.0
2016-01-25,38.5,9.9e-05,33.75,55.5,38.5,39.0,38.5,17.008695212849574,38.1,0.547722557505166,39.5625,1.4890700270479582,40.47,1.287340241724433,48.81125,8.156274271224374,0,0,0,0.5
2016-01-26,38.25,0.0,33.75,55.5,38.0,39.0,38.5,13.731695159299889,38.05,0.5123475382979801,39.291666666666664,1.3973730765795929,40.405,1.3160023726809584,48.69,8.131968986536375,0,0,0,1.0
2016-01-27,38.0,6.6e-05,33.75,55.5,38.0,39.0,38.25,14.838177649352126,38.15,0.4183300132670385,39.0,1.2522706649042592,40.345,1.3560992227874713,48.56,8.09372081201928,0,0,0,1.0
2016-01-28,38.0,0.0,33.75,55.5,37.5,38.5,38.0,15.128750507125558,38.25,0.2500000000000018,38.729166666666664,1.057754554217365,40.3,1.396058591836572,48.4275,8.048244525966403,0,0,0,1.0
2016-01-29,38.25,0.0,33.75,55.5,38.0,38.75,38.0,15.407863550786923,38.2,0.20916500663352092,38.5,0.7833494517992562,40.27,1.4239568326422236,48.29375,7.993536863959331,0,0,0,0.75
2016-02-02,38.0,0.000561,33.75,55.5,38.0,38.5,38.25,16.244464037902144,38.1,0.13693063937629574,38.354166666666664,0.6863799416068507,40.215,1.4577467236142492,48.16125,7.94302487458593,0,0,0,0.5
2016-02-03,38.5,0.0004059999999999,33.75,55.5,38.25,39.0,38.0,15.009039312577942,38.15,0.22360679774998204,38.25,0.5330017908869399,40.17,1.4755144381356842,48.03375,7.892003359262616,0,0,0,0.75
2016-02-04,39.0,0.00024,33.75,55.5,38.75,40.25,38.5,14.602330669677226,38.35,0.41833001326703917,38.208333333333336,0.4373646976902057,40.12,1.471879265236313,47.90875,7.835629931256154,0,0,0,1.5
2016-02-05,40.0,3.1e-05,33.75,55.5,39.75,40.5,39.0,15.802000523645715,38.75,0.7905694150420954,38.333333333333336,0.6770032003847014,40.085,1.453014108673424,47.78625,7.766148579333304,0,0,0,0.75
2016-02-08,40.25,3.1e-05,33.75,55.5,39.75,41.0,40.0,12.107913912447533,39.15,0.9617692030835681,38.5625,0.8196798155364373,40.055,1.4332868605041447,47.665,7.692848927615493,0,0,0,1.25
2016-02-09,40.0,9.3e-05,33.75,55.5,39.5,41.25,40.25,13.518048820095151,39.55,0.7582875444051567,38.770833333333336,0.8424688646333964,40.025,1.418041549722268,47.545,7.623635885888193,0,0,0,1.75
2016-02-10,39.75,0.000156,33.75,55.5,39.75,40.0,40.0,13.742403161990287,39.8,0.480884601541787,38.875,0.8822749519888968,39.995,1.4074238298177058,47.42875,7.5638146724716036,0,0,0,0.25
2016-02-11,39.5,9.5e-05,33.75,55.5,39.25,40.0,39.75,14.292304207756862,39.9,0.2850438562747912,38.958333333333336,0.8908201872760536,39.99,1.408755421192316,47.31125,7.5029934352862755,0,0,0,0.75
2016-02-12,39.5,0.000128,33.75,55.5,39.5,40.0,39.5,14.428098772612328,39.8,0.3259601202601378,39.0625,0.873375114659818,39.97,1.4084656581571775,47.19625,7.445061662153343,0,0,0,0.5
2016-02-15,39.75,3.2e-05,33.75,55.5,39.75,40.0,39.5,13.734518483117633,39.7,0.20916500663352622,39.208333333333336,0.8245751890653958,39.955,1.4066986245860253,47.085,7.388766429298792,0,0,0,0.25
2016-02-16,39.75,3.2e-05,33.75,55.5,39.5,40.25,39.75,15.163791736572215,39.65,0.13693063937630384,39.354166666666664,0.742066626918298,39.945,1.406335881732722,46.97125,7.325103867581223,0,0,0,0.75
2016-02-17,39.75,9.6e-05,33.75,55.5,39.5,40.0,39.75,14.578417449248127,39.65,0.13693063937630384,39.479166666666664,0.6610798099696906,39.935,1.4059004667660637,46.8575,7.259091942463935,0,0,0,0.5
2016-02-18,39.5,3.2e-05,33.75,55.5,39.5,40.0,39.75,12.965009907449353,39.65,0.13693063937630384,39.604166666666664,0.4702312454957637,39.915,1.4048113389217942,46.745,7.197324670463281,0,0,0,0.5
2016-02-19,39.5,0.00016,33.75,55.5,39.5,40.0,39.5,14.926644456371596,39.65,0.13693063937630384,39.6875,0.3220142571630514,39.89,1.4007650970619316,46.64,7.1486654058940395,0,0,0,0.5
2016-02-22,39.5,9.5e-05,33.75,55.5,39.25,40.0,39.5,12.698940998282254,39.6,0.13693063937630384,39.729166666666664,0.24905122997008752,39.865,1.396250445345146,46.5425,7.1121273559770595,0,0,0,0.75
2016-02-23,39.75,0.000159,33.75,55.5,39.5,40.0,39.5,12.94848844720934,39.6,0.13693063937630384,39.708333333333336,0.2343592166362066,39.85,1.3933149430822587,46.43875,7.058642440513197,0,0,0,0.5
2016-02-24,39.5,3.1e-05,33.75,55.5,39.25,39.75,39.75,13.981449482606033,39.55,0.11180339887500468,39.645833333333336,0.16713948084964242,39.835,1.3929578718170688,46.47,7.013651440773369,0,0,0,0.5
2016-02-25,39.75,0.0,33.75,55.5,39.5,40.0,39.5,14.817318584576165,39.6,0.13693063937630384,39.625,0.13055824195941196,39.83,1.3928021967198898,46.36875,6.963334407296423,0,0,0,0.5
2016-02-26,40.0,6.3e-05,33.75,55.5,39.5,41.0,39.75,13.828131576779157,39.7,0.20916500663352622,39.645833333333336,0.16713948084964242,39.83,1.3928021967198898,46.27875,6.928483263975961,0,0,0,1.5
2016-02-29,39.75,6.2e-05,33.75,55.5,39.0,41.0,40.0,14.466741916826411,39.75,0.17677669529664505,39.666666666666664,0.16283473681385505,39.835,1.3920418859534989,46.19,6.897638150867331,0,0,0,2.0
2016-03-01,39.5,3.1e-05,33.75,55.5,39.0,41.0,39.75,14.496788071924055,39.7,0.20916500663352622,39.666666666666664,0.16283473681385505,39.83,1.3928021967198898,46.0975,6.862421796608821,0,0,0,2.0
2016-03-02,40.75,0.000248,33.75,55.5,40.0,41.0,39.5,15.197345239479512,39.95,0.48088460154178586,39.75,0.353553390590589,39.85,1.398796859113323,46.01125,6.820347987518908,1,0,0,1.0
2016-03-03,40.75,0.0002109999999999,33.75,55.5,40.75,41.75,40.75,15.356327172726465,40.15,0.5755432216610689,39.833333333333336,0.4564354645855755,39.87,1.4044753541490973,45.925,6.776909881183856,1,0,0,1.0
2016-03-04,41.75,3e-05,33.75,55.5,41.25,42.0,40.75,13.724930274543034,40.5,0.9013878188659986,40.0,0.7150969419328987,39.91,1.4292498389172124,45.83875,6.719192561677589,1,0,0,0.75
2016-03-07,41.25,2.9e-05,33.75,55.5,41.0,42.0,41.75,13.08673827229789,40.8,0.8366600265340772,40.145833333333336,0.7794107136832509,39.935,1.4417340041698283,45.74,6.639914708539736,1,0,0,1.0
2016-03-08,41.0,0.000294,33.75,55.5,41.0,41.5,41.25,16.04489045579418,41.1,0.41833001326704244,40.270833333333336,0.7866668271688427,39.955,1.4495689014338202,45.645,6.570422532935415,1,0,0,0.5
2016-03-09,41.0,3e-05,33.75,55.5,41.0,41.5,41.0,15.310659548211468,41.15,0.37914377220258244,40.395833333333336,0.7720864098277107,39.975,1.4570815813460571,45.5525,6.50427912876773,1,0,0,0.5
2016-03-10,40.5,0.0001219999999999,33.75,55.5,40.5,41.5,41.0,12.771105165022036,41.1,0.45414755311462834,40.458333333333336,0.7449323743954704,39.99,1.4585777249073435,45.4575,6.437958160502503,1,0,0,1.0
2016-03-11,40.5,3.1e-05,33.75,55.5,40.25,41.0,40.5,11.753523791492476,40.85,0.3354101966249753,40.541666666666664,0.6811865761400452,40.0,1.4603605928771612,45.36,6.363844560321892,1,0,0,0.75
2016-03-14,41.0,9.2e-05,33.75,55.5,40.5,41.5,40.5,15.071012913766857,40.8,0.2738612787525921,40.645833333333336,0.6436608131791985,39.945,1.3649119729424333,45.27,6.296902405111287,1,0,0,1.0
2016-03-15,41.0,6.099999999999999e-05,33.75,55.5,40.75,41.5,41.0,15.20962451618905,40.8,0.2738612787525921,40.729166666666664,0.6166103577881363,39.905,1.301382702658819,45.19,6.248579738125889,1,0,0,0.75
2016-03-16,41.0,3.1e-05,33.75,55.5,41.0,41.5,41.0,14.185072802763091,40.8,0.2738612787525921,40.833333333333336,0.536543369987076,39.855,1.2048901211669485,45.1125,6.203558611574083,1,0,0,0.5
2016-03-17,41.25,3e-05,33.75,55.5,41.0,42.0,41.0,15.04885797281222,40.95,0.2738612787525921,40.979166666666664,0.3447385922231894,39.825,1.1487015740071598,45.03125,6.146655007105953,1,0,0,1.0
2016-03-18,41.25,3e-05,33.75,55.5,41.0,42.0,41.25,15.602910705809697,41.1,0.1369306393763079,41.020833333333336,0.3447385922232022,39.815,1.1336796689721544,44.945,6.077346931732792,1,0,0,1.0
2016-03-21,41.25,3e-05,33.75,55.5,41.0,41.5,41.25,14.384567919352106,41.15,0.1369306393763079,41.0625,0.3392002626475477,39.81,1.1266258093483366,44.85375,5.994149026363124,1,0,0,0.5
2016-03-22,41.0,0.000182,33.75,55.5,41.0,41.5,41.25,15.591208563010184,41.15,0.1369306393763079,41.0,0.2611164839303561,39.8,1.1134612334389684,44.76375,5.915293902016611,1,0,0,0.5
2016-03-23,41.25,6e-05,33.75,55.5,41.0,42.0,41.0,14.87583271368833,41.2,0.11180339887500965,41.0,0.2611164839303561,39.8,1.1134612334389684,44.6775,5.83927258066923,1,0,0,1.0
2016-03-24,42.0,3e-05,33.75,55.5,41.5,42.5,41.25,12.978495316450783,41.35,0.37914377220258316,41.083333333333336,0.38924947207864385,39.82,1.1440172683172924,44.595,5.759008673766806,1,0,0,1.0
2016-03-29,42.0,5.9e-05,33.75,55.5,41.5,42.75,42.0,13.477939117439742,41.5,0.46770717334674716,41.166666666666664,0.46871843327880597,39.865,1.1847349656271566,44.5125,5.676405256248403,1,0,0,1.25
2016-03-30,41.5,6e-05,33.75,55.5,41.25,42.0,42.0,13.564611614786049,41.55,0.4472135954999626,41.25,0.4264014327093279,39.9,1.2069103749099548,44.43,5.598768260086267,1,0,0,0.75
2016-03-31,41.5,0.00012,33.75,55.5,41.25,42.0,41.5,14.527136450615599,41.65,0.3354101966249753,41.333333333333336,0.3588702812804105,39.94,1.226368456802763,44.3475,5.518800098083976,1,0,0,0.75
2016-04-01,41.75,3e-05,33.75,55.5,41.5,42.0,41.5,13.546062563015953,41.75,0.25000000000000955,41.395833333333336,0.36084391824131884,40.005,1.2345886698319863,44.26875,5.442016044688943,1,0,0,0.5
2016-04-04,41.75,3e-05,33.75,55.5,41.5,42.25,41.75,12.07254696717504,41.7,0.2091650066335302,41.458333333333336,0.3508647326313766,40.09,1.2045407288053682,44.1925,5.369085503670737,1,0,0,0.75
2016-04-05,41.75,3e-05,33.75,55.5,41.75,43.0,41.75,14.909043635919852,41.65,0.13693063937630992,41.520833333333336,0.32784304263549613,40.175,1.1674256520503734,44.11875,5.300038962357839,1,0,0,1.25
2016-04-06,42.25,0.0,33.75,55.5,42.0,43.0,41.75,12.118339189722553,41.8,0.2738612787525931,41.604166666666664,0.3762605077541689,40.25,1.1780301787496015,44.0475,5.228052353126713,1,0,0,1.0
2016-04-07,42.5,0.0,33.75,55.5,42.0,43.0,42.25,13.164849905819075,42.0,0.35355339059328195,41.708333333333336,0.4373646976910165,40.33,1.1924935288421985,43.9775,5.153680321311162,1,0,0,1.0
2016-04-08,42.0,0.0,33.75,55.5,42.0,43.0,42.5,14.599869074990096,42.05,0.3259601202601412,41.770833333333336,0.4191215560984266,40.405,1.1768277144050145,43.9075,5.084172775788496,1,0,0,1.0
2016-04-11,42.0,3e-05,33.75,55.5,42.0,42.75,42.0,15.06501135421407,42.1,0.2850438562747951,41.854166666666664,0.3447385922234425,40.485,1.145543717265835,43.8375,5.012719374514869,1,0,0,0.75
2016-04-12,42.5,0.0,33.75,55.5,42.5,43.0,42.0,14.968327216392112,42.25,0.25000000000001177,41.958333333333336,0.334278961708553,40.575,1.1228721373062207,43.77,4.938463028658377,1,0,0,0.5
2016-04-13,42.5,0.0,33.75,55.5,42.25,43.0,42.5,15.51526456412479,42.3,0.27386127875259414,42.0,0.36927447293601107,40.66,1.1039816620795897,43.705,4.868352315861631,1,0,0,0.75
2016-04-14,42.75,0.00015,33.75,55.5,42.5,43.25,42.5,13.533281590273933,42.35,0.33541019662497695,42.0625,0.4280638227673314,40.755,1.074388767855338,43.64125,4.796065801609204,1,0,0,0.75
2016-04-15,42.75,8.800000000000001e-05,33.75,55.5,42.5,43.25,42.75,14.504951378449638,42.5,0.30618621784790634,42.166666666666664,0.43082021842600066,40.84,1.0603715174908939,43.5775,4.721808033531873,1,0,0,0.75
2016-04-18,42.75,2.9e-05,33.75,55.5,42.0,43.0,42.75,14.13839156512629,42.65,0.13693063937631195,42.270833333333336,0.40533842949173926,40.915,1.0601910686497518,43.51625,4.651827158986446,1,0,0,1.0
2016-04-19,42.5,8.7e-05,33.75,55.5,42.25,43.0,42.75,13.311827697155495,42.65,0.13693063937631195,42.333333333333336,0.3743681545619428,40.965,1.0750059325910337,43.45875,4.592282245092459,1,0,0,0.75
2016-04-20,42.75,8.7e-05,33.75,55.5,42.5,43.5,42.5,14.922785550169328,42.7,0.11180339887501461,42.416666666666664,0.34267220841915097,41.015,1.098944298603182,43.4025,4.531006383158114,1,0,0,1.0
2016-04-21,42.75,2.9e-05,33.75,55.5,42.5,43.5,42.75,14.508658238524095,42.7,0.11180339887501461,42.5,0.2820380374064566,41.07,1.115795680222799,43.34125,4.4556142595209804,1,0,0,1.0
2016-04-22,42.5,0.000172,33.75,55.5,42.5,43.0,42.75,12.256770512686108,42.65,0.13693063937631195,42.520833333333336,0.27090616736018885,41.125,1.1171780228315122,43.28125,4.38482833588435,1,0,0,0.5
2016-04-25,42.5,8.800000000000001e-05,33.75,55.5,42.5,42.75,42.5,13.421135230299857,42.6,0.13693063937631195,42.520833333333336,0.27090616736018885,41.185,1.1086510464799022,43.21375,4.290956768301869,1,0,0,0.25
2016-04-26,42.0,2.9e-05,33.75,55.5,42.0,42.75,42.5,14.305685006519113,42.5,0.30618621784790634,42.520833333333336,0.27090616736018885,41.235,1.087275662999393,43.14875,4.209203954090856,1,0,0,0.75
2016-04-27,41.75,3e-05,33.75,55.5,39.0,42.5,42.0,13.199141068399515,42.3,0.4107919181288808,42.5,0.31980107453127554,41.275,1.06814974491166,43.085,4.132269747527388,1,0,0,3.5
2016-04-28,41.5,8.800000000000001e-05,33.75,55.5,41.25,42.0,41.75,14.989663434958477,42.05,0.4472135954999626,42.416666666666664,0.4308202184260578,41.31,1.0455932794955536,43.02,4.053300658864845,1,0,0,0.75
2016-04-29,41.5,0.0,33.75,55.5,41.0,41.75,41.5,14.093218806786934,41.85,0.41833001326704244,42.333333333333336,0.5037736384394069,41.345,1.0213161776343744,42.955,3.9716931822167143,1,0,0,0.75
2016-05-03,41.5,8.800000000000001e-05,33.75,55.5,40.75,42.0,41.5,14.511803286098115,41.65,0.22360679774998826,42.229166666666664,0.5378654501107332,41.385,0.9861412118960055,42.8925,3.894616016964493,1,0,0,1.25
2016-05-04,39.25,2.9e-05,33.75,55.5,39.0,40.0,41.5,14.350424318979297,41.1,1.0398317171542732,41.9375,0.9892892306179757,41.38,0.9964733732906638,42.81875,3.8222058060256856,0,0,1,1.0
2016-05-05,38.75,0.0,33.75,55.5,36.0,39.5,39.25,13.696502897761253,40.5,1.3806701271484094,41.604166666666664,1.3119136496892183,41.365,1.0304174901880503,42.74,3.741727894728492,0,0,1,3.5
2016-05-06,39.75,0.0,33.75,55.5,39.0,41.0,38.75,13.333112028338556,40.15,1.2820881404958104,41.375,1.3796409282518065,41.365,1.0304174901880503,42.66125,3.636074963915682,0,0,1,2.0
2016-05-09,39.5,0.0,33.75,55.5,39.5,40.0,39.75,12.458390459140501,39.75,1.0458250331675965,41.104166666666664,1.4039648942337501,41.365,1.0304174901880503,42.58125,3.5265448430651056,0,0,1,0.5
2016-05-10,40.0,3e-05,33.75,55.5,39.5,41.0,39.5,14.838069753186975,39.45,0.48088460154178725,40.875,1.333570054743059,41.37,1.0230007880000411,42.50375,3.409589408885512,0,0,0,1.5
2016-05-11,40.5,8.800000000000001e-05,33.75,55.5,40.5,41.0,40.0,14.00140987360611,39.7,0.6471089552772412,40.708333333333336,1.2332207155783648,41.38,1.0117170694296078,42.43125,3.2947668171503883,0,0,0,0.5
2016-05-12,41.75,8.800000000000001e-05,33.75,55.5,40.75,42.25,40.5,14.045352425385776,40.3,0.8909264840602747,40.645833333333336,1.150386957294553,41.42,0.9851447630096961,42.3675,3.1814780784750667,0,0,0,1.5
2016-05-13,41.75,2.9e-05,33.75,55.5,41.5,42.5,41.75,15.096528011042235,40.7,1.0216408370851289,40.625,1.1256311360937556,41.465,0.9462735722153381,42.30625,3.072453954743407,0,0,1,1.0
2016-05-16,41.5,2.9e-05,33.75,55.5,41.25,42.0,41.75,12.714999467712902,41.1,0.8023403267940615,40.604166666666664,1.1050418201320185,41.48,0.9406359116954515,42.24625,2.9681599188753953,0,0,0,0.75
2016-05-17,41.0,0.000115,33.75,55.5,41.0,41.5,41.5,13.026074919241733,41.3,0.5419870847169705,40.5625,1.0772703298776105,41.485,0.9373350194990558,42.19375,2.8956341139910684,0,0,0,0.5
2016-05-18,41.25,0.0,33.75,55.5,41.0,41.75,41.0,15.11828770312481,41.45,0.32596012026013477,40.541666666666664,1.0597669841075013,41.475,0.937117268816444,42.1475,2.8355458648657184,0,0,0,0.75
2016-05-19,41.0,8.7e-05,33.75,55.5,40.5,41.75,41.25,14.380086026326103,41.3,0.32596012026013477,40.5,1.0280166252626566,41.47,0.9390072917082909,42.1025,2.781194701894767,0,0,0,1.25
2016-05-20,40.75,2.9e-05,33.75,55.5,40.5,41.0,41.0,13.703350309768684,41.1,0.28504385627478673,40.625,0.9504783484684729,41.465,0.9422211058178899,42.06125,2.7392431807920703,0,0,0,0.5
2016-05-23,40.75,8.6e-05,33.75,55.5,40.5,41.0,40.75,14.811314996076915,40.95,0.20916500663352275,40.791666666666664,0.7449323743955154,41.46,0.945397011952054,42.03,2.7181873948582176,0,0,0,0.5
2016-05-24,40.5,5.8e-05,33.75,55.5,40.5,41.0,40.75,13.542258536396895,40.85,0.2850438562747877,40.854166666666664,0.6780514640328548,41.46,0.945397011952054,42.0025,2.7056136969983715,0,0,0,0.5
2016-05-25,39.25,2.9e-05,33.75,55.5,38.5,40.75,40.5,15.05002255757581,40.45,0.6937218462755826,40.833333333333336,0.7256136379048138,41.435,0.9869169681612592,41.96875,2.6975861045489435,0,0,0,2.25
2016-05-26,39.75,2.9e-05,33.75,55.5,39.5,40.0,39.25,13.971916692340564,40.2,0.6708203932499398,40.8125,0.7547199962407093,41.41,1.01363157981371,41.92125,2.6519853068668096,0,0,0,0.5
2016-05-27,39.5,5.8e-05,33.75,55.5,39.0,40.0,39.75,14.942192190667008,39.95,0.647108955277243,40.729166666666664,0.8424688646336302,41.38,1.0476406924189086,41.87125,2.6021803647618302,0,0,0,1.0
2016-05-30,39.0,2.9e-05,33.75,55.5,38.75,39.5,39.5,13.044620190471909,39.6,0.575543221661072,40.5,0.9107938595223992,41.34,1.0993504575772204,41.81875,2.552949016510663,0,0,0,0.75
2016-05-31,38.75,2.9e-05,33.75,55.5,38.0,39.5,39.0,14.047971368496956,39.25,0.39528470752105527,40.25,0.9474847084388688,41.29,1.158773102054342,41.76875,2.514148094425177,0,0,0,1.5
2016-06-02,38.25,0.0,33.75,55.5,37.0,41.0,38.75,15.404786782647705,39.05,0.5968668193156708,39.979166666666664,1.019460270153976,41.23,1.2359826298246785,41.71875,2.48385964401252,0,0,0,4.0
2016-06-03,37.25,2.9e-05,33.75,55.5,37.0,38.5,38.25,13.607749339608338,38.55,0.8551315688243557,39.666666666666664,1.2309149097925676,41.15,1.3580823815608154,41.6675,2.4696791950841277,0,0,0,1.5
2016-06-06,37.5,0.000118,33.75,55.5,37.0,38.25,37.25,14.622031512100445,38.15,0.762397534098847,39.354166666666664,1.267864764319975,41.08,1.4528648686421193,41.61875,2.4551168876774514,0,0,0,1.25
2016-06-07,37.0,0.000175,33.75,55.5,36.5,37.75,37.5,14.734557886931105,37.75,0.728868986855664,39.020833333333336,1.320547120313294,40.995,1.562874444930281,41.56875,2.446787646370311,0,0,0,1.25
2016-06-08,36.5,0.000258,33.75,55.5,36.5,38.25,37.0,14.423917054286667,37.3,0.6471089552772404,38.666666666666664,1.3830686128593805,40.885,1.6798703181252415,41.51875,2.4476860034234345,0,0,0,1.75
2016-06-09,36.0,0.000196,33.75,55.5,36.0,37.5,36.5,15.280824257139749,36.85,0.6020797289396156,38.270833333333336,1.4120356571162156,40.765,1.8080108022986012,41.46625,2.452907911768455,0,0,0,1.5
2016-06-10,36.25,0.0,33.75,55.5,36.0,37.0,36.0,14.403519975832886,36.65,0.6020797289396156,37.916666666666664,1.3328597643837194,40.66,1.9138059100202547,41.4175,2.4592291046063424,0,0,0,1.0
2016-06-13,36.0,5.500000000000001e-05,33.75,55.5,36.0,36.75,36.25,13.097867795402156,36.35,0.4183300132670388,37.645833333333336,1.3670569472291678,40.55,2.0196736450865154,41.37,2.471694025720437,0,0,0,0.75
2016-06-14,35.5,2.8000000000000003e-05,33.75,55.5,35.5,36.25,36.0,15.13966378857448,36.05,0.370809924354784,37.291666666666664,1.3221596199414989,40.425,2.134059320561987,41.32375,2.4945666459837184,0,0,0,0.75
2016-06-15,35.25,0.00011,33.75,55.5,35.0,36.0,35.5,14.455995612977773,35.8,0.4107919181288743,36.9375,1.243734296382368,40.295,2.246703934975105,41.2825,2.5264070163096193,0,0,0,1.0
2016-06-16,35.5,0.0001639999999999,33.75,55.5,35.25,36.0,35.25,13.277829192062546,35.7,0.4107919181288743,36.645833333333336,1.1203608049780394,40.17,2.3361838759063667,41.245,2.556271232295879,0,0,0,0.75
2016-06-17,35.0,5.4000000000000005e-05,33.75,55.5,34.75,36.0,35.5,15.890241145504257,35.45,0.370809924354784,36.333333333333336,0.9962049198944504,40.025,2.4276521369346344,41.20125,2.587865175842797,0,0,0,1.25
2016-06-20,35.25,0.0,33.75,55.5,35.0,35.75,35.0,12.75130259456002,35.3,0.20916500663352144,36.083333333333336,0.8348471099353039,39.88,2.492458011437637,41.1575,2.6141418165784516,0,0,0,0.75
2016-06-21,35.0,0.00016,33.75,55.5,34.75,35.5,35.25,15.923576120453403,35.2,0.20916500663352144,35.895833333333336,0.8009818785057359,39.74,2.5664435807290613,41.1125,2.642276837203146,0,0,0,0.75
2016-06-22,34.75,0.000217,33.75,55.5,34.75,35.0,35.0,14.021630832008219,35.1,0.28504385627478673,35.666666666666664,0.6853444168405748,39.595,2.639906654194682,41.06875,2.6747865997625873,0,0,0,0.25
2016-06-23,34.75,5.6000000000000006e-05,33.75,55.5,34.75,35.0,34.75,13.598847214674473,34.95,0.20916500663352275,35.479166666666664,0.5883174519253854,39.44,2.6928476695559342,41.0225,2.703662832818838,0,0,0,0.25
2016-06-24,34.5,0.000251,33.75,55.5,34.5,35.0,34.75,12.838675982261055,34.85,0.2850438562747877,35.3125,0.5551924318298728,39.28,2.7444935594683906,40.97,2.727875827940388,0,0,0,0.5
2016-06-27,34.0,8.6e-05,33.75,55.5,31.5,34.75,34.5,14.62701882929677,34.6,0.3791437722025805,35.145833333333336,0.6257571171744498,39.105,2.7971787900807845,40.90875,2.7461916869375975,0,0,0,3.25
2016-06-28,33.75,0.0001159999999999,33.75,55.5,33.5,34.75,34.0,13.734843738907072,34.35,0.45414755311462673,34.9375,0.6407116072257808,38.925,2.846968491543436,40.845,2.7636777259410055,0,0,0,1.25
2016-06-29,33.75,0.0,33.75,55.5,33.5,34.0,33.75,15.64609017936254,34.15,0.45414755311462673,34.75,0.6306562238848725,38.745,2.884463130467232,40.78375,2.7845226285383897,0,0,0,0.5
2016-06-30,33.75,0.0003799999999999,33.75,55.5,33.0,34.5,33.75,13.078204571917377,33.95,0.32596012026013643,34.604166666666664,0.6436608131785522,38.57,2.9172428974038884,40.72125,2.8014463130179266,0,0,0,1.5
2016-07-01,33.75,0.000113,33.75,55.5,33.5,34.0,33.75,14.292862745296725,33.8,0.1118033988750032,34.479166666666664,0.6524284472532552,38.39,2.9316882368989785,40.66,2.8193115450297097,0,0,0,0.5
2016-07-04,33.5,5.7e-05,33.75,55.5,33.0,34.0,33.75,15.431884560017089,33.7,0.1118033988750032,34.3125,0.6227231253988252,38.205,2.9427747908041297,40.59625,2.836375073094968,0,0,0,1.0
2016-07-05,33.75,8.6e-05,33.75,55.5,33.75,34.0,33.5,10.902297921958713,33.7,0.1118033988750032,34.208333333333336,0.6014502674700529,38.03,2.9423196457835363,40.53375,2.8488600272340454,0,0,0,0.25
2016-07-06,33.5,0.000145,33.75,55.5,33.5,34.25,33.75,13.401964385834603,33.65,0.13693063937630265,34.0625,0.5343326338842833,37.85,2.9385717758185295,40.46875,2.8603309956228324,0,0,0,0.75
2016-07-08,33.25,0.0,33.75,55.5,33.25,34.0,33.5,14.8457729826575,33.55,0.2091650066335254,33.916666666666664,0.49236596391461845,37.675,2.9469155441740176,40.40125,2.870629461463672,0,0,0,0.75
2016-07-11,33.0,5.7e-05,33.75,55.5,32.5,33.5,33.25,13.994828441578436,33.4,0.2850438562747887,33.770833333333336,0.4821628984102423,37.5,2.9597641935866013,40.3275,2.870355107335873,0,0,0,1.0
2016-07-12,32.0,0.000115,33.75,55.5,31.0,33.0,33.0,14.703114119615304,33.1,0.6754628043053169,33.541666666666664,0.6108240831887105,37.31,3.0023630149390867,40.2525,2.8910264474051535,0,0,0,2.0
2016-07-13,32.75,2.9e-05,33.75,55.5,32.0,33.0,32.0,14.95366434166299,32.9,0.5755432216610695,33.395833333333336,0.568674029222714,37.135,3.008156429118272,40.18125,2.899482008408311,0,0,0,1.0
2016-07-14,32.25,2.9e-05,33.75,55.5,32.0,33.0,32.75,15.037696786295044,32.65,0.5184110338331955,33.25,0.6215815605058251,36.95,3.0186495155887187,40.10625,2.909700193072458,0,0,0,1.0
2016-07-15,32.25,2.9e-05,33.75,55.5,32.0,32.75,32.25,14.011735841754627,32.45,0.41079191812887766,33.125,0.6614378277640302,36.81,3.0716611207653077,40.0275,2.9081187256732006,0,0,0,0.75
2016-07-18,32.0,2.9e-05,33.75,55.5,31.75,32.75,32.25,12.058158312538197,32.25,0.3061862178479022,32.979166666666664,0.702740846234849,36.675,3.132389223085607,39.94375,2.896826965810573,0,0,0,1.0
2016-07-19,32.25,0.0002319999999999,33.75,55.5,32.25,33.0,32.0,13.526896050930452,32.3,0.2738612787525884,32.854166666666664,0.6863799416063809,36.525,3.1615717158227876,39.86,2.875738926233975,0,0,0,0.75
2016-07-20,32.25,0.000198,33.75,55.5,32.25,33.0,32.25,14.246838975243898,32.2,0.11180339887500071,32.729166666666664,0.6436608131783209,36.38,3.1884837417546192,39.7825,2.8708933965702026,0,0,0,0.75
2016-07-21,32.25,5.6000000000000006e-05,33.75,55.5,32.0,32.5,32.25,13.512106879509295,32.2,0.11180339887500071,32.625,0.6077155435031262,36.225,3.1972764238672338,39.70875,2.8740060003325976,0,0,0,0.5
2016-07-22,32.5,5.500000000000001e-05,33.75,55.5,32.25,33.0,32.25,12.875441857585288,32.25,0.1767766952966441,32.520833333333336,0.4938063354866957,36.065,3.1790970672929046,39.64375,2.889336387702988,0,0,0,0.75
2016-07-25,32.25,5.6000000000000006e-05,33.75,55.5,32.25,32.75,32.5,13.729299951181677,32.3,0.11180339887500071,32.416666666666664,0.3892494720770194,35.875,3.1156492755392655,39.58625,2.921459062311474,0,0,0,0.5
2016-07-26,32.75,0.000414,33.75,55.5,32.5,33.0,32.25,13.173058392858724,32.4,0.22360679774998501,32.375,0.31079078024933415,35.695,3.028053358655073,39.52875,2.942302953615124,0,0,0,0.5
2016-07-27,32.5,0.0,33.75,55.5,32.5,33.0,32.75,14.604104727151608,32.45,0.2091650066335254,32.333333333333336,0.24618298195272345,35.515,2.9422199379499947,39.46625,2.9582179950145924,0,0,0,0.5
2016-07-28,32.25,2.7e-05,33.75,55.5,31.75,32.75,32.5,14.687849820281992,32.45,0.2091650066335254,32.354166666666664,0.225084159338138,35.34,2.868619806081304,39.40375,2.978005375681169,0,0,0,1.0
2016-07-29,32.0,7.900000000000001e-05,33.75,55.5,31.75,32.25,32.25,13.424984799978942,32.35,0.2850438562747896,32.291666666666664,0.20871177747715802,35.155,2.776491141932517,39.34375,3.0056936652868895,0,0,0,0.5
2016-08-01,32.0,0.000184,33.75,55.5,32.0,32.25,32.0,12.107913912447533,32.3,0.32596012026013643,32.270833333333336,0.22508415933811207,34.975,2.6798806324325186,39.2875,3.0373253822047,0,0,0,0.25
2016-08-02,31.75,0.000309,33.75,55.5,31.75,32.5,32.0,14.678274344814877,32.1,0.2850438562747887,32.229166666666664,0.27090616735728146,34.795,2.584633752131699,39.235,3.07635658681568,0,0,0,0.75
2016-08-03,31.5,0.000125,33.75,55.5,31.25,32.0,31.75,13.348065253413415,31.9,0.2850438562747887,32.1875,0.3392002626456416,34.61,2.478561136249782,39.19125,3.1237034998978963,0,0,0,0.75
2016-08-04,31.5,0.000296,33.75,55.5,31.0,32.25,31.5,14.155904380819043,31.75,0.25000000000000444,32.125,0.39167472589654806,34.43,2.3663456714394235,39.1425,3.1671910656335744,0,0,0,1.25
2016-08-05,32.0,7.6e-05,33.75,55.5,31.5,32.5,31.5,14.526841899948055,31.75,0.25000000000000444,32.104166666666664,0.39106982248397587,34.285,2.285719866065805,39.09375,3.2017031330620402,0,0,0,1.0
2016-08-08,32.25,5.1000000000000006e-05,33.75,55.5,32.0,33.0,32.0,12.980110635562095,31.8,0.3259601202601357,32.104166666666664,0.39106982248397587,34.135,2.162534652312986,39.0425,3.228826466652671,0,0,0,1.0
2016-08-09,32.5,2.5e-05,33.75,55.5,32.25,32.75,32.25,14.377295990517673,31.95,0.4472135954999604,32.104166666666664,0.39106982248397587,33.995,2.030689286817984,38.9925,3.252358054484598,0,0,0,0.5
2016-08-10,32.5,5.1000000000000006e-05,33.75,55.5,32.5,32.75,32.5,14.281255757957016,32.15,0.4183300132670407,32.125,0.4059220704393543,33.865,1.908099011251832,38.94625,3.278611735484742,0,0,0,0.25
2016-08-11,32.5,2.5e-05,33.75,55.5,32.5,33.0,32.5,14.452458217740519,32.35,0.22360679774998501,32.104166666666664,0.37626050775229136,33.74,1.782110649581695,38.9,3.3040062479405408,0,0,0,0.5
2016-08-12,32.5,5e-05,33.75,55.5,32.25,32.75,32.5,14.114652464959407,32.45,0.11180339887500071,32.104166666666664,0.37626050775229136,33.625,1.6669430043038105,38.85375,3.328561256411906,0,0,0,0.5
2016-08-15,32.5,0.000125,33.75,55.5,32.5,32.75,32.5,13.407243026734037,32.5,0.0,32.125,0.3916747258965478,33.53,1.5896989831878408,38.81125,3.35517839283348,0,0,0,0.25
2016-08-16,32.5,0.00037,33.75,55.5,32.5,32.75,32.5,13.618523181856325,32.5,0.0,32.166666666666664,0.4035824424771694,33.43,1.4889388085196196,38.77125,3.382520236933445,0,0,0,0.25
2016-08-17,32.5,0.0001189999999999,33.75,55.5,32.5,33.0,32.5,15.9834780686433,32.5,0.0,32.208333333333336,0.41056133044608667,33.34,1.40222126991483,38.73125,3.409171186430789,0,0,0,0.5
2016-08-18,32.75,0.0,33.75,55.5,32.5,33.0,32.5,16.28194777635537,32.55,0.11180339887499027,32.291666666666664,0.4105613304460984,33.265,1.3280817069795896,38.69375,3.4335432915828847,0,0,0,0.5
2016-08-19,32.5,0.000118,33.75,55.5,32.5,33.0,32.75,13.86544387800579,32.55,0.11180339887499027,32.375,0.32856437033193203,33.195,1.2720403824955995,38.6575,3.460501278062954,0,0,0,0.5
2016-08-22,32.25,0.0001189999999999,33.75,55.5,32.0,32.75,32.5,14.67345200248413,32.5,0.1767766952966375,32.4375,0.1884445903533549,33.115,1.1997129758802678,38.625,3.490025269522772,0,0,0,0.75
2016-08-23,32.5,0.000241,33.75,55.5,32.25,33.0,32.25,14.040493217082508,32.5,0.1767766952966375,32.479166666666664,0.1287321626247864,33.045,1.1279044141028294,38.58875,3.515837954186519,0,0,0,0.75
2016-08-24,32.75,0.0,33.75,55.5,32.5,33.0,32.5,15.232722264107842,32.55,0.20916500663351983,32.520833333333336,0.128732162624805,32.99,1.0713809513253743,38.55,3.5373101099660875,0,0,0,0.5
2016-08-25,30.0,0.000588,33.75,55.5,29.5,31.0,32.75,11.813037464800539,32.0,1.1319231422671772,32.3125,0.7395099728854686,32.885,1.1021893796336337,38.4875,3.577370774505963,0,0,1,1.5
2016-08-26,27.0,0.000175,33.75,55.5,27.0,27.0,30.0,10.635879484421974,30.9,2.4405429723731555,31.854166666666668,1.6971176545338122,32.715,1.323849134387311,38.41125,3.6583779992539136,0,0,1,0.0
2016-08-29,24.5,0.000153,33.75,55.5,24.5,25.0,27.0,16.748505407431185,29.35,3.568963434948585,31.1875,2.6970627963155898,32.505,1.7257725274010975,38.32625,3.781666756176672,0,0,1,0.5
2016-08-30,25.5,0.0,33.75,55.5,22.5,26.75,24.5,16.336291060385314,27.95,3.3930075154647095,30.604166666666668,3.1123988361308057,32.31,1.9460582871920222,38.2475,3.883105884022554,0,0,1,4.25
2016-08-31,27.75,2.5e-05,33.75,55.5,26.5,28.0,25.5,17.012414805864616,26.95,2.1242645786248002,30.208333333333332,3.1511782308243177,32.165,2.0105652063500745,38.17875,3.9464360790628,0,0,1,1.5
2016-09-01,26.5,0.0,33.75,55.5,26.25,27.0,27.75,16.23876349931613,26.25,1.2747548783981961,29.708333333333332,3.2295393235600987,32.0,2.1291226515426707,38.10625,4.026719606758731,0,0,0,0.75
2016-09-02,26.5,2.5e-05,33.75,55.5,26.25,27.0,26.5,16.783599295482894,26.15,1.2196310917650468,29.208333333333332,3.222494328461482,31.835,2.2289892007699073,38.0375,4.106523643199769,0,0,0,0.75
2016-09-05,26.25,0.0007769999999999,33.75,55.5,26.25,26.5,26.5,13.482414017264977,26.5,0.8100925873009829,28.666666666666668,3.117642854737154,31.67,2.3307176787344366,37.97,4.188369275258276,0,0,0,0.25
2016-09-06,26.25,0.000217,33.75,55.5,26.0,26.5,26.25,14.905754933096265,26.65,0.627495019900557,28.145833333333332,2.935786895700418,31.515,2.428261534851374,37.8975,4.264804984731053,0,0,0,0.5
2016-09-07,26.75,0.000106,33.75,55.5,26.0,27.0,26.25,14.061042410444784,26.45,0.20916500663351878,27.6875,2.6524538381719123,31.375,2.4975753548326343,37.8275,4.332113199567531,0,0,0,1.0
2016-09-08,27.0,0.0,33.75,55.5,26.75,27.75,26.75,15.926547782346148,26.55,0.3259601202601322,27.229166666666668,2.1780368906348193,31.24,2.5484889480579502,37.755,4.391271607593428,0,0,0,1.0
2016-09-09,28.25,0.0,33.75,55.5,27.5,29.0,27.0,13.017227281007061,26.9,0.8215838362577494,26.854166666666668,1.3835820331374262,31.13,2.556624049526728,37.6875,4.433111904269592,0,0,0,1.5
2016-09-13,27.5,2.6e-05,33.75,55.5,27.0,29.0,28.25,12.996802422000108,27.15,0.7623975340988459,26.645833333333332,1.0026007846245488,31.005,2.5786060543789353,37.61625,4.481738315558328,0,0,0,2.0
2016-09-14,27.5,2.6e-05,33.75,55.5,27.0,28.0,27.5,15.251737525655786,27.4,0.5755432216610681,26.6875,1.0287072646579634,30.885,2.599651664265131,37.54625,4.529847794651762,0,0,0,1.0
2016-09-15,26.5,0.0,33.75,55.5,26.25,27.5,27.5,15.10944316340241,27.35,0.6519202405202664,26.854166666666668,0.7720864098265671,30.74,2.6384906012846674,37.4725,4.588930722497046,0,0,0,1.25
2016-09-16,26.25,0.0,33.75,55.5,26.25,27.0,26.5,14.322027512733127,27.2,0.8177713616898074,26.916666666666668,0.6770032003837168,30.595,2.68256369154397,37.405,4.654087197097709,0,0,0,0.75
2016-09-19,26.5,5.3e-05,33.75,55.5,26.25,27.5,26.25,13.253919570606183,26.85,0.6020797289396161,26.8125,0.6317813919934453,30.46,2.715864202671649,37.335,4.712223493347289,0,0,0,1.25
2016-09-20,26.0,7.900000000000001e-05,33.75,55.5,25.75,26.75,26.5,15.393932613167578,26.55,0.5700877125495708,26.770833333333332,0.669619407956187,30.32,2.7622824043966006,37.2625,4.774418194447909,0,0,0,1.0
2016-09-21,25.75,7.8e-05,33.75,55.5,25.5,26.25,26.0,13.839911420682718,26.2,0.32596012026013577,26.708333333333332,0.7295183134736267,30.195,2.825399556357944,37.19,4.838486826877508,0,0,0,0.75
2016-09-22,25.75,5.2e-05,33.75,55.5,25.75,26.0,25.75,14.331384019930885,26.05,0.32596012026013577,26.666666666666668,0.7711659806380201,30.055,2.8693000284159385,37.1175,4.900640277109305,0,0,0,0.25
2016-09-23,25.75,0.0,33.75,55.5,25.5,26.0,25.75,13.28787951079572,25.95,0.32596012026013577,26.625,0.8083372383513672,29.925,2.9147102281860247,37.04375,4.9601070297150835,0,0,0,0.5
2016-09-26,25.25,5.2e-05,33.75,55.5,25.0,25.75,25.75,14.934056511094454,25.7,0.27386127875258665,26.5,0.8982305838784324,29.785,2.9683749763139002,36.96625,5.022604525402213,0,0,0,0.75
2016-09-27,25.25,7.7e-05,33.75,55.5,25.0,25.5,25.25,13.26698479771544,25.55,0.27386127875258665,26.354166666666668,0.950229238687694,29.65,3.01864951558901,36.88875,5.083146449457361,0,0,0,0.5
2016-09-28,25.5,0.000153,33.75,55.5,25.0,27.0,25.25,14.980815608226868,25.5,0.250000000000004,26.125,0.7650014854388398,29.515,3.0507652101322966,36.81375,5.139938548163031,0,0,0,2.0
2016-09-29,27.0,5e-05,33.75,55.5,26.5,27.5,25.5,15.231048380348833,25.75,0.7288689868556639,26.083333333333332,0.6935853271638316,29.41,3.0450528630521596,36.7475,5.180655334848119,0,0,0,1.0
2016-09-30,28.0,5e-05,33.75,55.5,27.5,28.5,27.0,13.513595677931685,26.2,1.2424773639789186,26.125,0.7941547822548055,29.325,3.023399391009677,36.6875,5.2121903641326846,0,0,0,1.0
2016-10-03,29.25,2.5e-05,33.75,55.5,28.5,30.5,28.0,15.014933326559559,27.0,1.6863421954040059,26.354166666666668,1.2034908190391576,29.26,2.9884812879069442,36.63375,5.233245429571257,0,0,0,2.0
2016-10-04,29.0,0.0,33.75,55.5,28.5,29.75,29.25,14.698244919959967,27.75,1.541103500742245,26.583333333333332,1.4235572175053495,29.195,2.957302445660359,36.58125,5.256961016895943,0,0,0,1.25
2016-10-05,28.75,0.0,33.75,55.5,28.25,29.5,29.0,11.599112335481124,28.4,0.911729126440525,26.770833333333332,1.553801545378524,29.115,2.912941741924039,36.52625,5.281129146575745,0,0,0,1.25
2016-10-06,28.25,2.5e-05,33.75,55.5,27.5,29.5,28.75,13.74905125998204,28.65,0.5184110338331962,26.958333333333332,1.58771324027036,29.03,2.8738973040615865,36.46875,5.3083877817757745,0,0,0,2.0
2016-10-07,27.75,2.5e-05,33.75,55.5,27.5,28.25,28.25,12.879274738646975,28.6,0.602079728939618,27.125,1.5539539012690247,28.94,2.8412773787266716,36.40875,5.338843713622851,0,0,0,0.75
2016-10-10,27.75,0.000125,33.75,55.5,27.5,28.5,27.75,13.226184508817976,28.3,0.5700877125495728,27.291666666666668,1.4993685539594919,28.855,2.811279213513541,36.34875,5.36845297775529,0,0,0,1.0
2016-10-11,27.0,0.000123,33.75,55.5,26.0,29.0,27.75,14.194358552818056,27.9,0.651920240520268,27.395833333333332,1.4240560403499356,28.755,2.785938635655757,36.28375,5.40261414832451,0,0,0,3.0
2016-10-12,27.0,5e-05,33.75,55.5,27.0,28.0,27.0,15.68612757129843,27.55,0.5419870847169735,27.541666666666668,1.265060784261112,28.66,2.762614851247521,36.21875,5.435779560897511,0,0,0,1.0
2016-10-13,27.0,0.0,33.75,55.5,27.0,28.0,27.0,12.169413847867123,27.3,0.41079191812887955,27.6875,1.0613295692394646,28.57,2.741424477032362,36.15375,5.467967334517878,0,0,0,1.0
2016-10-14,27.0,2.5e-05,33.75,55.5,26.75,27.75,27.0,15.96556211285226,27.15,0.33541019662497457,27.8125,0.8469530951895364,28.48,2.7170286892055557,36.09,5.500059387527504,0,0,0,1.0
2016-10-17,27.0,5e-05,33.75,55.5,27.0,27.5,27.0,11.985432208809083,27.0,0.0,27.8125,0.8469530951895364,28.38,2.6765420884094664,36.025,5.530352519955001,0,0,0,0.5
2016-10-18,27.25,5e-05,33.75,55.5,27.0,27.5,27.0,11.857939686169175,27.05,0.11180339887498929,27.75,0.8594395636884222,28.28,2.6218469887962543,35.9425,5.537600459063371,0,0,0,0.5
2016-10-19,27.25,2.5e-05,33.75,55.5,27.25,29.0,27.25,13.8403017022856,27.1,0.13693063937629107,27.583333333333332,0.725613637903609,28.175,2.5536338653719133,35.86375,5.548710605574944,0,0,0,1.75
2016-10-21,27.25,0.0,33.75,55.5,27.25,27.5,27.25,15.025962626450468,27.15,0.13693063937629107,27.4375,0.5752963663082241,28.07,2.4790139580261767,35.7825,5.555301578504848,0,0,0,0.25
2016-10-24,27.25,0.000152,33.75,55.5,27.25,27.5,27.25,12.613871694544752,27.2,0.11180339887498929,27.3125,0.40063869462756924,27.965,2.3973890985409363,35.705,5.565719736108015,0,0,0,0.25
2016-10-25,27.25,0.0,33.75,55.5,27.0,27.5,27.25,13.0198898016336,27.25,0.0,27.229166666666668,0.27090616735626033,27.86,2.3080161991453254,35.6325,5.580999599772523,0,0,0,0.5
2016-10-26,27.0,2.5e-05,33.75,55.5,27.0,27.5,27.25,13.911911960350432,27.2,0.11180339887498929,27.166666666666668,0.22190634114175584,27.75,2.21140365434627,35.56,5.598548358154166,0,0,0,0.5
2016-10-27,27.25,0.0,33.75,55.5,27.25,27.5,27.0,14.702208099005604,27.2,0.11180339887498929,27.125,0.13055824195333396,27.645,2.1032591327743995,35.48875,5.613230148586709,0,0,0,0.25
2016-10-28,27.0,2.5e-05,33.75,55.5,27.0,27.5,27.25,12.349311146362329,27.15,0.13693063937629107,27.125,0.13055824195333396,27.535,1.9846412825534174,35.4175,5.63014756092473,0,0,0,0.5
2016-10-31,27.25,5e-05,33.75,55.5,27.0,27.5,27.0,15.565145274729105,27.15,0.13693063937629107,27.145833333333332,0.12873216262249126,27.425,1.8365965084092408,35.34875,5.6455666724219595,0,0,0,0.5
2016-11-01,27.5,0.000227,33.75,55.5,27.25,28.0,27.25,13.827440116971353,27.2,0.20916500663351864,27.1875,0.15539539011575362,27.325,1.6844501918984585,35.2875,5.6639979798350595,0,0,0,0.75
2016-11-02,27.75,0.000247,33.75,55.5,27.5,28.0,27.5,13.312324015312234,27.35,0.28504385627478407,27.25,0.21320071634742357,27.235,1.5289802524074934,35.2275,5.68002483804444,1,0,0,0.5
2016-11-04,28.75,0.000241,33.75,55.5,28.25,29.0,27.75,12.758235011311193,27.65,0.6754628043053149,27.395833333333332,0.47023124549412393,27.16,1.3465375098055474,35.17375,5.690245416676489,1,0,0,0.75
2016-11-07,28.75,0.000118,33.75,55.5,28.25,29.5,28.75,14.356322659495884,28.0,0.7071067811865478,27.520833333333332,0.6073258573173436,27.08,1.1047670361161466,35.125,5.703355707971933,1,0,0,1.25
2016-11-08,29.0,0.0001189999999999,33.75,55.5,28.75,29.5,28.75,13.537516075581697,28.35,0.6754628043053149,27.666666666666668,0.7334022006207498,27.06,1.058927065769627,35.0825,5.7172219551474335,1,0,0,0.75
2016-11-09,28.5,0.000241,33.75,55.5,28.5,29.5,29.0,13.901230351218617,28.55,0.4808846015417834,27.770833333333332,0.7572252977230338,27.09,1.0782639107527014,35.0375,5.733494444290611,1,0,0,1.0
2016-11-10,28.75,0.000247,33.75,55.5,28.5,30.0,28.5,15.131704559558667,28.75,0.17677669529663578,27.895833333333332,0.7866668271678301,27.175,1.0366375195534716,34.98875,5.7453442752985895,1,0,0,1.5
2016-11-11,29.75,0.0,33.75,55.5,29.0,30.25,28.75,14.9044431491547,28.95,0.4808846015417834,28.104166666666668,0.919846413396855,27.26,1.0701897600220989,34.945,5.751783642955863,1,0,0,1.25
2016-11-14,30.5,0.000241,33.75,55.5,30.0,31.0,29.75,14.376154959552382,29.3,0.817771361689806,28.395833333333332,1.0790269887361104,27.315,1.1625644594843523,34.90625,5.755510659555678,1,0,0,1.0
2016-11-15,30.75,0.0,33.75,55.5,30.25,31.25,30.5,13.867914185703542,29.65,1.0093314619093174,28.6875,1.2066341239529181,27.4,1.2535663410588669,34.87,5.758757805055198,1,0,0,1.0
2016-11-16,30.5,0.000123,33.75,55.5,30.5,31.0,30.75,13.237121397867831,30.05,0.8177713616898065,28.979166666666668,1.1844558269759844,27.48,1.320791352154265,34.8325,5.7626913685397865,1,0,0,0.5
2016-11-17,30.75,0.0,33.75,55.5,30.75,31.0,30.5,14.179042637916158,30.45,0.41079191812887456,29.270833333333332,1.1503869572939134,27.57,1.3869287755968336,34.795,5.764742952337978,1,0,0,0.25
2016-11-18,30.75,0.0002439999999999,33.75,55.5,30.75,31.0,30.75,14.503344146364444,30.65,0.1369306393762921,29.541666666666668,1.0757309002226356,27.66,1.4443415278204366,34.75875,5.7672821723734495,1,0,0,0.25
2016-11-21,30.5,2.5e-05,33.75,55.5,30.5,31.0,30.75,13.686313757407284,30.65,0.1369306393762921,29.770833333333332,0.9442308879155732,27.735,1.4926777062383363,34.71875,5.768946146019749,1,0,0,0.5
2016-11-22,30.5,0.0,33.75,55.5,30.5,30.75,30.5,14.640168779111324,30.6,0.1369306393762921,29.916666666666668,0.9066254446939921,27.805,1.5388589066905791,34.67625,5.768557420278747,1,0,0,0.25
2016-11-23,30.5,2.5e-05,33.75,55.5,30.25,30.75,30.5,11.464795582766675,30.6,0.1369306393762921,30.0625,0.8402177747987783,27.85,1.5843623580607085,34.62875,5.763610584725475,1,0,0,0.5
2016-11-24,30.5,2.5e-05,33.75,55.5,30.5,31.0,30.5,12.539329002463175,30.55,0.11180339887499052,30.1875,0.776976950633093,27.91,1.627066974276883,34.58,5.757055972225249,1,0,0,0.5
2016-11-25,30.5,2.5e-05,33.75,55.5,30.25,30.75,30.5,14.392910691335985,30.5,0.0,30.354166666666668,0.568674029222446,27.97,1.666476179592695,34.5325,5.751300377318896,1,0,0,0.5
2016-11-28,30.5,2.5e-05,33.75,55.5,30.25,30.75,30.5,15.282439989737641,30.5,0.0,30.5,0.26111648392772296,28.05,1.6903085094591004,34.48625,5.746322698935313,1,0,0,0.5
2016-11-29,30.25,2.5e-05,33.75,55.5,30.25,30.75,30.5,11.416425577744599,30.45,0.11180339887498929,30.541666666666668,0.14433756728688887,28.13,1.6980180523567525,34.44,5.7429900464274315,1,0,0,0.5
2016-11-30,30.0,5.1000000000000006e-05,33.75,55.5,30.0,30.5,30.25,14.967474338145003,30.35,0.22360679774997919,30.5,0.21320071634847856,28.2,1.7015898927979853,34.3925,5.740215073973719,1,0,0,0.5
2016-12-01,29.75,2.5e-05,33.75,55.5,29.5,30.5,30.0,11.629828113199304,30.2,0.32596012026013255,30.416666666666668,0.2886751345895291,28.275,1.6852072482026332,34.3425,5.736865597555848,1,0,0,1.0
2016-12-02,29.75,0.0,33.75,55.5,29.75,30.0,29.75,13.16504156812601,30.05,0.32596012026013255,30.354166666666668,0.34473859222117753,28.355,1.6576123103535065,34.2925,5.733075923772195,1,0,0,0.25
2016-12-05,29.0,2.5e-05,33.75,55.5,28.75,29.5,29.75,10.839600519357369,29.75,0.46770717334674283,30.208333333333332,0.49810245994472446,28.42,1.6165912739297088,34.23875,5.73204524151297,1,0,0,0.75
2016-12-06,28.0,5e-05,33.75,55.5,27.5,29.5,29.0,14.268495817768121,29.3,0.8177713616898066,29.979166666666668,0.7794107136824322,28.465,1.5714366882929187,34.18125,5.736680963753972,1,0,0,2.0
2016-12-07,28.5,5.1000000000000006e-05,33.75,55.5,28.0,30.0,28.0,12.378768860323028,29.0,0.7705517503711224,29.8125,0.8668451156592691,28.53,1.501393910163574,34.12625,5.738162246515376,1,0,0,2.0
2016-12-08,28.25,0.000178,33.75,55.5,28.0,29.0,28.5,14.883354656709614,28.7,0.6937218462755808,29.625,0.9444815797792505,28.59,1.4256756364668044,34.07,5.7403600643460875,1,0,0,1.0
2016-12-09,28.25,0.000181,33.75,55.5,28.0,29.0,28.25,12.40410759774362,28.4,0.3791437722025777,29.4375,0.9777350914678985,28.645,1.355346555579472,34.0125,5.740775318393772,0,0,0,1.0
2016-12-13,28.0,5.3e-05,33.75,55.5,27.5,28.5,28.25,14.671754426087656,28.2,0.2091650066335185,29.229166666666668,0.9969175978818421,28.665,1.3378420790879155,33.955,5.743127857530024,0,0,0,1.0
2016-12-14,28.0,0.0,33.75,55.5,28.0,28.5,28.0,12.656195581932694,28.2,0.2091650066335185,29.020833333333332,0.9680012991459749,28.665,1.3378420790879155,33.89625,5.7436483107066305,0,0,0,0.5
2016-12-15,28.0,7.900000000000001e-05,33.75,55.5,28.0,28.5,28.0,13.541732705605012,28.1,0.13693063937629088,28.8125,0.8862907895454621,28.64,1.3383663511172015,33.83625,5.742243922354466,0,0,0,0.5
2016-12-16,28.25,0.0,33.75,55.5,28.25,29.0,28.0,11.241129864948206,28.1,0.13693063937629088,28.645833333333332,0.7720864098267488,28.625,1.3384521215342406,33.77875,5.740306308908804,0,0,0,0.75
2016-12-19,28.25,0.000133,33.75,55.5,28.0,28.75,28.25,12.512457475937662,28.1,0.13693063937629088,28.5,0.6484246644377905,28.615,1.3393666642228144,33.7225,5.739081287113663,0,0,0,0.75
2016-12-20,28.5,0.0,33.75,55.5,28.25,28.75,28.25,15.11923846694495,28.2,0.2091650066335185,28.395833333333332,0.5163060814029526,28.62,1.3384425917593288,33.66125,5.729063780102305,0,0,0,0.5
2016-12-21,28.5,0.0,33.75,55.5,28.25,29.0,28.5,15.676734054334688,28.3,0.2091650066335185,28.291666666666668,0.29835407071437964,28.635,1.3326837278117423,33.6,5.718369413015943,0,0,0,0.75
2016-12-22,28.25,0.000237,33.75,55.5,28.25,28.5,28.5,12.57694975951839,28.35,0.13693063937629088,28.229166666666668,0.1982403652663198,28.645,1.3277743384643355,33.5325,5.701334918178719,0,0,0,0.25
2016-12-23,28.25,2.6e-05,33.75,55.5,28.25,28.75,28.25,15.548103893348376,28.35,0.13693063937629088,28.25,0.18463723646001973,28.67,1.3077867266706091,33.4675,5.686994220704762,0,0,0,0.5
2016-12-28,28.25,0.000128,33.75,55.5,28.25,28.75,28.25,13.826154707475542,28.35,0.13693063937629088,28.229166666666668,0.16713948084545327,28.695,1.2869934113363473,33.40375,5.673578757458394,0,0,0,0.5
2016-12-29,28.5,0.000104,33.75,55.5,28.5,29.0,28.25,11.992885613168797,28.35,0.13693063937629088,28.25,0.18463723646001973,28.725,1.2639527406588746,33.34125,5.658307445982769,0,0,0,0.5
2016-12-30,28.75,2.6e-05,33.75,55.5,28.5,29.25,28.5,11.049317340813348,28.4,0.22360679774997907,28.291666666666668,0.2343592166332095,28.76,1.2391982266388166,33.2825,5.644588171703797,0,0,0,0.75
2017-01-03,29.0,5.2e-05,33.75,55.5,28.75,29.25,28.75,14.273442238566634,28.55,0.32596012026013244,28.375,0.29193710405491835,28.8,1.2132348393930272,33.225,5.629248814100597,0,0,0,0.5
2017-01-04,29.25,2.6e-05,33.75,55.5,29.0,29.5,29.0,15.113602196360299,28.75,0.39528470752104733,28.479166666666668,0.36084391823896106,28.84,1.1939045871727432,33.16625,5.608975079702291,0,0,0,0.5
2017-01-05,28.75,7.900000000000001e-05,33.75,55.5,28.5,29.25,29.25,15.018513191827001,28.85,0.28504385627478446,28.541666666666668,0.3342789617058557,28.87,1.1717769516834686,33.105,5.589853064833624,0,0,0,0.75
2017-01-06,27.75,0.000106,33.75,55.5,27.25,28.75,28.75,14.972517847435274,28.7,0.5700877125495687,28.5,0.3988620176046151,28.88,1.1597413504772536,33.03875,5.574309424971342,0,0,0,1.5
2017-01-09,27.25,5.4000000000000005e-05,33.75,55.5,27.0,28.0,27.75,15.121895806653054,28.4,0.8587782018658829,28.416666666666668,0.5365433699855882,28.88,1.1597413504772536,32.96875,5.558558608715965,0,0,0,1.0
2017-01-10,27.25,0.000162,33.75,55.5,27.25,28.0,27.25,11.291043617373028,28.05,0.908295106229247,28.3125,0.6317813919936361,28.88,1.1597413504772536,32.89875,5.5418744844596795,0,0,0,0.75
2017-01-11,27.0,0.00011,33.75,55.5,26.75,27.5,27.25,14.905553232151519,27.6,0.6982120021884468,28.1875,0.7317864194100868,28.88,1.1597413504772536,32.8275,5.525545403853628,0,0,0,0.75
2017-01-12,26.5,2.8000000000000003e-05,33.75,55.5,26.5,27.25,27.0,12.777902113316417,27.15,0.45414755311462357,28.041666666666668,0.8779711460691547,28.865,1.1858110975996472,32.755,5.512888051952854,0,0,0,0.75
2017-01-13,26.5,0.0,33.75,55.5,26.5,26.75,26.5,14.800730532634452,26.9,0.3791437722025767,27.895833333333332,0.9796702444575011,28.855,1.2038310444909943,32.68125,5.497311900205263,0,0,0,0.25
2017-01-16,26.75,0.0,33.75,55.5,26.5,28.25,26.5,11.763691965388299,26.8,0.32596012026013127,27.770833333333332,1.0250184772893092,28.845,1.2194114505453428,32.605,5.473116114244032,0,0,0,1.75
2017-01-17,27.25,0.0,33.75,55.5,26.75,28.0,26.75,14.264801783692917,26.8,0.32596012026013127,27.666666666666668,1.0075472768799072,28.84,1.225536117589774,32.53125,5.445189286824144,0,0,0,1.25
2017-01-18,26.75,5.6000000000000006e-05,33.75,55.5,26.5,27.25,27.25,13.909457081138658,26.75,0.30618621784789607,27.5,0.9770084209166433,28.82,1.2515704420588512,32.4575,5.422947588974239,0,0,0,0.75
2017-01-19,26.5,5.500000000000001e-05,33.75,55.5,26.0,27.0,26.75,14.929471451835433,26.75,0.30618621784789607,27.291666666666668,0.8908201872752742,28.775,1.2938729237695519,32.3825,5.400941547358908,0,0,0,1.0
2017-01-20,26.5,0.0,33.75,55.5,26.25,27.0,26.5,13.670370328496965,26.75,0.30618621784789607,27.0625,0.6667850273692328,28.73,1.3332865638081428,32.30625,5.375617149330726,0,0,0,0.75
2017-01-23,26.5,2.8000000000000003e-05,33.75,55.5,26.0,26.75,26.5,10.611547975828369,26.7,0.32596012026013127,26.875,0.4196860298280766,28.68,1.369343653296415,32.23,5.349080604793743,0,0,0,0.75
2017-01-24,26.25,0.0,33.75,55.5,26.25,27.0,26.5,12.379609899729042,26.5,0.17677669529663437,26.75,0.3535533905882846,28.635,1.411694957513159,32.1525,5.3226777322325,0,0,0,0.75
2017-01-25,25.75,0.0,33.75,55.5,25.0,26.75,26.25,15.021331952593808,26.3,0.32596012026013127,26.625,0.4196860298280352,28.575,1.4692858879112094,32.07,5.293173758928449,0,0,0,1.75
2017-01-26,25.0,2.7e-05,33.75,55.5,24.5,26.0,25.75,12.552498749066196,26.0,0.6373774391990975,26.4375,0.5850893482631301,28.48,1.543452266176726,31.9825,5.264457838339667,0,0,0,1.5
2017-01-27,24.0,5.500000000000001e-05,33.75,55.5,23.75,25.0,25.0,14.816216332600751,25.5,1.0155048005794947,26.1875,0.8862907895452583,28.35,1.6405262968386578,31.8925,5.24617053443553,0,0,0,1.25
2017-01-30,23.25,0.0,33.75,55.5,23.0,24.0,24.0,15.299838886010082,24.85,1.2323757543866238,25.916666666666668,1.2169883343964156,28.2,1.7554579610654797,31.79875,5.232154253091012,0,0,0,1.0
2017-01-31,23.0,8.199999999999999e-05,33.75,55.5,23.0,23.75,23.25,14.482211601908837,24.2,1.1645814698852117,25.625,1.4596855203015937,28.05,1.8715103580838504,31.70125,5.213392199771744,0,0,0,0.75
2017-02-01,23.25,2.7e-05,33.75,55.5,23.0,24.0,23.0,15.085917242349712,23.7,0.8177713616898062,25.333333333333332,1.560642835693784,27.9,1.9496205805669662,31.605,5.190670990019576,0,0,0,1.0
2017-02-02,24.25,0.0,33.75,55.5,23.75,25.0,23.25,12.770820953805716,23.55,0.5419870847169695,25.083333333333332,1.4629256697275344,27.77,1.972282423789937,31.5125,5.155786011558525,0,0,0,1.25
2017-02-03,24.25,5.4000000000000005e-05,33.75,55.5,24.25,25.0,24.25,15.173251368907414,23.6,0.6020797289396143,24.875,1.3796409282510074,27.645,1.9936698291748716,31.42,5.1189837834156116,0,0,0,0.75
2017-02-06,24.5,0.000134,33.75,55.5,24.5,25.0,24.25,15.522674094303776,23.85,0.675462804305314,24.708333333333332,1.282900359860235,27.525,1.9988836169954465,31.32875,5.078502918871127,0,0,0,0.5
2017-02-07,25.25,0.000132,33.75,55.5,24.75,26.75,24.5,12.817470037182167,24.3,0.7158910531638165,24.604166666666668,1.1699763659860272,27.42,1.9771913701745767,31.2425,5.034111654577338,0,0,0,2.0
2017-02-08,25.75,0.000134,33.75,55.5,25.25,26.75,25.25,15.703670672828675,24.8,0.6708203932499353,24.541666666666668,1.0757309002223254,27.325,1.9399466119329114,31.1575,4.982085368910613,0,0,0,1.5
2017-02-09,25.75,2.7e-05,33.75,55.5,25.25,26.0,25.75,14.954689128460934,25.1,0.6982120021884453,24.5,1.0112997936929644,27.23,1.8971245696211423,31.0725,4.928036777704655,0,0,0,0.75
2017-02-10,25.5,0.0,33.75,55.5,25.25,26.0,25.75,12.995440954491118,25.35,0.5184110338331901,24.479166666666668,0.9854529031052582,27.13,1.8524941818760767,30.9875,4.876280272552022,0,0,0,0.75
2017-02-13,25.5,5.4000000000000005e-05,33.75,55.5,25.25,25.75,25.5,12.772241202815223,25.55,0.2091650066335108,24.520833333333332,1.019460270152989,27.035,1.8105487385599595,30.9025,4.822463011520673,0,0,0,0.5
2017-02-14,25.5,2.7e-05,33.75,55.5,25.0,25.75,25.5,12.213549623135716,25.6,0.1369306393762791,24.645833333333332,1.0415151404924305,26.945,1.7715797746549222,30.82,4.77253711905538,0,0,0,0.75
2017-02-15,25.0,5.500000000000001e-05,33.75,55.5,24.75,25.5,25.5,14.425439703162803,25.45,0.2738612787525768,24.791666666666668,0.9464847242980375,26.85,1.7452559604121565,30.73625,4.726515437231699,0,0,0,0.75
2017-02-16,24.75,0.0,33.75,55.5,24.5,25.0,25.0,12.465744828056149,25.25,0.3535533905932688,24.9375,0.7622111971672471,26.75,1.7187442022186727,30.6525,4.683030281032028,0,0,0,0.5
2017-02-17,24.5,8.199999999999999e-05,33.75,55.5,24.5,25.0,24.75,13.193196421401492,25.05,0.44721359549995415,25.041666666666668,0.5724085212046974,26.66,1.7163380571839195,30.5675,4.639227403837863,0,0,0,0.5
2017-02-20,24.0,2.8000000000000003e-05,33.75,55.5,24.0,24.5,24.5,14.35737020597616,24.75,0.5590169943749445,25.020833333333332,0.6073258573170812,26.58,1.7455775022421107,30.48,4.596833627289822,0,0,0,0.5
2017-02-21,24.25,0.0,33.75,55.5,24.0,24.75,24.0,12.325192564936895,24.5,0.3952847075210433,25.020833333333332,0.6073258573170812,26.495,1.7536332546584612,30.405,4.575343576631014,0,0,0,0.75
2017-02-22,25.0,0.0,33.75,55.5,24.5,25.5,24.25,13.13013509918746,24.5,0.3952847075210433,25.0625,0.5850893482629654,26.43,1.7474763144017322,30.33625,4.552568267102728,0,0,0,1.0
2017-02-23,25.75,0.0,33.75,55.5,25.25,26.75,25.0,13.64377398207568,24.7,0.6937218462755782,25.104166666666668,0.6166103577864833,26.38,1.7300171050254924,30.26625,4.51456864915545,0,0,0,1.5
2017-02-24,25.75,2.8000000000000003e-05,33.75,55.5,25.0,26.5,25.75,15.72497913419013,24.95,0.8177713616898046,25.104166666666668,0.6166103577864833,26.335,1.7162265798771192,30.1975,4.47779207414704,0,0,0,1.5
2017-02-27,25.75,0.000111,33.75,55.5,25.5,26.0,25.75,11.480412603789821,25.3,0.6708203932499349,25.104166666666668,0.6166103577864833,26.29,1.7011100817440994,30.12625,4.43419200431751,0,0,0,0.5
2017-02-28,25.25,5.6000000000000006e-05,33.75,55.5,24.75,26.0,25.75,12.686648318266313,25.5,0.3535533905932696,25.083333333333332,0.6061552956301557,26.235,1.6891082661277887,30.05,4.3857638585670715,0,0,0,1.25
2017-03-01,25.0,0.000394,33.75,55.5,25.0,25.75,25.25,12.232719445013917,25.5,0.3535533905932696,25.041666666666668,0.5919280259246231,26.17,1.6724355940764626,29.96625,4.320664200463092,0,0,0,0.75
2017-03-02,25.0,2.9e-05,33.75,55.5,25.0,25.5,25.0,14.197980628452664,25.35,0.37914377220257384,25.0,0.5740604972837642,26.105,1.652988944000221,29.8825,4.252911358719245,0,0,0,0.5
2017-03-03,25.5,5.9e-05,33.75,55.5,25.25,26.0,25.0,14.497243341448943,25.3,0.3259601202601284,25.041666666666668,0.5919280259246229,26.045,1.618365577632115,29.8025,4.183194272515392,0,0,0,0.75
2017-03-06,25.75,5.9e-05,33.75,55.5,25.5,26.5,25.5,14.996992631278392,25.3,0.3259601202601284,25.125,0.6169941800196025,25.99,1.5794922976623673,29.72625,4.116518805114566,0,0,0,1.0
2017-03-07,26.0,0.0001189999999999,33.75,55.5,26.0,27.0,25.75,15.037254810491032,25.45,0.4472135954999551,25.25,0.6306562238839253,25.945,1.5454756219256875,29.65,4.042565606569003,0,0,0,1.0
2017-03-08,27.0,0.000241,33.75,55.5,26.5,27.5,26.0,14.07902877176068,25.85,0.7416198487095643,25.5,0.6825753371646097,25.92,1.517281403415421,29.58,3.9655203641882224,0,0,0,1.0
2017-03-09,28.5,0.000123,33.75,55.5,27.75,29.75,27.0,14.799422928281587,26.55,1.2298373876248827,25.854166666666668,1.0026007846245015,25.925,1.525505938157682,29.51875,3.8859314525305724,1,0,0,2.0
2017-03-10,29.5,0.0005629999999999,33.75,55.5,29.0,30.5,28.5,13.725586944527592,27.35,1.6163229875244598,26.229166666666668,1.4120356571156678,25.945,1.5659726715912614,29.4625,3.8030791214511455,1,0,1,1.5
2017-03-13,29.75,0.000266,33.75,55.5,29.75,30.0,29.5,15.185447106594463,28.15,1.6163229875244598,26.5625,1.7258890989326632,25.965,1.6083408233608436,29.40875,3.7213881261465658,1,0,1,0.25
2017-03-14,29.75,0.000519,33.75,55.5,29.5,30.5,29.75,13.13745098487559,28.9,1.1805718953117579,26.895833333333332,1.9290198091877853,25.98,1.6404018920235186,29.36125,3.6551829983263207,1,0,0,1.0
2017-03-15,29.5,0.0002189999999999,33.75,55.5,29.25,29.75,29.75,14.47168302123285,29.4,0.5184110338331903,27.208333333333332,2.0277431849814995,25.985,1.6509196571284483,29.31,3.5798711411072026,1,0,0,0.5
2017-03-16,29.25,0.000168,33.75,55.5,29.25,30.0,29.5,13.794083632209306,29.55,0.2091650066335132,27.541666666666668,2.005201569251795,25.995,1.669420344227805,29.25875,3.5058617013284668,1,0,0,0.75
2017-03-17,30.0,0.000199,33.75,55.5,29.5,31.0,29.25,14.99573386232928,29.65,0.28504385627478057,27.958333333333332,1.947706498951313,26.04,1.7462496256576348,29.21375,3.4372879103138083,1,0,0,1.5
2017-03-20,31.5,2.8000000000000003e-05,33.75,55.5,30.5,32.0,30.0,13.495719808434837,30.0,0.8838834764831831,28.5,1.9540168418359274,26.125,1.9027705364265777,29.1775,3.3738565902324287,1,0,0,1.5
2017-03-21,31.75,8.4e-05,33.75,55.5,31.5,32.5,31.5,14.782722895158155,30.4,1.153798075921432,29.020833333333332,1.914235942202771,26.215,2.0572234607242583,29.145,3.3168482648529167,1,0,0,1.0
2017-03-22,31.75,0.0,33.75,55.5,31.75,32.5,31.75,14.547830854390922,30.85,1.153798075921432,29.520833333333332,1.7595787632951143,26.31,2.1990025568209997,29.1175,3.2718064332537944,1,1,0,0.75
2017-03-23,31.25,0.000138,33.75,55.5,31.0,32.0,31.75,13.021439671201302,31.25,0.728868986855661,29.958333333333332,1.425551461608368,26.405,2.307314235122549,29.08625,3.2207904141619177,1,1,0,1.0
2017-03-24,31.5,5.4000000000000005e-05,33.75,55.5,31.0,32.0,31.25,14.731521650743062,31.55,0.20916500663351362,30.333333333333332,1.1398431577367332,26.505,2.417247760305338,29.05875,3.17605060170971,1,1,0,1.0
2017-03-27,32.25,0.000136,33.75,55.5,31.75,33.0,31.5,12.523074413969974,31.7,0.37080992435478033,30.645833333333332,1.105041820131383,26.615,2.5501150434247375,29.0375,3.1400266858638624,1,1,0,1.25
2017-03-28,32.75,5.3e-05,33.75,55.5,32.0,33.0,32.25,13.653698437441703,31.9,0.6020797289396134,30.916666666666668,1.1934162828784047,26.725,2.692700829113641,29.02125,3.1120992507033978,1,1,0,1.0
2017-03-29,33.0,0.000296,33.75,55.5,32.0,34.0,32.75,13.26212705890841,32.15,0.7623975340988445,31.1875,1.2708488573306942,26.85,2.83518346957118,29.005,3.082508604445396,1,1,0,2.0
2017-03-30,34.25,5.500000000000001e-05,33.75,55.5,33.5,35.25,33.0,13.105219253155285,32.75,1.0155048005794947,31.5625,1.458225104207992,27.005,3.021390577269903,28.99625,3.064986812090543,1,1,0,1.75
2017-03-31,34.75,2.8000000000000003e-05,33.75,55.5,33.0,35.25,34.25,15.424048265335353,33.4,1.0547511554864493,32.0,1.5666989036003236,27.17,3.2124756808429162,28.9925,3.057439029168516,1,1,0,2.25
2017-04-03,34.0,0.00025,33.75,55.5,33.5,34.5,34.75,11.96209480994468,33.75,0.8477912478906587,32.395833333333336,1.3999120643368403,27.32,3.3525957047026713,28.98625,3.0458388184599805,1,1,0,1.0
2017-04-04,34.0,8.100000000000002e-05,33.75,55.5,33.75,35.0,34.0,14.626441218624949,34.0,0.6373774391990984,32.729166666666664,1.2452561498683574,27.475,3.4788904224530652,28.97875,3.0315320997569506,1,1,0,1.25
2017-04-05,33.75,0.0,33.75,55.5,33.5,34.5,34.0,14.375012625148022,34.15,0.3791437722025777,32.916666666666664,1.2123105912653227,27.635,3.5804208223773335,28.9725,3.02032374550075,1,1,0,1.0
2017-04-06,33.75,0.0001639999999999,33.75,55.5,33.5,34.25,33.75,16.460067096318664,34.05,0.4107919181288744,33.083333333333336,1.1742179860592346,27.81,3.661910954234376,28.965,3.0064879592713685,1,1,0,0.75
2017-04-07,33.75,2.7e-05,33.75,55.5,33.75,34.0,33.75,13.440673098153868,33.85,0.13693063937628885,33.25,1.107823418812706,28.005,3.7141105727947514,28.95875,2.9951570520306854,1,1,0,0.25
2017-04-10,33.5,0.000268,33.75,55.5,33.25,34.0,33.75,14.92046966291573,33.75,0.176776695296635,33.4375,0.9115733152566923,28.21,3.7291460969304806,28.9525,2.9842962100542603,1,1,0,0.75
2017-04-11,33.0,5.2e-05,33.75,55.5,33.0,33.75,33.5,14.594009864718283,33.55,0.32596012026013066,33.5625,0.7000405832371445,28.41,3.7121422386550456,28.94375,2.9697424617199064,1,1,0,0.75
2017-04-12,33.0,0.000104,33.75,55.5,33.0,34.0,33.0,16.39342937034861,33.4,0.37914377220257556,33.625,0.5982930264107514,28.605,3.6915823994937114,28.93625,2.957508702629316,1,1,0,1.0
2017-04-13,33.0,7.7e-05,33.75,55.5,33.0,34.0,33.0,14.723809843118344,33.25,0.3535533905932714,33.645833333333336,0.5686740292226686,28.78,3.688315803913023,28.93125,2.949739948932642,1,1,0,1.0
2017-04-18,33.0,0.00023,33.75,55.5,33.0,34.5,33.0,16.257805505020386,33.1,0.22360679774997536,33.645833333333336,0.5686740292226686,28.955,3.6765563135272914,28.9275,2.944054352444642,1,1,0,1.5
2017-04-19,33.25,0.0,33.75,55.5,33.0,34.0,33.0,12.667921237668097,33.05,0.11180339887499027,33.5625,0.544862367939998,29.13,3.668411767777156,28.925,2.9401483571082823,1,1,0,1.0
2017-04-20,34.0,0.0,33.75,55.5,33.5,34.5,33.25,16.0328210557987,33.25,0.4330127018922196,33.5,0.4264014327079057,29.305,3.6881947633295606,28.92625,2.942262390981542,1,1,0,1.0
2017-04-21,34.0,2.6e-05,33.75,55.5,33.75,34.75,34.0,13.929643384149033,33.45,0.5123475382979796,33.5,0.4264014327079057,29.47,3.7103825645769817,28.9275,2.944374373658824,1,1,0,1.0
2017-04-24,34.25,0.0,33.75,55.5,34.25,34.75,34.0,14.092536808262413,33.7,0.5419870847169689,33.520833333333336,0.45798885125728117,29.64,3.731129390763454,28.93125,2.9506980585381495,1,1,0,0.5
2017-04-25,31.25,7.900000000000001e-05,33.75,55.5,30.0,32.5,34.25,15.809829982333538,33.35,1.2323757543866234,33.3125,0.7914672795148251,29.755,3.689301272267909,28.91875,2.935437771791081,1,1,0,2.5
2017-04-26,32.0,0.0,33.75,55.5,31.5,33.0,31.25,15.955294446330551,33.1,1.3761358944522883,33.166666666666664,0.8616404368536584,29.885,3.65062547059229,28.91125,2.925573591914247,1,1,0,1.5
2017-04-27,32.0,2.6e-05,33.75,55.5,32.0,33.0,32.0,14.637666858570825,32.7,1.3393095235978876,33.020833333333336,0.9011251384511544,30.015,3.6067574051491698,28.905,2.917582292268427,1,1,0,1.0
2017-04-28,31.5,0.000132,33.75,55.5,31.25,32.0,32.0,14.576643903452123,32.2,1.1911129249571606,32.854166666666664,0.9854529031057205,30.145,3.5388117745249903,28.8975,2.9089177994258586,1,1,0,0.75
2017-05-02,31.75,0.00013,33.75,55.5,31.75,32.0,31.5,14.149480380443016,31.7,0.3259601202601415,32.75,1.0335288182623974,30.285,3.4585777718721475,28.89625,2.907631344872649,1,1,0,0.25
2017-05-03,32.25,5.1000000000000006e-05,33.75,55.5,32.0,32.75,31.75,13.420838494832896,31.9,0.2850438562747925,32.6875,1.0396951039068842,30.44,3.366461231693637,28.89375,2.904514496399782,1,1,0,0.75
2017-05-05,33.0,7.7e-05,33.75,55.5,32.5,33.5,32.25,12.561300042277818,32.1,0.57554322166107,32.6875,1.0396951039068842,30.62,3.2538203605580183,28.8975,2.909349639804513,1,1,0,1.0
2017-05-08,33.25,0.0003799999999999,33.75,55.5,32.5,33.75,33.0,15.679218681601371,32.35,0.7623975340988474,32.708333333333336,1.0489894126614576,30.8,3.1412333467575877,28.9025,2.9159919056758947,1,1,0,1.25
2017-05-10,33.75,0.000123,33.75,55.5,32.5,34.0,33.25,16.231460139195818,32.8,0.7984359711335679,32.75,1.0818754759451732,30.975,3.0540413172308694,28.91125,2.9279344147681,1,1,0,1.5
2017-05-11,34.0,0.00025,33.75,55.5,32.75,35.0,33.75,12.248657884620656,33.25,0.684653196881461,32.75,1.0818754759451732,31.14,2.9881398213341734,28.92,2.9405499776150306,1,1,0,2.25
2017-05-12,35.0,0.0001219999999999,33.75,55.5,34.5,36.0,34.0,14.082480354515004,33.8,0.7786205751198755,32.833333333333336,1.2169883343967074,31.325,2.9334671622233963,28.93375,2.9625465138510747,1,1,0,1.5
2017-05-15,35.25,0.0,33.75,55.5,34.75,36.0,35.0,12.008237370904832,34.25,0.8477912478906623,32.916666666666664,1.3498035771795764,31.515,2.872019306683956,28.94875,2.986916350338102,1,1,0,1.25
2017-05-16,36.25,0.0,33.75,55.5,35.0,36.75,35.25,15.861524702780645,34.85,1.0093314619093203,33.333333333333336,1.5460114860985628,31.735,2.8027910651898758,28.9675,3.020897691799426,1,1,0,1.75
2017-05-17,36.5,0.000123,33.75,55.5,36.25,37.25,36.25,16.1845854857944,35.4,1.0093314619093203,33.708333333333336,1.7282194375251296,31.965,2.7091163180077564,28.98875,3.0588139287559257,1,1,0,1.0
2017-05-18,37.75,0.000125,33.75,55.5,36.5,38.0,36.5,14.454202080711125,36.15,1.098294131824443,34.1875,1.988961012460591,32.22,2.6393026289823203,29.01375,3.109718667088665,1,1,0,1.5
2017-05-19,37.5,0.0,33.75,55.5,37.25,38.0,37.75,13.754486919051105,36.65,1.0093314619093214,34.6875,2.0060278480794276,32.46,2.560173782367979,29.03875,3.157615972636755,1,1,0,0.75
2017-05-22,37.75,0.0,33.75,55.5,37.5,38.5,37.5,13.546847799562993,37.15,0.7202430145444028,35.1875,1.954380278432226,32.7,2.479507851102596,29.06625,3.209251456657424,1,1,0,1.0
2017-05-23,38.5,0.000123,33.75,55.5,38.0,39.0,37.75,15.36366884661498,37.6,0.7202430145444028,35.708333333333336,1.9330655509423575,32.95,2.419626383708977,29.09875,3.271421238866687,1,1,0,1.0
2017-05-24,39.5,0.0002439999999999,33.75,55.5,38.75,40.0,38.5,13.706923732249685,38.2,0.8177713616898106,36.25,2.014154458281675,33.2,2.4380068808406268,29.13625,3.346958934321976,1,1,0,1.25
2017-05-25,40.0,0.0002379999999999,33.75,55.5,39.75,40.5,39.5,15.840126389404901,38.65,1.0839741694339433,36.8125,2.0425168297955043,33.43,2.526411506870288,29.1775,3.4291638299827296,1,1,0,0.75
2017-05-26,39.0,0.0001159999999999,33.75,55.5,37.75,40.25,40.0,13.846525580954923,38.95,0.8732124598286535,37.25,1.8829377433820031,33.62,2.581448731047384,29.215,3.4950647185613284,1,1,0,2.5
2017-05-29,38.25,0.000115,33.75,55.5,37.5,40.0,39.0,14.754423858927346,39.05,0.7158910531638218,37.604166666666664,1.5935178826804166,33.79,2.6011967418481867,29.24875,3.54940874650219,1,1,0,2.5
2017-05-30,38.5,0.000233,33.75,55.5,38.0,39.0,38.25,13.386573629295825,39.05,0.7158910531638218,37.895833333333336,1.3794693204485187,33.965,2.6181324158537977,29.28125,3.604064698259971,1,1,0,1.0
2017-05-31,39.75,0.000595,33.75,55.5,37.0,40.5,38.5,14.82689362773511,39.1,0.7623975340988488,38.270833333333336,1.1940112557199967,34.17,2.662302977285411,29.31875,3.673459877945025,1,1,0,3.5
2017-06-02,40.0,0.000112,33.75,55.5,39.75,41.0,39.75,14.14625283826705,39.1,0.7623975340988488,38.583333333333336,1.1043989178259803,34.385,2.690786433862531,29.35625,3.7437080800243656,1,1,0,1.25
2017-06-05,40.75,0.000111,33.75,55.5,40.0,41.25,40.0,15.180504926295608,39.45,1.0517841983981335,38.9375,1.055962507942453,34.6,2.7618021327411735,29.3975,3.823130311260909,1,1,0,1.25
2017-06-06,40.0,0.000112,33.75,55.5,40.0,40.75,40.75,12.796636007394284,39.8,0.8177713616898084,39.125,1.0252494153300933,34.77,2.827903961652875,29.435,3.8899141585389176,1,1,0,0.75
2017-06-07,40.0,0.0001139999999999,33.75,55.5,40.0,40.25,40.0,14.164829210618077,40.1,0.37914377220258344,39.333333333333336,0.9128709291743872,34.935,2.888139892875999,29.4725,3.9552133079715572,1,1,0,0.25
2017-06-08,40.0,0.0,33.75,55.5,39.75,40.25,40.0,14.129883975915657,40.15,0.3354101966249748,39.520833333333336,0.7794107136834042,35.1,2.937703531812179,29.51,4.019100126787494,1,1,0,0.5
2017-06-09,39.75,0.000225,33.75,55.5,39.5,40.5,40.0,14.265375891083352,40.1,0.37914377220258344,39.625,0.711113083960808,35.27,2.9562455505433625,29.54625,4.07846081883243,1,1,0,1.0
2017-06-12,38.75,0.0,33.75,55.5,38.25,40.0,39.75,14.195726915532688,39.7,0.5419870847169752,39.5625,0.7547199962407872,35.415,2.9453396256135616,29.5775,4.124886933123477,1,1,0,1.75
2017-06-13,38.25,0.00033,33.75,55.5,37.0,39.0,38.75,14.787084991948399,39.35,0.8023403267940646,39.416666666666664,0.8280133215138844,35.535,2.935970617937632,29.605,4.164289439107331,1,1,0,2.0
2017-06-14,38.0,0.000213,33.75,55.5,37.75,39.0,38.25,14.944329012104662,38.95,0.8909264840602773,39.333333333333336,0.9190739740060919,35.64,2.9282055520586905,29.6325,4.201497549480303,1,1,0,1.25
2017-06-15,37.75,0.0001089999999999,33.75,55.5,37.5,38.0,38.0,14.611305026707074,38.5,0.7905694150421002,39.291666666666664,0.981842732576621,35.735,2.917841842940333,29.66,4.236569082162739,1,1,0,0.5
2017-06-16,37.0,0.000108,33.75,55.5,36.75,37.75,37.75,12.506921405463638,37.95,0.6471089552772464,39.166666666666664,1.1693691643029573,35.79,2.9151959362869655,29.6825,4.263591185725071,1,1,0,1.0
2017-06-19,36.0,0.000213,33.75,55.5,36.0,37.75,37.0,15.33587700925542,37.4,0.9117291264405286,38.854166666666664,1.4634110733813905,35.815,2.9114525794617085,29.69875,4.281497053906565,1,1,0,1.75
2017-06-20,37.0,0.0001089999999999,33.75,55.5,36.0,38.0,36.0,15.18833992151964,37.15,0.782623792124932,38.604166666666664,1.5055138556968626,35.875,2.904188565588508,29.73375,4.312471505986711,1,1,0,2.0
2017-06-21,37.5,0.0,33.75,55.5,37.25,38.0,37.0,13.825065761259879,37.05,0.6708203932499436,38.333333333333336,1.3706888336840346,35.945,2.900250692894991,29.78625,4.3428302187678,1,1,0,0.75
2017-06-22,37.5,0.00022,33.75,55.5,37.25,38.25,37.5,15.303278113891173,37.0,0.6123724356958014,38.125,1.281423214454788,36.02,2.8908017389441905,29.85125,4.360562862738829,1,1,0,1.0
2017-06-23,37.75,0.000108,33.75,55.5,37.5,38.25,37.5,14.580467106624912,37.15,0.6982120021884533,37.9375,1.1388041973922283,36.1,2.8820344288340443,29.9125,4.385101403799642,1,1,0,0.75
2017-06-27,37.75,0.000217,33.75,55.5,37.5,38.0,37.75,13.871229992525524,37.5,0.3061862178479121,37.75,0.9354143466924846,36.18,2.8709665584254025,29.9625,4.417213786787833,1,1,0,0.5
2017-06-28,37.0,0.000213,33.75,55.5,37.0,38.0,37.75,12.433212202169729,37.5,0.3061862178479121,37.520833333333336,0.7107800878833241,36.25,2.8468564833408516,30.015,4.438202134981274,1,1,0,1.0
2017-06-29,37.5,0.0,33.75,55.5,37.5,37.75,37.0,12.078812973059884,37.5,0.3061862178479121,37.416666666666664,0.5967081414382439,36.34,2.812943842530386,30.07,4.462515571527815,1,1,0,0.25
2017-06-30,37.75,0.0001089999999999,33.75,55.5,37.5,39.0,37.5,14.26326921732179,37.55,0.32596012026014665,37.375,0.5487589303459534,36.435,2.777832255702534,30.1275,4.48706894179706,1,1,0,1.5
2017-07-03,37.75,0.0,33.75,55.5,37.5,38.5,37.75,13.588360240271818,37.55,0.32596012026014665,37.354166666666664,0.5271959844864847,36.53,2.73891085160987,30.185,4.5107520905175145,1,1,0,1.0
2017-07-04,38.0,0.00011,33.75,55.5,37.75,38.75,37.75,14.190792021991218,37.6,0.3791437722025893,37.375,0.5487589303459528,36.63,2.698374416162623,30.24125,4.537765697468657,1,1,0,1.0
2017-07-06,37.75,0.0001089999999999,33.75,55.5,37.75,38.0,38.0,12.370319331596598,37.75,0.17677669529666137,37.4375,0.5448623679408215,36.72,2.6580835508445446,30.295,4.562778180408913,1,1,0,0.25
2017-07-07,37.75,0.00011,33.75,55.5,37.75,38.25,37.75,14.761554636261824,37.8,0.11180339887502802,37.583333333333336,0.30772872744524365,36.795,2.6325523038788954,30.3425,4.590745415216822,1,1,0,0.5
2017-07-10,37.75,0.0,33.75,55.5,37.5,38.0,37.75,11.319352851746254,37.8,0.11180339887502802,37.645833333333336,0.2490512299701066,36.87,2.6045682003374537,30.39375,4.615997791981218,1,1,0,0.5
2017-07-11,38.0,0.0,33.75,55.5,37.75,38.5,37.75,14.454571600408354,37.85,0.1369306393763229,37.6875,0.2638224265019677,36.945,2.5814734362464002,30.44625,4.642554793705768,1,1,0,0.75
2017-07-12,38.0,0.0,33.75,55.5,38.0,38.5,38.0,11.346882686945893,37.85,0.1369306393763229,37.729166666666664,0.27090616735923695,37.08,2.4507599820873662,30.50375,4.664597063662547,1,1,0,0.5
2017-07-13,38.75,0.0,33.75,55.5,38.25,39.25,38.0,13.259863633659736,38.05,0.41079191812888577,37.8125,0.4006386946295812,37.215,2.3490173803244074,30.56625,4.6909833790807305,1,1,0,1.0
2017-07-14,39.25,0.0,33.75,55.5,39.0,40.0,38.75,15.272729490303929,38.35,0.6274950199005639,37.9375,0.5752963663096246,37.36,2.241856009504585,30.63,4.721978973601352,1,1,0,1.0
2017-07-17,39.75,0.0,33.75,55.5,39.5,40.0,39.25,16.00891685493713,38.75,0.7705517503711278,38.166666666666664,0.7017294652659409,37.525,2.1009290947648216,30.69875,4.754216424031438,1,1,0,0.5
2017-07-18,39.75,0.0001089999999999,33.75,55.5,39.5,40.0,39.75,11.820417517632333,39.1,0.741619848709572,38.354166666666664,0.8009818785061107,37.685,1.9514581152346078,30.76875,4.783959372096189,1,1,0,0.5
2017-07-19,39.25,0.00011,33.75,55.5,38.5,40.0,39.75,14.150839998986127,39.35,0.4183300132670474,38.479166666666664,0.8150455462257731,37.825,1.7987027638433846,30.83625,4.80797060559013,1,1,0,1.5
2017-07-20,39.75,0.0,33.75,55.5,38.5,40.0,39.25,15.735472810461287,39.55,0.2738612787525976,38.645833333333336,0.8558510738465601,37.96,1.6784650422227803,30.90625,4.835382929808876,1,1,0,1.5
2017-07-21,39.75,0.0001089999999999,33.75,55.5,39.0,40.0,39.75,15.445084571497748,39.65,0.22360679774999745,38.791666666666664,0.8844190012065765,38.09,1.553271728072456,30.97875,4.858796192442746,1,1,0,1.0
2017-07-24,39.75,0.0,33.75,55.5,39.5,40.0,39.75,14.545520385161156,39.65,0.22360679774999745,38.958333333333336,0.8583370108766807,38.21,1.4386785319771827,31.05125,4.881015004573538,1,1,0,0.5
2017-07-25,39.5,0.000108,33.75,55.5,39.0,40.0,39.75,13.942848686861778,39.6,0.22360679774999745,39.104166666666664,0.7794107136833387,38.32,1.3151782683559168,31.12125,4.901349515476524,1,1,0,1.0
2017-07-26,39.75,0.000106,33.75,55.5,39.5,40.0,39.5,14.137014903949307,39.7,0.11180339887502554,39.270833333333336,0.6696194079575998,38.415,1.2398670929450015,31.185,4.930308276212564,1,1,0,0.5
2017-07-27,40.0,0.0,33.75,55.5,39.75,40.5,39.75,15.445809556936723,39.75,0.1767766952966598,39.4375,0.5653337710818563,38.51,1.1725604288002702,31.245,4.964254132845642,1,1,0,0.75
2017-07-28,41.0,0.000316,33.75,55.5,40.0,41.75,40.0,12.86255843507616,40.0,0.5863019699779356,39.6875,0.5343326338852625,38.605,1.1781276220690722,31.30375,5.009844423054846,1,1,0,1.75
2017-07-31,40.75,0.0,33.75,55.5,40.0,41.0,41.0,14.638457615194747,40.2,0.6471089552772451,39.854166666666664,0.527195984486823,38.69,1.1764699879969802,31.3625,5.051415916732333,1,1,0,1.0
2017-08-01,39.5,0.000306,33.75,55.5,39.5,40.75,40.75,14.559636458438408,40.2,0.6471089552772451,39.875,0.505649896845877,38.725,1.1739628509943356,31.41625,5.080586603797944,1,1,0,1.25
2017-08-02,39.5,0.000105,33.75,55.5,39.5,40.5,39.5,14.953856569199472,40.15,0.698212002188452,39.854166666666664,0.5163060814046205,38.765,1.1654135641542611,31.4725,5.107561027363145,1,1,0,1.0
2017-08-03,40.5,0.000104,33.75,55.5,40.0,41.0,39.5,13.999997269118941,40.25,0.7071067811865525,39.916666666666664,0.5470305514693474,38.82,1.1813171479692282,31.53625,5.140329598322918,1,1,0,1.0
2017-08-04,40.5,0.000105,33.75,55.5,40.5,42.75,40.5,14.40806417620222,40.15,0.6020797289396207,40.020833333333336,0.5271959844868465,38.86,1.2039052101833219,31.6,5.172100940691432,1,1,0,2.25
2017-08-07,41.5,0.0,33.75,55.5,40.5,42.5,40.5,10.434145214930487,40.3,0.8366600265340803,40.166666666666664,0.6685579234203787,38.9,1.2576297758345742,31.6725,5.208793179029786,1,1,0,2.0
2017-08-09,42.5,0.000106,33.75,55.5,42.0,43.0,41.5,14.51553453903717,40.9,1.140175425099142,40.395833333333336,0.9321183921413663,38.95,1.3486576848944627,31.75,5.254036495636961,1,1,0,1.0
2017-08-10,42.5,0.0002109999999999,33.75,55.5,42.0,43.0,42.5,14.257565357017675,41.5,1.0000000000000049,40.625,1.084498208221161,39.02,1.4391040296544688,31.8275,5.297754217471909,1,1,0,1.0
2017-08-11,43.5,0.000103,33.75,55.5,43.0,44.5,42.5,16.250062157286735,42.1,1.140175425099142,40.958333333333336,1.3004952436616126,39.125,1.5675683105267542,31.91,5.350412091394118,1,1,0,1.5
2017-08-14,45.25,0.000204,33.75,55.5,43.75,47.5,43.5,12.21305322449757,43.05,1.4186260959111145,41.416666666666664,1.7331439290452921,39.26,1.7878273212524318,32.00125,5.421406105272797,1,1,0,3.75
2017-08-15,45.25,0.0001,33.75,55.5,44.75,46.0,45.25,14.383378488830086,43.8,1.3851895177195117,41.854166666666664,1.987055648821616,39.37,1.9777073925676207,32.09125,5.491094749248444,1,1,0,1.25
2017-08-16,44.75,0.000202,33.75,55.5,44.5,45.25,45.25,15.329120376499695,44.25,1.2119199643540883,42.166666666666664,2.1302297500217153,39.465,2.1177156059677724,32.17875,5.552647604032744,1,1,0,0.75
2017-08-17,44.0,0.0,33.75,55.5,43.75,45.0,44.75,14.147975490342022,44.55,0.7786205751198809,42.4375,2.1403191138448823,39.53,2.2059983162806134,32.2625,5.604015856382874,1,1,0,1.25
2017-08-18,44.0,0.0,33.75,55.5,43.75,44.5,44.0,14.569894408295204,44.65,0.6274950199005684,42.8125,1.9659747755708137,39.61,2.2941585091946965,32.34625,5.653670790249493,1,1,0,0.75
2017-08-21,44.25,0.000206,33.75,55.5,44.0,44.75,44.0,11.599112335481124,44.45,0.5419870847169835,43.208333333333336,1.698372661393444,39.695,2.3858051736331904,32.43125,5.704233281004409,1,1,0,0.75
2017-08-22,44.75,0.0,33.75,55.5,44.0,45.25,44.25,15.164933703698141,44.35,0.37914377220259765,43.5625,1.5155444566224392,39.79,2.4904716379826732,32.52,5.757143257941394,1,1,0,1.25
2017-08-23,45.0,0.000101,33.75,55.5,44.75,45.5,44.75,12.123239799036943,44.4,0.45414755311464106,43.9375,1.216015288480058,39.895,2.5971383388307685,32.60875,5.8120465727933865,1,1,0,0.75
2017-08-24,45.25,0.0001,33.75,55.5,45.0,45.75,45.0,11.97603664577121,44.65,0.5184110338332086,44.25,0.9943019479189723,40.025,2.699324367470595,32.7,5.866554123710945,1,1,0,0.75
2017-08-25,45.5,0.000495,33.75,55.5,45.25,46.0,45.25,13.74261830805916,44.95,0.4808846015418002,44.5,0.8854890790348813,40.17,2.7950575913171583,32.79125,5.923018375022317,1,1,0,0.75
2017-08-28,45.25,9.399999999999998e-05,33.75,55.5,45.25,46.0,45.5,13.975331701708292,45.15,0.28504385627481144,44.729166666666664,0.6436608131798986,40.315,2.867307810758514,32.88,5.976080882448428,1,1,0,0.75
2017-08-29,45.25,0.0,33.75,55.5,45.25,46.0,45.25,14.301142058404405,45.25,0.17677669529668083,44.875,0.5276448530103166,40.465,2.925961380470373,32.9675,6.028476707015871,1,1,0,0.75
2017-08-30,45.25,0.000187,33.75,55.5,45.25,45.5,45.25,13.938171455264122,45.3,0.1118033988750588,44.875,0.5276448530103166,40.63,2.9590056244823764,33.05,6.083123949495224,1,1,0,0.25
2017-08-31,45.0,0.000286,33.75,55.5,45.0,45.5,45.25,13.408445670891853,45.25,0.17677669529668083,44.854166666666664,0.516306081405356,40.81,2.9453179725095358,33.13125,6.133714060696807,1,1,0,0.5
2017-09-01,43.75,0.00049,33.75,55.5,40.5,45.25,45.0,14.61193653891557,44.9,0.6519202405202764,44.770833333333336,0.6073258573195026,40.945,2.9217210821083914,33.205,6.172344708129777,1,1,0,4.75
2017-09-04,41.5,0.000103,33.75,55.5,41.0,42.75,43.75,13.022324233654905,44.15,1.606626901305967,44.5625,1.1135783843901417,41.025,2.879931440511176,33.27,6.190970487563901,1,1,0,1.75
2017-09-05,41.75,0.000313,33.75,55.5,41.0,42.5,41.5,14.249628556481618,43.45,1.762455673201461,44.375,1.3755164319427688,41.11,2.8361550575044414,33.335,6.211486361094913,1,1,0,1.5
2017-09-06,42.0,0.0,33.75,55.5,41.75,42.5,41.75,13.71248176616867,42.8,1.514513123086101,44.1875,1.5378741229960602,41.195,2.7968139672403773,33.39625,6.236305474183769,1,1,0,0.75
2017-09-07,42.25,0.000202,33.75,55.5,42.0,42.5,42.0,14.499415661799873,42.25,0.8838834764831922,43.979166666666664,1.6217917046687549,41.285,2.7557963033050936,33.455,6.264167861334229,1,1,0,0.5
2017-09-08,42.25,0.000198,33.75,55.5,42.0,42.5,42.25,14.3988992325359,41.95,0.32596012026015314,43.75,1.658312395177404,41.39,2.6883915227503064,33.5125,6.291932199572551,1,1,0,0.5
2017-09-11,42.0,9.7e-05,33.75,55.5,42.0,42.5,42.25,13.03549962588116,42.05,0.2091650066335501,43.479166666666664,1.656455461812564,41.48,2.6302013580099377,33.57,6.3167620195839325,1,1,0,0.5
2017-09-12,42.0,0.0,33.75,55.5,41.75,42.25,42.0,14.334900007274573,42.1,0.13693063937634034,43.1875,1.5743866049408315,41.565,2.575299665543948,33.62625,6.34156531866956,1,1,0,0.5
2017-09-13,42.0,0.000288,33.75,55.5,41.75,42.25,42.0,13.585217761590593,42.1,0.13693063937634034,42.916666666666664,1.462925669728443,41.65,2.516273564830548,33.6825,6.365772462570738,1,1,0,0.5
2017-09-14,42.0,0.0,33.75,55.5,42.0,42.25,42.0,14.60746226054279,42.05,0.11180339887504936,42.645833333333336,1.2812384515365705,41.73,2.4608360948503,33.74,6.3887778496405785,1,1,0,0.25
2017-09-15,42.0,0.0,33.75,55.5,41.5,42.25,42.0,16.75632196544136,42.0,1.1494195923612648e-07,42.375,0.9914406414170059,41.815,2.3930223823551566,33.7975,6.411182422162783,1,1,0,0.75
2017-09-18,41.75,0.000396,33.75,55.5,41.5,42.25,42.0,13.95622943363703,41.95,0.11180339887504936,42.104166666666664,0.5585933361133956,41.895,2.3201040177252774,33.85375,6.431425941086174,1,1,0,0.75
2017-09-19,42.0,0.000309,33.75,55.5,41.75,42.5,41.75,14.605194892560434,41.95,0.11180339887504936,41.958333333333336,0.20871177748120193,41.98,2.241673937221927,33.91125,6.452663813414001,0,1,0,0.75
2017-09-20,42.75,0.0001,33.75,55.5,42.25,43.0,42.0,13.461832547302858,42.1,0.3791437722025949,42.0625,0.26382242650321736,42.075,2.1690365113936667,33.9725,6.478209997666574,1,1,0,0.75
2017-09-21,43.0,0.000198,33.75,55.5,42.5,44.0,42.75,14.751878781316773,42.3,0.5419870847169826,42.166666666666664,0.35887028128094856,42.175,2.0911926584362233,34.035,6.504783705495071,1,1,0,1.5
2017-09-22,43.0,0.0,33.75,55.5,42.75,44.0,43.0,14.348782957242234,42.5,0.5863019699779406,42.25,0.42640143270981407,42.26,2.034749144645677,34.09875,6.529931928623768,1,1,0,1.25
2017-09-25,42.5,0.0,33.75,55.5,42.0,43.5,43.0,12.6881931925273,42.65,0.41833001326705443,42.270833333333336,0.43246562308502434,42.325,1.9880061285998554,34.16125,6.550293325550511,1,1,0,1.5
2017-09-26,41.75,9.7e-05,33.75,55.5,41.75,42.25,42.5,14.435334612144615,42.6,0.5184110338332071,42.229166666666664,0.4579888512590509,42.365,1.9549844719889522,34.22125,6.564627377125096,1,1,0,0.5
2017-09-27,41.5,9.6e-05,33.75,55.5,40.0,42.0,41.75,13.802831517567173,42.35,0.6982120021884578,42.1875,0.501418442564936,42.4,1.9226098333859107,34.28,6.57697750990734,0,1,0,2.0
2017-09-28,41.25,0.000194,33.75,55.5,40.0,42.0,41.5,13.730280502569768,42.0,0.728868986855673,42.125,0.5690901829784264,42.44,1.8759759364899469,34.34125,6.5845953113741675,0,1,0,2.0
2017-09-29,41.0,0.000198,33.75,55.5,41.0,42.0,41.25,13.697628642419435,41.6,0.5755432216610804,42.041666666666664,0.6556860852748165,42.465,1.8475093548694534,34.40625,6.585847735063805,0,1,0,1.0
2017-10-02,41.0,0.000101,33.75,55.5,40.75,41.5,41.0,13.736143705182693,41.3,0.3259601202601565,41.958333333333336,0.7216878364861741,42.49,1.8182465201855533,34.46875,6.588827603103217,0,1,0,0.75
2017-10-04,40.5,0.000204,33.75,55.5,40.25,41.0,41.0,14.746847919403475,41.05,0.37080992435480314,41.833333333333336,0.8348471099359712,42.505,1.798163745921506,34.53,6.587665495713553,0,1,0,0.75
2017-10-05,40.25,0.0001,33.75,55.5,40.0,41.0,40.5,11.446796346169297,40.8,0.41079191812889154,41.708333333333336,0.9524688812216918,42.52,1.7755711929483684,34.59,6.584827237577424,0,1,0,1.0
2017-10-06,40.0,0.0,33.75,55.5,39.75,40.5,40.25,11.951186847493476,40.55,0.4472135954999725,41.541666666666664,1.065114875010395,42.525,1.7679473281479972,34.65,6.5791470480142635,0,1,0,0.75
2017-10-09,39.5,0.000101,33.75,55.5,39.0,41.0,40.0,12.067965083912192,40.25,0.5590169943749588,41.270833333333336,1.1404660796299728,42.515,1.7838633264212094,34.7075,6.570984166361283,0,1,0,2.0
2017-10-10,39.0,0.0,33.75,55.5,38.75,39.25,39.5,12.251050791276203,39.85,0.6020797289396256,40.9375,1.1732094674626925,42.475,1.8400657153314677,34.7625,6.560586883141943,0,1,0,0.5
2017-10-11,37.75,0.0,33.75,55.5,37.5,39.0,39.0,12.840533480851393,39.3,0.9905806378079535,40.5,1.3055824196671917,42.415,1.9434676036749976,34.81,6.547576175108011,0,1,0,1.5
2017-10-12,37.5,0.0001,33.75,55.5,37.25,37.75,37.75,11.530775206233024,38.75,1.0897247358851734,40.083333333333336,1.4034589305339515,42.375,2.0236169376163353,34.85625,6.533660308174195,0,1,0,0.5
2017-10-13,37.0,0.0,33.75,55.5,37.0,37.75,37.5,15.890529961387521,38.15,1.0547511554864544,39.6875,1.5525821600272398,42.325,2.1244747249959226,34.89875,6.519737018580974,0,1,0,0.75
2017-10-16,37.0,0.0,33.75,55.5,36.75,37.75,37.0,14.224835540496755,37.65,0.821583836257755,39.3125,1.6171137307500227,42.255,2.2403363905585256,34.94125,6.505504892553154,0,1,0,1.0
2017-10-17,37.0,0.000101,33.75,55.5,36.75,37.75,37.0,15.274985908150365,37.25,0.3535533905932865,38.958333333333336,1.6196005867510843,42.185,2.3483656931098067,34.985,6.489682573092103,0,1,0,1.0
2017-10-18,36.5,0.000102,33.75,55.5,36.5,37.0,37.0,13.889505166549732,37.0,0.3535533905932865,38.583333333333336,1.6248543058224847,42.085,2.480850125852521,35.02625,6.472855841995412,0,1,0,0.5
2017-10-19,36.5,0.000103,33.75,55.5,36.5,36.75,36.5,14.198458036490779,36.8,0.27386127875259897,38.208333333333336,1.5330945136804501,41.965,2.6024958585713964,35.0675,6.45572036080268,0,1,0,0.25
2017-10-23,36.75,0.000104,33.75,55.5,36.5,37.0,36.5,15.19566133586433,36.75,0.2500000000000171,37.895833333333336,1.399912064337278,41.85,2.703455838254344,35.10875,6.4398832613329136,0,1,0,0.5
2017-10-24,38.25,0.000206,33.75,55.5,37.75,40.0,36.75,14.36421041185893,37.0,0.7288689868556685,37.729166666666664,1.1987604077336582,41.745,2.739772260758199,35.15625,6.427770187664225,0,1,0,2.25
2017-10-27,38.5,0.000202,33.75,55.5,38.25,39.75,38.25,14.94594478184841,37.3,0.9905806378079524,37.604166666666664,1.0026007846254514,41.61,2.7298239458825906,35.20375,6.417140868183307,0,1,0,1.5
2017-10-30,38.25,0.0,33.75,55.5,37.75,38.75,38.5,14.932290477920022,37.65,0.9453835200594575,37.5,0.8393720596634607,41.47,2.718812015479192,35.24875,6.406728242352304,0,1,0,1.0
2017-10-31,38.0,9.9e-05,33.75,55.5,38.0,39.0,38.25,15.564188711493692,37.95,0.6937218462755884,37.416666666666664,0.7177405625640302,41.335,2.7202050117824386,35.295,6.3929511276562145,0,1,0,1.0
2017-11-01,39.25,9.8e-05,33.75,55.5,39.0,41.75,38.0,15.463207375008228,38.45,0.48088460154179324,37.541666666666664,0.8908201872762179,41.24,2.7081509619400705,35.3525,6.3764440674032,0,1,0,2.75
2017-11-02,41.0,0.000194,33.75,55.5,40.75,43.0,39.25,15.068330953382114,39.0,1.211919964354086,37.833333333333336,1.3371158468423927,41.18,2.678828559087623,35.42125,6.362755632087892,0,1,0,2.25
2017-11-03,41.5,9.9e-05,33.75,55.5,41.25,42.0,41.0,13.669213457887688,39.6,1.5870570248103903,38.208333333333336,1.6713948085532953,41.125,2.642495148954637,35.4925,6.350568268799358,0,1,0,0.75
2017-11-06,41.25,0.000196,33.75,55.5,41.0,42.0,41.5,14.35305659060987,40.2,1.514513123086098,38.5625,1.8344091196295762,41.055,2.5903519971987703,35.56375,6.334727087560063,0,1,0,1.0
2017-11-07,40.75,0.0002,33.75,55.5,40.0,41.5,41.25,13.590741936939253,40.75,0.8838834764831869,38.875,1.8632205744595245,40.97,2.5272191702932685,35.635,6.3123692085558085,0,1,0,1.5
2017-11-08,40.75,0.000102,33.75,55.5,40.75,41.5,40.75,13.602194805243986,41.05,0.3259601202601388,39.229166666666664,1.7724480160770246,40.88,2.450655888883264,35.70625,6.28912065639157,1,1,0,0.75
2017-11-09,41.0,0.0,33.75,55.5,40.75,41.5,40.75,13.161586013632684,41.05,0.3259601202601388,39.604166666666664,1.6112471642305155,40.79,2.358419567665348,35.7775,6.267828340865011,1,1,0,0.75
2017-11-10,40.5,0.000101,33.75,55.5,40.25,41.0,41.0,13.808990347516028,40.85,0.2850438562747914,39.916666666666664,1.3498035771800965,40.695,2.2690744764321433,35.84375,6.247232427444207,1,1,0,0.75
2017-11-13,39.75,0.0,33.75,55.5,39.25,41.0,40.5,14.280565085585149,40.55,0.48088460154178714,40.041666666666664,1.2469660149429673,40.585,2.1751202171805732,35.90875,6.219709387246876,0,1,0,1.75
2017-11-14,39.5,0.0,33.75,55.5,39.25,40.5,39.75,13.759998905115909,40.3,0.6471089552772412,40.125,1.1653130675715677,40.47,2.0730535498177987,35.97375,6.188739850907366,0,1,0,1.25
2017-11-15,40.5,0.000204,33.75,55.5,40.0,41.0,39.5,14.750898177963215,40.25,0.6123724356957962,40.3125,1.0063717458810268,40.38,1.9673612286729811,36.04375,6.1601551110714885,0,1,0,1.0
2017-11-16,40.75,0.0001,33.75,55.5,40.5,42.0,40.5,14.622388575100418,40.2,0.5419870847169714,40.541666666666664,0.6976692799894431,40.32,1.907316738997795,36.115,6.131558123766218,0,1,0,1.5
2017-11-17,41.0,9.9e-05,33.75,55.5,40.5,41.5,40.75,15.564623626399008,40.3,0.6471089552772412,40.6875,0.575296366310002,40.31,1.9023079430544685,36.18875,6.100935832119205,0,1,0,1.0
2017-11-20,42.25,9.8e-05,33.75,55.5,41.5,43.0,41.0,13.943376808933623,40.8,0.9905806378079496,40.791666666666664,0.7295183134751082,40.32,1.911325002533625,36.27125,6.070553437097905,1,1,0,1.5
2017-11-21,43.25,0.000388,33.75,55.5,43.0,44.5,42.25,11.993504229837974,41.55,1.1645814698852146,40.9375,1.0063717458810664,40.345,1.941681629676823,36.3625,6.037349725545191,1,1,0,1.5
2017-11-22,43.75,0.0004669999999999,33.75,55.5,43.5,44.0,43.25,14.861565947214613,42.2,1.3275918047351778,41.145833333333336,1.2944739776397662,40.375,1.9828666632140601,36.46125,5.995501742407717,1,1,0,0.5
2017-11-23,43.25,0.000536,33.75,55.5,43.0,44.0,43.75,13.867534535337981,42.7,1.0954451150103344,41.354166666666664,1.420060551418718,40.395,2.007060242327209,36.56125,5.940581916363329,1,1,0,1.0
2017-11-24,42.75,9.399999999999998e-05,33.75,55.5,42.75,43.5,43.25,12.144734331596096,43.05,0.5700877125495715,41.520833333333336,1.459523324010965,40.41,2.0220468514334127,36.66,5.877841449078089,1,1,0,0.75
2017-11-27,42.0,0.00028,33.75,55.5,41.75,43.5,42.75,14.865597997263867,43.0,0.6614378277661503,41.604166666666664,1.455625191101195,40.41,2.0220468514334127,36.75375,5.812041169008453,1,1,0,1.75
2017-11-29,41.75,0.0,33.75,55.5,41.5,43.0,42.0,15.02070291832934,42.7,0.8366600265340782,41.708333333333336,1.413543795078443,40.405,2.0183406500380108,36.84125,5.754295833566336,1,1,0,1.5
2017-11-30,41.25,0.0,33.75,55.5,41.0,42.0,41.75,14.945589536436302,42.2,0.7984359711335695,41.833333333333336,1.2851128944625352,40.39,2.0090103157982084,36.92625,5.692596217542377,1,1,0,1.0
2017-12-01,40.75,0.0,33.75,55.5,40.75,41.5,41.25,13.995413358591213,41.7,0.7582875444051603,41.9375,1.1186690549685336,40.365,1.9963039828244507,37.0075,5.629969050317734,1,1,0,0.75
2017-12-04,41.0,0.0,33.75,55.5,40.75,41.5,40.75,13.610085355503099,41.35,0.5184110338332018,41.979166666666664,1.068443713864101,40.35,1.9884872724403075,37.08625,5.574562960312704,1,1,0,0.75
2017-12-05,41.25,9.1e-05,33.75,55.5,41.0,42.0,41.0,14.633703668726726,41.2,0.37080992435479565,42.020833333333336,1.0250184772903501,40.335,1.9785907683438393,37.16375,5.523681173459239,1,1,0,1.0
2017-12-06,42.0,0.0,33.75,55.5,41.5,42.5,41.25,14.5001723391348,41.25,0.4677071733467531,42.104166666666664,0.9738532494754603,40.32,1.9626876616382178,37.245,5.474240728885316,1,1,0,1.0
2017-12-07,42.25,0.000183,33.75,55.5,42.0,42.5,42.0,11.444657330797734,41.45,0.6471089552772462,42.104166666666664,0.9738532494754603,40.305,1.9445698858154643,37.32875,5.421526601516648,1,1,0,0.5
2017-12-08,42.25,0.0,33.75,55.5,42.25,42.5,42.25,13.746375890710492,41.75,0.5863019699779359,42.020833333333336,0.9074084810678711,40.29,1.926162516720843,37.4125,5.366981573103082,1,1,0,0.25
2017-12-11,42.0,0.0,33.75,55.5,41.75,42.5,42.25,12.898722202295934,41.95,0.4107919181288848,41.875,0.7269175268954661,40.28,1.915724406067858,37.495,5.309453974518997,1,1,0,0.75
2017-12-13,42.0,9e-05,33.75,55.5,41.5,42.5,42.0,14.289444578094377,42.1,0.13693063937632008,41.770833333333336,0.5883174519263722,40.285,1.9199609371036814,37.58,5.2440897577113,1,1,0,1.0
2017-12-14,42.25,0.000182,33.75,55.5,42.0,42.5,42.0,14.377695043968197,42.15,0.13693063937632008,41.729166666666664,0.5271959844870933,40.3,1.932535608353715,37.6675,5.174475309015976,1,1,0,0.5
2017-12-15,42.0,0.000185,33.75,55.5,41.75,42.5,42.25,15.1503276604078,42.1,0.13693063937632008,41.729166666666664,0.5271959844870933,40.315,1.9429424876223491,37.755,5.098093051702468,1,1,0,0.75
2017-12-18,41.5,9.399999999999998e-05,33.75,55.5,41.5,42.0,42.0,12.7896867284182,41.95,0.2738612787525982,41.708333333333336,0.5312221472187284,40.325,1.947820603147234,37.8425,5.010247664366437,1,1,0,0.5
2017-12-19,42.25,9.5e-05,33.75,55.5,41.75,42.5,41.5,14.518460038619395,42.0,0.30618621784791084,41.791666666666664,0.5312221472187385,40.35,1.9646103627831788,37.9325,4.925813327225388,1,1,0,0.75
2017-12-20,42.5,0.0,33.75,55.5,42.25,42.75,42.25,14.473704427046505,42.1,0.37914377220258827,41.9375,0.4538346715376052,40.39,1.987948383513573,38.02,4.849775936387547,1,1,0,0.5
2017-12-21,42.75,0.0001919999999999,33.75,55.5,42.25,43.0,42.5,12.48560031099168,42.2,0.48088460154179163,42.083333333333336,0.40358244247928465,40.44,2.015602406534707,38.105,4.782148546795256,1,1,0,0.75
2017-12-22,42.75,9.399999999999998e-05,33.75,55.5,42.5,43.0,42.75,14.079720042043386,42.35,0.5184110338332001,42.208333333333336,0.3508647326318713,40.495,2.0407144107215123,38.19,4.7120102080749895,1,1,0,0.5
2017-12-27,42.75,0.0,33.75,55.5,42.5,43.25,42.75,12.843973993864076,42.6,0.22360679774999445,42.270833333333336,0.37626050775460324,40.56,2.0600425991246074,38.275,4.63924703646233,1,1,0,0.75
2017-12-28,42.75,0.0,33.75,55.5,42.25,43.0,42.75,13.446041257047039,42.7,0.11180339887501957,42.3125,0.4006386946304009,40.635,2.0703260612772976,38.3625,4.556647223518173,1,1,0,0.75
2017-12-29,42.75,0.0001899999999999,33.75,55.5,42.5,43.25,42.75,13.344548069159607,42.75,8.093402155637902e-08,42.354166666666664,0.41912155609879176,40.735,2.0487738991406212,38.45125,4.467055389938857,1,1,0,0.75
2018-01-02,42.75,0.0,33.75,55.5,42.5,43.5,42.75,12.048839720461636,42.75,8.093402155637902e-08,42.416666666666664,0.4174235549669272,40.84,2.0138297356245274,38.54,4.3738200131619,1,1,0,1.0
2018-01-03,42.25,0.0,33.75,55.5,42.25,42.75,42.75,14.214622863015839,42.65,0.22360679774999323,42.4375,0.4006386946304235,40.945,1.9452257095844652,38.62375,4.282281883311581,1,1,0,0.5
2018-01-04,42.5,9.3e-05,33.75,55.5,42.5,43.0,42.25,10.640675541671662,42.6,0.22360679774999323,42.458333333333336,0.3964807305478777,41.055,1.8717079944078887,38.7075,4.192083200246247,1,1,0,0.5
2018-01-05,42.75,0.00037,33.75,55.5,42.5,43.25,42.5,14.095942159159762,42.6,0.22360679774999323,42.520833333333336,0.37626050775465175,41.17,1.7924444601886516,38.79125,4.103312295753309,1,1,0,0.75
2018-01-08,42.7,0.0,33.75,55.5,42.5,43.0,42.75,12.177163782032679,42.589999999999996,0.21621748310441155,42.62083333333333,0.1970905806184827,41.294,1.6732785854404553,38.869749999999996,4.026051775872726,1,1,0,0.5
2018-01-09,42.75,8.9e-05,33.75,55.5,42.75,43.0,42.7,13.544490237708176,42.589999999999996,0.21621748310441155,42.6625,0.16113940886620198,41.419,1.535627572303946,38.941,3.967277460962263,1,1,0,0.25
2018-01-10,43.0,0.0,33.75,55.5,42.75,43.5,42.75,14.118648323468538,42.739999999999995,0.17818529681206957,42.70416666666667,0.17895953495235029,41.544,1.3958261396924234,39.0085,3.920408238151573,1,1,0,0.75
2018-01-11,43.25,0.0,33.75,55.5,43.0,43.75,43.0,14.070928444421819,42.89,0.23291629397705194,42.74583333333334,0.23880225114175047,41.644,1.3326986584706408,39.076,3.8761672257278734,1,1,0,0.75
2018-01-12,44.25,0.00018,33.75,55.5,43.75,45.0,43.25,14.210791314505226,43.19,0.6318623267769697,42.87083333333334,0.4956439032074839,41.75899999999999,1.3036326795800302,39.1485,3.836255600865739,1,1,0,1.25
2018-01-15,44.75,0.000177,33.75,55.5,44.75,45.25,44.25,13.926963377792411,43.6,0.8587782018658873,43.0375,0.7314757809939522,41.888999999999996,1.2702357968485642,39.22475,3.794849052883227,1,1,0,0.5
2018-01-16,44.75,8.7e-05,33.75,55.5,44.75,45.25,44.75,14.371004147014563,44.0,0.8291561975888537,43.20416666666667,0.8739820919038401,42.023999999999994,1.2055246973504952,39.30225,3.748102694234849,1,1,0,0.5
2018-01-17,45.25,0.0,33.75,55.5,45.0,45.5,44.75,16.202685022258695,44.45,0.7582875444051588,43.4125,1.0383827022647174,42.144,1.222269551754629,39.3785,3.712864739370691,1,1,0,0.5
2018-01-18,45.25,8.6e-05,33.75,55.5,45.25,46.0,45.25,16.195732482215377,44.85,0.418330013267043,43.62083333333334,1.1392697687815523,42.229,1.2871456318360417,39.44725,3.6934996460912592,1,1,0,0.75
2018-01-19,45.25,0.0,33.75,55.5,45.25,47.0,45.25,14.462143008589642,45.05,0.27386127875259086,43.87083333333334,1.1402667816490701,42.303999999999995,1.3514482028185624,39.51475,3.67543727101466,1,1,0,1.75
2018-01-22,45.0,0.0,33.75,55.5,44.75,45.75,45.25,14.011489263235791,45.1,0.22360679774998926,44.07916666666667,1.0945024468038551,42.379,1.3951113626837308,39.580999999999996,3.6541281123278084,1,1,0,1.0
2018-01-23,44.25,8.5e-05,33.75,55.5,43.5,45.0,45.0,13.542652728118455,45.0,0.43301270189222446,44.20416666666667,1.0114027912061747,42.449,1.3995075664586283,39.646,3.620660146920082,1,1,0,1.5
2018-01-24,43.0,0.0,33.75,55.5,42.75,44.0,44.25,14.202948142347278,44.55,0.9585144756340424,44.229166666666664,0.9738532494756027,42.494,1.3797973823464234,39.7035,3.5817499092005516,1,1,0,1.25
2018-01-25,43.25,8.5e-05,33.75,55.5,43.0,45.0,43.0,14.58427574856807,44.15,1.0093314619093186,44.270833333333336,0.9136486129129907,42.538999999999994,1.3667065283729998,39.7585,3.551045956747467,1,1,0,2.0
2018-01-26,43.75,8.4e-05,33.75,55.5,43.0,44.5,43.25,14.073867573353978,43.85,0.8023403267940616,44.333333333333336,0.8416254115296102,42.604,1.3448632431814862,39.8135,3.527055194026088,1,1,0,1.5
2018-01-29,44.0,8.3e-05,33.75,55.5,43.75,45.0,43.75,12.285812230343542,43.65,0.5184110338331952,44.395833333333336,0.7794107136838199,42.68899999999999,1.294150497510835,39.8685,3.5059759105597115,1,1,0,1.25
2018-01-30,44.75,8.4e-05,33.75,55.5,44.0,45.5,44.0,14.90642697590649,43.75,0.6846531968814591,44.4375,0.7842555821802512,42.794,1.242062143111355,39.921,3.500030007049813,1,1,0,1.5
2018-01-31,45.25,0.0,33.75,55.5,45.0,45.5,44.75,14.396105311850508,44.2,0.7984359711335662,44.479166666666664,0.8150455462262917,42.888999999999996,1.2446739594405962,39.9735,3.500825136044885,1,1,0,0.5
2018-02-01,45.5,8.5e-05,33.75,55.5,45.25,46.0,45.25,12.459167155192379,44.65,0.7623975340988457,44.541666666666664,0.8649312461722841,42.983999999999995,1.2592693054612474,40.031,3.4966587066155914,1,1,0,0.75
2018-02-02,45.75,0.0,33.75,55.5,45.5,46.25,45.5,13.368287079572873,45.05,0.6937218462755815,44.583333333333336,0.912870929174776,43.07899999999999,1.2854400501199337,40.08975,3.4935270276559596,1,1,0,0.75
2018-02-05,46.25,0.0,33.75,55.5,46.0,46.5,45.75,12.187404474495082,45.5,0.5590169943749497,44.666666666666664,1.0187633620610264,43.159,1.3553631187533497,40.15225,3.4913507540689115,1,1,0,0.5
2018-02-06,46.25,8.4e-05,33.75,55.5,46.0,46.5,46.25,15.014511322159024,45.8,0.44721359549996126,44.75,1.1078234188135934,43.218999999999994,1.4241320306838297,40.21475,3.488047781226407,1,1,0,0.5
2018-02-07,45.25,0.000339,33.75,55.5,45.0,46.25,46.25,15.486777261030088,45.8,0.44721359549996126,44.770833333333336,1.115277856396697,43.248999999999995,1.4510900195719332,40.27225,3.4757078650707167,1,1,0,1.25
2018-02-08,45.5,0.000263,33.75,55.5,45.0,46.0,45.25,14.556543207866383,45.8,0.44721359549996126,44.875,1.1205720941469808,43.294,1.485598896619123,40.33225,3.4617613139080254,1,1,0,1.0
2018-02-09,45.25,8.5e-05,33.75,55.5,45.0,45.5,45.5,15.952725720039027,45.7,0.5123475382979832,45.0625,0.954207191146413,43.343999999999994,1.508805447217868,40.393499999999996,3.43967872024268,1,1,0,0.5
2018-02-12,45.25,8.5e-05,33.75,55.5,45.0,45.5,45.5,15.952725720039027,45.5,0.4330127018922238,45.229166666666664,0.764691956200652,43.409,1.519690153705215,40.45475,3.416349978173298,1,1,0,0.5
2018-02-13,45.25,8.800000000000001e-05,33.75,55.5,45.0,46.0,45.0,13.899944532971858,45.3,0.11180339887500666,45.354166666666664,0.6073258573195375,43.479,1.522319993716355,40.516,3.3917493744516762,1,1,0,1.0
2018-02-14,45.5,8.800000000000001e-05,33.75,55.5,45.5,45.75,45.25,12.843181079306648,45.35,0.13693063937630548,45.479166666666664,0.4324656230855247,43.56399999999999,1.5139500975799762,40.5785,3.3676390414600106,1,1,0,0.25
2018-02-15,45.5,0.0,33.75,55.5,45.5,45.75,45.5,14.83529642675864,45.35,0.13693063937630548,45.541666666666664,0.36670110031051734,43.659,1.482472080476043,40.63975,3.3450041406555666,1,1,0,0.25
2018-02-16,45.5,0.000174,33.75,55.5,45.0,45.75,45.5,14.793160136163715,45.4,0.13693063937630548,45.5625,0.3555565419799014,43.748999999999995,1.4540755531570235,40.69725,3.3290981375660285,1,1,0,0.75
2018-02-19,45.5,0.0,33.75,55.5,45.25,45.75,45.5,13.659793151461484,45.45,0.11180339887500666,45.5625,0.3555565419799014,43.833999999999996,1.4290156452218719,40.75475,3.312112677649282,1,1,0,0.5
2018-02-20,45.5,0.000171,33.75,55.5,45.5,46.0,45.5,15.657297679325843,45.5,6.05288029062447e-08,45.541666666666664,0.3508647326325454,43.903999999999996,1.423055063688284,40.811,3.296580228968804,1,1,0,0.5
2018-02-21,45.5,0.0,33.75,55.5,45.0,46.0,45.5,14.376782687693675,45.5,6.05288029062447e-08,45.479166666666664,0.2709061673612981,43.968999999999994,1.4201857452543114,40.88225,3.242447341330988,1,1,0,1.0
2018-02-22,45.25,8.4e-05,33.75,55.5,45.0,45.75,45.5,13.071703566534245,45.45,0.11180339887500666,45.395833333333336,0.12873216263308543,44.028999999999996,1.4094104281951236,40.948499999999996,3.195068868643483,1,1,0,0.75
2018-02-23,45.5,0.0,33.75,55.5,45.25,45.75,45.25,15.231388235588339,45.45,0.11180339887500666,45.416666666666664,0.12309149097618528,44.099,1.3934061189215448,41.016000000000005,3.147315838126591,1,1,0,0.5
2018-02-26,45.5,0.0,33.75,55.5,45.5,45.75,45.5,12.264346270624157,45.45,0.11180339887500666,45.416666666666664,0.12309149097618528,44.169,1.3735805289064207,41.086000000000006,3.0897673555715572,1,1,0,0.25
2018-02-27,46.0,0.0,33.75,55.5,45.5,47.25,45.5,14.20978056748393,45.55,0.27386127875259086,45.479166666666664,0.19824036527276304,44.244,1.369032132418705,41.157250000000005,3.037253608924103,1,1,0,1.75
2018-02-28,47.25,8.5e-05,33.75,55.5,46.25,49.0,46.0,14.539623802535454,45.9,0.8023403267940638,45.645833333333336,0.53786545011137,44.349,1.3945041544354537,41.23225,3.0011844290854235,1,1,0,2.75
2018-03-01,47.75,8.4e-05,33.75,55.5,47.0,49.0,47.25,14.07810633409241,46.4,1.039831717154274,45.854166666666664,0.793856620135293,44.474,1.4138974936154307,41.306000000000004,2.9790202767089538,1,1,0,2.0
2018-03-02,47.75,8.5e-05,33.75,55.5,47.5,48.25,47.75,13.804349504482165,46.85,1.039831717154274,46.041666666666664,0.9524688812220048,44.583999999999996,1.4508069535019203,41.3785,2.958347825948522,1,1,0,0.75
2018-03-05,48.0,0.0,33.75,55.5,47.5,48.75,47.75,12.771957314336067,47.35,0.8023403267940638,46.25,1.0871146130089249,44.693999999999996,1.4973323217093861,41.44975,2.9452691710517076,1,1,0,1.25
2018-03-06,48.75,0.0,33.75,55.5,48.0,49.0,48.0,14.751015901149836,47.9,0.5477225575051704,46.520833333333336,1.272338279298829,44.81399999999999,1.5766808329470277,41.523500000000006,2.9424586769102636,1,1,0,1.0
2018-03-07,49.25,0.0,33.75,55.5,48.75,49.75,48.75,15.65007421586707,48.3,0.6708203932499412,46.833333333333336,1.4473067987460118,44.943999999999996,1.6683316853215402,41.594750000000005,2.956197805428789,1,1,0,1.0
2018-03-08,48.25,8.5e-05,33.75,55.5,48.0,49.25,49.25,14.953472077167978,48.4,0.60207972893962,47.0625,1.4346562781248795,45.053999999999995,1.7017050273190382,41.65975,2.95890911541132,1,1,0,1.25
2018-03-09,48.75,8.5e-05,33.75,55.5,48.25,49.5,48.25,13.802325009433472,48.6,0.48733971724045483,47.333333333333336,1.4195603245903479,45.174,1.7468700873401197,41.72225,2.976033655571346,1,1,0,1.25
2018-03-12,49.25,0.0,33.75,55.5,49.0,49.75,48.75,15.174742256392554,48.85,0.418330013267045,47.666666666666664,1.3540064007725106,45.303999999999995,1.8037330903510422,41.786,3.000067670928212,1,1,0,0.75
2018-03-13,50.0,0.000171,33.75,55.5,49.25,51.0,49.25,16.14954596413548,49.1,0.6519202405202692,48.041666666666664,1.3221596199422072,45.449,1.883859748235841,41.84725,3.0420098714150843,1,1,0,1.75
2018-03-14,51.0,0.0,33.75,55.5,50.5,51.5,50.0,14.803601257741093,49.45,1.0810874155219845,48.5,1.3142574813454428,45.623999999999995,1.9843582214467144,41.914750000000005,3.0943894661693094,1,1,0,1.0
2018-03-15,51.0,8.4e-05,33.75,55.5,51.0,52.0,51.0,15.174973401917411,50.0,1.0155048005794967,48.916666666666664,1.2401124093720695,45.794,2.0733646124908307,41.981,3.1461812219586003,1,1,0,1.0
2018-03-16,51.0,0.0,33.75,55.5,51.0,51.5,51.0,14.571586057732192,50.45,0.7984359711335672,49.229166666666664,1.254348496836114,45.958999999999996,2.152921365996899,42.0435,3.200374153691404,1,1,0,0.5
2018-03-19,52.0,0.000169,33.75,55.5,51.5,52.5,51.0,15.685326301674728,51.0,0.7071067811865486,49.583333333333336,1.3912606012555633,46.145,2.26446033576381,42.106,3.271713549156859,1,1,0,1.0
2018-03-20,50.0,0.00025,33.75,55.5,49.75,52.0,52.0,15.135478400431296,51.0,0.7071067811865486,49.770833333333336,1.2678647643207164,46.29,2.274728061792147,42.156000000000006,3.3154865791131303,1,1,0,2.25
2018-03-21,51.0,0.0001629999999999,33.75,55.5,50.5,51.5,50.0,15.78245520830057,51.0,0.7071067811865486,50.020833333333336,1.1796490875243277,46.45,2.3195046973047737,42.216,3.3662780842796396,1,1,0,1.0
2018-03-22,51.5,0.00016,33.75,55.5,51.0,52.0,51.0,15.669227250896403,51.1,0.7416198487095672,50.25,1.17743944063535,46.615,2.3798741606250338,42.282250000000005,3.4178216691789878,1,1,0,1.0
2018-03-23,51.5,0.0,33.75,55.5,51.0,52.0,51.5,14.306909295834442,51.2,0.7582875444051558,50.4375,1.1828557508305095,46.76,2.452591299347522,42.34725,3.4687665885335277,1,1,0,1.0
2018-03-26,51.0,7.900000000000001e-05,33.75,55.5,51.0,51.5,51.5,13.624835406854597,51.0,0.612372435695796,50.666666666666664,0.9672673160022424,46.885,2.5067307353591692,42.4035,3.5173136377253216,1,1,0,0.5
2018-03-27,50.5,7.900000000000001e-05,33.75,55.5,50.5,51.5,51.0,13.885690324812177,51.1,0.4183300132670402,50.8125,0.7622111971698238,47.0,2.5384793777028927,42.456,3.5593692626273796,1,1,0,1.0
2018-03-28,51.0,0.00016,33.75,55.5,50.5,52.0,50.5,13.995413358591213,51.1,0.4183300132670402,50.958333333333336,0.582250076440807,47.115,2.587356424095558,42.507250000000006,3.6081405639392172,1,1,0,1.5
2018-03-29,52.0,8.100000000000002e-05,33.75,55.5,51.5,53.0,51.0,15.82407365694169,51.2,0.5700877125495704,51.125,0.5690901829796758,47.25,2.6630502689014866,42.56725,3.665555403973029,1,1,0,1.5
2018-04-03,52.5,8.100000000000002e-05,33.75,55.5,52.5,54.0,52.0,14.409390289046513,51.4,0.8215838362577506,51.25,0.6908492797079225,47.395,2.7479537841823998,42.62975,3.7276034627324264,1,1,0,1.5
2018-04-04,53.0,0.00024,33.75,55.5,52.5,54.0,52.5,14.005718435819807,51.8,1.0368220676663877,51.416666666666664,0.8483495563134502,47.555,2.8371128253341995,42.694750000000006,3.794264375111347,1,1,0,1.5
2018-04-05,53.5,0.0002339999999999,33.75,55.5,53.0,55.0,53.0,13.451668563394815,52.4,0.96176920308357,51.625,1.025249415331049,47.74,2.9176451225649056,42.7635,3.8645590737066953,1,1,0,2.0
2018-04-06,54.0,0.000153,33.75,55.5,53.5,55.0,53.5,12.840798556359703,53.0,0.7905694150420984,51.791666666666664,1.2332207155791919,47.96,2.9672360532860567,42.83975,3.9347801605754547,1,1,0,1.5
2018-04-09,54.0,0.000155,33.75,55.5,54.0,54.5,54.0,12.74110588624638,53.4,0.6519202405202695,52.125,1.2454462508019915,48.175,3.0081733897598624,42.9185,3.9995361225994452,1,1,0,0.5
2018-04-10,54.0,0.0,33.75,55.5,53.5,54.5,54.0,12.947536068452541,53.7,0.44721359549996487,52.375,1.2990381056768168,48.38,3.049439560420114,42.99850000000001,4.060218543762575,1,1,0,1.0
2018-04-11,54.0,7.900000000000001e-05,33.75,55.5,53.0,54.5,54.0,14.237243294445841,53.9,0.22360679774999148,52.583333333333336,1.3455876265061695,48.58,3.084043860034153,43.079750000000004,4.116858029819143,1,1,0,1.5
2018-04-12,53.0,0.000156,33.75,55.5,53.0,55.0,54.0,13.429849547739444,53.8,0.44721359549995715,52.708333333333336,1.3048568945106516,48.745,3.095623144548332,43.15975,4.153416882096033,1,1,0,2.0
2018-04-13,52.5,0.000159,33.75,55.5,52.0,53.5,53.0,14.153482383924858,53.5,0.7071067811865469,52.833333333333336,1.1934162828799142,48.89,3.098370210156579,43.242250000000006,4.174305519526533,1,1,0,1.5
2018-04-16,51.5,0.000161,33.75,55.5,51.5,53.0,52.5,14.385755936809733,53.0,1.060660171779821,52.916666666666664,1.0408329997333066,49.01,3.0805346739735042,43.314750000000004,4.19122916901881,1,1,0,1.5
2018-04-17,51.5,0.000246,33.75,55.5,51.0,52.5,51.5,14.062996221426362,52.5,1.060660171779821,52.958333333333336,0.964325796826337,49.125,3.06363213143104,43.384750000000004,4.210492390248395,1,1,0,1.5
2018-04-18,51.5,8.4e-05,33.75,55.5,51.5,52.0,51.5,14.318465892090684,52.0,0.7071067811865469,52.916666666666664,1.0187633620617145,49.23,3.053034622824518,43.454750000000004,4.2285034164836635,1,1,0,0.5
2018-04-19,51.5,8.5e-05,33.75,55.5,51.5,52.5,51.5,13.848656123954774,51.7,0.44721359549995715,52.833333333333336,1.0940611029417795,49.335,3.0387002121949775,43.523500000000006,4.247023521711151,1,1,0,1.0
2018-04-20,52.0,8.5e-05,33.75,55.5,51.5,53.0,51.5,13.28005236147215,51.6,0.22360679774997858,52.75,1.118033988750106,49.47,3.0032465426468584,43.594750000000005,4.269152521726857,1,1,0,1.5
2018-04-23,52.5,0.000172,33.75,55.5,52.0,53.5,52.0,14.56890628963493,51.8,0.44721359549995837,52.666666666666664,1.0940611029417666,49.61,2.9774492576086944,43.672250000000005,4.289474372163235,1,1,0,1.5
2018-04-24,53.0,8.800000000000001e-05,33.75,55.5,52.5,54.0,52.5,15.554589982236843,52.1,0.6519202405202651,52.583333333333336,1.0187633620616865,49.765,2.947417582930038,43.749750000000006,4.317329511172171,1,1,0,1.5
2018-04-25,52.0,8.800000000000001e-05,33.75,55.5,51.5,53.0,53.0,15.276773467264663,52.2,0.5700877125495691,52.416666666666664,0.9252354327742849,49.9,2.890431081471508,43.821000000000005,4.335364567097695,1,1,0,1.5
2018-04-26,51.0,8.800000000000001e-05,33.75,55.5,50.0,52.0,52.0,13.122365377402328,52.1,0.7416198487095663,52.166666666666664,0.8616404368555401,50.015,2.815051563670599,43.88725,4.343356844757574,1,1,0,2.0
2018-04-27,49.5,0.0,33.75,55.5,49.0,50.5,51.0,13.292107839753712,51.6,1.387443692551161,51.791666666666664,0.964325796826226,50.095,2.7399584757768527,43.944750000000006,4.341147630667982,1,1,0,1.5
2018-04-30,50.0,0.0,33.75,55.5,49.25,51.5,49.5,14.382528028594821,51.1,1.431782106327636,51.541666666666664,1.0103629710819666,50.185,2.6586449287455935,44.006,4.339724072464006,1,1,0,2.25
2018-05-02,47.75,0.000354,33.75,55.5,47.75,49.5,50.0,14.079643257827726,50.05,1.6046806535881213,51.145833333333336,1.4399271340992654,50.23,2.5960330805103076,44.056000000000004,4.324865466870689,0,1,0,1.75
2018-05-03,47.5,9.2e-05,33.75,55.5,47.5,48.0,47.75,14.998403025070248,49.15,1.4958275301651582,50.8125,1.7745838180465974,50.27,2.536388240416722,44.10475,4.308346455824443,0,1,0,0.5
2018-05-04,47.75,0.000556,33.75,55.5,47.5,48.0,47.5,14.10099095851421,48.5,1.1592023119369617,50.5,1.9627207461258418,50.315,2.4690998525038292,44.1535,4.294060728225254,0,1,0,0.5
2018-05-07,48.25,0.0,33.75,55.5,47.75,50.0,47.75,13.50572056306414,48.25,1.0155048005794935,50.229166666666664,2.035085248754207,50.37,2.388984072353969,44.204750000000004,4.281397759068263,0,1,0,2.25
2018-05-08,48.75,8.800000000000001e-05,33.75,55.5,48.25,49.5,48.25,14.593183153068162,48.0,0.4999999999999969,50.0,2.0338052110179072,50.44,2.2849105729836277,44.25475,4.275763170587531,0,1,0,1.25
2018-05-09,49.5,0.000265,33.75,55.5,49.0,50.0,48.75,12.81692729780043,48.35,0.8023403267940584,49.791666666666664,1.9360025982952558,50.52,2.1758413807737593,44.306000000000004,4.276902908935422,0,1,0,1.0
2018-05-10,49.75,0.000345,33.75,55.5,49.5,50.0,49.5,12.956074999512895,48.8,0.8366600265340737,49.5625,1.7390076846502454,50.605,2.0554122184507984,44.356,4.281823098310356,0,1,0,0.5
2018-05-11,50.0,8.9e-05,33.75,55.5,49.75,52.0,49.75,14.647027843177263,49.25,0.728868986855661,49.3125,1.3780956887214184,50.685,1.9475324523773516,44.407250000000005,4.287753970091821,0,1,0,2.25
2018-05-14,50.0,0.00018,33.75,55.5,49.75,51.5,50.0,12.7896867284182,49.6,0.5184110338331908,49.145833333333336,1.1203608049789746,50.74,1.8864176177541219,44.461000000000006,4.290158071843625,0,1,0,1.75
2018-05-15,50.0,0.0,33.75,55.5,50.0,50.5,50.0,13.974223102361051,49.85,0.2236067977499726,49.0625,1.0007099752402,50.785,1.8398993428550474,44.51225,4.294818361852397,0,1,0,0.5
2018-05-16,50.5,0.000459,33.75,55.5,50.0,51.5,50.0,14.41473214973121,50.05,0.2738612787525783,49.145833333333336,1.0790269887375592,50.84,1.787684627257365,44.566,4.302181169368431,0,1,0,1.5
2018-05-17,50.5,0.000175,33.75,55.5,50.0,51.5,50.5,14.465594171055457,50.2,0.2738612787525783,49.1875,1.1237366643964686,50.89,1.740982598467012,44.61975,4.308857587113796,0,1,0,1.5
2018-05-18,49.75,8.6e-05,33.75,55.5,49.0,50.5,50.5,14.577857721895358,50.15,0.3354101966249641,49.354166666666664,1.0360454389238882,50.91,1.7215323027435283,44.67100000000001,4.308614020061129,0,1,0,1.5
2018-05-21,48.0,8.5e-05,33.75,55.5,47.75,50.5,49.75,14.05916315367001,49.75,1.0307764064044138,49.395833333333336,0.9621137556379326,50.885,1.7548838556840334,44.712250000000004,4.300749313875665,0,1,0,2.75
2018-05-22,47.5,8.6e-05,33.75,55.5,47.25,48.25,48.0,13.922121191898533,49.25,1.414213562373094,49.375,1.0028368851322047,50.87,1.7808791683453946,44.749750000000006,4.292143979083637,0,1,0,1.0
2018-05-23,46.75,8.5e-05,33.75,55.5,46.75,47.5,47.5,15.654185578229145,48.5,1.571225636247066,49.25,1.224744871391517,50.83,1.850565274919095,44.7785,4.286154260138863,0,1,0,0.75
2018-05-24,46.75,0.0,33.75,55.5,46.5,47.0,46.75,14.606238520377719,47.75,1.237436867076457,49.083333333333336,1.4195603245904385,50.78,1.9263479245796469,44.8085,4.2788075112805615,0,1,0,0.5
2018-05-25,46.25,0.0,33.75,55.5,46.0,47.0,46.75,13.236943065595103,47.05,0.693721846275578,48.8125,1.6276202650718248,50.705,2.027672084345584,44.84225000000001,4.263318173293151,0,1,0,1.0
2018-05-28,46.75,8.6e-05,33.75,55.5,46.0,47.0,46.25,13.10846930019637,46.8,0.44721359549995315,48.5625,1.69934813705397,50.62,2.1027435916551083,44.8785,4.248462654257549,0,1,0,1.0
2018-05-29,46.75,8.7e-05,33.75,55.5,46.5,49.0,46.75,13.311331132544721,46.65,0.22360679774996814,48.291666666666664,1.708379526352463,50.535,2.1718338437596234,44.90975,4.239070183139922,0,1,0,2.5
2018-05-30,46.25,8.800000000000001e-05,33.75,55.5,46.0,47.0,46.75,14.583719291589397,46.55,0.27386127875257366,47.979166666666664,1.7104569210557405,50.44,2.253432755525495,44.938500000000005,4.228497808748511,0,1,0,1.0
2018-05-31,46.0,0.0,33.75,55.5,45.75,46.75,46.25,15.626141011493587,46.4,0.33541019662496024,47.645833333333336,1.67011952938219,50.32,2.327212574594061,44.961000000000006,4.22207693775702,0,1,0,1.0
2018-06-04,46.25,8.800000000000001e-05,33.75,55.5,45.5,47.25,46.0,13.47288080267559,46.4,0.33541019662496024,47.291666666666664,1.445342572373288,50.245,2.3971124210569403,44.97975,4.219418788418411,0,1,0,1.75
2018-06-05,47.5,8.800000000000001e-05,33.75,55.5,47.0,48.0,46.25,15.025575070104614,46.55,0.5968668193156621,47.041666666666664,1.0435588874206334,50.175,2.4255495905728943,45.00475,4.2194649375595565,0,1,0,1.0
2018-06-06,48.75,0.000261,33.75,55.5,47.75,49.25,47.5,14.776927989805158,46.95,1.1645814698852088,46.958333333333336,0.8245751890662648,50.12,2.426070140480779,45.031000000000006,4.226381490413584,0,1,0,1.5
2018-06-07,48.75,8.5e-05,33.75,55.5,48.0,49.5,48.75,15.514259052189749,47.45,1.3157697366940735,47.020833333333336,0.9321183921418631,50.065,2.425318199195471,45.048500000000004,4.234531145250735,0,1,0,1.5
2018-06-08,48.5,8.5e-05,33.75,55.5,48.0,49.25,48.75,13.06959742023368,47.95,1.081087415521978,47.104166666666664,1.0194602701546018,50.015,2.4314111548817627,45.064750000000004,4.241538421185166,0,1,0,1.25
2018-06-11,49.0,0.000169,33.75,55.5,48.5,49.25,48.5,14.358823313585676,48.5,0.5863019699779188,47.291666666666664,1.1472958985315713,49.985,2.434556700208983,45.086000000000006,4.250590145251899,0,1,0,0.75
2018-06-12,48.75,0.0,33.75,55.5,48.5,50.0,49.0,13.355379632796451,48.75,0.17677669529660422,47.458333333333336,1.205259936756812,49.94,2.4362064856695076,45.109750000000005,4.257755848073846,0,1,0,1.5
2018-06-13,48.5,0.0,33.75,55.5,48.5,49.0,48.75,13.205418773141638,48.7,0.20916500663349172,47.645833333333336,1.174822681655785,49.87,2.426070140480788,45.132250000000006,4.263747783736108,0,1,0,0.5
2018-06-14,48.5,0.0,33.75,55.5,48.5,49.0,48.5,14.747635661857167,48.65,0.2236067977499535,47.791666666666664,1.162057996779151,49.79,2.403420182038597,45.1535,4.269914942722916,0,1,0,0.5
2018-06-18,48.75,8.3e-05,33.75,55.5,48.75,49.25,48.5,13.416674926236116,48.7,0.20916500663349172,47.958333333333336,1.1423328072080667,49.705,2.3623805444374497,45.173500000000004,4.277376826112098,0,1,0,0.5
2018-06-19,48.75,0.000504,33.75,55.5,48.5,49.5,48.75,14.451505736428421,48.65,0.13693063937625116,48.166666666666664,1.0243253507758596,49.61,2.30137492178353,45.19225,4.284825091860482,0,1,0,1.0
2018-06-20,48.5,0.000354,33.75,55.5,48.5,49.0,48.75,13.108672077845291,48.6,0.13693063937625116,48.375,0.7650014854410279,49.5,2.2171640278816844,45.2085,4.2912031965836634,0,1,0,0.5
2018-06-21,48.5,0.0,33.75,55.5,48.5,48.75,48.5,14.245668929069103,48.6,0.13693063937625116,48.5625,0.37119279479649725,49.39,2.12382020069965,45.2235,4.2974659764905025,0,1,0,0.25
2018-06-22,48.25,0.000367,33.75,55.5,47.75,48.75,48.5,13.277144144399255,48.55,0.20916500663349172,48.625,0.19943100880375536,49.275,2.022355920551503,45.2385,4.302791281722639,0,1,0,1.0
2018-06-25,47.5,8.800000000000001e-05,33.75,55.5,47.5,48.5,48.25,13.504902345124338,48.3,0.4808846015417709,48.520833333333336,0.37626050775586883,49.145,1.918684976961646,45.249750000000006,4.305761879658419,0,1,0,1.0
2018-06-26,46.75,0.000175,33.75,55.5,46.25,47.75,47.5,14.452299533843268,47.9,0.7623975340988367,48.354166666666664,0.6257571171762005,49.02,1.8652569993090486,45.257250000000006,4.307068508064832,0,1,0,1.5
2018-06-27,46.5,0.000172,33.75,55.5,46.0,48.25,46.75,15.022618741846587,47.5,0.8838834764831768,48.1875,0.8196798155375459,48.9,1.8294640678385117,45.26475000000001,4.307924209228884,0,1,0,2.25
2018-06-28,45.75,8.5e-05,33.75,55.5,45.75,46.5,46.5,14.985885523109909,46.95,0.9585144756340342,47.916666666666664,1.0353596944875276,48.785,1.843362333856153,45.274750000000004,4.306711478179076,0,1,0,0.75
2018-06-29,46.25,8.4e-05,33.75,55.5,46.0,46.5,45.75,14.228679912007927,46.55,0.6471089552772303,47.708333333333336,1.1018235573424255,48.68,1.8350610288472444,45.298500000000004,4.298880624431617,0,1,0,0.5
2018-07-02,45.5,0.000169,33.75,55.5,45.25,46.25,46.25,14.557638836845518,46.15,0.5184110338331809,47.458333333333336,1.237819441476213,48.56,1.8430509311182826,45.31725,4.291497371073137,0,1,0,1.0
2018-07-03,45.25,0.000345,33.75,55.5,45.25,46.0,45.5,14.713800645994413,45.85,0.5184110338331809,47.1875,1.340475661845249,48.435,1.8515093126138986,45.3335,4.285021563422169,0,1,0,0.75
2018-07-04,45.25,0.000179,33.75,55.5,45.0,45.5,45.25,14.297937324492327,45.6,0.41833001326702324,46.895833333333336,1.350329645499406,48.3,1.832250762626392,45.3485,4.279420515647736,0,1,0,0.5
2018-07-05,45.5,0.000175,33.75,55.5,45.25,46.25,45.25,15.408026294615679,45.55,0.4107919181288598,46.625,1.268051475869135,48.16,1.7711981416953386,45.36475,4.273762413063526,0,1,0,1.0
2018-07-06,46.25,8.6e-05,33.75,55.5,45.5,47.0,45.5,13.399390385736778,45.55,0.4107919181288598,46.4375,1.1237366643962452,48.025,1.647702482060989,45.386,4.26750948281637,0,1,0,1.5
2018-07-09,47.5,8.7e-05,33.75,55.5,46.5,48.25,46.25,14.38218764187819,45.95,0.9585144756340337,46.354166666666664,0.9854529031068489,47.935,1.5459047281684708,45.413500000000006,4.263299351063905,0,1,0,1.75
2018-07-10,48.75,0.0,33.75,55.5,48.0,49.25,47.5,15.180785807170514,46.65,1.4641550464346278,46.395833333333336,1.0790269887373263,47.89,1.4864695882314265,45.447250000000004,4.26285875455715,0,1,0,1.25
2018-07-11,48.0,0.000172,33.75,55.5,47.5,48.75,48.75,14.585619242623203,47.2,1.3157697366940717,46.4375,1.1338039352708527,47.86,1.4683393368583038,45.477250000000005,4.259588053960762,0,1,0,1.25
2018-07-12,47.75,0.0,33.75,55.5,47.5,48.0,48.0,12.228328144428588,47.65,0.9117291264405154,46.520833333333336,1.1940112557204825,47.815,1.4355277064273588,45.506,4.255403186703351,0,1,0,0.5
2018-07-13,47.5,8.800000000000001e-05,33.75,55.5,47.5,48.0,47.75,11.418625774449598,47.9,0.5184110338331793,46.604166666666664,1.226869322027686,47.81,1.4361939497250074,45.53475,4.249319181354011,1,1,0,0.5
2018-07-16,47.5,0.0,33.75,55.5,47.25,48.0,47.5,14.99573386232928,47.9,0.5184110338331793,46.75,1.220096866496973,47.81,1.4361939497250074,45.562250000000006,4.244122443340713,1,1,0,0.75
2018-07-17,47.5,0.000177,33.75,55.5,47.5,48.0,47.5,14.169542712810234,47.65,0.2236067977499463,46.854166666666664,1.2268693220277052,47.805,1.4368421298544516,45.586000000000006,4.241595769679712,0,1,0,0.5
2018-07-18,48.0,8.7e-05,33.75,55.5,47.5,48.25,47.5,14.910282481862419,47.65,0.2236067977499463,47.0625,1.1876495121187003,47.8,1.4356965173037606,45.611000000000004,4.241012252354515,0,1,0,0.75
2018-07-19,48.25,8.6e-05,33.75,55.5,48.0,48.75,48.0,13.837762144893725,47.75,0.353553390593253,47.3125,1.0825317547303017,47.79,1.4306770196994527,45.63725,4.241017695431466,0,1,0,0.75
2018-07-20,48.25,0.000256,33.75,55.5,47.5,48.75,48.25,13.520066438618562,47.9,0.3791437722025584,47.5625,0.8926785535675811,47.765,1.4109719475372036,45.666000000000004,4.239132603036693,1,1,0,1.25
2018-07-23,47.5,0.0,33.75,55.5,47.0,48.25,48.25,14.36744031244636,47.9,0.3791437722025584,47.729166666666664,0.6166103577891556,47.72,1.381953659993558,45.694750000000006,4.231932917543822,1,1,0,1.25
2018-07-24,47.5,0.0,33.75,55.5,47.25,48.0,47.5,13.663874547038564,47.9,0.3791437722025584,47.833333333333336,0.41742355496782846,47.67,1.3424391446710386,45.72475,4.223305159451214,1,1,0,0.75
2018-07-25,47.5,8.800000000000001e-05,33.75,55.5,47.5,48.0,47.5,13.605777926909,47.8,0.41079191812885657,47.833333333333336,0.41742355496782846,47.62,1.2997644998630726,45.756,4.213139175073701,1,1,0,0.5
2018-07-26,47.5,8.7e-05,33.75,55.5,47.5,48.0,47.5,13.877546888732908,47.65,0.3354101966249457,47.729166666666664,0.31002810234228856,47.57,1.2536070406021056,45.788500000000006,4.20132101144438,1,1,0,0.5
2018-07-27,47.25,0.0,33.75,55.5,47.25,47.75,47.5,14.319312171022725,47.45,0.11180339887499027,47.666666666666664,0.3256694736387348,47.505,1.1807231440348012,45.819750000000006,4.188749880969813,0,1,0,0.5
2018-07-30,47.25,8.800000000000001e-05,33.75,55.5,47.25,47.75,47.25,14.67463859363637,47.4,0.1369306393762921,47.625,0.34542463985317906,47.44,1.0991183851124,45.853500000000004,4.17283482808876,0,1,0,0.5
2018-07-31,46.75,8.800000000000001e-05,33.75,55.5,46.5,47.5,47.25,12.977108677417966,47.25,0.30618621784789746,47.5625,0.4280638227684526,47.38,1.0512868693344166,45.886,4.1542439400648865,0,1,0,1.0
2018-08-01,47.25,8.9e-05,33.75,55.5,47.0,47.5,46.75,13.167720990438283,47.2,0.2738612787525832,47.541666666666664,0.43736469769218905,47.365,1.0476041665620783,45.922250000000005,4.13420800354565,0,1,0,0.5
2018-08-02,47.75,9e-05,33.75,55.5,47.25,48.0,47.25,14.273062612101857,47.25,0.35355339059327423,47.5625,0.4411374759944769,47.37,1.0488574930936205,45.9635,4.110898952905923,0,1,0,0.75
2018-08-03,48.0,0.0,33.75,55.5,47.75,48.25,47.75,13.58710443357131,47.4,0.48733971724044883,47.5625,0.4411374759944769,47.395,1.0486750629996908,46.008500000000005,4.0834575887836735,1,1,0,0.5
2018-08-06,48.5,0.0,33.75,55.5,48.0,49.0,48.0,14.19716168403983,47.65,0.6754628043053156,47.583333333333336,0.48068763876358905,47.43,1.055887285265795,46.062250000000006,4.044772970068279,1,1,0,1.0
2018-08-07,48.75,0.0,33.75,55.5,48.25,49.25,48.5,13.455689240809164,48.05,0.5968668193156679,47.625,0.559016994374515,47.48,1.0580594481978103,46.118500000000004,4.003112200080101,1,1,0,1.0
2018-08-08,49.75,0.000268,33.75,55.5,49.25,50.0,48.75,15.06618592035413,48.55,0.7786205751198744,47.8125,0.826582504268744,47.54,1.1000463812124477,46.18225,3.9584427217537224,1,1,0,0.75
2018-08-09,50.0,0.0,33.75,55.5,49.5,50.5,49.75,14.171295806241169,49.0,0.8477912478906612,48.020833333333336,1.0305467069236136,47.605,1.147412795140111,46.24725,3.9133844465668264,1,1,0,1.0
2018-08-10,51.0,0.000174,33.75,55.5,50.0,51.5,50.0,14.731241533203912,49.6,1.0093314619093194,48.3125,1.323412427984979,47.7,1.2268260026664624,46.31725,3.8721385852802417,1,1,0,1.5
2018-08-13,50.5,8.800000000000001e-05,33.75,55.5,50.0,52.0,51.0,15.197194557681764,50.0,0.8477912478906605,48.5625,1.4346562781249474,47.79,1.264063741612491,46.38725,3.8199653945521375,1,1,0,2.0
2018-08-14,50.0,8.800000000000001e-05,33.75,55.5,49.5,50.5,50.5,14.304949712818884,50.25,0.5000000000000033,48.791666666666664,1.4255514616094023,47.865,1.2819488512203092,46.454750000000004,3.763229920516596,1,1,0,1.0
2018-08-15,49.5,8.7e-05,33.75,55.5,49.25,51.0,50.0,14.127983530858945,50.2,0.5700877125495725,48.979166666666664,1.3503296454995426,47.905,1.3013827026581062,46.5185,3.7055550788254425,1,1,0,1.75
2018-08-16,49.0,8.6e-05,33.75,55.5,48.75,50.0,49.5,13.409496799374956,50.0,0.7905694150420972,49.166666666666664,1.1547005383791669,47.91,1.3051702524028455,46.572250000000004,3.6627340253148306,1,1,0,1.25
2018-08-17,49.5,8.7e-05,33.75,55.5,48.75,50.0,49.0,12.128116509451258,49.7,0.5700877125495725,49.354166666666664,0.9854529031071272,47.925,1.319254969091112,46.627250000000004,3.6232873185079164,1,1,0,1.25
2018-08-20,49.0,0.0,33.75,55.5,49.0,49.5,49.5,13.89957685245267,49.4,0.4183300132670431,49.458333333333336,0.8583370108775952,47.935,1.3255822748321358,46.681000000000004,3.5778406502513413,1,1,0,0.5
2018-08-22,48.25,0.0,33.75,55.5,48.0,50.0,49.0,12.82638296880441,49.05,0.5123475382979833,49.479166666666664,0.821987152446888,47.92,1.3175038241055759,46.73225,3.5259016363540554,1,1,0,2.0
2018-08-23,47.75,0.0,33.75,55.5,47.75,48.5,48.25,14.27955961890424,48.7,0.6937218462755832,49.416666666666664,0.9252354327739829,47.9,1.3122266479204006,46.774750000000004,3.486265217007243,1,1,0,0.75
2018-08-24,48.0,0.0,33.75,55.5,47.75,48.5,47.75,12.739054008205294,48.5,0.7288689868556655,49.354166666666664,0.9969175978833654,47.89,1.3094632020615276,46.80975,3.4630595351825937,1,1,0,0.75
2018-08-27,47.5,0.0,33.75,55.5,47.25,48.5,48.0,12.952288917815846,48.1,0.5755432216610709,49.166666666666664,1.1197266982561807,47.87,1.3075916481721497,46.83975,3.442759854327751,1,1,0,1.25
2018-08-28,47.0,0.000259,33.75,55.5,47.0,47.5,47.5,14.084469185592939,47.7,0.48088460154178936,48.916666666666664,1.244685672867728,47.835,1.30697696058975,46.868500000000004,3.4197780864848517,0,1,0,0.5
2018-08-29,47.0,0.0,33.75,55.5,46.75,47.25,47.0,14.19545339274209,47.45,0.4472135954999651,48.583333333333336,1.169369164303536,47.8,1.30540477732207,46.899750000000004,3.392029889513764,0,1,0,0.5
2018-08-30,46.5,8.4e-05,33.75,55.5,46.0,47.0,47.0,13.105626087158386,47.2,0.5700877125495754,48.25,1.1431614854506933,47.76,1.3141304256094337,46.92850000000001,3.363895317714374,0,1,0,1.0
2018-08-31,45.0,0.000424,33.75,55.5,44.75,47.0,46.5,14.583255340789552,46.6,0.9617692030835717,47.833333333333336,1.341358424971497,47.69,1.366098272379464,46.9485,3.3402784390300804,0,1,0,2.25
2018-09-03,45.0,0.000177,33.75,55.5,44.0,46.5,45.0,15.399753936866759,46.1,1.0246950765959646,47.458333333333336,1.4570882130487488,47.625,1.4153405157461052,46.971000000000004,3.311656586473247,0,1,0,2.5
2018-09-04,44.5,0.00018,33.75,55.5,43.5,46.5,45.0,14.618812194864102,45.6,1.0839741694339449,47.083333333333336,1.5966347184756766,47.565,1.4827322408180916,46.99475,3.276455514913029,0,1,0,3.0
2018-09-05,44.5,0.000177,33.75,55.5,44.25,45.0,44.5,13.481576497447065,45.1,0.8215838362577561,46.666666666666664,1.5606428356947908,47.52,1.5409710694029772,47.01975,3.2378295412496514,0,0,0,0.75
2018-09-06,43.5,0.0,33.75,55.5,43.0,44.5,44.5,14.197025128076595,44.5,0.6123724356958044,46.208333333333336,1.6196005867513787,47.46,1.6369147185851305,47.03475,3.2143373751528483,0,0,0,1.5
2018-09-07,42.75,9e-05,33.75,55.5,42.5,43.5,43.5,13.759893191394909,44.05,0.9082951062292535,45.75,1.7613269790904829,47.4,1.7518212097764672,47.04475,3.1977551701371185,0,0,0,1.0
2018-09-10,42.5,9.1e-05,33.75,55.5,42.5,43.0,42.75,11.283524879179666,43.55,0.9420721840708434,45.3125,1.8681693762025515,47.325,1.8778040257667894,47.05225,3.1852411594283665,0,0,0,0.5
2018-09-11,42.0,9.2e-05,33.75,55.5,41.5,43.0,42.5,14.875590243343865,43.05,0.9746794344809001,44.8125,1.8863294082324995,47.255,2.0079497615478967,47.051,3.1871836624974144,0,0,0,1.5
2018-09-12,41.5,0.0,33.75,55.5,41.25,42.0,42.0,12.976414636196449,42.45,0.7582875444051596,44.3125,1.9043162695688216,47.18,2.1494185260210044,47.04225,3.200047492973253,0,0,0,0.75
2018-09-13,40.75,0.000278,33.75,55.5,40.5,42.0,41.5,14.34749142324301,41.9,0.8023403267940652,43.791666666666664,1.9564384772209154,47.09,2.3193727160421385,47.02725,3.2225095463597744,0,0,0,1.5
2018-09-14,41.25,9.5e-05,33.75,55.5,40.75,43.25,40.75,16.008057657381435,41.6,0.67546280430532,43.3125,1.796856472236192,47.005,2.4528669190258388,47.017250000000004,3.237358861710493,0,0,0,2.5
2018-09-17,41.0,0.0,33.75,55.5,41.0,42.0,41.25,13.13587370059213,41.3,0.4808846015417911,42.854166666666664,1.6006331607055881,46.9,2.5941456853340057,47.008500000000005,3.251285443509052,0,0,0,1.0
2018-09-18,41.0,9.399999999999998e-05,33.75,55.5,40.75,42.5,41.0,14.986412810066408,41.1,0.28504385627479606,42.520833333333336,1.5279901138023064,46.77,2.7231247057870243,47.0035,3.2597843055317233,0,0,0,1.75
2018-09-19,40.25,9.3e-05,33.75,55.5,38.75,41.5,41.0,13.758200250236092,40.85,0.3791437722025868,42.125,1.4400915374941874,46.6,2.8589280137417736,46.996,3.2736282945767146,0,0,0,2.75
2018-09-20,38.75,0.00066,33.75,55.5,38.5,40.0,40.25,14.410273388296366,40.45,1.0216408370851318,41.645833333333336,1.5317040916055176,46.415,3.0587821039077103,46.98350000000001,3.30034302313407,0,0,0,1.5
2018-09-21,38.0,0.000303,33.75,55.5,37.0,40.0,38.75,15.04955688640865,39.8,1.362442659343874,41.104166666666664,1.579191152764056,46.22,3.2750759455289007,46.969750000000005,3.3320202931054186,0,0,0,3.0
2018-09-24,39.75,0.000417,33.75,55.5,39.0,41.75,38.0,15.004968834318118,39.55,1.1911129249571624,40.791666666666664,1.4255514616089768,46.065,3.394477056896742,46.9635,3.3444235068188957,0,0,0,2.75
2018-09-25,39.75,0.0001,33.75,55.5,39.5,40.0,39.75,14.415391019431171,39.3,0.9082951062292508,40.541666666666664,1.3092040144735395,45.91,3.5028268467581745,46.956,3.358950990829123,0,0,0,0.5
2018-09-26,40.75,0.0,33.75,55.5,40.25,41.5,39.75,14.671669471574374,39.4,1.054751155486452,40.395833333333336,1.1602230062539187,45.775,3.5697317397642134,46.94975,3.3693657511948163,0,0,0,1.25
2018-09-27,40.5,0.0,33.75,55.5,40.25,41.0,40.75,15.042692240544648,39.75,1.075290658380331,40.270833333333336,1.0469562666324033,45.625,3.6313719507784468,46.941,3.3838730745881413,0,0,0,0.75
2018-09-28,40.0,0.000101,33.75,55.5,40.0,40.75,40.5,14.79074958976503,40.15,0.45414755311463,40.145833333333336,0.9738532494752824,45.46,3.696509660946649,46.929750000000006,3.403231901350514,0,0,0,0.75
2018-10-01,40.5,0.000204,33.75,55.5,40.0,41.0,40.0,10.370392636243981,40.3,0.41079191812888194,40.125,0.9623597890782716,45.305,3.739369285462959,46.922250000000005,3.415780322790946,0,0,0,1.0
2018-10-02,40.0,0.000104,33.75,55.5,39.5,41.0,40.5,14.694265971608877,40.35,0.33541019662497845,40.020833333333336,0.8947976747769704,45.155,3.7994662621944113,46.91225,3.4331465031452244,0,0,0,1.5
2018-10-03,39.5,0.0,33.75,55.5,39.25,40.0,40.0,15.166644212937147,40.1,0.41833001326704633,39.895833333333336,0.8491863306959185,44.995,3.8665526754253974,46.898500000000006,3.4573347491727175,0,0,0,0.75
2018-10-04,39.0,0.000103,33.75,55.5,38.75,40.0,39.5,14.302679147743227,39.8,0.5700877125495748,39.729166666666664,0.8080443094651132,44.825,3.9403233318074613,46.883500000000005,3.4850906781852693,0,0,0,1.25
2018-10-05,38.75,0.000102,33.75,55.5,38.0,39.5,39.0,13.741757445917179,39.55,0.7158910531638216,39.604166666666664,0.8356974042758989,44.65,4.012734830054077,46.86975,3.511760204823058,0,0,0,1.5
2018-10-08,38.5,0.000101,33.75,55.5,38.0,39.25,38.75,12.604852121186608,39.15,0.6020797289396186,39.583333333333336,0.8616404368543541,44.475,4.087140735007508,46.851000000000006,3.546390195266647,0,0,0,1.25
2018-10-09,38.5,0.0,33.75,55.5,38.5,39.0,38.5,12.337105293891872,38.85,0.418330013267043,39.625,0.7869677133253363,44.3,4.152697672499926,46.831,3.582149911707734,0,0,0,0.5
2018-10-11,38.0,0.000204,33.75,55.5,37.0,39.25,38.5,15.198825735721103,38.55,0.37080992435478877,39.479166666666664,0.9136486129125829,44.125,4.2309748237476335,46.80725,3.624835458057087,0,0,0,2.25
2018-10-12,36.75,0.000417,33.75,55.5,35.75,38.0,38.0,14.279873935855239,38.1,0.8023403267940633,39.229166666666664,1.1987604077336582,43.915,4.332073665682594,46.77725,3.682945884675095,0,0,0,2.25
2018-10-15,36.0,0.0003259999999999,33.75,55.5,36.0,37.0,36.75,13.927231701868683,37.55,1.1236102527122132,38.833333333333336,1.4155521462616818,43.68,4.437215067023808,46.743500000000004,3.7503477560694645,0,0,0,1.0
2018-10-16,35.75,0.000562,33.75,55.5,35.5,36.75,36.0,14.667583144041863,37.0,1.2119199643540832,38.4375,1.5635223927802788,43.435,4.531018379020672,46.7085,3.8198243467728967,0,0,0,1.25
2018-10-17,35.75,0.000106,33.75,55.5,35.75,37.0,35.75,13.821692410877064,36.45,0.9585144756340424,38.083333333333336,1.6560266430291115,43.18,4.598424752465171,46.673500000000004,3.887742979851538,0,0,0,1.25
2018-10-18,36.75,0.000105,33.75,55.5,36.5,38.75,35.75,11.17606715383184,36.2,0.5123475382979837,37.770833333333336,1.5055138556967633,42.94,4.6149048677928635,46.6435,3.9409565389901267,0,0,0,2.25
2018-10-19,38.25,0.0,33.75,55.5,37.75,39.25,36.75,14.472823803756992,36.5,1.0606601717798234,37.625,1.3462912017828597,42.71,4.554757548600517,46.62350000000001,3.9733816275040748,0,0,0,1.5
2018-10-22,39.0,0.000106,33.75,55.5,38.25,39.5,38.25,12.057578437658945,37.1,1.4747881203752637,37.583333333333336,1.2895265750951843,42.49,4.460129493864906,46.606,3.9992573431176437,0,0,0,1.25
2018-10-23,38.75,0.0,33.75,55.5,38.75,39.5,39.0,14.431885219616658,37.7,1.3964240043768947,37.5625,1.2663700809068832,42.245,4.317291408052466,46.586000000000006,4.028532533300095,0,0,0,0.75
2018-10-24,38.75,0.000105,33.75,55.5,38.5,39.5,38.75,14.456891174267414,38.3,0.9082951062292477,37.5625,1.2663700809068832,42.01,4.1762692070553555,46.56625,4.057259569409606,0,0,0,1.0
2018-10-25,38.5,0.0,33.75,55.5,38.5,39.0,38.75,14.19832165744957,38.65,0.2850438562747875,37.5625,1.2663700809068832,41.78,4.041759063394735,46.545,4.088358272807333,0,0,0,0.5
2018-10-26,38.5,0.0,33.75,55.5,38.25,39.0,38.5,14.985295873186594,38.7,0.20916500663352383,37.5625,1.2663700809068832,41.56,3.9102038153469585,46.5225,4.120224508445867,0,0,0,0.75
2018-10-29,38.25,0.0,33.75,55.5,38.25,39.0,38.5,14.062761965566356,38.55,0.20916500663352383,37.583333333333336,1.2762397418924891,41.345,3.7863510246192926,46.4975,4.1552012269177645,0,0,0,0.75
2018-10-30,38.5,0.0,33.75,55.5,38.25,38.75,38.25,14.48128705560257,38.5,0.17677669529664222,37.729166666666664,1.2723382792982583,41.125,3.618704949316402,46.46875,4.190571606528783,0,0,0,0.5
2018-10-31,38.25,0.000106,33.75,55.5,38.25,38.5,38.5,14.450817268607485,38.4,0.13693063937629818,37.916666666666664,1.154700538378382,40.91,3.4570100328679847,46.43625,4.2289975810112495,0,0,0,0.25
2018-11-01,38.0,0.0,33.75,55.5,37.75,38.5,38.25,15.883815441633065,38.3,0.2091650066335225,38.104166666666664,0.9321183921411083,40.705,3.3138123122499437,46.4025,4.269265379947715,0,0,0,0.75
2018-11-02,38.0,0.000538,33.75,55.5,37.5,38.5,38.0,15.206568803745078,38.2,0.2091650066335225,38.291666666666664,0.5724085212062966,40.51,3.1747408700301425,46.36625,4.309688563582451,0,0,0,1.0
2018-11-05,38.0,0.000306,33.75,55.5,37.75,38.5,38.0,11.732871910985468,38.15,0.2236067977499823,38.395833333333336,0.3278430426349542,40.31,3.003637250850527,46.33,4.349432470342349,0,0,0,0.75
2018-11-06,37.5,0.000526,33.75,55.5,37.0,38.25,38.0,13.047857479934983,37.95,0.2738612787525862,38.333333333333336,0.41742355496605116,40.11,2.843790227345525,46.29125,4.393403682463453,0,0,0,1.25
2018-11-07,37.5,0.000111,33.75,55.5,37.5,38.0,37.5,11.930325731537252,37.8,0.2738612787525862,38.208333333333336,0.424174778154347,39.92,2.687100705981208,46.25375,4.436279558266531,0,0,0,0.5
2018-11-08,37.5,0.00022,33.75,55.5,37.5,38.0,37.5,13.788756847770786,37.7,0.2738612787525862,38.104166666666664,0.43246562308412706,39.73,2.5060335356167425,46.22,4.477088519120234,0,0,0,0.5
2018-11-09,37.75,0.00043,33.75,55.5,37.5,38.25,37.5,14.121377037334904,37.65,0.22360679774998354,38.020833333333336,0.39106982248521416,39.555,2.322411879658435,46.19375,4.511322822136059,0,0,0,0.75
2018-11-12,38.0,0.0,33.75,55.5,38.0,38.5,37.75,13.90233116675881,37.65,0.22360679774998354,37.979166666666664,0.3608439182407484,39.415,2.19496757449042,46.1675,4.54369558817357,0,0,0,0.5
2018-11-13,38.0,0.0,33.75,55.5,38.0,38.5,38.0,13.135676365016424,37.75,0.2500000000000042,37.9375,0.32201425716290244,39.275,2.04991911239202,46.13875,4.577137410200541,0,0,0,0.5
2018-11-14,38.0,0.000103,33.75,55.5,38.0,38.5,38.0,14.708410239847849,37.85,0.22360679774998354,37.916666666666664,0.3077287274450657,39.145,1.9133593174190218,46.10875,4.610765307527975,0,0,0,0.5
2018-11-15,38.75,0.000104,33.75,55.5,38.5,39.5,38.0,14.41949914883156,38.1,0.3791437722025796,37.9375,0.3555565419781339,39.03,1.7508307066271378,46.07875,4.639083033797776,0,0,0,1.0
2018-11-16,39.0,0.0,33.75,55.5,39.0,39.75,38.75,15.444162885515999,38.35,0.4873397172404494,38.0,0.4646601886401476,38.94,1.6276939992225894,46.0475,4.66566833961378,0,0,0,0.75
2018-11-19,39.0,0.000105,33.75,55.5,39.0,39.5,39.0,14.102192880832941,38.55,0.5123475382979813,38.083333333333336,0.5470305514689717,38.865,1.532147019642408,46.015,4.692065364733605,0,0,0,0.5
2018-11-20,39.0,0.0,33.75,55.5,38.75,39.5,39.0,12.470361978939783,38.75,0.4330127018922215,38.166666666666664,0.6061552956316405,38.795,1.4398572066400912,45.98125,4.718184743507546,0,0,0,0.75
2018-11-21,38.75,0.000106,33.75,55.5,38.5,39.0,39.0,14.217436744804257,38.9,0.13693063937629818,38.229166666666664,0.6257571171748834,38.73,1.363556274705567,45.94375,4.745762292422464,1,0,0,0.5
2018-11-22,38.75,0.0,33.75,55.5,38.5,39.25,38.75,12.90842978392491,38.9,0.13693063937629818,38.333333333333336,0.5967081414382389,38.675,1.303693732032946,45.90625,4.772884407287134,1,0,0,0.75
2018-11-23,38.75,0.0,33.75,55.5,38.5,39.25,38.75,14.363632544508476,38.85,0.13693063937629818,38.4375,0.5448623679408325,38.635,1.268948222678906,45.87375,4.799431858912024,1,0,0,0.75
2018-11-26,38.75,0.0,33.75,55.5,38.5,40.0,38.75,15.366386931462179,38.8,0.11180339887499773,38.541666666666664,0.46261771638498866,38.585,1.211772609504804,45.84,4.825734510707901,1,0,0,1.5
2018-11-27,39.25,0.0,33.75,55.5,39.0,39.5,38.75,12.002124919798158,38.85,0.22360679774997858,38.666666666666664,0.4308202184254971,38.55,1.1649647450228207,45.81,4.848019333427256,1,0,0,0.5
2018-11-28,39.25,0.0,33.75,55.5,39.0,40.0,39.25,14.305807502922464,38.95,0.27386127875258215,38.770833333333336,0.4053384294912003,38.515,1.1150752697222233,45.78,4.8700164580323095,1,0,0,1.0
2018-11-29,39.25,0.0,33.75,55.5,39.25,39.5,39.25,12.348010479804223,39.05,0.27386127875258215,38.875,0.34542463985122634,38.495,1.092051523791565,45.75,4.891729765686218,1,0,0,0.25
2018-11-30,39.5,0.0,33.75,55.5,39.25,39.75,39.25,15.098858431758336,39.2,0.27386127875258215,39.0,0.2611164839300792,38.51,1.100741864864082,45.72,4.911628597256206,1,0,0,0.5
2018-12-03,39.8,0.0,33.75,55.5,39.8,40.0,39.5,14.659832996169937,39.410000000000004,0.24341322889275943,39.0875,0.33515600166601395,38.546,1.1130872676072399,45.6915,4.929416648292204,1,0,0,0.20000000000000284
2018-12-04,40.0,6.3e-05,33.75,55.5,39.9,41.0,39.8,14.063542605121503,39.56,0.33429029300893615,39.170833333333334,0.42397380564960124,38.551,1.1191510083965723,45.663999999999994,4.945804678674242,1,0,0,1.1000000000000014
2018-12-05,40.55,2.1e-05,33.75,55.5,40.0,42.0,40.0,13.345348516171933,39.82000000000001,0.4982469267341268,39.300000000000004,0.5760366149963216,38.567,1.1421252120512997,45.63924999999999,4.958997400036208,1,0,0,2.0
2018-12-06,40.05,0.000106,33.75,55.5,39.95,41.0,40.55,12.758810549239202,39.980000000000004,0.3850324661635756,39.387499999999996,0.6053267337097431,38.553,1.1188737960251813,45.611999999999995,4.974715567233207,1,0,0,1.0499999999999972
2018-12-07,39.95,0.000171,33.75,55.5,39.5,41.0,40.05,14.525072771651915,40.06999999999999,0.2841654447676692,39.487500000000004,0.5893467107338531,38.542,1.1019166974714985,45.58424999999999,4.990797001587353,1,0,0,1.5
2018-12-10,39.85,0.000152,33.75,55.5,39.6,40.0,39.95,13.829611668341386,40.08,0.2729468812791359,39.579166666666666,0.5483273463781999,38.539,1.0980636946708735,45.557249999999996,5.0071943153884435,1,0,0,0.3999999999999986
2018-12-11,39.7,0.000265,33.75,55.5,39.5,40.0,39.85,12.32163544049751,40.019999999999996,0.3232645975048993,39.65833333333334,0.48233962635243427,38.522999999999996,1.0744818400015084,45.52825,5.024294189036704,1,0,0,0.5
2018-12-13,39.6,4.5e-05,33.75,55.5,39.3,40.0,39.7,14.6344975642415,39.830000000000005,0.18234582528810625,39.729166666666664,0.3904882336311318,38.515,1.0647050947463068,45.49875,5.041751404384803,1,0,0,0.7000000000000028
2018-12-14,39.4,0.000339,33.75,55.5,39.0,39.5,39.6,14.14618099665765,39.7,0.21505813167606347,39.74166666666667,0.37588279926884327,38.513,1.062909464919509,45.46575,5.060020600738453,1,0,0,0.5
2018-12-17,39.45,4.4000000000000006e-05,33.75,55.5,39.1,39.6,39.4,12.587248476364008,39.60000000000001,0.18371173070873123,39.75833333333333,0.35600902269567425,38.522,1.0690048777132217,45.42674999999999,5.0762326213074775,1,0,0,0.5
2018-12-18,38.8,0.0,33.75,55.5,37.5,39.7,39.45,13.111506655903236,39.39,0.3507135583349969,39.72083333333334,0.43035837778720337,38.522999999999996,1.069245871957011,45.382,5.095063725985902,1,0,0,2.200000000000003
2018-12-19,38.0,4.3e-05,33.75,55.5,37.5,38.8,38.8,14.190310939188278,39.05,0.6614378277661407,39.59583333333334,0.6579784237031547,38.513,1.0718004116682414,45.33325,5.1188813886289966,1,0,0,1.2999999999999972
2018-12-20,38.05,0.000197,33.75,55.5,37.75,38.8,38.0,14.034968124375041,38.739999999999995,0.7012488859171101,39.449999999999996,0.7894186583683466,38.504,1.073799281971457,45.2835,5.141136466857531,1,0,0,1.0499999999999972
2018-12-21,37.95,6.7e-05,33.75,55.5,37.65,38.5,38.05,13.024973235978788,38.45,0.658596993615963,39.27916666666667,0.8765786624789516,38.503,1.0743013866653008,45.2295,5.161222806106071,0,0,0,0.8500000000000014
2018-12-24,37.7,0.000135,33.75,55.5,37.5,38.5,37.95,12.896969796671371,38.1,0.41382363393114596,39.041666666666664,0.8869850191748581,38.522,1.0508092119900887,45.171749999999996,5.18059186753676,0,0,0,1.0
2018-12-27,37.5,0.0,33.75,55.5,37.05,39.5,37.7,12.484465456074554,37.84,0.23291629397699473,38.82916666666667,0.9279641287466824,38.552,0.9973925188900917,45.117999999999995,5.204206937588503,0,0,0,2.450000000000003
2018-12-28,37.45,0.000111,33.75,55.5,37.25,37.5,37.5,13.283803425118396,37.730000000000004,0.26598872156536374,38.62083333333333,0.934066946532309,38.586,0.9263732222716717,45.061499999999995,5.225872315440219,0,0,0,0.25
2018-12-31,37.45,0.0002839999999999,33.75,55.5,37.4,38.0,37.45,13.831384891372048,37.61,0.21621748310434186,38.420833333333334,0.9033921763224001,38.62,0.8480469759822322,45.0025,5.244922766268221,0,0,0,0.6000000000000014
2019-01-02,37.1,2.3e-05,33.75,55.5,37.0,37.45,37.45,13.683693124244087,37.440000000000005,0.2162174831043387,38.204166666666666,0.8802009928856315,38.626999999999995,0.8336182506149455,44.937999999999995,5.2624469345249985,0,0,0,0.45000000000000284
2019-01-03,37.05,4.5e-05,33.75,55.5,37.0,37.5,37.1,13.719220998724438,37.31,0.2162174831043387,37.99166666666667,0.8182112789296708,38.602999999999994,0.8615014183858165,44.868249999999996,5.274131373622509,0,0,0,0.5
2019-01-04,37.35,0.0003839999999999,33.75,55.5,37.05,37.4,37.05,10.643064971973882,37.28,0.19235384061664912,37.82083333333333,0.7033873668731851,38.57,0.8774382936633771,44.8,5.282696699802918,0,0,0,0.3500000000000014
2019-01-07,37.35,7e-05,33.75,55.5,37.15,37.45,37.35,13.138829070775179,37.260000000000005,0.17464249196565854,37.645833333333336,0.4901105317490226,38.542,0.8937629690813929,44.73174999999999,5.290363329516183,0,0,0,0.30000000000000426
2019-01-08,37.4,0.000256,33.75,55.5,37.35,38.0,37.35,11.143324481431074,37.25,0.16201851746011797,37.52916666666666,0.33129109235949267,38.515,0.9076348497118175,44.65875,5.290297456038265,0,0,0,0.6499999999999986
2019-01-09,37.35,0.000136,33.75,55.5,37.3,37.5,37.4,13.817609353950322,37.3,0.14142135623721963,37.475,0.2988614759652555,38.492,0.9224722771140869,44.595499999999994,5.30172577857002,0,0,0,0.20000000000000284
2019-01-10,37.0,0.000314,33.75,55.5,36.75,37.4,37.35,14.869125829376623,37.29,0.16355427233788317,37.3875,0.26724605617929886,38.461999999999996,0.9462902863950808,44.525499999999994,5.309158177410231,0,0,0,0.6499999999999986
2019-01-11,36.9,0.000174,33.75,55.5,36.75,37.0,37.0,13.312985389904174,37.2,0.23184046238733985,37.3,0.23645103278905105,38.435,0.9713891798752691,44.4525,5.313150344467272,0,0,0,0.25
2019-01-14,36.75,4.3e-05,33.75,55.5,36.05,37.5,36.9,13.367661298303675,37.08,0.2841654447676134,37.22083333333333,0.24905122996969442,38.4,1.0001020356123138,44.37875,5.317203135428927,0,0,0,1.4500000000000028
2019-01-15,36.4,0.0,33.75,55.5,36.15,37.3,36.75,14.958682168635885,36.879999999999995,0.34749100707784714,37.12916666666667,0.32714907175384283,38.363,1.0392211565630012,44.305749999999996,5.3260575364811515,0,0,0,1.1499999999999986
2019-01-16,37.35,0.000128,33.75,55.5,36.4,37.9,36.4,14.728315621950378,36.88,0.34749100707784714,37.12083333333333,0.31941589683263943,38.35,1.0478841655894229,44.24,5.3303718746074535,0,0,0,1.5
2019-01-17,37.95,2.1e-05,33.75,55.5,37.75,39.9,37.35,15.148668084314556,37.07,0.598539890065798,37.1625,0.39087605568387407,38.349000000000004,1.0482487825928188,44.174749999999996,5.327078350867345,0,0,0,2.1499999999999986
2019-01-18,38.8,2.1e-05,33.75,55.5,38.0,40.95,37.95,13.28567369367297,37.45,0.9585144756340293,37.30416666666667,0.6118000019795353,38.365,1.0489182960745695,44.10875,5.311387778932085,0,0,0,2.950000000000003
2019-01-21,40.7,8.4e-05,33.75,55.5,39.15,41.0,38.8,15.27552018914051,38.239999999999995,1.6299539870806148,37.608333333333334,1.1470977871704346,38.429,1.0918104231061534,44.049749999999996,5.283171104754105,0,0,1,1.8500000000000014
2019-01-22,40.4,8.5e-05,33.75,55.5,40.1,40.6,40.7,14.070386082453199,39.040000000000006,1.4753813066458434,37.862500000000004,1.3956303561140788,38.486999999999995,1.1181622130518942,43.986749999999994,5.250933100854209,1,0,1,0.5
2019-01-23,40.25,2.1e-05,33.75,55.5,40.0,41.5,40.4,13.928572243344254,39.62,1.1866970969881065,38.104166666666664,1.5422030189028986,38.542,1.1361122393546295,43.92049999999999,5.213757867941875,1,0,1,1.5
2019-01-24,39.95,2.2000000000000003e-05,33.75,55.5,39.75,40.5,40.25,14.763455371176965,40.02,0.733655232380991,38.31666666666667,1.6105241006535667,38.586,1.1473589904927086,43.850249999999996,5.1717499383304775,1,0,0,0.75
2019-01-25,39.9,0.000108,33.75,55.5,39.8,40.0,39.95,15.406091999355166,40.239999999999995,0.3305298776207773,38.52916666666667,1.6393538546037583,38.624,1.1589597728589462,43.77974999999999,5.128619808799855,1,0,0,0.20000000000000284
2019-01-28,39.9,0.0,33.75,55.5,39.65,41.0,39.9,14.508358193665137,40.08,0.23075961518429317,38.770833333333336,1.6068685432074703,38.662,1.1691860067459594,43.70924999999999,5.084141462385359,1,0,0,1.3500000000000014
2019-01-29,39.9,0.0,33.75,55.5,39.8,40.0,39.9,14.329591477500937,39.980000000000004,0.15247950681977174,39.020833333333336,1.520385467470403,38.7,1.1780734878861994,43.63875,5.038279192702237,1,0,0,0.20000000000000284
2019-01-30,39.9,0.000107,33.75,55.5,39.8,40.0,39.9,14.161367902080803,39.910000000000004,0.022360679774976307,39.28333333333334,1.3556838819861592,38.723,1.1902327846416696,43.57325,5.000982007837239,1,0,0,0.20000000000000284
2019-01-31,40.7,6.3e-05,33.75,55.5,39.9,41.2,39.9,16.060953813451572,40.06,0.35777087639996746,39.641666666666666,1.0604101550664442,38.757,1.2221597644330813,43.51424999999999,4.964611897617786,1,0,0,1.3000000000000043
2019-02-01,40.9,0.000692,33.75,55.5,40.6,41.0,40.7,15.569204819518713,40.260000000000005,0.49799598391954947,39.9375,0.8339732391598437,38.795,1.2588563809101914,43.46125,4.935425825386061,1,0,0,0.3999999999999986
2019-02-04,41.05,0.000196,33.75,55.5,41.0,41.5,40.9,15.18346297946413,40.489999999999995,0.5527205442174205,40.19583333333333,0.6132841301068136,38.836,1.2984307640312553,43.409,4.905116700879243,1,0,0,0.5
2019-02-05,42.15,0.0001919999999999,33.75,55.5,41.3,43.0,41.05,14.292490421601654,40.94,0.8088572185497288,40.475,0.6790702199587768,38.904,1.3802853890066469,43.362249999999996,4.872060375138347,1,0,0,1.7000000000000028
2019-02-06,43.95,0.000151,33.75,55.5,42.6,44.2,42.15,14.819006348070635,41.75,1.352312833629856,40.74583333333333,1.2142072485464717,39.007999999999996,1.5534806213208796,43.3245,4.8378194712265925,1,0,0,1.6000000000000014
2019-02-07,43.4,5.6000000000000006e-05,33.75,55.5,43.0,44.0,43.95,12.802436311460877,42.29,1.3672051784571364,40.99583333333333,1.4267665817457587,39.101,1.6723590206294578,43.281499999999994,4.798380458563481,1,0,0,1.0
2019-02-08,43.6,7.400000000000001e-05,33.75,55.5,43.5,44.0,43.4,13.172487889031334,42.83,1.2044708381691966,41.275,1.5863766605348053,39.198,1.7882256626084194,43.236999999999995,4.753518242143415,1,0,0,0.5
2019-02-11,43.6,1.9e-05,33.75,55.5,43.3,44.0,43.6,12.472279517715116,43.34,0.6940821277053592,41.579166666666666,1.6575527323752846,39.285,1.8935241412436588,43.19,4.702701565063269,1,0,0,0.7000000000000028
2019-02-12,43.9,3.7000000000000005e-05,33.75,55.5,43.6,44.0,43.6,14.99324235906153,43.69,0.23021728866441554,41.9125,1.6910358579066405,39.378,2.0028082325399175,43.149499999999996,4.661143210645756,1,0,0,0.3999999999999986
2019-02-13,43.8,0.0,33.75,55.5,43.6,44.0,43.9,14.571257349940595,43.660000000000004,0.19493588689616553,42.237500000000004,1.6431849616463319,39.469,2.097979834926501,43.113499999999995,4.62789149054291,1,0,0,0.3999999999999986
2019-02-14,43.75,0.000167,33.75,55.5,43.5,43.9,43.8,13.16504156812601,43.730000000000004,0.1303840481040281,42.55833333333334,1.5162503591142382,39.554,2.183608696350751,43.08474999999999,4.605824904700796,1,0,0,0.3999999999999986
2019-02-15,43.45,0.000132,33.75,55.5,43.2,44.0,43.75,14.09450575856231,43.7,0.1767766952966181,42.854166666666664,1.278041529651567,39.626999999999995,2.2519426987315763,43.052,4.579619040134463,1,0,0,0.7999999999999972
2019-02-18,42.8,1.9e-05,33.75,55.5,42.55,43.8,43.45,13.711594554052374,43.54,0.4463742824133068,43.02916666666667,1.0855368033899886,39.683,2.295794958135203,43.027249999999995,4.567461379669472,1,1,0,1.25
2019-02-19,42.65,3.8e-05,33.75,55.5,42.05,43.0,42.8,13.594241498691602,43.290000000000006,0.5354904294196077,43.175000000000004,0.8695610177758643,39.725,2.3309201564003215,43.00299999999999,4.556456681176226,1,1,0,0.9500000000000028
2019-02-20,41.7,0.0,33.75,55.5,41.0,42.2,42.65,13.931693202566677,42.87,0.7957700672933087,43.229166666666664,0.7349886620434194,39.758,2.3472380643248214,42.97275,4.544851296139225,1,1,0,1.2000000000000028
2019-02-21,41.95,5.7e-05,33.75,55.5,41.05,42.5,41.7,14.363285663743525,42.510000000000005,0.6994640805645421,43.212500000000006,0.7634029675788069,39.798,2.367530358834514,42.94125,4.5298991011757055,1,1,0,1.4500000000000028
2019-02-22,42.0,1.9e-05,33.75,55.5,41.9,42.5,41.95,13.619740169694264,42.220000000000006,0.4777551674236526,43.050000000000004,0.7988628281381116,39.841,2.3879307496887763,42.9075,4.511511657658022,1,1,0,0.6000000000000014
2019-02-25,42.15,0.000173,33.75,55.5,42.0,42.5,42.0,14.048209114476009,42.089999999999996,0.352491134640299,42.94583333333333,0.8299666842522535,39.89,2.4100131255470774,42.87075,4.4874119789520694,1,1,0,0.5
2019-02-26,42.15,3.8e-05,33.75,55.5,42.0,42.3,42.15,13.044403998094442,41.989999999999995,0.1850675552332403,42.824999999999996,0.8316194496822853,39.941,2.4306438636377394,42.83275,4.460965816679865,1,0,0,0.29999999999999716
2019-02-27,42.05,1.9e-05,33.75,55.5,41.5,42.2,42.15,13.584210079187253,42.06,0.08944271910002528,42.69583333333333,0.8206035288213687,39.994,2.447440145398694,42.79299999999999,4.432106592154506,1,0,0,0.7000000000000028
2019-02-28,41.65,0.000207,33.75,55.5,41.3,42.05,42.05,14.836990150764425,42.0,0.20615528128090405,42.50833333333333,0.7763063281658918,40.038000000000004,2.4572167762973898,42.75125,4.40310944691429,1,0,0,0.75
2019-03-01,41.65,3.8e-05,33.75,55.5,41.3,42.0,41.65,14.654358964903832,41.92999999999999,0.2588435821109171,42.329166666666666,0.6949356848367086,40.095,2.4609656724179163,42.7095,4.3735195341482385,1,0,0,0.7000000000000028
2019-03-04,41.45,0.000134,33.75,55.5,41.25,42.0,41.65,11.272139700982676,41.790000000000006,0.296647939483852,42.1375,0.5741099831270067,40.164,2.4493655988312004,42.664249999999996,4.339193755727795,1,0,0,0.75
2019-03-05,42.2,1.9e-05,33.75,55.5,42.0,43.0,41.45,14.210589246813209,41.8,0.31224989991994545,42.03333333333333,0.4018894767394983,40.247,2.446580495804706,42.622749999999996,4.30341922459472,1,0,0,1.0
2019-03-06,43.05,3.8e-05,33.75,55.5,42.45,44.0,42.2,13.633510149596642,42.0,0.6500000000000085,42.05416666666667,0.44896767110313207,40.349000000000004,2.4551588751125295,42.58924999999999,4.273633307354177,1,0,0,1.5499999999999972
2019-03-07,43.85,7.5e-05,33.75,55.5,43.3,44.25,43.05,12.990661167946621,42.440000000000005,1.002746229112833,42.15416666666667,0.6719910488211819,40.472,2.4737223047099115,42.56849999999999,4.257273734238798,1,0,0,0.9500000000000028
2019-03-08,43.95,7.5e-05,33.75,55.5,43.85,44.0,43.85,13.93825990770905,42.9,1.0747092630102353,42.34166666666667,0.8292475596288352,40.601,2.4837325844428944,42.55075,4.243989179803575,1,0,0,0.14999999999999858
2019-03-11,43.9,3.7000000000000005e-05,33.75,55.5,43.5,44.0,43.95,13.589865129563993,43.39,0.7610847521794146,42.50416666666667,0.9304100594827949,40.73,2.4842360136330695,42.5365,4.234592853293478,1,0,0,0.5
2019-03-12,43.65,0.0,33.75,55.5,43.4,43.9,43.9,13.157346277545296,43.68,0.3701351104664385,42.64166666666667,0.9701999169175433,40.854,2.4718793973624553,42.520999999999994,4.224754638886421,1,1,0,0.5
2019-03-13,43.5,5.6000000000000006e-05,33.75,55.5,43.45,43.9,43.65,12.590998254919084,43.769999999999996,0.18907670401189425,42.75416666666666,0.9861445434646053,40.982,2.439006154238049,42.50724999999999,4.217025189007292,1,1,0,0.44999999999999574
2019-03-14,43.3,9.3e-05,33.75,55.5,42.9,43.65,43.5,13.008300662763698,43.660000000000004,0.27248853186877553,42.85,0.9779384624620363,41.107,2.3931025460521465,42.49,4.2066261442617305,1,1,0,0.75
2019-03-15,44.3,0.000278,33.75,55.5,43.4,45.0,43.3,16.06093263710779,43.730000000000004,0.38665229858362593,43.0375,1.0251662836291127,41.246,2.3721780227106586,42.47774999999999,4.197716229716405,1,1,0,1.6000000000000014
2019-03-18,44.95,0.00027,33.75,55.5,44.0,45.0,44.3,15.694929957714532,43.94,0.6776798654232016,43.3125,1.0611154079976362,41.398,2.3609052224497726,42.47125,4.192849373258303,1,1,0,1.0
2019-03-19,44.75,0.000175,33.75,55.5,44.6,44.8,44.95,14.729879845045128,44.160000000000004,0.7360366838684155,43.57083333333333,0.9948637031663826,41.545,2.335577759225881,42.465,4.188492250999373,1,1,0,0.19999999999999574
2019-03-20,44.8,0.000196,33.75,55.5,44.75,45.0,44.75,14.349897032168172,44.42,0.6713791775144801,43.85,0.7957272259895507,41.693999999999996,2.2998589131533644,42.45775,4.183159278012793,1,1,0,0.25
2019-03-21,44.75,3.5e-05,33.75,55.5,44.65,48.0,44.8,13.850492492482847,44.71,0.2434132288928145,44.0625,0.6403567897516806,41.849,2.2373565396952433,42.443999999999996,4.171004120938123,1,1,0,3.3500000000000014
2019-03-22,44.7,0.000175,33.75,55.5,44.6,44.95,44.75,13.895708022893057,44.79,0.09617692030849212,44.199999999999996,0.5772190383044487,42.005,2.155681860970456,42.42375,4.150013433107568,1,1,0,0.3500000000000014
2019-03-25,44.4,7.099999999999999e-05,33.75,55.5,44.35,44.75,44.7,14.18783313661133,44.68,0.1604680653588831,44.24583333333333,0.5686740292245265,42.158,2.043665174861459,42.402,4.1280321275675105,1,1,0,0.3999999999999986
2019-03-26,44.35,0.000125,33.75,55.5,44.0,44.75,44.4,13.523018268278575,44.6,0.2091650066335659,44.27916666666667,0.5614341754227722,42.317,1.8900278045688996,42.38125,4.107605513284134,1,1,0,0.75
2019-03-27,44.25,0.000127,33.75,55.5,43.3,44.7,44.35,14.038174794425471,44.489999999999995,0.22192341021175843,44.30833333333334,0.5488969655474523,42.455,1.7679184693555334,42.3575,4.082801131009847,1,1,0,1.4000000000000057
2019-03-28,43.9,5.500000000000001e-05,33.75,55.5,43.3,44.2,44.25,12.947774248188859,44.32,0.2885307609250893,44.32916666666667,0.5259011025813668,42.574000000000005,1.6551478138574105,42.33325,4.05897565332311,1,1,0,0.9000000000000057
2019-03-29,44.05,0.000166,33.75,55.5,43.9,44.2,43.9,15.023784399554406,44.19,0.2103568396796398,44.375,0.46782863995588775,42.678999999999995,1.5754523160040939,42.31099999999999,4.037139641182909,1,1,0,0.30000000000000426
2019-04-01,44.15,0.000127,33.75,55.5,44.0,44.35,44.05,13.453106376097134,44.14,0.17464249196574091,44.44583333333333,0.33605893242103,42.748000000000005,1.5625058367246412,42.289249999999996,4.0152876124321635,1,1,0,0.3500000000000014
2019-04-02,44.4,7.2e-05,33.75,55.5,44.2,45.0,44.15,15.347224954652347,44.14999999999999,0.19039432764660819,44.45416666666667,0.33334280289483176,42.828,1.5421016668893943,42.2675,3.9918281790495063,1,1,0,0.7999999999999972
2019-04-03,44.9,0.0,33.75,55.5,44.6,45.0,44.4,13.949080324852495,44.28,0.39147158262128,44.449999999999996,0.3268305093126078,42.92100000000001,1.5235595405076936,42.24825,3.969631507966911,1,1,0,0.3999999999999986
2019-04-04,44.8,1.8e-05,33.75,55.5,44.6,45.0,44.9,11.793590475326612,44.46,0.37980258029668323,44.45416666666667,0.3312910923616052,43.017999999999994,1.4844348886960732,42.229749999999996,3.9489172153091863,1,1,0,0.3999999999999986
2019-04-05,44.8,1.8e-05,33.75,55.5,44.7,44.9,44.8,12.48219187523,44.61,0.3209361307176644,44.45416666666667,0.3312910923616052,43.11600000000001,1.4353211970768454,42.21125,3.9280061224479246,1,1,0,0.19999999999999574
2019-04-08,44.75,0.0,33.75,55.5,44.65,44.85,44.8,11.663076729214897,44.73,0.19235384061679645,44.45416666666667,0.3312910923616052,43.213,1.376212267088263,42.19375,3.9087163821745676,1,1,0,0.20000000000000284
2019-04-09,44.75,5.4000000000000005e-05,33.75,55.5,44.6,44.9,44.75,15.3045422221263,44.8,0.06123724356987176,44.458333333333336,0.33495816111318777,43.31,1.3071233409950256,42.18,3.8947684277150643,1,1,0,0.29999999999999716
2019-04-10,44.85,3.6e-05,33.75,55.5,44.8,44.9,44.75,14.288323362778971,44.79,0.04183300132712558,44.49583333333333,0.35256097688713395,43.409,1.2286831344575841,42.17049999999999,3.8858724598045913,1,1,0,0.10000000000000142
2019-04-11,44.75,1.8e-05,33.75,55.5,44.7,44.95,44.85,12.830140343709695,44.779999999999994,0.04472135955038462,44.52916666666667,0.3564077933363566,43.49,1.1789393365166068,42.16174999999999,3.878036911756148,1,1,0,0.25
2019-04-12,44.8,7.2e-05,33.75,55.5,44.7,44.9,44.75,11.937545932118134,44.78,0.04472135955038462,44.574999999999996,0.3525878356063475,43.568000000000005,1.1321714732762396,42.157,3.874199674200638,1,1,0,0.19999999999999574
2019-04-15,44.85,7.3e-05,33.75,55.5,44.75,44.9,44.8,13.401964385834603,44.8,0.05000000000035924,44.65416666666666,0.2879854268188101,43.644,1.0863081082846477,42.15,3.8680270378873503,1,1,0,0.14999999999999858
2019-04-16,44.9,7.3e-05,33.75,55.5,44.75,45.0,44.85,13.427493837515348,44.83,0.057008771255286694,44.725,0.22309802166794346,43.699000000000005,1.078712857332266,42.147,3.865647702624033,1,1,0,0.25
2019-04-17,44.95,0.000127,33.75,55.5,44.9,45.0,44.9,13.440382104831567,44.85,0.07905694150445447,44.791666666666664,0.13953385599608542,43.718999999999994,1.0926419022411336,42.14549999999999,3.8644956180474566,1,1,0,0.10000000000000142
2019-04-18,45.0,0.0,33.75,55.5,44.9,45.0,44.95,15.217137029277383,44.9,0.07905694150447187,44.84166666666667,0.08211226608659758,43.751,1.1064509358629029,42.14424999999999,3.863526708934689,1,1,0,0.10000000000000142
2019-04-23,44.95,3.6e-05,33.75,55.5,44.8,45.2,45.0,15.760491847191405,44.93,0.05700877125533529,44.84583333333333,0.08649312461411994,43.77799999999999,1.1190903740577098,42.14149999999999,3.8613212452206582,1,1,0,0.4000000000000057
2019-04-24,44.9,1.8e-05,33.75,55.5,44.8,44.95,44.95,13.524758444421913,44.94,0.041833001327226574,44.854166666666664,0.0864931246141319,43.803999999999995,1.1299196287123423,42.13475,3.8552783027241664,1,1,0,0.15000000000000568
2019-04-25,45.0,1.8e-05,33.75,55.5,44.9,45.5,44.9,14.51399397545285,44.96,0.04183300132723888,44.87083333333334,0.09404624909668824,43.82599999999999,1.142466004496881,42.122249999999994,3.841824503419413,1,1,0,0.6000000000000014
2019-04-26,45.2,0.0,33.75,55.5,45.05,46.0,45.0,14.346198219026341,45.010000000000005,0.11401754251012101,44.90833333333333,0.1258305739190693,43.854000000000006,1.1588541138319997,42.1045,3.819183231106131,1,1,0,0.9500000000000028
2019-04-29,45.0,1.8e-05,33.75,55.5,44.9,45.25,45.2,15.17641044149417,45.010000000000005,0.11401754251012101,44.92916666666667,0.11766349038325924,43.879000000000005,1.1699943310530898,42.0895,3.801763641248368,1,1,0,0.3500000000000014
2019-04-30,42.4,5.4000000000000005e-05,33.75,55.5,40.5,44.0,45.0,15.062485666207548,44.5,1.1789826122551696,44.724999999999994,0.7411600244330525,43.85799999999999,1.1871488739758311,42.062749999999994,3.780497419811907,1,1,0,3.5
2019-05-02,42.25,0.0004969999999999,33.75,55.5,42.1,42.95,42.4,14.350014231044838,43.970000000000006,1.504825571287251,44.51666666666666,1.0289741876195169,43.847,1.1996347233179976,42.0365,3.760729073707332,1,1,1,0.8500000000000014
2019-05-03,41.3,0.000102,33.75,55.5,40.5,45.6,42.25,13.985929053567581,43.230000000000004,1.7598295371995472,44.225,1.3781575315679528,43.82,1.2415839126887054,42.00549999999999,3.740968319813429,0,1,1,5.100000000000001
2019-05-06,41.3,0.0002049999999999,33.75,55.5,41.0,41.5,41.3,14.06627005452127,42.45,1.5157506391223903,43.92916666666667,1.595655797545836,43.812,1.2567190844199652,41.9745,3.7208430651636415,0,1,1,0.5
2019-05-07,41.35,1.7e-05,33.75,55.5,41.3,41.5,41.3,14.597858841313434,41.72,0.5552026656995646,43.63333333333333,1.7232808737104077,43.8,1.2775534654742855,41.94125,3.6963598741321113,0,1,0,0.20000000000000284
2019-05-08,41.4,0.000157,33.75,55.5,41.2,41.5,41.35,13.080501258809191,41.519999999999996,0.41018288603974684,43.3375,1.7804653375398454,43.788000000000004,1.297468492796037,41.907,3.669246222208925,0,1,0,0.29999999999999716
2019-05-09,41.15,7.099999999999999e-05,33.75,55.5,40.75,41.4,41.4,13.317273695522019,41.3,0.09354143466875853,43.01666666666666,1.8004208262276138,43.767999999999994,1.3305193093884677,41.8715,3.641812976910328,0,1,0,0.6499999999999986
2019-05-10,40.5,0.000179,33.75,55.5,40.5,41.15,41.15,14.276095596208146,41.14,0.36979724174185874,42.645833333333336,1.824138443376745,43.73499999999999,1.3905750535639363,41.836499999999994,3.621025667462275,0,1,0,0.6499999999999986
2019-05-13,40.05,9.1e-05,33.75,55.5,38.5,40.7,40.5,13.592493248681205,40.89,0.5909737726835979,42.24166666666667,1.8165693607520226,43.695,1.4667140143881194,41.799249999999994,3.60073442222493,0,1,0,2.200000000000003
2019-05-14,38.2,0.000294,33.75,55.5,37.9,39.5,40.05,13.455832537874254,40.260000000000005,1.2685621782159,41.675000000000004,1.9346716893191884,43.626,1.6362363483792985,41.75275,3.5867679684916216,0,0,0,1.6000000000000014
2019-05-15,36.7,0.0001139999999999,33.75,55.5,36.0,38.0,38.2,14.36663381479708,39.32,1.829822395753163,40.96666666666666,2.0775130820428123,43.527,1.8885317155978232,41.69875,3.5811007175510663,0,0,0,2.0
2019-05-16,36.45,0.000169,33.75,55.5,36.2,37.7,36.7,14.048605232210546,38.379999999999995,1.8616524917394832,40.25416666666667,2.034191634546466,43.427,2.119063376078987,41.644749999999995,3.5783983303359768,0,0,0,1.5
2019-05-17,36.3,3.8e-05,33.75,55.5,36.25,37.9,36.45,14.889488907320702,37.54,1.594286674346812,39.74583333333333,2.20427872488208,43.309,2.3413908739235216,41.59,3.575973705118236,0,0,0,1.6499999999999986
2019-05-20,36.5,1.9e-05,33.75,55.5,36.4,37.8,36.3,15.320854041802853,36.83,0.7791020472311773,39.266666666666666,2.235186928661346,43.178000000000004,2.5316800906977215,41.53875,3.5751003693256402,0,0,0,1.3999999999999986
2019-05-21,38.6,5.7e-05,33.75,55.5,36.8,39.0,36.5,13.17514746001471,36.91,0.9555103348472019,39.041666666666664,2.146014628998754,43.073,2.6108722836698144,41.49549999999999,3.557941750153592,0,0,0,2.200000000000003
2019-05-22,38.95,9.5e-05,33.75,55.5,38.5,40.0,38.6,13.456262305906415,37.36,1.2997115064504978,38.84583333333334,2.0250093527649944,42.97299999999999,2.6716426575795102,41.451499999999996,3.53454207620178,0,0,0,1.5
2019-05-23,39.0,1.9e-05,33.75,55.5,38.65,40.0,38.95,14.216901377419033,37.870000000000005,1.3525901079040294,38.65,1.868397465987058,42.87499999999999,2.726256497433526,41.406499999999994,3.507942567271444,0,0,0,1.3500000000000014
2019-05-24,38.95,0.000115,33.75,55.5,38.85,40.0,39.0,13.20302312543853,38.4,1.0741275529469696,38.44583333333333,1.6631648818563174,42.781000000000006,2.7794965408164787,41.35875,3.475750298595909,0,0,0,1.1499999999999986
2019-05-27,39.35,0.000132,33.75,55.5,38.95,40.0,38.95,10.843514342086866,38.970000000000006,0.2659887215651431,38.295833333333334,1.4666688188681518,42.698,2.819266079051854,41.31174999999999,3.4386583566804734,0,0,0,1.0499999999999972
2019-05-28,40.45,0.000578,33.75,55.5,39.2,41.0,39.35,15.928181462951802,39.34,0.642650760522285,38.291666666666664,1.4598931052599549,42.641000000000005,2.835609749782901,41.265249999999995,3.3864613596200415,0,0,0,1.7999999999999972
2019-05-29,40.35,0.000123,33.75,55.5,40.0,40.6,40.45,14.836557983232279,39.62,0.7293833011523364,38.31666666666667,1.494890286842032,42.562,2.843459376269059,41.217,3.329653731223094,0,0,0,0.6000000000000014
2019-05-30,40.0,0.000125,33.75,55.5,39.8,40.3,40.35,14.938132624518177,39.82,0.6496152707563791,38.46666666666667,1.5705142952271631,42.463,2.8447913377090916,41.162,3.2573081342430092,0,0,0,0.5
2019-05-31,39.5,7.2e-05,33.75,55.5,39.5,40.0,40.0,13.195801553866417,39.93,0.49320381182619294,38.7,1.4901189702343662,42.358000000000004,2.8555238269944914,41.107,3.191036598483786,0,0,0,0.5
2019-06-03,39.65,7.3e-05,33.75,55.5,39.5,40.0,39.5,13.006954770559393,39.99,0.4174326292947021,38.96666666666667,1.3284189737032595,42.255,2.8585219885784223,41.055249999999994,3.129421083698092,0,0,0,0.5
2019-06-04,39.65,1.8e-05,33.75,55.5,39.5,40.0,39.65,12.988605673459045,39.83,0.34387497728081795,39.24583333333333,1.0371416869385783,42.153,2.8586676288522197,41.006,3.0728490045922854,0,0,0,0.5
2019-06-06,39.6,0.0,33.75,55.5,39.5,40.0,39.65,13.41129616738276,39.68,0.18907670401157103,39.50416666666667,0.5734498207931406,42.051,2.856919455552237,40.959,3.021421676085995,0,0,0,0.5
2019-06-07,39.55,0.000108,33.75,55.5,39.3,39.65,39.6,13.446041257047039,39.589999999999996,0.06519202405109088,39.583333333333336,0.49787426914512917,41.95399999999999,2.857872049806275,40.90925,2.9614019390691144,0,0,0,0.3500000000000014
2019-06-10,39.3,1.8e-05,33.75,55.5,39.1,39.5,39.55,13.230322314239945,39.55,0.14577379737071466,39.612500000000004,0.46667343068478584,41.853,2.860701533769091,40.86075,2.907164419552197,0,0,0,0.3999999999999986
2019-06-11,39.5,3.6e-05,33.75,55.5,39.4,39.85,39.3,15.405827015051896,39.519999999999996,0.1350925608606118,39.65416666666667,0.42770972172565047,41.758,2.858345461191303,40.817,2.8608755731811972,0,0,0,0.45000000000000284
2019-06-12,39.7,1.8e-05,33.75,55.5,39.5,39.95,39.5,13.917797254276126,39.529999999999994,0.14832396974150294,39.71666666666667,0.36577025410210934,41.67400000000001,2.8558254105447216,40.77675,2.819168403971013,0,0,0,0.45000000000000284
2019-06-13,39.7,5.500000000000001e-05,33.75,55.5,39.6,39.9,39.7,15.246300398090726,39.55,0.16583123951740286,39.74583333333333,0.34736562694936984,41.586999999999996,2.848214800716958,40.73525,2.7730160525386287,0,0,0,0.29999999999999716
2019-06-14,39.65,5.500000000000001e-05,33.75,55.5,39.4,39.95,39.7,13.144126826131089,39.57,0.17175564037282176,39.67916666666667,0.2675293809939445,41.497,2.8366481010132953,40.696,2.732037544714087,0,0,0,0.5500000000000043
2019-06-17,39.5,1.8e-05,33.75,55.5,39.4,39.8,39.65,12.995213862920007,39.61,0.10246950765899819,39.60833333333333,0.1676486224341748,41.398999999999994,2.818895608032044,40.6585,2.6963129021555345,0,0,0,0.3999999999999986
2019-06-18,39.5,1.8e-05,33.75,55.5,39.4,39.8,39.5,13.433519271241643,39.61,0.10246950765899819,39.56666666666666,0.1154700538292894,41.291000000000004,2.7852690120328636,40.621,2.659577175749482,0,0,0,0.3999999999999986
2019-06-19,39.45,0.00011,33.75,55.5,39.05,39.5,39.5,14.490545192236208,39.56,0.10839741694282738,39.5625,0.11894421915642567,41.184,2.750258614927399,40.585750000000004,2.62779584299486,0,0,0,0.45000000000000284
2019-06-20,39.05,5.6000000000000006e-05,33.75,55.5,38.6,39.5,39.45,13.441545570402797,39.43,0.22527760652110806,39.512499999999996,0.1860168614004264,41.068999999999996,2.715974850354454,40.556,2.611198150063153,0,0,0,0.8999999999999986
2019-06-21,39.1,3.7000000000000005e-05,33.75,55.5,39.0,39.45,39.05,12.881567435377423,39.32,0.22527760652111195,39.46666666666667,0.2146173479907615,40.955999999999996,2.6769545596234026,40.5265,2.5940108347988913,0,0,0,0.45000000000000284
2019-06-24,38.95,1.8e-05,33.75,55.5,38.5,39.4,39.1,11.246365410473757,39.21,0.24849547279554657,39.4125,0.2559518775753201,40.84,2.6345235405509495,40.49875,2.5809430977586696,0,0,0,0.8999999999999986
2019-06-25,38.85,5.500000000000001e-05,33.75,55.5,38.55,39.1,38.95,14.614818383992796,39.08,0.2280350850195742,39.354166666666664,0.29806827568134586,40.72,2.584312958871389,40.4705,2.5678148522774507,0,0,0,0.5500000000000043
2019-06-26,38.5,1.8e-05,33.75,55.5,38.05,39.0,38.85,13.799280561216792,38.89,0.23822258499119126,39.2875,0.38737167963050134,40.595,2.536111638887534,40.4455,2.562505987246108,0,0,0,0.9500000000000028
2019-06-27,38.15,1.8e-05,33.75,55.5,37.9,38.85,38.5,15.573902987811909,38.71,0.3830796261874109,39.175000000000004,0.4997726755942516,40.462,2.4849456939828056,40.4225,2.5623616521052783,0,0,0,0.9500000000000028
2019-06-28,38.25,0.0002,33.75,55.5,38.0,38.85,38.15,15.111853132414923,38.54,0.3542597916782057,39.05416666666667,0.535324172529924,40.33,2.421586594085776,40.40125,2.5626689795979827,0,0,0,0.8500000000000014
2019-07-01,38.7,1.8e-05,33.75,55.5,38.0,39.5,38.25,12.695269034768275,38.49,0.29453352950026784,38.97083333333333,0.5024749352991812,40.206,2.3401691897676113,40.38475,2.5629472155405457,0,0,0,1.5
2019-07-02,39.2,0.0,33.75,55.5,38.5,40.0,38.7,13.599095569017791,38.56,0.4174326292946986,38.93333333333334,0.46237201341098144,40.091,2.241484793978217,40.373250000000006,2.563077989723651,0,0,0,1.5
2019-07-03,39.45,0.0,33.75,55.5,39.0,42.0,39.2,12.76110939422043,38.75,0.5711829829396932,38.92916666666667,0.45699529206277606,39.98,2.1279721112188903,40.36675,2.5637660617920637,0,0,0,3.0
2019-07-04,40.15,0.0001419999999999,33.75,55.5,39.5,41.0,39.45,13.581180925071386,39.150000000000006,0.7254309064272665,38.983333333333334,0.5581354239904591,39.884,2.003834080060299,40.36125,2.5630415226313574,0,0,0,1.5
2019-07-05,40.0,3.6e-05,33.75,55.5,40.0,41.0,40.15,13.348065253413415,39.5,0.5926634795563887,39.02916666666666,0.6191850704862162,39.786,1.8687832994788656,40.35625,2.562764571462334,0,0,0,1.0
2019-07-08,40.0,0.000108,33.75,55.5,39.8,40.95,40.0,11.994740316298905,39.760000000000005,0.4114000486143458,39.108333333333334,0.6798506966201169,39.686,1.711218684960535,40.35125,2.5624777851712763,1,0,0,1.1500000000000057
2019-07-09,39.6,0.0002,33.75,55.5,39.5,39.8,40.0,12.433610527614848,39.84,0.2987473849256018,39.15,0.6944585857130905,39.574,1.5149675015046413,40.348,2.563018987767569,1,0,0,0.29999999999999716
2019-07-10,39.5,0.000185,33.75,55.5,39.4,39.7,39.6,12.159510248044802,39.85,0.2828427124744176,39.19583333333333,0.6981984392735134,39.464,1.2969367362991007,40.35175,2.561217211703537,1,0,0,0.30000000000000426
2019-07-11,39.45,1.8e-05,33.75,55.5,39.2,39.7,39.5,13.73430158713684,39.71,0.2701851217219177,39.24583333333333,0.6926426119411865,39.405,1.2257962843047077,40.359,2.5565747342602947,1,0,0,0.5
2019-07-12,39.25,0.0001089999999999,33.75,55.5,39.05,39.7,39.45,13.777705881757278,39.56,0.27703790354370394,39.30833333333333,0.651862134520926,39.345,1.1550797304413478,40.356500000000004,2.5574175789975393,1,0,0,0.6500000000000057
2019-07-15,39.45,9e-05,33.75,55.5,39.25,39.7,39.25,11.503894811084523,39.45,0.12747548783939985,39.416666666666664,0.5403422035781181,39.308,1.1202842204980252,40.355,2.5578630371037687,1,0,0,0.45000000000000284
2019-07-16,39.4,7.3e-05,33.75,55.5,39.0,39.7,39.45,13.469776967090997,39.410000000000004,0.09617692030780405,39.5125,0.3977922024897136,39.27,1.0829381801579487,40.34825,2.5585965919033242,1,0,0,0.7000000000000028
2019-07-17,39.0,9e-05,33.75,55.5,38.8,39.5,39.4,15.899317681609249,39.31,0.19170289512653244,39.5375,0.34845437942927554,39.223,1.0410066752726328,40.34075,2.560347404485785,1,0,0,0.7000000000000028
2019-07-18,39.2,7.2e-05,33.75,55.5,39.2,39.5,39.0,15.542411632678501,39.260000000000005,0.17818529681175846,39.5375,0.34845437942927554,39.179,0.9924762887225415,40.33675,2.5615070818074184,1,0,0,0.29999999999999716
2019-07-19,39.55,3.6e-05,33.75,55.5,39.25,41.0,39.2,13.83354790257521,39.32000000000001,0.21965882636464643,39.545833333333334,0.34736562694928197,39.147,0.9526231239737639,40.332,2.5620835977399037,1,0,0,1.75
2019-07-22,39.8,1.8e-05,33.75,55.5,39.6,40.0,39.55,14.490341515980948,39.39,0.30903074280707554,39.51666666666667,0.3040135563132417,39.133,0.9373546145789177,40.330999999999996,2.5622528560802245,1,0,0,0.3999999999999986
2019-07-23,39.85,0.000198,33.75,55.5,39.7,40.0,39.8,14.677303286906167,39.48,0.3718198488514195,39.50416666666667,0.28481120806668375,39.129,0.9337815371845157,40.332750000000004,2.56180192109253,1,0,0,0.29999999999999716
2019-07-24,40.0,9.2e-05,33.75,55.5,39.9,40.0,39.85,13.911821146283996,39.67999999999999,0.3134485603729733,39.50416666666667,0.28481120806668375,39.165,0.9319307366763825,40.33775,2.560163004683797,1,0,0,0.10000000000000142
2019-07-25,39.9,0.0,33.75,55.5,39.8,40.0,40.0,14.447261475319129,39.82,0.1680773631393811,39.52916666666667,0.3063408183179019,39.229,0.8667962357375069,40.3435,2.557869471093977,1,0,0,0.20000000000000284
2019-07-26,39.9,3.6e-05,33.75,55.5,39.8,40.0,39.9,14.170875344020862,39.89,0.07416198487018535,39.5625,0.32412469541799815,39.297999999999995,0.7733415434723105,40.350500000000004,2.5547128092384948,1,0,0,0.20000000000000284
2019-07-29,39.9,1.8e-05,33.75,55.5,39.7,40.0,39.9,14.72312415213078,39.910000000000004,0.05477225574946764,39.6,0.3357488238628286,39.37,0.6455499158706002,40.3575,2.5515329415387904,1,0,0,0.29999999999999716
2019-07-30,39.95,3.6e-05,33.75,55.5,39.8,40.0,39.9,13.007852233268357,39.92999999999999,0.04472135954870975,39.65833333333334,0.330174425892079,39.439,0.5006414253112487,40.36725,2.546199244059871,1,0,0,0.20000000000000284
2019-07-31,40.0,1.8e-05,33.75,55.5,39.95,40.2,39.95,14.9058221577048,39.92999999999999,0.04472135954870975,39.70416666666667,0.336734541609817,39.467000000000006,0.49183226774462474,40.3835,2.5333360828246825,1,0,0,0.25
2019-08-01,40.0,5.500000000000001e-05,33.75,55.5,39.95,40.2,40.0,12.796358961477692,39.95,0.04999999999884699,39.75416666666667,0.33197640478107127,39.488,0.4917233335298179,40.4035,2.5142733747573796,1,0,0,0.25
2019-08-02,40.0,1.8e-05,33.75,55.5,39.95,40.25,40.0,12.270928303874424,39.97,0.04472135954870384,39.8375,0.23752990241968286,39.508,0.4918063332153591,40.424749999999996,2.492612187058821,1,0,0,0.29999999999999716
2019-08-05,39.5,0.0,33.75,55.5,39.45,39.95,40.0,13.772917203845866,39.89,0.21908902300180652,39.862500000000004,0.17072705488815249,39.519,0.4851772240928993,40.4435,2.471283870753828,1,0,0,0.5
2019-08-06,39.4,5.4000000000000005e-05,33.75,55.5,39.0,39.5,39.5,12.659695972140415,39.78,0.30331501776187775,39.85,0.19886038957898752,39.52,0.4848732213881354,40.45675,2.458452129258992,1,0,0,0.5
2019-08-07,39.25,9.1e-05,33.75,55.5,39.2,39.5,39.4,12.961962203877555,39.63,0.34928498393130386,39.80416666666667,0.264109424059101,39.496,0.4672804515611001,40.46175,2.4549559018235483,1,0,0,0.29999999999999716
2019-08-08,39.45,3.7000000000000005e-05,33.75,55.5,39.3,39.8,39.25,11.63780327310248,39.52,0.28416544476746886,39.770833333333336,0.2824071314199106,39.478,0.4507544695726464,40.464,2.4538154067186935,1,0,0,0.5
2019-08-09,39.8,0.000128,33.75,55.5,39.5,40.0,39.45,12.597442209915732,39.480000000000004,0.20186629238160048,39.75416666666667,0.2734113894423915,39.474000000000004,0.4468986096979068,40.46925,2.451251744122602,1,0,0,0.5
2019-08-13,39.65,9e-05,33.75,55.5,39.55,40.0,39.8,11.507922973347437,39.510000000000005,0.21621748310414854,39.73333333333333,0.2708012801508889,39.477000000000004,0.44757965885794143,40.47375,2.4489046751637704,1,0,0,0.45000000000000284
2019-08-14,39.9,3.6e-05,33.75,55.5,39.6,40.0,39.65,14.048209114476009,39.61,0.26315394733860487,39.733333333333334,0.2708012801508889,39.482,0.45093553546581344,40.48075,2.445232657898845,1,0,0,0.3999999999999986
2019-08-15,39.85,0.000179,33.75,55.5,39.6,39.95,39.9,12.428019481065613,39.730000000000004,0.18234582528779025,39.729166666666664,0.2683775608159914,39.486,0.45333683472366143,40.4875,2.441597991842148,1,0,0,0.3500000000000014
2019-08-16,39.8,0.000246,33.75,55.5,39.7,39.9,39.85,12.91435717611903,39.8,0.09354143466872851,39.71666666666666,0.26053557890777823,39.49,0.4552415819783668,40.49525,2.4369156173592508,1,0,0,0.19999999999999574
2019-08-19,39.75,8.6e-05,33.75,55.5,39.5,40.0,39.8,14.177442360378807,39.79,0.09617692030775468,39.69583333333333,0.24537386440155382,39.494,0.45665599074197327,40.5015,2.4333730234708257,1,0,0,0.5
2019-08-20,39.85,5.1000000000000006e-05,33.75,55.5,39.5,40.0,39.75,13.90416317072269,39.83,0.057008771253934186,39.68333333333333,0.23192213949059481,39.505,0.458508006298381,40.5095,2.4285590884781696,1,0,0,0.5
2019-08-21,39.9,6.8e-05,33.75,55.5,39.9,40.0,39.85,12.238544675927017,39.83,0.057008771253934186,39.675,0.22105120755528698,39.513000000000005,0.4618960480309984,40.519,2.4224015244643904,1,0,0,0.10000000000000142
2019-08-22,40.0,3.4e-05,33.75,55.5,39.9,40.1,39.9,14.822044472247907,39.86,0.0961769203077503,39.71666666666666,0.23192213949061022,39.519,0.4663022143471134,40.529,2.4160703590537786,1,0,0,0.20000000000000284
2019-08-23,40.1,3.4e-05,33.75,55.5,40.0,40.2,40.0,11.314486721293981,39.92,0.13509256086063107,39.775,0.23306261351022778,39.527,0.47285606387762136,40.539500000000004,2.409578822222105,1,0,0,0.20000000000000284
2019-08-26,40.05,0.000208,33.75,55.5,40.0,40.25,40.1,12.880549107943006,39.980000000000004,0.10368220676607283,39.84166666666667,0.1768838002360001,39.535,0.47833149636119787,40.55225,2.400142884670186,1,0,0,0.25
2019-08-27,40.2,3.5e-05,33.75,55.5,40.0,40.3,40.05,13.041806037330252,40.05,0.11180339887446385,39.90416666666667,0.15733336542784587,39.549,0.4874433509764409,40.56575,2.390462505972654,1,0,0,0.29999999999999716
2019-08-28,40.2,7.099999999999999e-05,33.75,55.5,40.1,40.5,40.2,11.864996828675356,40.11,0.08944271909933062,39.9375,0.1746750229266768,39.562999999999995,0.4959848993781373,40.57925,2.380665828383082,1,0,0,0.3999999999999986
2019-08-29,40.4,8.9e-05,33.75,55.5,40.0,40.5,40.2,15.2008046690008,40.190000000000005,0.13416407864954114,40.0,0.19540168417877832,39.582,0.5095776562586694,40.5925,2.372199486132815,1,0,0,0.5
2019-08-30,40.15,3.5e-05,33.75,55.5,40.0,40.5,40.4,13.551936862429784,40.2,0.1274754878393498,40.020833333333336,0.1970905806165942,39.604,0.5098859416304424,40.60325,2.3652534870046558,1,0,0,0.5
2019-09-02,39.95,3.6e-05,33.75,55.5,39.9,40.2,40.15,11.795099898183592,40.18,0.16046806535843838,40.02916666666667,0.19123799228987085,39.621,0.5069003444333489,40.613,2.3584779181605664,1,0,0,0.30000000000000426
2019-09-03,39.95,0.00066,33.75,55.5,39.85,40.1,39.95,14.201589631989256,40.129999999999995,0.1890767040115754,40.041666666666664,0.17943514063600582,39.641,0.4995600104938403,40.62275,2.3516422012526275,1,0,0,0.25
2019-09-04,40.0,0.000172,33.75,55.5,39.95,40.4,39.95,15.797559891422047,40.089999999999996,0.1917028951264997,40.0625,0.15539539012089587,39.664,0.48875518683286945,40.629,2.3482986463953113,1,0,0,0.44999999999999574
2019-09-05,39.95,7.5e-05,33.75,55.5,39.9,40.0,40.0,13.145300303336986,40.0,0.08660254037777812,40.07083333333333,0.14531835479568367,39.693000000000005,0.4604800068815845,40.63375,2.345946667409639,1,0,0,0.10000000000000142
2019-09-06,38.2,1.9e-05,33.75,55.5,37.3,39.0,39.95,12.779030460041641,39.61,0.7885112554681113,39.92916666666667,0.5610292219455743,39.694,0.457102676808862,40.62975,2.3494257691449523,0,0,1,1.7000000000000028
2019-09-09,38.0,1.9e-05,33.75,55.5,37.25,38.5,38.2,14.103693255082613,39.220000000000006,1.0250609737961496,39.7625,0.7888786633269901,39.689,0.47426527494997794,40.62475,2.353971291606437,0,0,1,1.25
2019-09-10,37.9,3.7000000000000005e-05,33.75,55.5,37.55,38.0,38.0,11.685205103383671,38.81,1.0691117808722912,39.579166666666666,0.9437493728664801,39.672999999999995,0.5196358615168891,40.6205,2.3581367207964394,0,0,1,0.45000000000000284
2019-09-11,38.0,3.7000000000000005e-05,33.75,55.5,37.7,38.5,37.9,11.719134432217524,38.410000000000004,0.8677557259966256,39.40833333333333,1.0321718790379577,39.649,0.5674405479987981,40.61675,2.361719826778727,0,0,1,0.7999999999999972
2019-09-12,38.45,3.7000000000000005e-05,33.75,55.5,38.1,38.95,38.0,11.541522639947903,38.11,0.21908902300192146,39.262499999999996,1.0337761758795336,39.629,0.591701972696364,40.61525,2.363006333499667,0,0,0,0.8500000000000014
2019-09-13,38.5,0.0,33.75,55.5,38.5,39.95,38.45,11.972253562968545,38.17,0.28195744359731645,39.12083333333333,1.0098285933150686,39.596,0.6078432934488373,40.614000000000004,2.364063871799678,0,0,0,1.4500000000000028
2019-09-16,38.85,1.8e-05,33.75,55.5,38.5,38.95,38.5,12.016128107502665,38.34,0.3895510236155557,38.99166666666667,0.9270758852260016,39.573,0.6139708495397871,40.612,2.3653924424995343,0,0,0,0.45000000000000284
2019-09-17,38.9,1.8e-05,33.75,55.5,38.8,39.0,38.85,11.094390314766315,38.540000000000006,0.36297382825751645,38.887499999999996,0.8523030297630716,39.551,0.6180524051511977,40.61025,2.3665343567773913,0,0,0,0.20000000000000284
2019-09-18,39.15,3.7000000000000005e-05,33.75,55.5,38.8,39.5,38.9,14.398285239389985,38.77,0.2928310092867648,38.82083333333333,0.7907011656316028,39.542,0.6205955007194145,40.60975,2.366833738823857,0,0,0,0.7000000000000028
2019-09-19,40.05,1.8e-05,33.75,55.5,39.0,40.3,39.15,16.283949099762008,39.089999999999996,0.5845938761224668,38.82916666666667,0.804096990228674,39.553000000000004,0.6246966610846604,40.6125,2.365857170404102,0,0,0,1.2999999999999972
2019-09-20,40.1,5.500000000000001e-05,33.75,55.5,40.0,40.5,40.05,14.75805405061811,39.41,0.617859207263172,38.8375,0.8177366213005424,39.566,0.6292561205972478,40.614000000000004,2.365434505964768,0,0,0,0.5
2019-09-23,40.0,5.500000000000001e-05,33.75,55.5,40.0,40.5,40.1,10.791399385808587,39.64,0.5694295391001983,38.84166666666667,0.824023756643579,39.580999999999996,0.6305075700745727,40.614000000000004,2.365434505964768,1,0,0,0.5
2019-09-24,40.5,0.0,33.75,55.5,40.0,40.95,40.0,13.947328859085085,39.959999999999994,0.49421655172590573,39.03333333333333,0.9227757861544906,39.602,0.6434092866963107,40.61375,2.365443946241975,1,0,0,0.9500000000000028
2019-09-25,41.0,1.8e-05,33.75,55.5,40.55,41.6,40.5,14.815591183417961,40.33,0.42367440328608713,39.28333333333333,1.0187633620604588,39.634,0.6722973103265844,40.6185,2.365260033299587,1,0,0,1.0500000000000043
2019-09-26,41.95,0.000145,33.75,55.5,41.0,42.3,41.0,14.883938859003175,40.71,0.7971825386947439,39.62083333333333,1.1773348819432987,39.693000000000005,0.7414141204226907,40.6285,2.3666469612501806,1,0,1,1.2999999999999972
2019-09-27,42.0,1.8e-05,33.75,55.5,42.0,42.5,41.95,13.514947210301854,41.09,0.8820430828478663,39.954166666666666,1.2412344173386303,39.749,0.8063200610299184,40.639250000000004,2.3679756079609917,1,0,1,0.5
2019-09-30,42.0,0.000148,33.75,55.5,42.0,42.4,42.0,13.073175234051686,41.49,0.6985699678627304,40.25,1.2727922061350612,39.798,0.8661997695793323,40.650749999999995,2.368975975683494,1,0,0,0.3999999999999986
2019-10-01,42.0,1.8e-05,33.75,55.5,42.0,42.4,42.0,13.195801553866417,41.790000000000006,0.4421538193883578,40.541666666666664,1.2357981104109155,39.842,0.9204790234742021,40.66275,2.369705139832268,1,0,0,0.3999999999999986
2019-10-02,42.15,3.6e-05,33.75,55.5,42.05,42.4,42.0,15.249809298415062,42.02,0.07582875443849395,40.81666666666667,1.1915103733057684,39.888000000000005,0.9766435650042349,40.6765,2.3703195616033135,1,1,0,0.3500000000000014
2019-10-03,42.15,0.0001629999999999,33.75,55.5,42.0,42.3,42.15,15.821117301713373,42.059999999999995,0.0821583836238909,41.0875,1.08043025941191,39.931,1.0276727224621418,40.69,2.3709877508269805,1,1,0,0.29999999999999716
2019-10-04,41.85,1.8e-05,33.75,55.5,41.0,42.2,42.15,14.403964222594832,42.029999999999994,0.1254990039788863,41.3125,0.9075754413912779,39.97,1.0628705836337615,40.70525,2.36857778871726,1,1,0,1.2000000000000028
2019-10-07,40.8,7.099999999999999e-05,33.75,55.5,40.0,41.6,41.85,13.340696979437066,41.79,0.5672301120354165,41.375,0.8357087356893521,39.988,1.0692625725155365,40.719249999999995,2.360769599730941,1,1,0,1.6000000000000014
2019-10-08,40.9,0.000126,33.75,55.5,40.8,43.0,40.8,13.905352176040429,41.57,0.6695147496506159,41.44166666666667,0.7525210155113929,40.007999999999996,1.0769078940410122,40.73350000000001,2.353165888434381,1,1,0,2.200000000000003
2019-10-09,41.65,3.5e-05,33.75,55.5,41.1,41.9,40.9,13.614252023091721,41.46999999999999,0.5943483826845449,41.579166666666666,0.6005521449352476,40.042,1.1015925392139905,40.751999999999995,2.3457051526812327,1,1,0,0.7999999999999972
2019-10-11,41.8,5.3e-05,33.75,55.5,41.55,42.0,41.65,14.580978865220017,41.4,0.5086747487341396,41.6875,0.4964075488385774,40.077999999999996,1.129256573222494,40.7725,2.3367973509260875,1,1,0,0.45000000000000284
2019-10-14,41.45,0.000158,33.75,55.5,41.2,43.0,41.8,10.422311107413181,41.31999999999999,0.4480513363441145,41.725,0.45502247696562487,40.107,1.1457111685043466,40.792249999999996,2.3256657203287534,1,1,0,1.7999999999999972
2019-10-15,41.7,3.6e-05,33.75,55.5,41.45,42.0,41.45,13.824867643575345,41.5,0.3588175023598069,41.70416666666667,0.4494735978341649,40.141,1.1674885831731607,40.8135,2.314362573280535,1,1,0,0.5499999999999972
2019-10-16,41.4,0.0,33.75,55.5,40.5,41.9,41.7,13.222934240969714,41.6,0.16955824957730764,41.65416666666667,0.44693823720649617,40.178999999999995,1.1770808756232676,40.83325,2.3023381031474743,1,1,0,1.3999999999999986
2019-10-17,42.6,0.000197,33.75,55.5,42.1,43.9,41.4,14.292428354172822,41.790000000000006,0.4827007354455782,41.70416666666667,0.517185711910658,40.243,1.220070673765468,40.860749999999996,2.2903384440822023,1,1,0,1.7999999999999972
2019-10-18,43.25,7e-05,33.75,55.5,43.05,43.5,42.6,14.948170265446715,42.08,0.8128653024946214,41.80833333333334,0.6818535344359076,40.323,1.2831406781810504,40.891749999999995,2.280437769288312,1,1,0,0.45000000000000284
2019-10-22,43.55,7.099999999999999e-05,33.75,55.5,43.3,44.0,43.25,15.301197889308938,42.5,0.9387491677757307,41.925,0.8457111047667487,40.405,1.35519597197302,40.92275,2.274182151851001,1,1,0,0.7000000000000028
2019-10-23,43.3,1.8e-05,33.75,55.5,43.2,44.0,43.55,13.679577426329384,42.82,0.8678997637974063,42.020833333333336,0.9340669465325296,40.475,1.4124898410336697,40.9525,2.266113435047142,1,1,0,0.7999999999999972
2019-10-24,43.8,3.5e-05,33.75,55.5,43.5,44.0,43.3,14.764810830457181,43.3,0.4486089611226469,42.18333333333333,1.0624442944392225,40.558,1.4831832837057368,40.9845,2.260877614542268,1,1,0,0.5
2019-10-25,44.1,3.5e-05,33.75,55.5,43.75,45.0,43.8,14.205795020941308,43.6,0.3553167600881086,42.45833333333333,1.098311376061688,40.642,1.5619963678139992,41.018249999999995,2.256727393849195,1,1,0,1.25
2019-10-28,45.05,5.2e-05,33.75,55.5,44.5,45.2,44.1,13.766321364193118,43.959999999999994,0.6776798654228032,42.80416666666667,1.2106456454250334,40.746,1.6770613268096206,41.0585,2.256487631731984,1,1,0,0.7000000000000028
2019-10-29,45.0,1.7e-05,33.75,55.5,44.8,46.0,45.05,12.899722199879273,44.25,0.7632168761233179,43.083333333333336,1.3030267794168962,40.85,1.7755424580705044,41.099000000000004,2.254163986133332,1,1,0,1.2000000000000028
2019-10-30,48.1,0.000121,33.75,55.5,46.0,49.5,45.0,14.230596569733134,45.21,1.706018757223769,43.60833333333333,1.8802602979049694,41.016999999999996,2.042572657514871,41.15575,2.286760988074945,1,1,0,3.5
2019-10-31,51.75,0.000171,33.75,55.5,49.0,52.75,48.1,16.52394075352611,46.8,3.1537675881394858,44.46666666666667,2.8869088008181873,41.255,2.537217864078442,41.2325,2.381955564563779,1,1,1,3.75
2019-11-01,53.25,0.000185,33.75,55.5,51.75,54.0,51.75,16.35296229748367,48.629999999999995,3.786588174068965,45.42916666666667,3.693388339213968,41.522,3.0436142585920565,41.312,2.513432456535559,1,1,1,2.25
2019-11-04,51.0,3.3e-05,33.75,55.5,47.95,53.0,53.25,14.967158272627048,49.82000000000001,3.281501180862015,46.229166666666664,3.779998697290068,41.742,3.316661094584333,41.37725,2.593821405749274,1,1,0,5.049999999999997
2019-11-05,50.25,3.3e-05,33.75,55.5,47.95,51.5,51.0,15.03122446499154,50.870000000000005,1.9047965770650384,46.86666666666667,3.75731609562249,41.945,3.5185840438267473,41.4345,2.662112689171468,1,1,0,3.549999999999997
2019-11-06,53.25,6.6e-05,33.75,55.5,51.0,53.5,50.25,15.58801941750639,51.9,1.3416407864993405,47.699999999999996,3.984344362627276,42.208999999999996,3.852824169571644,41.497249999999994,2.789572279942501,1,1,0,2.5
2019-11-07,52.75,0.0001629999999999,33.75,55.5,51.0,53.0,53.25,15.356627016317445,52.1,1.3874436925506368,48.46666666666667,3.9983140386311646,42.46,4.118883839298628,41.559,2.899678374124498,1,1,0,2.0
2019-11-08,49.9,0.000385,33.75,55.5,49.0,50.75,52.75,13.90973014328657,51.42999999999999,1.4977483099635338,49.01666666666666,3.6628561467132665,42.653999999999996,4.237007029901096,41.60725,2.9574979132762915,1,1,0,1.75
2019-11-11,49.75,0.0002,33.75,55.5,49.5,50.0,49.9,14.025772293819914,51.17999999999999,1.6806248837853877,49.512499999999996,3.2746356494064712,42.841,4.340562011010935,41.65625,3.010609120073174,1,1,0,0.5
2019-11-12,49.3,0.000136,33.75,55.5,48.75,49.9,49.75,14.879807761187536,50.989999999999995,1.8565424853739998,49.945833333333326,2.803444175014804,43.02400000000001,4.417003786389852,41.70325,3.0560841265319616,1,1,0,1.1499999999999986
2019-11-13,49.55,0.000103,33.75,55.5,49.0,50.0,49.3,14.694473599785763,50.24999999999999,1.4155387666887609,50.32083333333333,2.3539578212539585,43.215999999999994,4.488721012330048,41.75149999999999,3.1032844895552154,1,1,0,1.0
2019-11-14,49.9,0.000222,33.75,55.5,49.3,50.0,49.55,13.848559379502266,49.68,0.2564176280967974,50.729166666666664,1.6737897029487618,43.415,4.560950603565656,41.8015,3.1534575026633713,1,1,0,0.7000000000000028
2019-11-15,50.25,0.000401,33.75,55.5,50.0,50.75,49.9,13.600956263146774,49.75,0.35881750235848525,50.90833333333333,1.469358755211103,43.62,4.63409062474721,41.85325000000001,3.2065733267771006,1,1,0,0.75
2019-11-18,50.25,7e-05,33.75,55.5,50.0,50.5,50.25,13.279881523803395,49.85,0.4227883631307426,50.78333333333333,1.4549809953982367,43.826,4.696136492818995,41.901,3.2599748742747803,1,1,0,0.5
2019-11-19,50.25,0.0,33.75,55.5,50.0,50.5,50.25,13.504902345124338,50.04,0.3130495168479809,50.53333333333333,1.2334971226214717,44.067,4.710697877151379,41.94775,3.3121722270750626,1,1,0,0.5
2019-11-20,50.0,1.8e-05,33.75,55.5,49.55,50.75,50.25,14.216030793651061,50.13,0.16807736313598493,50.449999999999996,1.2328828005939099,44.306999999999995,4.700966140386867,41.9925,3.3600959770329024,1,1,0,1.2000000000000028
2019-11-21,49.2,3.5e-05,33.75,55.5,48.5,49.95,50.0,11.768350322738119,49.989999999999995,0.45469770177422025,50.362500000000004,1.2845453741235002,44.532999999999994,4.658091599243334,42.02775,3.3985168857328603,1,1,0,1.4500000000000028
2019-11-22,49.05,1.8e-05,33.75,55.5,48.5,49.2,49.2,14.44975716093909,49.75,0.5820223363400936,50.012499999999996,0.9565860223639145,44.754,4.603623683622574,42.053250000000006,3.43198112021993,1,1,0,0.7000000000000028
2019-11-25,48.6,0.000158,33.75,55.5,48.5,48.85,49.05,11.502885230075814,49.42,0.6861122357157097,49.666666666666664,0.5335700232369688,44.957,4.543362617880454,42.079249999999995,3.461802611952175,1,1,0,0.3500000000000014
2019-11-26,47.8,1.7e-05,33.75,55.5,47.4,48.5,48.6,15.109196361609596,48.93,0.8090117428065288,49.49166666666667,0.7504039316302634,45.143,4.463285716572219,42.10025,3.4837436453376496,1,1,0,1.1000000000000014
2019-11-27,48.8,1.7e-05,33.75,55.5,47.8,49.0,47.8,13.299506549477837,48.69,0.5481788029456065,49.4125,0.7705148809843083,45.342,4.398322500264048,42.12625,3.5142636043562256,1,1,0,1.2000000000000028
2019-11-28,50.0,1.7e-05,33.75,55.5,48.5,50.5,48.8,13.906996160661324,48.85,0.7952986860286282,49.47083333333334,0.7875330680888429,45.56399999999999,4.346357142270491,42.15675,3.5559585407052143,1,1,0,2.0
2019-11-29,50.0,0.000104,33.75,55.5,49.5,50.25,50.0,12.772241202815223,49.04,0.952890339965122,49.50833333333333,0.8022222921738752,45.78099999999999,4.290079800409308,42.187749999999994,3.5971425618886768,1,1,0,0.75
2019-12-02,50.0,5.1000000000000006e-05,33.75,55.5,49.5,50.75,50.0,12.789128694246449,49.32,0.9959919678385073,49.51666666666667,0.8071648849617119,45.98,4.249393714258295,42.218999999999994,3.637702350654608,1,1,0,1.25
2019-12-03,51.0,3.4e-05,33.75,55.5,49.9,51.5,50.0,14.762602426858571,49.959999999999994,0.7797435475839231,49.57916666666667,0.893526805146475,46.19799999999999,4.221083621391298,42.256750000000004,3.6893493233423276,1,1,0,1.6000000000000014
2019-12-04,51.5,3.4e-05,33.75,55.5,50.5,51.5,51.0,13.980093206528226,50.5,0.7071067811856372,49.68333333333334,1.0397406436514554,46.42799999999999,4.189663665815598,42.30025,3.7466316446780246,1,1,0,1.0
2019-12-05,51.5,1.7e-05,33.75,55.5,51.0,51.5,51.5,14.636259523219948,50.8,0.7582875444042894,49.7875,1.1576082317355805,46.647999999999996,4.1607367871865195,42.3445,3.802626670866885,1,1,0,0.5
2019-12-06,51.5,0.000187,33.75,55.5,50.0,51.5,51.5,13.511971424223555,51.1,0.6519202405192382,49.9125,1.2591709032679201,46.85799999999999,4.1347501960427735,42.393499999999996,3.857031398112849,1,1,0,1.5
2019-12-09,50.75,5e-05,33.75,55.5,50.25,51.0,51.5,14.138536366643484,51.25,0.3535533905913617,50.041666666666664,1.2589377436650537,47.034,4.108781536451892,42.4375,3.9018799424668784,1,1,0,0.75
2019-12-10,50.75,0.0,33.75,55.5,50.25,51.0,50.75,14.138536366643484,51.2,0.41079191812723354,50.18333333333334,1.2325755247621408,47.208999999999996,4.076208847867195,42.48125,3.9457579712058957,1,1,0,0.75
2019-12-11,51.75,3.3e-05,33.75,55.5,50.25,52.5,50.75,14.628439220400507,51.25,0.4677071733452962,50.44583333333333,1.199707982145881,47.403999999999996,4.055090527186253,42.529250000000005,3.999730761981346,1,1,0,2.25
2019-12-13,52.25,1.7e-05,33.75,55.5,50.5,52.5,51.75,13.601575725943684,51.4,0.6519202405192174,50.81666666666667,0.9740574309496619,47.608999999999995,4.035362690120742,42.57975,4.058250785088512,1,1,0,2.0
2019-12-16,52.0,8.3e-05,33.75,55.5,52.0,52.25,52.25,12.354065835437861,51.5,0.7071067811855757,51.083333333333336,0.7929614610990314,47.806,4.003730913097427,42.6295,4.112351752303237,1,1,0,0.25
2019-12-17,52.5,1.7e-05,33.75,55.5,51.5,53.0,52.0,15.124140900917572,51.85,0.6754628043042746,51.291666666666664,0.8106768589872582,48.01299999999999,3.9727748232086473,42.68375,4.17052030754875,1,1,0,1.5
2019-12-18,52.5,6.7e-05,33.75,55.5,52.25,53.0,52.5,14.342957872856086,52.2,0.3259601202579301,51.5,0.7687061147861474,48.22599999999999,3.9207615878262136,42.738,4.2271889753314715,1,1,0,0.75
2019-12-19,53.0,0.0002319999999999,33.75,55.5,52.5,53.25,52.5,14.19934404719041,52.45,0.3708099243528196,51.75,0.7229988054816205,48.47,3.827705125870372,42.79575,4.287963103313154,1,1,0,0.75
2019-12-20,53.25,0.000129,33.75,55.5,53.0,53.75,53.0,13.720431451460458,52.65,0.4873397172389369,51.9375,0.7986138559464828,48.717,3.7263760641447092,42.85099999999999,4.350974476421396,1,1,0,0.75
2019-12-23,53.5,0.000112,33.75,55.5,53.0,53.5,53.25,14.813676532777695,52.95,0.44721359549828293,52.104166666666664,0.901125138453128,48.95399999999999,3.643653134323755,42.90325,4.415641674147759,1,1,0,0.5
2019-12-24,53.25,1.6e-05,33.75,55.5,52.75,53.5,53.5,13.529561649382588,53.1,0.37914377220058526,52.25,0.9354143466938508,49.18299999999999,3.5432835284898236,42.95025,4.475391949652357,1,1,0,0.75
2019-12-27,53.25,7.900000000000001e-05,33.75,55.5,53.0,53.5,53.25,14.234484673818667,53.25,0.1767766952923263,52.395833333333336,0.9442308879176121,49.419,3.408106931588975,42.99675,4.533765220306666,1,1,0,0.5
2019-12-30,53.25,3.2e-05,33.75,55.5,53.25,53.5,53.25,13.794287942962585,53.3,0.11180339886815421,52.604166666666664,0.8150455462273233,49.65,3.2625581549280693,43.043499999999995,4.590971339400193,1,1,0,0.25
2019-12-31,54.0,4.8e-05,33.75,55.5,53.25,54.0,53.25,13.748730593334715,53.45,0.3259601202577691,52.875,0.6699728624089508,49.902,3.094612830618795,43.09524999999999,4.6557189058349255,1,1,0,0.75
2020-01-02,54.25,6.3e-05,33.75,55.5,54.0,55.0,54.0,12.323860125621126,53.6,0.4873397172388537,53.083333333333336,0.6770032003869564,50.135,2.9696637959921253,43.148999999999994,4.7219974906288895,1,1,0,1.0
2020-01-03,55.0,8e-05,33.75,55.5,54.0,55.5,54.25,12.881312950720202,53.95,0.7373940601865577,53.3125,0.8196798155382939,50.37,2.8771797415712426,43.2075,4.79577585802339,1,1,0,1.5
2020-01-06,53.75,1.6e-05,33.75,55.5,53.5,54.5,55.0,11.936237039973754,54.05,0.6471089552760096,53.458333333333336,0.7137714599019884,50.574,2.7421918836092463,43.25475,4.852807293788949,1,1,0,1.0
2020-01-07,52.75,1.6e-05,33.75,55.5,52.5,53.75,53.75,13.38318953651709,53.95,0.8177713616888381,53.479166666666664,0.6863799416091262,50.76299999999999,2.549505954542308,43.29375,4.897635409103097,1,1,0,1.25
2020-01-08,53.25,9.5e-05,33.75,55.5,52.75,54.0,52.75,13.73776629018622,53.8,0.8732124598277494,53.541666666666664,0.620056204686827,50.952,2.366495730149981,43.33625,4.9469673403846235,1,1,0,1.25
2020-01-09,54.75,0.000298,33.75,55.5,53.25,55.0,53.25,14.389142515998014,53.9,0.9617692030827459,53.6875,0.6836150564868423,51.165,2.2113863506494,43.386,5.011374398987976,1,1,0,1.75
2020-01-10,55.0,0.0,33.75,55.5,54.0,55.5,54.75,14.978474162748189,53.9,0.9617692030827459,53.833333333333336,0.7637626158266214,51.364,2.0944786502440746,43.437250000000006,5.077371212512057,1,1,0,1.5
2020-01-13,54.75,3e-05,33.75,55.5,54.5,55.5,55.0,14.68399705947649,54.1,1.0246950765951803,53.9375,0.7986138559467271,51.559,1.9379057178898715,43.4875,5.139285458614215,1,1,0,1.0
2020-01-14,53.75,1.5e-05,33.75,55.5,53.25,54.75,54.75,15.71152508205346,54.3,0.7582875444040896,53.979166666666664,0.772086409829522,51.672,1.8963757054782695,43.53425,5.189905106315597,1,1,0,1.5
2020-01-15,51.5,0.000229,33.75,55.5,50.75,53.5,53.75,14.789995100803061,53.95,1.4512925273694521,53.833333333333336,1.0408329997335408,51.667,1.8964954252412152,43.57,5.220090682513688,1,1,0,2.75
2020-01-16,51.75,0.0,33.75,55.5,51.0,52.75,51.5,14.68931165557966,53.35,1.6450683876357433,53.708333333333336,1.1957943980572938,51.637,1.8827576930167949,43.6075,5.251842820865192,1,1,0,1.75
2020-01-17,51.75,0.000156,33.75,55.5,51.5,53.5,51.75,14.848873317232778,52.7,1.4620191517208385,53.520833333333336,1.3162374636086707,51.652,1.8805654816075725,43.646750000000004,5.283279487992195,1,1,0,2.0
2020-01-20,52.0,1.6e-05,33.75,55.5,51.5,53.0,51.75,14.490239662294698,52.15,0.9117291264397365,53.333333333333336,1.3623731522829914,51.687,1.8701961590889498,43.686499999999995,5.316133380625515,1,1,0,1.5
2020-01-21,51.75,0.0,33.75,55.5,51.5,53.0,52.0,13.758941264676379,51.75,0.1767766952926746,53.0625,1.3234124279854294,51.657,1.856593600096705,43.7245,5.346538799604492,1,1,0,1.5
2020-01-22,51.5,1.6e-05,33.75,55.5,51.5,53.0,51.75,14.987962044574315,51.75,0.1767766952926746,52.875,1.3755164319433817,51.632,1.8499795917246213,43.76,5.374544505650123,1,1,0,1.5
2020-01-23,51.5,1.6e-05,33.75,55.5,51.0,51.75,51.5,11.112462823634855,51.7,0.2091650066301799,52.770833333333336,1.4320135749316951,51.663999999999994,1.8331705555446718,43.793,5.40177255478849,1,1,0,0.75
2020-01-24,51.75,7.900000000000001e-05,33.75,55.5,51.5,52.0,51.5,13.962637486039348,51.7,0.2091650066301799,52.645833333333336,1.451716591007628,51.70399999999999,1.8122553318328998,43.827749999999995,5.430561428123333,0,1,0,0.5
2020-01-27,52.0,0.0001919999999999,33.75,55.5,51.75,52.25,51.75,14.34266277461279,51.7,0.2091650066301799,52.416666666666664,1.2983089234102798,51.757999999999996,1.7790836898560647,43.86375,5.460819644839514,0,1,0,0.5
2020-01-28,52.0,0.0002439999999999,33.75,55.5,51.75,52.75,52.0,12.80078251189375,51.75,0.24999999999719758,52.166666666666664,1.0131708402415636,51.806999999999995,1.75053956696553,43.9,5.490713951617792,0,1,0,1.0
2020-01-29,52.25,3.3e-05,33.75,55.5,52.0,52.5,52.0,14.201521658001514,51.9,0.285043856272304,51.958333333333336,0.6108240831914367,51.854,1.7297174477299027,43.9375,5.522070268499764,1,1,0,0.5
2020-01-30,52.0,0.000183,33.75,55.5,52.0,52.5,52.25,13.965912218994502,52.0,0.17677669529261306,51.8125,0.241326824792032,51.888999999999996,1.7142348206735907,43.97325,5.551075946002653,1,1,0,0.5
2020-01-31,52.25,4.9e-05,33.75,55.5,51.75,52.25,52.0,14.24365063483164,52.1,0.13693063937106476,51.875,0.2500000000011629,51.928999999999995,1.6984714015968794,44.01075,5.581598619863678,1,1,0,0.5
2020-02-03,52.0,0.000115,33.75,55.5,51.75,52.25,52.25,12.467671232325932,52.1,0.13693063937106476,51.895833333333336,0.24905122997508206,51.964,1.6811087206406057,44.04675,5.609862272021752,1,1,0,0.5
2020-02-04,51.5,4.9e-05,33.75,55.5,51.0,52.5,52.0,14.743967381900426,52.0,0.3061862178455739,51.875,0.2717786532533737,51.994,1.658578196123025,44.08,5.634301354985526,1,1,0,1.5
2020-02-05,52.25,0.000194,33.75,55.5,51.5,53.0,51.5,14.071702737318192,52.0,0.3061862178455739,51.895833333333336,0.2911250382213351,52.055,1.6090702728155737,44.11675,5.6635710574789595,0,1,0,1.5
2020-02-06,52.25,0.000396,33.75,55.5,52.0,53.0,52.25,15.29786504488141,52.05,0.32596012025794363,51.9375,0.3038577717537287,52.119,1.5496507177233239,44.15325,5.6924177673187515,0,1,0,1.0
2020-02-07,51.25,3e-05,33.75,55.5,50.5,53.0,52.25,14.899449382659197,51.85,0.45414755311307203,51.916666666666664,0.3426722084220335,52.172,1.4701159193506355,44.1845,5.714203387328503,0,1,0,2.5
2020-02-10,51.0,7.6e-05,33.75,55.5,51.0,51.75,51.25,13.382264611100334,51.65,0.5755432216598574,51.875,0.41968602983295245,52.236,1.339777623948945,44.21475,5.734254818992915,0,1,0,0.75
2020-02-12,51.0,4.6e-05,33.75,55.5,50.75,52.0,51.0,15.172221874048766,51.55,0.6471089552761699,51.8125,0.4899559349394461,52.28,1.2582787076494908,44.24525,5.7541062408206365,0,1,0,1.25
2020-02-13,50.5,0.000308,33.75,55.5,50.25,51.0,51.0,15.070756441473435,51.2,0.6471089552761922,51.6875,0.6135311357592182,52.29,1.2416660959691113,44.272749999999995,5.770849892337975,0,1,0,0.75
2020-02-14,50.5,0.000159,33.75,55.5,50.0,51.0,50.5,14.754150084661903,50.85,0.33541019662299204,51.5625,0.6918765654498614,52.3,1.2247448713922513,44.29925,5.787274806498078,0,1,0,1.0
2020-02-17,50.25,3.2e-05,33.75,55.5,50.25,50.5,50.5,11.128747176317603,50.65,0.33541019662301796,51.395833333333336,0.7496842769806461,52.305,1.2156400010885293,44.325500000000005,5.802356110422602,0,1,0,0.25
2020-02-18,50.5,0.000129,33.75,55.5,50.25,51.0,50.25,13.727554371146008,50.55,0.2738612787502097,51.270833333333336,0.7646919562014762,52.295,1.228581810588023,44.36600000000001,5.817098691437799,0,1,0,0.75
2020-02-19,50.75,0.00018,33.75,55.5,50.5,51.0,50.5,13.342303402904738,50.5,0.17677669529297135,51.145833333333336,0.7107800878849653,52.28,1.2429802894662587,44.408500000000004,5.832591479508218,0,1,0,0.5
2020-02-20,50.5,0.0,33.75,55.5,50.0,51.0,50.75,15.711209683908,50.5,0.17677669529297135,51.020833333333336,0.6780514640343956,52.26,1.2636600550367587,44.454499999999996,5.8442197316112665,0,1,0,1.0
2020-02-21,50.0,1.7e-05,33.75,55.5,50.0,50.5,50.5,13.234979308762574,50.4,0.28504385627252615,50.895833333333336,0.7187294134076764,52.23,1.2993719047833863,44.498000000000005,5.852993564693146,0,1,0,0.5
2020-02-24,49.75,0.0,33.75,55.5,48.5,50.75,50.0,14.308254285127504,50.3,0.41079191812731763,50.6875,0.6495190528385818,52.21,1.329953198502005,44.54,5.860424290469016,0,1,0,2.25
2020-02-25,49.0,5e-05,33.75,55.5,48.0,49.5,49.75,14.922521148629102,50.0,0.6846531968805424,50.416666666666664,0.615457454896884,52.175,1.3907951770449276,44.578,5.864600043339644,0,1,0,1.5
2020-02-26,48.55,0.000521,33.75,55.5,48.0,49.0,49.0,12.538612159123673,49.56,0.7821444879296825,50.19166666666666,0.7597348022153487,52.111000000000004,1.4814254718253874,44.615,5.866207201818821,0,1,0,1.0
2020-02-27,46.65,3.5e-05,33.75,55.5,46.0,48.25,48.55,14.949329424169044,48.79,1.3291914835714393,49.82916666666666,1.2307533416078689,51.999,1.670344275890948,44.64575000000001,5.8606446073418805,0,1,0,2.25
2020-02-28,44.95,7.099999999999999e-05,33.75,55.5,43.5,46.0,46.65,15.346295013935007,47.78,1.9524343778982454,49.324999999999996,1.8102611564482867,51.858000000000004,1.9452023660533702,44.670249999999996,5.851570887097865,0,1,1,2.5
2020-03-02,46.65,7.2e-05,33.75,55.5,45.8,48.0,44.95,14.62808431172144,47.160000000000004,1.6372232590575286,49.00416666666666,1.92087318370546,51.74100000000001,2.0772501937293497,44.7125,5.835101610427852,0,1,0,2.200000000000003
2020-03-03,47.7,0.000267,33.75,55.5,46.3,49.0,46.65,14.348900286752325,46.9,1.349999999999621,48.770833333333336,1.8925041531518176,51.645,2.1510616742744277,44.7675,5.81099017241616,0,1,0,2.700000000000003
2020-03-04,49.5,8.7e-05,33.75,55.5,48.5,50.0,47.7,13.510615861260879,47.089999999999996,1.669356163315356,48.708333333333336,1.8511462460438717,51.575,2.1629828704732925,44.83275,5.790356732789648,0,1,0,1.5
2020-03-05,50.5,0.000155,33.75,55.5,49.5,51.5,49.5,15.48756658623752,47.86,2.21455413119637,48.708333333333336,1.8511462460438717,51.52,2.1544685409351554,44.90375,5.7722345670444195,0,1,1,2.0
2020-03-06,50.25,1.7e-05,33.75,55.5,50.0,51.0,50.5,15.081923088748264,48.92,1.6765291527435,48.666666666666664,1.8060923832876272,51.455,2.1425059235985264,44.9725,5.753493039954212,0,1,0,1.0
2020-03-09,46.7,0.000729,33.75,55.5,46.45,50.0,50.25,15.34080591984276,48.93,1.6596686416266457,48.349999999999994,1.7884731934351648,51.324000000000005,2.2290118612409286,45.013000000000005,5.736895138412699,0,1,0,3.549999999999997
2020-03-10,47.8,0.000146,33.75,55.5,47.0,49.0,46.7,13.000423965972946,48.95,1.641645515937846,48.166666666666664,1.7152170990779758,51.215,2.2658568231154597,45.05725,5.724011396725793,0,1,0,2.0
2020-03-11,48.65,3.6e-05,33.75,55.5,48.0,49.0,47.8,12.11943029135234,48.78,1.6142335642647414,48.074999999999996,1.6511015606667299,51.123000000000005,2.2749121983509237,45.1055,5.71335777237636,0,1,0,1.0
2020-03-12,45.85,0.0007539999999999,33.75,55.5,45.5,49.0,48.65,15.773801039179396,47.85,1.7120893668260817,47.8125,1.738746282918621,50.96,2.3551290098555095,45.14,5.696809915740378,0,1,0,3.5
2020-03-13,42.65,0.000544,33.75,55.5,41.3,48.75,45.85,15.754813355037907,46.33,2.315869167288832,47.32083333333333,2.2655982887661654,50.728,2.584592495413683,45.156499999999994,5.684721898679311,0,1,0,7.450000000000003
2020-03-16,40.25,4.1e-05,33.75,55.5,39.95,42.0,42.65,15.67996286756685,45.04,3.5341901476857713,46.7875,3.053993287484346,50.433,2.9085133659658196,45.15549999999999,5.685571507494357,0,1,1,2.049999999999997
2020-03-17,41.7,0.000266,33.75,55.5,40.0,42.5,40.25,12.974097680379948,43.82000000000001,3.393302226445396,46.51666666666666,3.3604878794422337,50.19200000000001,3.1196277904619087,45.16225,5.680636902282646,0,1,1,2.5
2020-03-18,41.55,0.0001,33.75,55.5,41.0,42.0,41.7,15.072322745865675,42.4,2.10950231097276,46.09166666666667,3.651950495864052,49.968,3.3273872817047985,45.17,5.674612863956129,0,1,0,1.0
2020-03-19,40.6,2e-05,33.75,55.5,40.45,41.5,41.55,14.430750790158871,41.35,0.9519716382327281,45.5,3.9320940523292114,49.715,3.5464591424379166,45.1755,5.669620599183948,0,1,0,1.0499999999999972
2020-03-20,40.55,0.0,33.75,55.5,40.25,42.0,40.6,13.989716774279957,40.93,0.6505766672726171,44.75416666666666,3.9531608948542685,49.431000000000004,3.7002604706996407,45.18,5.665568668872174,0,0,0,1.75
2020-03-23,37.45,0.000315,33.75,55.5,36.5,41.2,40.55,13.162739192401302,40.37,1.7155902774262823,43.666666666666664,4.023190351705878,49.08,3.982807439739306,45.169,5.678480403989251,0,0,0,4.700000000000003
2020-03-24,33.9,6.099999999999999e-05,33.75,55.5,33.75,39.5,37.45,15.483594854439163,38.809999999999995,3.150277765531114,42.30416666666667,4.346548177646762,48.663000000000004,4.4420625150662945,45.1405,5.720718297486205,0,0,0,5.75
2020-03-25,35.05,2e-05,33.75,55.5,34.0,36.0,33.9,15.174074202375584,37.510000000000005,3.077214649646629,41.333333333333336,4.570723701068927,48.28900000000001,4.779433938816629,45.118,5.7515827841221725,0,0,0,2.0
2020-03-26,35.05,6.099999999999999e-05,33.75,55.5,34.95,36.5,35.05,15.803987601173791,36.4,2.656124997058669,40.270833333333336,4.4099298249069525,47.96,5.108726028341618,45.09675,5.780962252108122,0,0,0,1.5499999999999972
2020-03-27,35.0,0.0002839999999999,33.75,55.5,34.85,36.1,35.05,14.487741000837474,35.29,1.3035528374408203,39.13333333333333,3.765473128145438,47.625,5.396221750787818,45.07425,5.81153111555231,0,0,0,1.25
2020-03-30,35.0,0.000256,33.75,55.5,34.95,37.5,35.0,14.923677389600902,34.8,0.5037360419902994,38.229166666666664,3.277017652831148,47.29,5.648920792722366,45.05075,5.842790681879578,0,0,0,2.549999999999997
2020-03-31,35.0,0.000173,33.75,55.5,34.85,36.5,35.0,15.767303512196962,35.019999999999996,0.02738612787587656,37.59166666666667,3.0768071802177532,46.95,5.86703867868152,45.02725,5.87378940269684,0,0,0,1.6499999999999986
2020-04-01,34.9,0.00017,33.75,55.5,34.75,35.0,35.0,14.68901945942714,34.99,0.05477225575084785,37.145833333333336,3.0440298001562662,46.613,6.066248294238301,45.003499999999995,5.905160229551858,0,0,0,0.25
2020-04-02,34.25,0.000502,33.75,55.5,34.0,35.0,34.9,14.12145068311787,34.83,0.3271085446759954,36.525,2.778938646317473,46.268,6.269750507681595,44.97725,5.9413058762424376,0,0,0,1.0
2020-04-03,34.6,0.000177,33.75,55.5,34.3,35.0,34.25,12.820449849816926,34.75,0.32403703492047525,35.94583333333333,2.323345778410357,45.93,6.435290139820868,44.952749999999995,5.974018700562538,0,0,0,0.7000000000000028
2020-04-06,34.8,0.000417,33.75,55.5,34.75,36.2,34.6,14.674299711241837,34.71,0.2966479394839208,35.4625,1.8147282541361702,45.591,6.567535259726997,44.9295,6.004512938460392,0,0,0,1.4500000000000028
2020-04-07,34.5,0.000272,33.75,55.5,34.4,35.0,34.8,14.830560424246118,34.61,0.25592967784151843,34.958333333333336,0.8644055585738089,45.24100000000001,6.684284722010293,44.906749999999995,6.035441134327068,0,0,0,0.6000000000000014
2020-04-08,34.5,0.000224,33.75,55.5,34.45,35.0,34.5,13.870756978442644,34.529999999999994,0.1987460691436925,34.7125,0.36873555441150646,44.891000000000005,6.78061981695207,44.88375,6.066366494842387,0,0,0,0.5499999999999972
2020-04-09,34.5,5.7e-05,33.75,55.5,34.5,35.0,34.5,15.941752308975628,34.58,0.13038404810430465,34.762499999999996,0.2780819042131523,44.536,6.851754132620338,44.8615,6.096326247715958,0,0,0,0.5
2020-04-14,35.1,0.000266,33.75,55.5,35.0,36.5,34.5,14.0618243929823,34.68,0.26832815730008525,34.766666666666666,0.2831104292458756,44.198,6.892756920070956,44.842749999999995,6.120626625513298,0,0,0,1.5
2020-04-15,35.0,0.000148,33.75,55.5,34.9,36.0,35.1,14.467575814391855,34.720000000000006,0.30331501776215564,34.762499999999996,0.27889799372774027,43.853,6.913181803848619,44.82525,6.143812505113379,0,0,0,1.1000000000000014
2020-04-16,35.05,1.8e-05,33.75,55.5,34.6,36.0,35.0,14.693310326353078,34.83,0.30331501776214276,34.766666666666666,0.283110429245876,43.514,6.921108204291611,44.80975,6.164613103111408,0,0,0,1.3999999999999986
2020-04-17,34.6,0.0002189999999999,33.75,55.5,34.5,35.0,35.05,16.064663333649417,34.85,0.2783882181415866,34.733333333333334,0.2766137225652587,43.176,6.935793290708069,44.7915,6.189483117052586,0,0,0,0.5
2020-04-20,35.95,0.000179,33.75,55.5,35.05,37.5,34.6,13.56422598638051,35.14,0.494216551726091,34.8125,0.4447292332480243,42.85,6.883461397896342,44.77775,6.206115677014086,0,0,0,2.450000000000003
2020-04-21,37.0,3.5e-05,33.75,55.5,35.85,38.95,35.95,14.857305903896306,35.519999999999996,0.9634573161277066,34.987500000000004,0.7737526619111071,42.545,6.795753851352021,44.76675,6.217989943073115,0,0,0,3.1000000000000014
2020-04-22,36.75,0.000158,33.75,55.5,36.5,37.0,37.0,13.718339748261206,35.87,1.0419932821280473,35.19583333333333,0.8856067086583372,42.255,6.725721644006365,44.75325,6.232505318910595,0,0,0,0.5
2020-04-23,36.65,8.9e-05,33.75,55.5,36.55,37.0,36.75,13.829907423954765,36.190000000000005,0.970438045420705,35.36666666666667,0.9552090045747624,41.968,6.650692460494943,44.735749999999996,6.250383661590945,0,0,0,0.45000000000000284
2020-04-24,36.6,0.00023,33.75,55.5,36.5,37.0,36.65,15.953362625098368,36.59,0.389551023615563,35.516666666666666,0.9984836988985903,41.68,6.562797126412765,44.71875,6.267927930360927,0,0,0,0.5
2020-04-27,36.95,0.0,33.75,55.5,36.65,37.5,36.6,14.680297868112518,36.79,0.17818529681183723,35.72083333333333,1.0219096057973136,41.409,6.470267082775771,44.703500000000005,6.283158293462065,0,0,0,0.8500000000000014
2020-04-28,35.8,5.4000000000000005e-05,33.75,55.5,35.4,36.0,36.95,14.046067363085578,36.55,0.440170421541402,35.829166666666666,0.9468748437325718,41.115,6.382127867917699,44.6845,6.304378294359371,0,0,0,0.6000000000000014
2020-04-29,36.3,0.000469,33.75,55.5,35.85,36.5,35.8,12.580050526513531,36.46,0.4350287346830547,35.979166666666664,0.8553198055076408,40.836,6.278713959052014,44.668499999999995,6.321639294267888,0,0,0,0.6499999999999986
2020-04-30,37.0,0.000172,33.75,55.5,36.1,37.5,36.3,14.196888553463282,36.529999999999994,0.49699094559150353,36.1375,0.8536352744673155,40.566,6.143467079353877,44.65624999999999,6.334163843434665,0,0,0,1.3999999999999986
2020-05-04,38.4,0.0003509999999999,33.75,55.5,37.8,39.0,37.0,14.810280067518427,36.89,0.9787747442593331,36.420833333333334,0.994406706014441,40.319,5.971521615816702,44.652,6.338093415270963,0,0,0,1.2000000000000028
2020-05-05,38.75,0.000153,33.75,55.5,38.0,39.5,38.4,14.439415371630163,37.25,1.2884098726724782,36.729166666666664,1.0988544310339516,40.084,5.791165333365144,44.648500000000006,6.341173008649564,0,0,0,1.5
2020-05-06,41.95,0.000167,33.75,55.5,40.0,42.5,38.75,15.367531411347931,38.480000000000004,2.1830597793005726,37.34166666666666,1.6923401406077427,39.922999999999995,5.619210943954316,44.66125,6.333125478714547,0,0,0,2.5
2020-05-07,39.25,0.000509,33.75,55.5,39.0,42.0,41.95,14.68269549586315,39.07000000000001,1.814042447132877,37.61666666666667,1.7136263161822416,39.712999999999994,5.4377348412813,44.6625,6.332027051656697,0,0,0,3.0
2020-05-08,39.05,0.0001899999999999,33.75,55.5,39.0,40.8,39.25,13.938082994994668,39.480000000000004,1.417568340504197,37.7875,1.7483921184897917,39.514,5.270422281033191,44.661750000000005,6.332686160511614,0,0,0,1.7999999999999972
2020-05-11,39.05,1.8e-05,33.75,55.5,38.5,39.5,39.05,12.468440756144114,39.61,1.3202272531650816,37.979166666666664,1.7503841569686869,39.324,5.1067206618700345,44.65925,6.334812640754655,1,0,0,1.0
2020-05-12,38.95,0.000106,33.75,55.5,38.75,39.95,39.05,15.635128517408402,39.65,1.2903487900563217,38.170833333333334,1.717220049081376,39.17,4.9961924277907075,44.655,6.33837320409342,1,0,0,1.2000000000000028
2020-05-13,38.0,7.099999999999999e-05,33.75,55.5,37.8,38.95,38.95,14.096848297629874,38.86,0.49295030175448357,38.2875,1.6469151603685996,39.031000000000006,4.928321836330497,44.64575,6.346765047671877,0,0,0,1.1500000000000057
2020-05-14,35.9,0.000252,33.75,55.5,35.5,38.0,38.0,13.824867643575345,38.19,1.3543448600706762,38.199999999999996,1.7491556404570785,38.816,4.822507180938887,44.625249999999994,6.368430692480077,0,0,0,2.5
2020-05-15,35.65,0.0002029999999999,33.75,55.5,35.45,37.5,35.9,15.254729619504937,37.510000000000005,1.6383680905095424,38.1875,1.768297203525853,38.575,4.668098966301674,44.604,6.391326487620113,0,0,0,2.049999999999997
2020-05-18,36.05,0.000452,33.75,55.5,35.65,38.5,35.65,12.791637399370671,36.91,1.474533824637436,38.166666666666664,1.7938446944694328,38.306,4.405859271285282,44.58474999999999,6.411332220506608,0,0,0,2.8500000000000014
2020-05-19,37.6,0.000104,33.75,55.5,37.0,38.4,36.05,14.665063445294525,36.64,1.0778450723549793,38.21666666666666,1.7665237220607661,38.047999999999995,4.039713063158846,44.57325,6.421831634761518,0,0,0,1.3999999999999986
2020-05-20,37.05,6.8e-05,33.75,55.5,36.9,37.5,37.6,11.507922973347437,36.45,0.8344159634138797,38.104166666666664,1.7965191511930474,37.784,3.637298840780898,44.55875,6.435582299619324,0,0,0,0.6000000000000014
2020-05-21,36.0,6.9e-05,33.75,55.5,35.8,37.0,37.05,14.915688620168963,36.47,0.8189932844656984,37.875,1.8800991269797407,37.57,3.4096651340760507,44.53875,6.456003862052117,0,0,0,1.2000000000000028
2020-05-22,36.3,0.0001909999999999,33.75,55.5,36.0,37.0,36.0,15.971843809673189,36.6,0.6991065727054123,37.40416666666667,1.4173371853468058,37.34,3.077170712170518,44.52025,6.474350431126107,0,0,0,1.0
2020-05-26,35.75,0.0001189999999999,33.75,55.5,34.0,36.4,36.3,15.278094670140701,36.54,0.7676262111209523,37.112500000000004,1.3620047056375535,37.082,2.6157443237729208,44.498999999999995,6.4961990432904635,0,0,0,2.3999999999999986
2020-05-27,35.65,0.000121,33.75,55.5,35.4,37.0,35.75,15.22993089920968,36.14999999999999,0.5623610939600309,36.829166666666666,1.2730525828828974,36.878,2.296207165510578,44.479749999999996,6.516758638561353,0,0,0,1.6000000000000014
2020-05-28,36.2,0.0002089999999999,33.75,55.5,36.0,37.0,35.65,13.480318901050754,35.980000000000004,0.279732014613862,36.59166666666666,1.0708605998164706,36.749,2.1412729858669044,44.46375,6.5332007467615085,0,0,0,1.0
2020-05-29,35.45,0.000178,33.75,55.5,35.0,36.75,36.2,15.193772999402997,35.87,0.3650342449687896,36.300000000000004,0.8165893593569284,36.653,2.0880468854701877,44.44474999999999,6.553932414050164,0,0,0,1.75
2020-06-02,35.35,7e-05,33.75,55.5,35.2,35.5,35.45,14.292428354172822,35.68000000000001,0.33090784215540137,36.079166666666666,0.6579784237019595,36.525999999999996,1.9642529867412117,44.424249999999994,6.576008964944687,0,0,0,0.29999999999999716
2020-06-03,34.95,0.0001219999999999,33.75,55.5,34.5,35.5,35.35,13.878580188309796,35.52,0.457711699653778,36.0,0.7342281042616069,36.394,1.8374127773282567,44.4,6.602038287357656,0,0,0,1.0
2020-06-04,34.9,0.000172,33.75,55.5,34.75,36.0,34.95,14.080257366533516,35.370000000000005,0.5227332015473649,35.9375,0.7960484795631774,36.28,1.7456651851884282,44.37625,6.627705548808447,0,0,0,1.25
2020-06-05,34.9,3.4e-05,33.75,55.5,34.75,35.5,34.9,15.263017838407917,35.11,0.26786190471951976,35.84166666666666,0.8487513109712546,36.167,1.6434970803334816,44.35125,6.654052752092963,0,0,0,0.75
2020-06-08,35.2,0.000136,33.75,55.5,35.0,37.25,34.9,14.653191321969535,35.06,0.20432816741695523,35.64166666666667,0.6581079399328311,36.122,1.6384462525369696,44.328,6.6779405846607425,0,0,0,2.25
2020-06-09,35.15,8.4e-05,33.75,55.5,35.0,36.0,35.2,14.276663258043275,35.019999999999996,0.14404860290878702,35.483333333333334,0.49741757349411236,36.147000000000006,1.6131921074421547,44.30474999999999,6.701836539524843,0,0,0,1.0
2020-06-10,35.0,0.000101,33.75,55.5,34.9,35.5,35.15,14.68952031485693,35.03,0.13964240043759293,35.4,0.4866396837647804,36.146,1.6139013448856978,44.28099999999999,6.7264302060291,0,0,0,0.6000000000000014
2020-06-11,35.0,0.000167,33.75,55.5,34.9,35.5,35.0,14.763494124092642,35.05,0.12247448713904538,35.291666666666664,0.4061086583917098,36.145,1.6146096388036775,44.256750000000004,6.751182061955233,0,0,0,0.6000000000000014
2020-06-12,35.0,0.0,33.75,55.5,35.0,36.0,35.0,14.978724178297332,35.07000000000001,0.09746794344794152,35.229166666666664,0.3863926014052233,36.145,1.6146096388036775,44.23224999999999,6.775917853047959,0,0,0,1.0
2020-06-15,35.5,0.0,33.75,55.5,35.1,36.0,35.0,14.223572956857312,35.13,0.21679483388671755,35.21666666666667,0.3737605780354844,36.155,1.6089117249802627,44.20974999999999,6.797479021130654,0,0,0,0.8999999999999986
2020-06-16,35.95,0.0001639999999999,33.75,55.5,35.25,36.05,35.5,13.200436762619296,35.29,0.42778499272410847,35.19583333333333,0.31655699854809133,36.174,1.6005815269748829,44.18900000000001,6.816395324959405,0,0,0,0.7999999999999972
2020-06-17,36.0,0.0,33.75,55.5,35.95,36.5,35.95,13.54317807548364,35.489999999999995,0.4878524367059757,35.24166666666667,0.38837267325313934,36.196000000000005,1.5902393607546144,44.16875,6.834744295540611,0,0,0,0.5499999999999972
2020-06-18,36.05,0.0,33.75,55.5,36.0,36.5,36.0,13.852518247262559,35.7,0.4486089611231025,35.300000000000004,0.45327094044403377,36.232,1.5654679159669198,44.148,6.853128691650216,0,0,0,0.5
2020-06-19,36.15,1.6e-05,33.75,55.5,36.0,36.5,36.05,14.92618349046207,35.92999999999999,0.2514955267990656,35.4,0.49909008113507186,36.263,1.5477373214890082,44.12775,6.870813842024582,0,0,0,0.5
2020-06-22,36.1,0.000227,33.75,55.5,36.0,36.5,36.15,12.95654725342426,36.05,0.07905694150380241,35.5,0.5099019513558791,36.289,1.5335130403427921,44.10625,6.8892402770897165,0,0,0,0.5
2020-06-23,36.5,0.000248,33.75,55.5,36.2,37.0,36.1,13.828822558800645,36.160000000000004,0.19811612756141891,35.63333333333333,0.5466149273340891,36.329,1.5118271821127098,44.088,6.904590709399032,0,0,0,0.7999999999999972
2020-06-24,36.7,0.000272,33.75,55.5,36.2,37.5,36.5,14.706401837495688,36.3,0.28504385627465945,35.75833333333333,0.6067174470893938,36.373000000000005,1.489357141145458,44.07175,6.9181895152084065,0,0,0,1.2999999999999972
2020-06-25,36.8,0.0001219999999999,33.75,55.5,36.5,37.0,36.7,13.597107005087034,36.45,0.31622776601671787,35.895833333333336,0.6422468844632195,36.419000000000004,1.465657545547301,44.056,6.931193708961942,1,0,0,0.5
2020-06-26,36.4,7.099999999999999e-05,33.75,55.5,36.0,37.25,36.8,13.048934251705282,36.5,0.27386127875244165,36.012499999999996,0.5897322196605654,36.445,1.4532598823740006,44.03799999999999,6.946437646729245,1,0,0,1.25
2020-06-29,36.4,0.00014,33.75,55.5,36.0,36.8,36.4,13.646856375645555,36.559999999999995,0.18165902124563502,36.12916666666667,0.503378735657232,36.473,1.4382603579137754,44.02025,6.961455433041929,1,0,0,0.7999999999999972
2020-06-30,36.35,8.7e-05,33.75,55.5,35.95,36.8,36.4,14.045352425385776,36.529999999999994,0.20493901531900294,36.24166666666667,0.3579190699066158,36.498999999999995,1.4236877237292163,44.010999999999996,6.970451201303011,1,0,0,0.8499999999999943
2020-07-01,35.95,1.7e-05,30.0,54.75,35.75,36.4,36.35,12.893958509606131,36.38,0.3012474066277169,36.27916666666667,0.2903433181959078,36.525999999999996,1.3995349081702353,44.00075,6.980834274881813,0,0,0,0.6499999999999986
2020-07-02,35.0,0.000105,30.0,55.5,34.8,36.0,35.95,14.202540782987553,36.019999999999996,0.6006246748177557,36.199999999999996,0.46514904746799185,36.507,1.4138891940546907,43.98625,6.996564012240923,0,0,0,1.2000000000000028
2020-07-03,35.05,0.000224,30.0,55.5,34.9,35.9,35.0,13.669444939102284,35.75,0.6846531968814153,36.12083333333333,0.5710669174791558,36.467999999999996,1.4268475312921227,43.9715,7.012339285951899,0,0,0,1.0
2020-07-06,34.65,0.000185,30.0,55.5,34.4,35.6,35.05,14.32839466160607,35.4,0.7158910531637813,36.00416666666667,0.7123770494637978,36.426,1.4491109167289449,43.95249999999999,7.032494124994938,0,0,0,1.2000000000000028
2020-07-07,34.6,0.000344,30.0,55.5,34.4,35.5,34.65,13.6678234442155,35.05,0.5419870847169258,35.875,0.8164501877564585,36.385,1.4714719133711496,43.93299999999999,7.053065978600394,0,0,0,1.1000000000000014
2020-07-08,34.2,3.6e-05,30.0,55.5,33.85,35.5,34.6,14.935003650657022,34.7,0.34460121880218664,35.71666666666667,0.9432374937912349,36.336999999999996,1.503119545262573,43.90975,7.077527777032828,0,0,0,1.6499999999999986
2020-07-09,34.0,0.000179,30.0,54.75,33.75,34.2,34.2,14.47639329433237,34.5,0.4107919181288171,35.50833333333333,1.026873749282859,36.278,1.5361016122863556,43.88525,7.103390791812311,0,0,0,0.45000000000000284
2020-07-10,34.05,0.0,30.0,53.0,33.95,35.0,34.0,13.685175195447288,34.3,0.30618621784782096,35.2875,1.032236098784012,36.242999999999995,1.566844287225634,43.85974999999999,7.12958077643676,0,0,0,1.0499999999999972
2020-07-13,34.05,0.0,30.0,53.5,34.0,35.0,34.05,14.964879647132822,34.18,0.24647515087722993,35.05833333333333,0.9692624499928292,36.198,1.5971901347472888,43.829750000000004,7.158257868788908,0,0,0,1.0
2020-07-14,34.75,0.0002,30.0,53.0,34.4,35.5,34.05,12.202571523749763,34.21,0.3110466202998397,34.920833333333334,0.8739820919023804,36.153,1.6058061107461206,43.803000000000004,7.182221979499937,0,0,0,1.1000000000000014
2020-07-15,35.4,0.0,30.0,53.0,35.1,35.5,34.75,11.101960259016467,34.45,0.6154266812545208,34.8375,0.760420039425564,36.092999999999996,1.575903045293947,43.78,7.201800444905366,0,0,0,0.3999999999999986
2020-07-16,35.1,1.9e-05,30.0,53.0,34.5,35.6,35.4,14.550519672120341,34.67,0.6109418957642018,34.733333333333334,0.6039014569391918,36.02,1.5343016758957628,43.753,7.224246652661467,0,0,0,1.1000000000000014
2020-07-17,35.25,0.0,30.0,53.0,34.95,35.3,35.1,15.046670714087886,34.910000000000004,0.5378196723809554,34.675000000000004,0.5006813539349247,35.886,1.276796053905563,43.724250000000005,7.246664416358366,0,0,0,0.3499999999999943
2020-07-20,35.05,0.0,30.0,53.0,34.95,35.5,35.25,10.911463720944793,35.11,0.24341322889267494,34.67916666666667,0.5038300278526374,35.802,1.185884669343153,43.68975,7.271535849153575,0,0,0,0.5499999999999972
2020-07-21,34.8,0.000111,30.0,53.0,34.2,35.25,35.05,13.995329819961649,35.12,0.2252776065212847,34.65833333333333,0.4921351132496602,35.717,1.0973348976290531,43.65374999999999,7.297719299367425,0,0,0,1.0499999999999972
2020-07-22,34.25,5.6000000000000006e-05,30.0,53.0,34.1,35.0,34.8,15.093997244908275,34.89,0.39274673773305935,34.625,0.5060991638331754,35.621,1.0059562411890666,43.61499999999999,7.3270614263650495,0,0,0,0.8999999999999986
2020-07-23,34.3,0.000242,30.0,53.0,34.1,34.5,34.25,14.723204846066391,34.73,0.44525273721781927,34.6,0.5147815070457251,35.528,0.9014251754540442,43.576499999999996,7.35576366159382,0,0,0,0.3999999999999986
2020-07-24,34.35,0.0002179999999999,30.0,55.5,34.25,35.0,34.3,14.507006876601228,34.55,0.355316760088739,34.612500000000004,0.5059307354640368,35.455,0.8430538511399848,43.5375,7.383988432810375,0,0,0,0.75
2020-07-27,34.85,0.000445,30.0,55.5,34.35,35.0,34.35,13.725805738731731,34.51,0.2902585054739297,34.68333333333334,0.47065396153803507,35.434,0.8448185410788135,43.501,7.4088819438758415,0,0,0,0.6499999999999986
2020-07-28,34.9,0.000358,30.0,55.5,34.6,35.0,34.85,14.462195387893335,34.53,0.3174114049620132,34.75416666666667,0.4287711475437842,35.419,0.8475589197528268,43.46625,7.432924408590278,0,0,0,0.3999999999999986
2020-07-29,34.95,0.0,30.0,55.5,34.6,35.0,34.9,12.272333120753473,34.67,0.3174114049620132,34.829166666666666,0.36894094952819295,35.397,0.8451186367650904,43.437,7.454947161846802,0,0,0,0.3999999999999986
2020-07-30,34.4,5.3e-05,30.0,53.5,34.3,35.0,34.95,12.57002454806453,34.690000000000005,0.2902585054739291,34.800000000000004,0.3890547986594783,35.333,0.7945355465285938,43.4045,7.480188557400769,0,0,0,0.7000000000000028
2020-08-03,34.3,0.0004619999999999,30.0,53.5,34.2,35.0,34.4,13.65628150500091,34.67999999999999,0.3053686296919842,34.708333333333336,0.3635890120634428,35.278,0.7679923469030032,43.367749999999994,7.506859338172897,0,0,0,0.7999999999999972
2020-08-04,34.05,0.000168,30.0,55.5,33.95,34.5,34.3,12.239512257194662,34.519999999999996,0.391471582621222,34.62083333333333,0.38639260140498716,35.239000000000004,0.7799980376764678,43.32899999999999,7.534942654328443,0,0,0,0.5499999999999972
2020-08-05,33.8,9.5e-05,30.0,53.5,33.7,34.25,34.05,12.690352014772609,34.3,0.4315669125407679,34.5,0.3982918071371709,35.18899999999999,0.7906526624610203,43.290749999999996,7.5638904760158905,0,0,0,0.5499999999999972
2020-08-06,33.4,0.000478,30.0,55.5,33.25,33.75,33.8,13.193196421401492,33.989999999999995,0.4037325847637033,34.3625,0.46958637504994516,35.141999999999996,0.8256945128648218,43.24925,7.595366012366167,0,0,0,0.5
2020-08-07,32.95,0.0001089999999999,30.0,53.0,32.85,33.25,33.4,14.532325924129378,33.7,0.535023363975809,34.20833333333333,0.5987993036541863,35.088,0.8784006802739264,43.207,7.629131288757825,0,0,0,0.3999999999999986
2020-08-10,32.95,7.2e-05,30.0,53.0,32.5,33.0,32.95,12.36904572188765,33.42999999999999,0.49573178231782195,34.1,0.6996752493418292,35.023,0.9139625544977621,43.15875,7.663427860321376,0,0,0,0.5
2020-08-11,32.7,0.0,30.0,53.5,32.55,33.0,32.95,13.484643980237895,33.160000000000004,0.4378926809162487,33.96666666666667,0.8029302396180025,34.967999999999996,0.9688389853817362,43.106,7.699023562705443,0,0,0,0.45000000000000284
2020-08-12,32.55,0.0001639999999999,30.0,53.0,32.25,33.0,32.7,11.967187086434018,32.91,0.3228776858193148,33.81666666666667,0.888393169851294,34.912000000000006,1.025569030703628,43.050999999999995,7.7350422359517825,0,0,0,0.75
2020-08-13,30.55,3.6e-05,30.0,53.0,30.0,32.85,32.55,14.480567372602136,32.34,1.0151354589413526,33.458333333333336,1.233773467737437,34.824,1.1967319444815017,42.987249999999996,7.78535701537072,0,0,0,2.8500000000000014
2020-08-14,30.55,5.4000000000000005e-05,30.0,53.0,30.3,30.95,30.55,14.659058969373188,31.860000000000003,1.2043670536842568,33.09583333333333,1.399587330953474,34.736999999999995,1.3405683382026707,42.92100000000001,7.834626081003734,0,0,0,0.6499999999999986
2020-08-17,31.0,0.0002529999999999,30.0,53.0,30.9,31.5,30.55,15.013214051163361,31.470000000000006,1.0715642771201919,32.766666666666666,1.3883170539973582,34.659,1.440616718845083,42.8555,7.8793521753704985,0,0,0,0.6000000000000014
2020-08-18,31.3,0.0001409999999999,30.0,53.0,31.2,31.5,31.0,14.906796407030427,31.189999999999998,0.8241662453656629,32.50833333333333,1.3444893138835607,34.580999999999996,1.5144167733055018,42.78674999999999,7.919990098053443,0,0,0,0.3000000000000007
2020-08-19,31.8,0.0,30.0,53.0,31.45,32.55,31.3,15.753331073994033,31.040000000000003,0.5308012810837449,32.300000000000004,1.2304840141531344,34.513999999999996,1.5620839037813345,42.720749999999995,7.956370156537306,0,0,0,1.0999999999999979
2020-08-20,33.5,1.8e-05,30.0,53.0,32.05,34.0,31.8,14.592033807447924,31.630000000000003,1.1399561395071784,32.25416666666667,1.1680322094958382,34.483999999999995,1.5669559727101217,42.64775,7.973726166756065,0,0,0,1.9500000000000028
2020-08-21,33.65,5.3e-05,30.0,55.5,33.5,34.0,33.5,14.157255299044389,32.25,1.243985530462502,32.24166666666667,1.1506585729531742,34.457,1.5695121431039343,42.55725,7.972613925276068,0,0,0,0.5
2020-08-24,34.45,0.0,30.0,53.0,34.0,34.95,33.65,12.858921132124243,32.94,1.3310709973551502,32.32916666666667,1.279463369990338,34.446,1.5675549660003438,42.463249999999995,7.956722573273406,0,0,0,0.9500000000000028
2020-08-25,34.6,0.00016,30.0,53.0,34.45,35.0,34.45,14.209578295428676,33.6,1.1152354011597712,32.46666666666667,1.4318350167344982,34.428,1.5603557940692259,42.38125,7.952809050673907,0,0,0,0.5499999999999972
2020-08-26,35.05,0.0001219999999999,30.0,53.0,34.7,35.5,34.6,13.492686164400679,34.25,0.6566962768281549,32.641666666666666,1.6131326571899152,34.41,1.5475787540554358,42.30525000000001,7.949862356982875,0,0,0,0.7999999999999972
2020-08-27,36.05,0.000155,30.0,53.0,35.65,36.25,35.05,13.075064201159773,34.760000000000005,0.8806247782114306,32.920833333333334,1.8902210468768814,34.411,1.5486429213872894,42.21925,7.92385983666128,1,0,0,0.6000000000000014
2020-08-28,36.4,0.000136,30.0,55.5,36.05,36.9,36.05,14.647419615783527,35.31,0.8727829054237398,33.24166666666667,2.1327354749373986,34.418,1.5569711569830837,42.1375,7.89897065681247,1,0,0,0.8500000000000014
2020-08-31,37.0,1.7e-05,30.0,55.5,36.1,37.5,36.4,14.53095773499251,35.82000000000001,0.9827258010248261,33.77916666666667,2.2042787248816205,34.435,1.5807273577678114,42.07299999999999,7.887927038507813,1,0,0,1.3999999999999986
2020-09-01,37.95,0.0,30.0,55.5,37.0,38.5,37.0,13.559715965863068,36.489999999999995,1.0801620248832442,34.395833333333336,2.2533266653111657,34.472,1.6409977054802722,42.013999999999996,7.874335195676387,1,0,0,1.5
2020-09-02,38.55,3.3e-05,30.0,55.5,38.4,38.95,37.95,13.699427202033586,37.19,1.0472583253428227,35.025,2.2729136287225855,34.513,1.7165702040143527,41.960249999999995,7.861029599826304,1,0,0,0.5500000000000043
2020-09-03,38.15,1.7e-05,30.0,55.5,37.35,38.85,38.55,13.99566393261585,37.61,0.8841662739552131,35.59583333333333,2.106425055668546,34.542,1.7658136819006192,41.90325,7.8470381018802495,1,0,0,1.5
2020-09-04,36.75,0.00015,30.0,53.0,35.5,37.5,38.15,12.27045959268099,37.67999999999999,0.7710382610479476,36.00833333333333,1.7500432895069749,34.541,1.7645225404970364,41.8375,7.83477903726791,1,0,0,2.0
2020-09-07,36.0,0.000186,30.0,55.5,36.0,37.0,36.75,14.412312573307222,37.48,1.0651291001563354,36.21666666666666,1.5631165450248068,34.533,1.7568121059219606,41.76625,7.822676638237758,1,0,0,1.0
2020-09-08,36.05,1.7e-05,30.0,55.5,36.0,36.9,36.0,11.964007453736912,37.1,1.187434208703728,36.416666666666664,1.3428824718978063,34.525999999999996,1.7499049536882072,41.69525000000001,7.809719812853406,1,0,0,0.8999999999999986
2020-09-09,36.05,1.7e-05,30.0,55.5,36.0,37.0,36.05,13.135676365016424,36.599999999999994,0.9205976319760196,36.55,1.2018924471609482,34.52,1.7440277099475732,41.62424999999999,7.796091627270854,1,0,0,1.0
2020-09-10,36.75,0.00031,30.0,55.5,36.1,37.45,36.05,13.41234430546159,36.32,0.3930648801404896,36.729166666666664,1.0331897505314325,34.536,1.7610015703048063,41.55799999999999,7.780841436974242,1,0,0,1.3500000000000014
2020-09-11,37.9,3.3e-05,30.0,53.0,37.0,38.0,36.75,13.12216535779974,36.55,0.8162413858656361,36.96666666666666,0.9350093177287877,34.594,1.8232523082655268,41.50149999999999,7.766083829073682,1,0,0,1.0
2020-09-14,38.0,3.3e-05,30.0,53.0,37.05,38.0,37.9,12.955838788896964,36.95,0.9572094859537539,37.12916666666666,0.9306542989959868,34.653,1.8849947220203396,41.44625,7.7514043751071915,1,0,0,0.9500000000000028
2020-09-15,38.0,6.7e-05,30.0,53.0,37.95,38.25,38.0,13.71248176616867,37.339999999999996,0.8940078299432535,37.262499999999996,0.9313052912186647,34.72,1.9435135445792213,41.393249999999995,7.738472830360648,1,0,0,0.29999999999999716
2020-09-16,37.95,1.7e-05,30.0,53.0,37.85,38.4,38.0,13.173818558687488,37.720000000000006,0.5438290172470005,37.34166666666667,0.9472048192942935,34.787000000000006,1.996318294936348,41.343999999999994,7.72883161874766,1,0,0,0.5499999999999972
2020-09-17,37.55,3.3e-05,30.0,53.0,37.5,38.0,37.95,13.263517393872842,37.88,0.18907670401145799,37.30833333333333,0.9307458722901926,34.854,2.0321105947736777,41.287749999999996,7.715221034784208,1,0,0,0.5
2020-09-18,37.9,0.0,30.0,53.0,37.0,38.0,37.55,10.86477077032911,37.88,0.18907670401145799,37.25416666666667,0.8687656691399133,34.931999999999995,2.0730968651388566,41.227250000000005,7.6939720539741705,1,0,0,1.0
2020-09-21,38.0,3.3e-05,30.0,53.0,37.5,38.1,37.9,14.264291189164716,37.88,0.18907670401145799,37.24166666666667,0.8556850879232961,35.010999999999996,2.11366520817478,41.16725,7.671974052799777,1,0,0,0.6000000000000014
2020-09-22,38.0,5e-05,30.0,53.0,37.9,38.1,38.0,14.188108751389057,37.88,0.18907670401145799,37.34583333333334,0.8664080325027268,35.09,2.1505101435600436,41.10725,7.649439821674918,1,0,0,0.20000000000000284
2020-09-23,38.0,1.7e-05,30.0,53.0,38.0,38.4,38.0,14.540883369963113,37.89,0.19493588689575958,37.5125,0.7711045796289239,35.155,2.188799176886335,41.04225,7.620131854825317,1,0,0,0.3999999999999986
2020-09-24,38.15,0.0,30.0,53.0,38.0,39.0,38.0,13.88866900803598,38.010000000000005,0.0894427190990724,37.6875,0.6353685401526179,35.21,2.2292581359587507,40.975500000000004,7.586461410543605,1,0,0,1.0
2020-09-25,38.9,1.7e-05,30.0,55.5,38.3,39.2,38.15,14.19982080492002,38.209999999999994,0.39115214431195117,37.925,0.48171096576995776,35.286,2.2893952503332557,40.9125,7.550857300988971,1,0,0,0.9000000000000057
2020-09-28,39.05,8.3e-05,30.0,55.5,38.6,39.25,38.9,13.565253998514205,38.42,0.5130789412944579,38.11666666666667,0.42604595000162887,35.362,2.350435478539895,40.85025,7.514365634699896,1,0,0,0.6499999999999986
2020-09-29,39.1,0.0,30.0,55.5,39.05,39.4,39.05,12.84687598006639,38.64,0.5236888389109025,38.21666666666667,0.504224577187685,35.443,2.4085309689881433,40.792,7.4823249685289905,1,0,0,0.3500000000000014
2020-09-30,39.1,3.4e-05,30.0,55.5,39.05,39.4,39.1,11.549267037372665,38.86,0.40527768258301233,38.30833333333333,0.5583389868530894,35.529,2.4612940432525434,40.73375,7.4496887687510345,1,0,0,0.3500000000000014
2020-10-01,39.1,3.4e-05,30.0,55.5,39.0,39.4,39.1,13.682665786704199,39.05,0.08660254037765687,38.4,0.5923758020942758,35.626,2.505040632690828,40.670500000000004,7.409279103541038,1,0,0,0.3999999999999986
2020-10-02,38.5,6.7e-05,30.0,55.5,38.0,39.4,39.1,12.40779233605911,38.970000000000006,0.2636285265290164,38.44583333333333,0.5754280356744776,35.71,2.5299632973064563,40.60175,7.364953983112582,1,0,0,1.3999999999999986
2020-10-05,38.05,0.0,30.0,55.5,37.9,38.95,38.5,11.957617696467539,38.769999999999996,0.47906158267998633,38.487500000000004,0.5201070693945077,35.784,2.5434477644755553,40.532000000000004,7.3223980749368085,1,0,0,1.0500000000000043
2020-10-06,38.0,1.7e-05,30.0,55.5,37.9,38.05,38.05,11.835016210489899,38.55,0.5385164807133053,38.49583333333333,0.5105515437109768,35.847,2.558806521863263,40.459500000000006,7.274935268841109,1,0,0,0.14999999999999858
2020-10-07,37.95,0.000184,30.0,55.5,37.8,38.1,38.0,11.273411140805074,38.32000000000001,0.48810859447446064,38.49166666666667,0.5151492869805494,35.908,2.572090391023469,40.38675,7.226513643152726,1,0,0,0.30000000000000426
2020-10-08,38.0,0.000148,30.0,55.5,37.8,38.0,37.95,13.034626646500051,38.1,0.226384628453051,38.49166666666667,0.5151492869805494,35.969,2.585041151530368,40.31175,7.172587013051717,1,0,0,0.20000000000000284
2020-10-09,38.1,1.7e-05,30.0,53.5,37.5,38.5,38.0,11.203692838488003,38.019999999999996,0.05700877125340929,38.5,0.5072205903455725,36.043,2.5921587016803715,40.236,7.115027906519549,1,0,0,1.0
2020-10-12,38.0,1.7e-05,30.0,53.5,37.8,38.1,38.1,10.254179634797001,38.010000000000005,0.05477225574890401,38.487500000000004,0.5183562306136204,36.117,2.5941970170495305,40.1585,7.053979079517501,1,0,0,0.30000000000000426
2020-10-13,38.0,3.3e-05,30.0,53.5,37.7,38.0,38.0,13.205786825468111,38.010000000000005,0.05477225574890401,38.4125,0.5183562306135922,36.196,2.590107554303585,40.08225,6.993922159515795,1,0,0,0.29999999999999716
2020-10-14,37.55,1.7e-05,30.0,53.5,37.05,38.0,38.0,15.265741931226467,37.93,0.216794833886379,38.2875,0.5313469162912754,36.271,2.573552495866935,40.00375,6.933229535828284,1,0,0,0.9500000000000028
2020-10-15,37.5,1.7e-05,30.0,53.5,37.0,37.9,37.55,14.278930688461454,37.83,0.2819574435971176,38.15416666666666,0.5092143383899287,36.353,2.5453721511320144,39.925,6.871187385044983,1,0,0,0.8999999999999986
2020-10-16,37.2,1.7e-05,30.0,53.0,37.0,37.9,37.5,11.741661349996177,37.65,0.3464101615135152,37.99583333333334,0.48310470036291403,36.437999999999995,2.4999706120728273,39.841,6.800583332945862,1,0,0,0.8999999999999986
2020-10-19,37.0,0.0,30.0,53.0,37.0,37.5,37.2,11.837187748284698,37.45,0.38078865529295897,37.82083333333333,0.42343741263823803,36.519,2.449758213809217,39.75475,6.725897966425987,1,0,0,0.5
2020-10-21,37.1,5e-05,30.0,53.0,37.0,37.5,37.0,10.988693712621323,37.269999999999996,0.24392621835264133,37.704166666666666,0.4120118783193845,36.607,2.3880230488075083,39.66525,6.640567795053591,1,0,0,0.5
2020-10-22,37.25,0.000132,30.0,53.0,37.0,37.45,37.1,15.282186261722101,37.21,0.1884144368136936,37.637499999999996,0.4156730577106794,36.701,2.316500042949022,39.582750000000004,6.566789823071958,1,0,0,0.45000000000000284
2020-10-23,37.05,9.8e-05,30.0,55.5,36.5,37.25,37.25,14.680087275381654,37.120000000000005,0.10368220676577966,37.55833333333333,0.43055637014938514,36.830999999999996,2.1399239448632543,39.50425,6.50211750878046,1,0,0,0.75
2020-10-26,36.9,0.000145,30.0,53.0,36.2,37.0,37.05,15.31189197204514,37.059999999999995,0.12942179105476395,37.47083333333333,0.44997895573399277,36.958,1.9385024727190456,39.4225,6.430818054825595,1,0,0,0.7999999999999972
2020-10-27,36.6,3.3e-05,30.0,53.0,36.5,37.0,36.9,10.778977123006351,36.98,0.24647515087696895,37.354166666666664,0.4807467360677287,37.07,1.7387246088179844,39.33175,6.340868434213055,0,0,0,0.5
2020-10-28,36.75,0.0,30.0,55.5,36.5,36.85,36.6,11.363276304750233,36.910000000000004,0.2534758371123896,37.24166666666667,0.4471288879300348,37.179,1.527639569094859,39.240500000000004,6.24484589491653,0,0,0,0.3500000000000014
2020-10-29,36.55,3.3e-05,30.0,55.5,36.4,37.0,36.75,13.747232787874218,36.769999999999996,0.2079663434304485,37.12083333333333,0.41857894515920696,37.274,1.3198732159285322,39.1495,6.149584269153214,0,0,0,0.6000000000000014
2020-10-30,36.05,0.000115,30.0,55.5,36.0,36.55,36.55,14.24722868660911,36.57000000000001,0.3213253802609423,36.958333333333336,0.4247102399000863,37.325,1.2162693881261908,39.061,6.06519264401757,0,0,0,0.5499999999999972
2020-11-02,35.9,0.00013,30.0,55.5,35.05,36.2,36.05,11.979805470779858,36.37,0.37181984885135805,36.82083333333333,0.4793263897136676,37.37,1.114926555649674,38.983000000000004,6.0044255872785595,0,0,0,1.1500000000000057
2020-11-03,35.6,0.0,30.0,55.5,35.4,36.0,35.9,11.806348526363516,36.17,0.4724933861969407,36.6625,0.5440274892760484,37.393,1.0641663403824817,38.90225,5.940118473134525,0,0,0,0.6000000000000014
2020-11-04,35.4,3.2e-05,30.0,55.5,35.2,36.5,35.6,15.362860490896166,35.9,0.4430011286665744,36.512499999999996,0.6245452891335065,37.409,1.0266693722922873,38.8205,5.874560156741573,0,0,0,1.2999999999999972
2020-11-05,35.4,3.2e-05,30.0,55.5,35.25,35.6,35.4,16.713977296251862,35.67,0.29495762407482917,36.37916666666666,0.6793908813738657,37.416000000000004,1.011335750383144,38.7375,5.8042627508066635,0,0,0,0.3500000000000014
2020-11-06,35.6,1.6e-05,30.0,55.5,35.55,36.45,35.4,14.536322028864243,35.58,0.2049390153188802,36.25416666666667,0.6726671246634569,37.407,1.0256411633321891,38.65675,5.734239220216848,0,0,0,0.9000000000000057
2020-11-09,36.4,0.000176,30.0,55.5,35.6,37.0,35.6,12.413497299759758,35.68,0.41472882706639597,36.18333333333333,0.5989890472995267,37.407000000000004,1.0256411633321891,38.58125,5.663256422237994,0,0,0,1.3999999999999986
2020-11-10,37.0,6.500000000000001e-05,30.0,55.5,36.5,37.9,36.4,13.97242968780924,35.96,0.7127411872481193,36.17916666666667,0.5925516215818997,37.407000000000004,1.0256411633321891,38.50875,5.589373077051859,0,0,0,1.3999999999999986
2020-11-11,37.9,0.000275,30.0,55.5,37.8,38.5,37.0,14.502489252472593,36.46,1.0285912696498238,36.2625,0.7520048960168457,37.406,1.0251251790177143,38.4395,5.509725503655148,0,0,1,0.7000000000000028
2020-11-12,37.4,3.1e-05,30.0,55.5,37.0,38.1,37.9,13.864015919676575,36.86,0.8933084573649896,36.329166666666666,0.817273275017342,37.383,1.0117478309699672,38.3665,5.425227480583673,0,0,0,1.1000000000000014
2020-11-13,37.5,3.2e-05,30.0,53.0,37.3,38.45,37.4,13.890433412297025,37.239999999999995,0.5683308895351359,36.391666666666666,0.8787473867352079,37.37,1.0058502343195035,38.294000000000004,5.338309822293368,0,0,0,1.1500000000000057
2020-11-16,37.55,9.399999999999998e-05,30.0,53.5,37.5,38.0,37.5,12.912138519270698,37.47,0.32326459750455816,36.475,0.940381934011494,37.385999999999996,1.0021426025877815,38.2205,5.245584862793065,1,0,0,0.5
2020-11-17,37.5,1.6e-05,30.0,53.0,37.5,37.8,37.55,13.6678234442155,37.57,0.1923538406161343,36.59583333333333,0.9733863881332626,37.416,0.9820553207759027,38.148,5.153575721144279,1,0,0,0.29999999999999716
2020-11-18,36.8,3.1e-05,30.0,53.0,36.5,37.5,37.5,11.154835234271214,37.35,0.31224989991959196,36.67083333333333,0.9492720496462055,37.431,0.9663675938966729,38.070750000000004,5.05600115465566,0,0,0,1.0
2020-11-19,35.95,0.000156,30.0,53.0,35.5,36.75,36.8,12.761970100454297,37.06,0.6940821277052266,36.699999999999996,0.9182493224494704,37.429,0.9693828249084686,37.990500000000004,4.960270270436772,0,0,0,1.25
2020-11-20,36.2,0.000175,30.0,53.0,35.55,36.5,35.95,11.951186847493476,36.8,0.7305819598100092,36.766666666666666,0.8410851576513276,37.418,0.9803039928360912,37.914,4.867996605871238,0,0,0,0.9500000000000028
2020-11-23,36.8,0.0,30.0,53.0,36.5,37.5,36.2,15.298773041922889,36.65,0.6041522986796019,36.88333333333333,0.7231035803230016,37.396,0.9816084260252959,37.83675,4.760762674584677,0,0,0,1.0
2020-11-24,37.2,9.399999999999998e-05,30.0,53.0,36.9,37.8,36.8,11.767575435251748,36.589999999999996,0.5054700782438594,37.016666666666666,0.6023942130166836,37.38,0.978075995546497,37.7615,4.6494385839291095,0,0,0,0.8999999999999986
2020-11-25,37.6,9.5e-05,30.0,53.0,37.3,37.8,37.2,11.1154434073529,36.75,0.6837397165587523,37.11666666666667,0.5901977069851843,37.372,0.9745307609740607,37.693250000000006,4.5495559380744455,0,0,0,0.5
2020-11-26,37.8,0.0,30.0,53.0,37.45,38.0,37.6,14.265885932210097,37.12,0.6418722614351074,37.18333333333333,0.620239445451697,37.369,0.972944720204842,37.62725,4.450206921675528,0,0,0,0.5499999999999972
2020-11-27,37.15,3.1e-05,30.0,55.5,36.7,37.7,37.8,15.188998516036937,37.309999999999995,0.3943348830623644,37.12083333333333,0.5777929533725159,37.361,0.9730705660606863,37.558,4.347645466862241,0,0,0,1.0
2020-11-30,37.0,0.000251,30.0,55.5,36.9,38.0,37.15,15.687605153645787,37.35,0.33541019662467836,37.0875,0.5717298312990375,37.343,0.9712189899984812,37.490500000000004,4.2493907041814944,1,0,0,1.1000000000000014
2020-12-01,37.2,0.0001219999999999,30.0,55.5,36.9,37.5,37.0,15.874073270950895,37.35,0.33541019662467836,37.0625,0.5584576975897256,37.327000000000005,0.9667539838600019,37.424,4.147627401940396,1,0,0,0.6000000000000014
2020-12-02,37.0,0.0002009999999999,30.0,55.5,36.9,37.2,37.2,11.256754979390998,37.23,0.3309078421552024,37.016666666666666,0.5369667897836283,37.307,0.9628831069003593,37.35775,4.0463119801497935,0,0,0,0.30000000000000426
2020-12-03,37.0,1.5e-05,30.0,55.5,36.65,37.2,37.0,15.036783154223011,37.07000000000001,0.09746794344718615,36.975,0.5150022065238753,37.287000000000006,0.958570896318254,37.29025,3.937101890219518,0,0,0,0.5500000000000043
2020-12-04,36.7,0.000152,30.0,55.5,36.7,37.0,37.0,15.473529279321193,36.980000000000004,0.17888543819950978,36.96666666666666,0.5188857525887646,37.258,0.9538514837564119,37.22,3.8193174690837783,0,0,0,0.29999999999999716
2020-12-07,36.9,0.000149,30.0,55.5,36.7,37.0,36.7,11.944064817531656,36.96,0.18165902124538758,37.045833333333334,0.4109071634407335,37.217999999999996,0.9250901776247498,37.152,3.700922878249974,0,0,0,0.29999999999999716
2020-12-08,36.8,0.0,30.0,55.5,36.7,37.0,36.9,14.006792682029591,36.88,0.13038404810342957,37.09583333333333,0.32645362564107144,37.172999999999995,0.8881424090643473,37.086,3.5865821974822785,0,1,0,0.29999999999999716
2020-12-09,36.95,1.5e-05,30.0,55.5,36.7,37.0,36.8,11.971621655408228,36.87,0.12041594578725075,37.108333333333334,0.31682611615209855,37.13,0.8438855711208617,37.022000000000006,3.471834410056825,0,1,0,0.29999999999999716
2020-12-10,37.0,9.1e-05,30.0,55.5,36.85,37.0,36.95,13.9916471941749,36.870000000000005,0.12041594578725075,37.09166666666667,0.31682611615208917,37.087999999999994,0.7946607542145602,36.962,3.3658656028251905,0,1,0,0.14999999999999858
2020-12-11,37.0,9.2e-05,30.0,53.0,36.8,37.15,37.0,11.304682841344873,36.93,0.08366600265242005,37.041666666666664,0.27372293002496867,37.046,0.7397489921802692,36.904250000000005,3.26357534887573,0,1,0,0.3500000000000014
2020-12-14,36.95,6.099999999999999e-05,30.0,54.75,36.7,37.0,37.0,12.206577518060588,36.94,0.08215838362476581,36.97083333333334,0.13392388158126733,37.015,0.7094299234806021,36.85575,3.189245344409017,0,1,0,0.29999999999999716
2020-12-15,36.9,3e-05,30.0,53.5,36.7,37.0,36.95,14.70348452794533,36.96,0.04183300132470388,36.949999999999996,0.12247448712764684,36.992000000000004,0.6936563873249054,36.8155,3.1369470723418016,0,1,0,0.29999999999999716
2020-12-16,36.85,7.6e-05,30.0,53.5,36.5,36.95,36.9,13.67854584967945,36.94,0.06519202405075292,36.9375,0.12454462506884555,36.969,0.6784503651427721,36.7665,3.0581060828674347,0,1,0,0.45000000000000284
2020-12-17,36.9,3e-05,30.0,53.0,36.5,36.9,36.85,14.358649052119848,36.92,0.05700877125351196,36.9125,0.09323723406101483,36.948,0.6635525908468072,36.7125,2.957779750974852,0,1,0,0.3999999999999986
2020-12-18,36.8,0.000198,30.0,53.0,36.6,36.85,36.9,13.371877742097997,36.879999999999995,0.05700877125353283,36.895833333333336,0.094046249084468,36.924,0.6462008280769015,36.649,2.8147358114826178,0,1,0,0.25
2020-12-21,36.75,7.5e-05,30.0,53.0,36.65,36.85,36.8,13.380412189842653,36.839999999999996,0.06519202405079598,36.875,0.09653072990159882,36.897000000000006,0.6238794035767504,36.58025,2.6370375943224387,0,1,0,0.20000000000000284
2020-12-22,36.9,0.000165,30.0,53.0,36.65,37.0,36.75,14.446197589407776,36.839999999999996,0.06519202405079598,36.891666666666666,0.07929614609196449,36.875,0.6032437825851977,36.5135,2.451733619032464,0,1,0,0.3500000000000014
2020-12-23,36.9,4.4000000000000006e-05,30.0,53.0,36.7,37.0,36.9,11.346882686945893,36.85,0.0707106781175172,36.891666666666666,0.07929614609196449,36.853,0.5810274151415509,36.4645,2.3426276424898087,0,1,0,0.29999999999999716
2020-12-24,37.0,0.0,30.0,53.0,36.9,37.2,36.9,15.382562962561279,36.87,0.09746794344725987,36.90833333333334,0.07929614609200034,36.842,0.5727092791029019,36.4105,2.20016325342215,1,1,0,0.30000000000000426
2020-12-28,37.55,2.9e-05,30.0,53.0,37.0,38.0,37.0,11.845827048676645,37.02,0.30943496893504197,36.958333333333336,0.2020725942093971,36.842999999999996,0.5739240154527622,36.355,2.0227102570363895,1,1,0,1.0
2020-12-29,37.85,1.5e-05,30.0,53.0,37.5,38.3,37.55,13.74787497922435,37.24,0.43502873468291947,37.02916666666666,0.3278430426336181,36.856,0.5893303013462372,36.315,1.9099580357937438,1,1,0,0.7999999999999972
2020-12-30,38.1,1.5e-05,30.0,55.5,37.8,38.5,37.85,11.304682841344873,37.480000000000004,0.5227332015472274,37.12083333333333,0.44997895573382274,36.878,0.6147971293095705,36.292249999999996,1.8605808887869497,1,1,0,0.7000000000000028
2020-12-31,38.1,7.400000000000001e-05,30.0,55.5,38.0,38.5,38.1,11.686046493072437,37.72,0.46178999556054384,37.21666666666666,0.5262791055770438,36.897999999999996,0.6379943061635255,36.281499999999994,1.8437338535194587,1,1,0,0.5
2021-01-04,38.4,0.0,30.0,55.5,38.2,38.5,38.1,10.97679912709094,38.0,0.31819805153362657,37.34166666666667,0.6149032937002225,36.921,0.6708272383234467,36.265,1.8094461797432906,1,1,0,0.29999999999999716
2021-01-05,38.5,4.4000000000000006e-05,30.0,55.5,38.35,38.95,38.4,11.156264806643742,38.19,0.2607680962077015,37.479166666666664,0.6763734623737334,36.95,0.7068902867872805,36.24975,1.7772465965151771,1,1,0,0.6000000000000014
2021-01-06,38.5,0.000174,30.0,55.5,38.0,38.95,38.5,14.643145361314916,38.32,0.2049390153186699,37.612500000000004,0.7087521043721596,36.982,0.7400193047696416,36.23925,1.7575099269184071,1,1,0,0.9500000000000028
2021-01-07,38.0,1.4e-05,30.0,55.5,37.95,38.45,38.5,11.008760940077243,38.3,0.2345207879907157,37.7125,0.6671257888728882,37.01,0.7516648189207492,36.2265,1.7351879251767115,1,1,0,0.5
2021-01-11,38.0,1.4e-05,30.0,55.5,37.95,38.0,38.3,10.87806606028079,38.28,0.25884358211048425,37.81666666666667,0.5970888974957116,37.035,0.7635343436157308,36.22925,1.7375709197053493,1,1,0,0.04999999999999716
2021-01-12,37.95,1.4e-05,30.0,55.5,37.8,38.0,38.0,12.776207202444311,38.19,0.2837252191818507,37.90416666666667,0.5228672408103952,37.063,0.771019071207976,36.2495,1.7338848095141661,1,1,0,0.20000000000000284
2021-01-13,37.9,5.7e-05,30.0,54.75,37.5,38.0,37.95,12.887655718799927,38.07,0.24392621835258352,37.9875,0.41731010923566236,37.1,0.7657862439556506,36.26375,1.7356876144558757,1,1,0,0.5
2021-01-14,37.2,0.000399,30.0,53.5,36.8,37.8,37.9,13.589614471899637,37.81,0.34351128074605375,38.00416666666667,0.37626050775297715,37.126,0.7460262073439105,36.2745,1.734790257115123,1,1,0,1.0
2021-01-15,36.9,1.4e-05,30.0,53.0,36.85,37.25,37.2,13.583705856945663,37.589999999999996,0.5054700782438029,37.949999999999996,0.4800568148168349,37.152,0.7137111975249528,36.284,1.7329772215040515,1,1,0,0.3999999999999986
2021-01-18,36.55,5.500000000000001e-05,30.0,53.0,36.45,37.0,36.9,12.415932356015515,37.3,0.6154266812543961,37.84166666666667,0.6284299821155452,37.175,0.6734960569881734,36.29175,1.7306705464072727,1,1,0,0.5499999999999972
2021-01-19,35.95,1.4e-05,30.0,53.0,35.8,36.5,36.55,14.116208307795318,36.9,0.7271519786123126,37.6625,0.8241041968526585,37.186,0.647919748119397,36.2965,1.728409600975521,0,1,1,0.7000000000000028
2021-01-20,35.75,0.000151,30.0,53.0,35.5,36.8,35.95,15.600933493700614,36.470000000000006,0.6150203248672418,37.46666666666667,0.975922252242263,37.189,0.640733794895719,36.30075,1.7260018392941738,0,1,0,1.2999999999999972
2021-01-21,36.4,0.000153,30.0,53.0,35.5,37.0,35.75,15.511694995651213,36.309999999999995,0.46287147244111815,37.3,0.9728122307829744,37.18899999999999,0.640733794895719,36.311499999999995,1.7198494587622069,0,1,0,1.5
2021-01-22,36.0,7.099999999999999e-05,30.0,53.0,36.0,36.5,36.4,14.648289672448646,36.129999999999995,0.3327912258455937,37.09166666666666,0.9600741764257917,37.169,0.6620076144847288,36.3185,1.7156924997707128,0,1,0,0.5
2021-01-25,35.95,0.0002529999999999,30.0,53.0,35.8,36.0,36.0,14.141211419624977,36.010000000000005,0.23822258499104687,36.87916666666667,0.9003681906781482,37.13,0.6753683802064708,36.32425,1.7125018981761484,0,1,0,0.20000000000000284
2021-01-26,35.95,2.7e-05,30.0,53.0,35.9,36.0,35.95,11.669082701743504,36.010000000000005,0.23822258499104687,36.708333333333336,0.8620359972780509,37.101,0.6944010780132661,36.3315,1.707802887782491,0,1,0,0.10000000000000142
2021-01-27,35.9,4.1e-05,30.0,53.0,35.85,36.0,35.95,12.530692779790893,36.040000000000006,0.2043281674165746,36.53333333333333,0.7857634774035279,37.069,0.7122750271410987,36.338499999999996,1.703120915928162,0,1,0,0.14999999999999858
2021-01-28,35.9,5.500000000000001e-05,30.0,53.0,35.8,36.0,35.9,12.17510299851502,35.940000000000005,0.04183300132454545,36.362500000000004,0.6630250920774075,37.036,0.7275931807939394,36.3455,1.6983970420851056,0,1,0,0.20000000000000284
2021-01-29,35.85,9.7e-05,30.0,53.0,35.75,35.95,35.9,15.161998294318193,35.910000000000004,0.041833001324554045,36.19166666666667,0.46555603770045445,37.003,0.7433658972175246,36.34925,1.6964600854746512,0,0,0,0.20000000000000284
2021-02-01,35.75,0.000195,30.0,42.5,35.55,36.05,35.85,14.005387666223447,35.87,0.07582875443933627,36.07083333333333,0.3551301511267438,36.982,0.7637688505994609,36.352999999999994,1.69429014501,0,0,0,0.5
2021-02-02,35.7,0.0001139999999999,30.0,42.5,35.6,36.95,35.75,14.993457919375986,35.82000000000001,0.09082951062194741,35.97083333333333,0.2553592240945627,36.977,0.7714424601944858,36.35625,1.6924005244552773,0,0,0,1.3500000000000014
2021-02-03,36.4,0.0002529999999999,30.0,42.5,36.0,36.5,35.7,15.427944178779947,35.92,0.2797320146136625,35.958333333333336,0.22646827324090746,36.981,0.7678415280824962,36.36525,1.6877938791193003,0,0,0,0.5
2021-02-04,36.5,0.00011,30.0,42.5,36.4,37.0,36.4,15.405194845901539,36.04,0.379802580296414,36.00416666666667,0.2750688618959534,36.975,0.7704524247341147,36.368,1.6875619474951966,0,0,0,0.6000000000000014
2021-02-05,37.05,0.000176,30.0,42.5,36.6,37.45,36.5,15.298931856675116,36.28,0.5641365083025595,36.112500000000004,0.3955002585869567,36.972,0.7698502372268708,36.36825,1.6876597449051982,0,0,0,0.8500000000000014
2021-02-08,37.45,6.9e-05,30.0,42.5,37.05,37.5,37.05,14.208026182252832,36.62,0.6676451153118623,36.2,0.5506194858327706,36.969,0.7676421625986202,36.37175,1.689180598090517,0,0,0,0.45000000000000284
2021-02-09,37.5,0.000181,30.0,42.5,37.3,37.7,37.45,14.730721106650572,36.98,0.5155094567510617,36.325,0.6604062110802217,36.963,0.7621672910818247,36.376,1.690952572668934,1,0,0,0.4000000000000057
2021-02-10,37.5,5.500000000000001e-05,30.0,42.5,37.4,37.85,37.5,12.885883795217529,37.2,0.4344536799242984,36.454166666666666,0.7284661136833308,36.97,0.7655196980917169,36.380500000000005,1.6927482782944874,1,1,0,0.45000000000000284
2021-02-11,37.75,0.000385,30.0,42.5,37.5,37.9,37.5,10.723289410218579,37.45,0.25248762345856496,36.604166666666664,0.7972846911768403,36.985,0.7734266452051983,36.3845,1.6950444324976592,1,1,0,0.3999999999999986
2021-02-12,38.0,0.000146,30.0,42.5,37.55,38.1,37.75,14.81076070326827,37.64,0.23291629397649272,36.77916666666667,0.8569126223958757,37.001,0.786135601328822,36.3955,1.6983674543663556,1,1,0,0.5500000000000043
2021-02-15,38.05,0.000183,30.0,42.5,37.95,38.5,38.0,11.792834908653468,37.760000000000005,0.2631539473383163,36.958333333333336,0.8808140174466643,37.022,0.8000102040185271,36.404250000000005,1.7023762397923807,1,1,0,0.5499999999999972
2021-02-16,38.6,0.0001409999999999,30.0,42.5,38.15,38.95,38.05,14.867485713028339,37.980000000000004,0.41018288603954145,37.1875,0.9229707470972649,37.054,0.8305297055734243,36.41225,1.7089367341441082,1,1,0,0.8000000000000043
2021-02-17,38.85,6.500000000000001e-05,30.0,42.5,38.55,39.2,38.6,14.969589404164303,38.25,0.4568916720621148,37.44583333333333,0.9178676705296007,37.097,0.8666973437812174,36.414500000000004,1.71186070853552,1,1,0,0.6500000000000057
2021-02-18,39.0,7.7e-05,30.0,42.5,38.8,39.2,38.85,13.943288807954996,38.5,0.45689167206209974,37.72083333333333,0.838141432339158,37.139,0.9069060433317729,36.41575,1.713664983560087,1,1,0,0.4000000000000057
2021-02-19,39.5,7.8e-05,30.0,42.5,39.0,39.75,39.0,13.209643218354284,38.8,0.5326818938162662,37.979166666666664,0.871116924968896,37.193000000000005,0.9648416386942507,36.4035,1.682376205993494,1,1,0,0.75
2021-02-22,39.3,3.9e-05,30.0,42.5,39.0,39.75,39.5,11.407576060361786,39.05,0.357071421426675,38.2125,0.8118791334123445,37.24,1.0089902003948736,36.40375,1.682804979937697,1,1,0,0.75
2021-02-23,38.75,2.6e-05,30.0,42.5,38.5,39.0,39.3,14.092006043212809,39.08,0.31344856037261476,38.354166666666664,0.7352978163884222,37.275,1.030615528385838,36.40225,1.6805665584221987,1,1,0,0.5
2021-02-24,38.4,0.0,30.0,42.5,38.0,38.75,38.75,14.206336365831138,38.989999999999995,0.4364630568555265,38.43333333333333,0.6780095646041449,37.303000000000004,1.0419472547282451,36.399,1.6760428389485016,1,1,0,0.75
2021-02-25,38.1,0.0,30.0,42.5,37.7,38.75,38.4,14.693227183589839,38.81,0.5899152481498338,38.483333333333334,0.6227991553274125,37.326,1.0466779322602622,36.39475,1.6706105577539596,1,1,0,1.0499999999999972
2021-02-26,38.75,6.4e-05,30.0,42.5,38.0,39.0,38.1,13.242811303528269,38.660000000000004,0.4491658936291679,38.5875,0.5427727634333364,37.363,1.063869045955296,36.398500000000006,1.6750677628235984,1,1,0,1.0
2021-03-01,38.8,1.3e-05,30.0,42.5,38.1,39.45,38.75,11.445727410406752,38.559999999999995,0.3029026246167169,38.675,0.4760156605498689,37.402,1.0802947443623534,36.413,1.6832625654728397,1,1,0,1.3500000000000014
2021-03-02,38.7,2.6e-05,30.0,42.5,38.25,39.0,38.8,13.688132764481141,38.55,0.2958039891544677,38.733333333333334,0.42604595000186374,37.437999999999995,1.0931400194137304,36.428250000000006,1.690117428497542,1,1,0,0.75
2021-03-03,38.35,0.000155,30.0,42.5,38.05,39.45,38.7,13.935602925061007,38.540000000000006,0.30290262461671896,38.75833333333333,0.38954129978767493,37.469,1.096650280051813,36.43975,1.695347591137126,1,1,0,1.4000000000000057
2021-03-04,37.95,3.9e-05,30.0,42.5,37.8,38.7,38.35,12.116700301832573,38.510000000000005,0.35951356024453135,38.70416666666667,0.4535006932582429,37.492999999999995,1.0937209471373859,36.4415,1.6967313388340215,1,1,0,0.9000000000000057
2021-03-05,38.2,0.000145,30.0,42.5,37.55,38.4,37.95,12.538253544662647,38.4,0.351781181986338,38.65,0.4729020655845909,37.519,1.094787743850215,36.447250000000004,1.7007476740405536,1,1,0,0.8500000000000014
2021-03-08,38.15,0.000375,30.0,42.5,37.55,38.35,38.2,14.903264440270089,38.27,0.2797320146134767,38.579166666666666,0.479326389714329,37.544000000000004,1.0946362735774726,36.458,1.704696733960164,1,1,0,0.8000000000000043
2021-03-09,38.9,7e-05,30.0,42.5,37.5,39.0,38.15,14.378606568607438,38.31,0.35951356024454895,38.52916666666667,0.39912309181756217,37.582,1.1082602656098082,36.471,1.7133774574093017,1,1,0,1.5
2021-03-10,39.15,0.000387,30.0,42.5,38.8,39.5,38.9,15.308055263726727,38.47,0.5227332015471203,38.516666666666666,0.3743681545608265,37.614000000000004,1.1301995489342338,36.488,1.7230278946171211,1,1,0,0.7000000000000028
2021-03-11,39.25,0.0,30.0,42.5,38.9,39.4,39.15,11.49273296168228,38.73,0.5227332015471094,38.55833333333333,0.42684536977077375,37.641999999999996,1.153272185868042,36.506,1.7330047684985614,1,1,0,0.5
2021-03-12,39.95,0.00012,30.0,42.5,39.35,40.0,39.25,13.722409037275709,39.08,0.6496152707562192,38.6875,0.5811919570218748,37.679,1.1971091880719271,36.52475,1.7498815286533436,1,1,0,0.6499999999999986
2021-03-15,39.65,6.7e-05,30.0,42.5,39.55,40.0,39.95,11.05407540279458,39.379999999999995,0.4177319714836999,38.81666666666666,0.6102657146048053,37.71,1.2279067969694482,36.54575,1.762078043862945,1,1,0,0.45000000000000284
2021-03-16,39.95,1.3e-05,30.0,42.5,39.6,40.5,39.65,14.532325924129378,39.59,0.3781534080233134,38.916666666666664,0.6912877750088557,37.741,1.2646968661573612,36.56875,1.7763552933299245,1,1,0,0.8999999999999986
2021-03-17,40.1,4e-05,30.0,42.5,40.0,40.25,39.95,12.63525753545869,39.78,0.33837848631323303,39.025,0.7688539286719605,37.773,1.3039269573894912,36.5945,1.7900463905727526,1,1,0,0.25
2021-03-18,40.85,0.000146,30.0,42.5,40.05,41.95,40.1,13.804450621726684,40.1,0.44999999999957424,39.204166666666666,0.9215743282135459,37.82,1.371279753831517,36.62425,1.8110629981912845,1,1,0,1.9000000000000057
2021-03-19,41.35,0.000131,30.0,42.5,40.5,41.9,40.85,12.989976472461,40.38,0.6996427659881869,39.45416666666667,1.064607980203626,37.887,1.459270505480791,36.656499999999994,1.8374407999899873,1,1,0,1.3999999999999986
2021-03-22,40.9,7.8e-05,30.0,42.5,40.5,41.85,41.35,13.006954770559393,40.629999999999995,0.588005102018329,39.699999999999996,1.0255818747503098,37.945,1.5202124582999004,36.685,1.8588170983250678,1,1,0,1.3500000000000014
2021-03-23,41.2,0.0001409999999999,30.0,42.5,41.0,41.9,40.9,13.671756808919556,40.88,0.48295962564128814,39.949999999999996,0.9917844340554213,38.01,1.5883825684249775,36.71525,1.8827849941433417,1,1,0,0.8999999999999986
2021-03-24,41.85,0.0,30.0,42.5,41.05,42.5,41.2,14.545857661255189,41.230000000000004,0.40404207701618483,40.25833333333333,0.9558036440917046,38.089,1.6784738573474274,36.749500000000005,1.9134802805150817,1,1,0,1.4500000000000028
2021-03-25,42.0,1.3e-05,30.0,42.5,41.7,42.5,41.85,14.761438147286015,41.46,0.45743852045880334,40.51666666666667,0.9740574309486799,38.185,1.7617897324105658,36.7845,1.945077474526404,1,1,0,0.7999999999999972
2021-03-26,41.1,0.0001899999999999,30.0,42.5,41.0,41.75,42.0,12.831478849227416,41.410000000000004,0.48528342234156435,40.67916666666667,0.8838084771266583,38.269,1.7990045433354391,36.815,1.9646818761245584,1,1,0,0.75
2021-03-29,39.4,0.000297,30.0,42.5,38.0,40.0,41.1,13.732456069428553,41.11,1.0334408546208909,40.69166666666667,0.8625631290019736,38.326,1.788547466750347,36.834500000000006,1.9709089681678522,1,1,0,2.0
2021-03-30,40.35,6.6e-05,30.0,42.5,39.8,41.0,39.4,13.246174430225715,40.94,1.083628165008443,40.725,0.8386948735431892,38.414,1.7774678159498194,36.856500000000004,1.985489509658831,1,1,0,1.2000000000000028
2021-03-31,41.3,0.000295,30.0,42.5,40.0,41.5,40.35,14.5100073274193,40.83,0.9922197337281542,40.862500000000004,0.779605086507053,38.525,1.7810009224357455,36.883,2.009227707329343,1,1,0,1.5
2021-04-01,41.1,0.0002209999999999,30.0,42.5,40.55,41.4,41.3,13.510615861260879,40.65,0.7874007874009115,40.958333333333336,0.7260833076827886,38.619,1.7905617064185346,36.90825,2.030327705187683,1,1,0,0.8500000000000014
2021-04-06,40.15,8.100000000000002e-05,30.0,42.5,39.7,41.0,41.1,11.65356528276954,40.459999999999994,0.7659960835406284,40.9625,0.7208344280941938,38.702000000000005,1.7626499067824506,36.92825,2.042485784134709,1,1,0,1.2999999999999972
2021-04-07,39.85,1.4e-05,30.0,42.5,39.0,40.0,40.15,11.46374572492597,40.55,0.6234981956666571,40.87916666666667,0.7895506009837079,38.78,1.7242567165281397,36.947,2.0520344115367712,1,1,0,1.0
2021-04-08,39.8,0.000177,30.0,42.5,39.0,40.0,39.85,12.134582014379962,40.44,0.7101056259455937,40.75,0.8312094145927557,38.857,1.6807132232412791,36.963499999999996,2.0616668257754247,1,1,0,1.0
2021-04-09,40.0,4.1e-05,30.0,42.5,39.85,40.5,39.8,14.97085000082659,40.18,0.5322123636290284,40.675000000000004,0.8566584128823765,38.93899999999999,1.6328355829105627,36.98,2.072723065082022,1,1,0,0.6499999999999986
2021-04-12,40.65,6.9e-05,30.0,42.5,40.0,41.0,40.0,13.444593242672996,40.089999999999996,0.3416869912648139,40.62916666666667,0.8405783542867792,39.034,1.5900340132424287,36.99925,2.0888582001663973,1,1,0,1.0
2021-04-13,40.9,2.7e-05,30.0,42.5,40.7,41.25,40.65,13.546978612394872,40.239999999999995,0.5017469481716794,40.55,0.7555852638237227,39.135,1.5433613594089908,37.02175,2.1065319417489072,1,1,0,0.5499999999999972
2021-04-14,41.35,0.000123,30.0,42.5,40.5,41.5,40.9,14.216231764878687,40.54,0.6397265040621528,40.49583333333333,0.6593586185659848,39.247,1.4951421337125255,37.0465,2.128158368214494,1,1,0,1.0
2021-04-15,41.85,0.000283,30.0,42.5,41.5,42.4,41.35,13.055156766746023,40.95,0.7008922884435032,40.55833333333334,0.7510094217209451,39.37,1.4496656898220706,37.074,2.1544855627739463,1,1,0,0.8999999999999986
2021-04-16,42.0,6.6e-05,30.0,42.5,41.55,42.4,41.85,13.892194708918002,41.35,0.5841660722770199,40.775,0.7614280841099013,39.482,1.4317379192401516,37.10425,2.180934850381458,1,1,0,0.8500000000000014
2021-04-19,41.5,0.000104,30.0,42.5,41.4,41.95,42.0,11.776066350866136,41.52,0.43387786299782094,40.87083333333334,0.7753176279699847,39.582,1.3933061547336454,37.13675,2.1977859890738185,1,1,0,0.5500000000000043
2021-04-20,42.05,0.000105,30.0,42.5,41.6,42.2,41.5,14.827439052345317,41.75,0.31024184114904557,40.93333333333333,0.8405445565309143,39.682,1.3872877664497267,37.171749999999996,2.220012774987084,1,1,0,0.6000000000000014
2021-04-21,42.3,0.000156,30.0,42.5,41.6,42.35,42.05,15.312317365725415,41.94,0.29453352949969264,41.03333333333333,0.9289126912026879,39.779,1.3975594616980898,37.21,2.2421386954531943,1,1,0,0.75
2021-04-22,41.6,2.6e-05,30.0,42.5,41.35,42.0,42.3,13.41831268192452,41.89,0.33241540277121184,41.15416666666667,0.8973340143625482,39.861,1.381299668975722,37.245,2.2557854151484085,1,1,0,0.6499999999999986
2021-04-23,41.6,7.7e-05,30.0,42.5,41.55,42.0,41.6,13.216219773704594,41.809999999999995,0.34713109915354545,41.3,0.8034018580095941,39.943000000000005,1.3598097856183533,37.282,2.266253632680701,1,1,0,0.45000000000000284
2021-04-26,41.8,5.2e-05,30.0,42.5,41.55,42.0,41.6,13.914904207228952,41.87,0.3033150177613158,41.46666666666666,0.6582805886034566,40.024,1.3470769564255756,37.321,2.2765814537543254,1,1,0,0.45000000000000284
2021-04-27,39.7,9e-05,30.0,42.5,39.5,41.0,41.8,13.867534535337981,41.4,0.9924716620637335,41.44166666666666,0.7216878364861804,40.058,1.3160454058300004,37.34925,2.270835840516245,1,1,0,1.5
2021-04-28,39.95,0.00014,30.0,42.5,39.5,41.0,39.7,12.230282214644559,40.93,1.0158740079358062,41.38333333333333,0.813894490964886,40.096,1.2839209715658693,37.37875,2.266078439722491,1,1,0,1.5
2021-04-29,40.2,0.000113,30.0,42.5,40.0,40.45,39.95,11.454247073019193,40.65,0.9772410142843793,41.325,0.8745128514044003,40.128,1.2656836500654347,37.406000000000006,2.267076793125871,1,1,0,0.45000000000000284
2021-04-30,40.25,0.0,30.0,42.5,40.0,40.95,40.2,11.25416768929685,40.38,0.823559348195117,41.233333333333334,0.9276885579787846,40.156,1.252248589783347,37.43025,2.271446628567879,1,1,0,0.9500000000000028
2021-05-03,40.05,3.7000000000000005e-05,30.0,47.0,39.95,40.4,40.25,10.922352923113982,40.03,0.21965882636392473,41.083333333333336,0.963736415617115,40.177,1.2412226526580623,37.455,2.2728957909200598,0,1,0,0.44999999999999574
2021-05-04,40.05,6.2e-05,30.0,47.0,40.0,40.4,40.05,13.436299282132948,40.1,0.12247448713742763,40.92083333333333,0.9595117918954775,40.188,1.237532106366473,37.479,2.274837008905392,0,1,0,0.3999999999999986
2021-05-05,40.4,6.099999999999999e-05,30.0,47.0,40.0,40.55,40.05,13.638893897261324,40.19,0.1474788120360833,40.829166666666666,0.9516632171027937,40.21,1.2311849278368907,37.505750000000006,2.2775845526505827,0,1,0,0.5499999999999972
2021-05-06,41.5,3.7000000000000005e-05,30.0,47.0,40.65,42.0,40.4,14.595111084843692,40.45,0.6051859218451563,40.78333333333334,0.8993263472101904,40.265,1.2260459924131322,37.53925,2.2868417442658253,1,1,0,1.3500000000000014
2021-05-07,41.95,3.7000000000000005e-05,30.0,48.0,41.5,42.2,41.5,14.985295873186594,40.79,0.8799147685995352,40.75416666666667,0.8499888591061635,40.336,1.2186074354092566,37.57775,2.2959856681700725,1,1,0,0.7000000000000028
2021-05-10,42.4,1.2e-05,30.9,48.6,41.55,42.8,41.95,16.449907114459602,41.26,1.0046143538689718,40.82083333333333,0.9480742043575793,40.422000000000004,1.2092821280859833,37.618249999999996,2.309278735643365,1,1,0,1.25
2021-05-11,42.45,6.099999999999999e-05,30.0,47.2,41.95,42.5,42.4,14.719121641785287,41.74,0.8421698166044489,40.89166666666667,1.0389753110484787,40.496,1.2180546551198592,37.65875,2.3226622087985658,1,1,0,0.5499999999999972
2021-05-12,41.75,0.000123,30.0,48.0,41.5,42.5,42.45,14.535981520696296,42.010000000000005,0.4114000486139603,40.8875,1.0350944181783803,40.555,1.205609761888638,37.69325,2.3319588542661,1,1,0,1.0
2021-05-13,41.95,0.000175,31.2,50.75,41.5,42.0,41.75,15.047633697379258,42.1,0.3082207001477475,41.075,1.0037429949935663,40.62,1.19108079885024,37.728500000000004,2.342782726699749,1,1,0,0.5
2021-05-17,41.0,0.000102,31.2,50.75,40.5,42.0,41.95,13.776146874591237,41.910000000000004,0.5888548208171258,41.1625,0.9405329726947163,40.672999999999995,1.1461207864552536,37.75875,2.3457833307177904,1,1,0,1.5
2021-05-18,41.05,0.000167,32.05,50.75,40.0,41.3,41.0,14.179737612789516,41.64,0.6168468205313009,41.233333333333334,0.8922222851169544,40.735,1.0776131031135106,37.792,2.3450655989367655,1,1,0,1.2999999999999972
2021-05-19,40.25,7.8e-05,34.45,50.75,40.1,41.2,41.05,12.688501881189456,41.2,0.6763874629231234,41.233333333333334,0.8922222851169544,40.775999999999996,1.016458437470001,37.821749999999994,2.33827437929435,1,1,0,1.1000000000000014
2021-05-20,40.55,0.000223,32.05,50.75,40.25,40.9,40.25,12.992484733932777,40.959999999999994,0.6445928947790076,41.275,0.8422102954826135,40.824,0.944005793826186,37.85425,2.330746949847011,1,1,0,0.6499999999999986
2021-05-21,41.0,0.000154,35.05,50.75,40.6,41.5,40.55,12.403286919899765,40.769999999999996,0.35461246452934997,41.354166666666664,0.7569250993720338,40.86600000000001,0.9024592251526414,37.89025,2.3234045019969125,0,1,0,0.8999999999999986
2021-05-24,41.85,0.00057,35.05,50.75,40.65,42.4,41.0,12.91435717611903,40.94,0.6066300355237813,41.475,0.7046920668559492,40.92,0.8781357804926597,37.9325,2.318164832567947,1,1,0,1.75
2021-05-25,42.25,0.00024,35.05,50.75,42.0,42.45,41.85,14.672900606186316,41.17999999999999,0.8497058314496785,41.5375,0.7395099728866558,40.98,0.8640790780148903,37.979,2.310981866205278,1,1,0,0.45000000000000284
2021-05-26,43.0,0.000222,35.05,50.75,42.2,43.25,42.25,14.870693636833796,41.73,0.9776246723562146,41.625,0.8470537173041941,41.041000000000004,0.8969159176127504,38.029250000000005,2.3103453020215015,1,1,1,1.0499999999999972
2021-05-27,42.0,0.000347,35.05,50.75,41.95,43.15,43.0,15.936669812888548,42.02,0.7216300991502472,41.59166666666667,0.8212610406981076,41.088,0.8840168065639434,38.07575,2.2960911590249853,1,1,0,1.1999999999999957
2021-05-28,42.4,0.000372,30.0,47.0,41.9,43.0,42.0,14.388973459148865,42.3,0.445813862502726,41.5875,0.8166241485523434,41.137,0.8875447674835868,38.125,2.2825699612806214,1,1,0,1.1000000000000014
2021-05-31,42.3,0.000239,30.0,47.0,41.9,42.5,42.4,12.013706813470414,42.39,0.3714835124195987,41.63333333333333,0.8416254115294934,41.181,0.8896164043791788,38.18375,2.237387528404767,1,1,0,0.6000000000000014
2021-06-02,42.0,6.099999999999999e-05,30.0,47.0,40.65,43.0,42.3,14.13447397735149,42.339999999999996,0.4098780306378969,41.637499999999996,0.843457440861311,41.20399999999999,0.8957290953444865,38.241,2.1869976666584967,1,1,0,2.3500000000000014
2021-06-03,42.0,2.4e-05,30.0,47.0,41.9,42.7,42.0,14.02512378589228,42.14,0.19493588689513927,41.72083333333333,0.8239203219781541,41.217,0.9025818974665968,38.296,2.1418324470311894,1,1,0,0.8000000000000043
2021-06-04,42.25,0.0001219999999999,30.0,47.0,41.8,42.95,42.0,13.407844529607056,42.19,0.18165902124473832,41.82083333333333,0.8077629977938985,41.244,0.9130370938223793,38.35075,2.101677228635892,1,1,0,1.1500000000000057
2021-06-07,42.25,1.2e-05,30.0,47.0,42.1,43.0,42.25,12.713495486391599,42.160000000000004,0.14747881203615426,41.9875,0.6438961661061976,41.265,0.924013539083651,38.403,2.0676233534321664,1,1,0,0.8999999999999986
2021-06-08,42.5,9.9e-05,30.0,47.0,42.25,43.0,42.25,13.671641342278317,42.2,0.20916500663255638,42.15,0.47097577625312026,41.278,0.93689456641244,38.448,2.0582951427023595,1,1,0,0.75
2021-06-09,42.95,1.2e-05,30.0,47.0,42.6,43.5,42.5,13.06727552435548,42.39,0.3595135602444028,42.3125,0.36189212355343947,41.297,0.9611541743864477,38.494499999999995,2.0544032255292706,1,1,0,0.8999999999999986
2021-06-10,42.85,6.099999999999999e-05,30.0,47.0,42.7,43.0,42.95,12.99088929563524,42.56,0.32863353450250893,42.395833333333336,0.360843918242325,41.332,0.9853912514169444,38.536500000000004,2.057164890555543,1,1,0,0.29999999999999716
2021-06-11,42.6,0.0,31.45,50.75,42.3,43.0,42.85,12.48332931179837,42.63,0.2797320146132965,42.425000000000004,0.3621275516106382,41.396,0.9609646513926354,38.576499999999996,2.058014789638686,1,1,0,0.7000000000000028
2021-06-14,42.4,4.8e-05,30.9,48.6,42.0,42.85,42.6,12.348444223321136,42.660000000000004,0.23291629397621508,42.375,0.31370223287095517,41.437,0.9591561980441774,38.61325,2.060348786762879,1,1,0,0.8500000000000014
2021-06-15,42.4,3.6e-05,30.9,48.6,42.0,42.6,42.4,13.142364024309018,42.64,0.25347583711197136,42.40833333333333,0.2906367096029715,41.458999999999996,0.9685192779900611,38.645,2.0695567947347664,1,1,0,0.6000000000000014
2021-06-16,42.5,8.4e-05,31.2,50.75,42.4,42.75,42.4,12.886137119466321,42.55,0.18708286933766233,42.416666666666664,0.29180732538896864,41.486999999999995,0.978118247516164,38.6755,2.08122131471011,1,1,0,0.3500000000000014
2021-06-17,42.55,8.3e-05,31.2,50.75,42.5,42.8,42.5,11.941462360646149,42.489999999999995,0.08944271909782252,42.4375,0.2916450208403608,41.535,0.9700226170315017,38.70325,2.0957187605008514,1,1,0,0.29999999999999716
2021-06-18,42.55,8.4e-05,34.45,50.75,42.5,42.8,42.55,12.792750362443366,42.48,0.07582875443795546,42.483333333333334,0.25790531501759606,41.589,0.9492365353280502,38.72625,2.112584555710081,1,1,0,0.29999999999999716
2021-06-21,43.0,1.2e-05,34.45,50.75,42.4,43.3,42.55,14.614278670270833,42.6,0.2318404623865628,42.56666666666667,0.24893713457197073,41.653,0.9339082898652976,38.7485,2.134043923478687,1,1,0,0.8999999999999986
2021-06-22,43.25,0.0,34.45,50.75,43.0,44.0,43.0,14.995057771546332,42.769999999999996,0.3365263734087125,42.65,0.2961879010468063,41.718,0.9296016263298037,38.774,2.1572010993215684,1,1,0,1.0
2021-06-23,43.35,3.6e-05,34.0,50.75,43.35,44.25,43.25,14.141283619132462,42.94,0.37815340802328534,42.74166666666667,0.329485365471494,41.772,0.9445957995308469,38.806999999999995,2.1764791077637886,1,1,0,0.8999999999999986
2021-06-24,43.65,4.9e-05,34.45,50.75,43.3,43.95,43.35,14.486719342096002,43.16,0.4129164564408034,42.8375,0.41016903389085146,41.827,0.9724369766061393,38.84525,2.1940508730810957,1,1,0,0.6500000000000057
2021-06-25,43.85,4.9e-05,30.0,47.0,43.55,44.25,43.65,14.374726837535428,43.42,0.3346640106130873,42.9125,0.504130664879729,41.876999999999995,1.0109204736689792,38.884249999999994,2.2133535885709175,1,1,0,0.7000000000000028
2021-06-28,44.0,1.2e-05,35.05,50.75,43.35,44.35,43.85,12.076538965678628,43.620000000000005,0.3193743884528666,43.00833333333333,0.5926954350990657,41.92,1.054533459084155,38.924,2.2334931066125927,1,1,0,1.0
2021-06-29,43.6,3.7000000000000005e-05,35.05,50.75,43.4,44.35,44.0,12.289498853474674,43.690000000000005,0.24849547279506706,43.09166666666667,0.6003155735762787,41.952,1.0809557373564835,38.95825,2.2524290489608183,1,1,0,0.9500000000000028
2021-06-30,42.65,0.000147,35.05,50.75,42.0,43.5,43.6,12.765405536311112,43.55,0.5279678020482328,43.112500000000004,0.5780551247693985,41.975,1.0833738872583545,38.982,2.2662148283516097,1,1,0,1.5
2021-07-01,42.5,0.000133,30.0,47.0,42.0,42.9,42.65,14.044796009137102,43.32000000000001,0.6969576744678532,43.12083333333334,0.567473801290382,41.983999999999995,1.0858759278175765,39.0045,2.278720603307742,1,1,0,0.8999999999999986
2021-07-02,42.5,0.000155,30.0,47.0,42.15,42.95,42.5,14.466481181164482,43.05,0.7017834423806493,43.12083333333334,0.567473801290382,41.988,1.0874309736486336,39.027,2.29093604007139,1,1,0,0.8000000000000043
2021-07-05,42.7,1.2e-05,30.0,47.0,42.6,43.0,42.5,10.839600519357369,42.79,0.46151923036817544,43.13333333333333,0.5552777082980903,42.01,1.090543770000609,39.05075,2.3042972609525982,1,1,0,0.3999999999999986
2021-07-06,42.95,2.4e-05,30.0,47.0,42.6,43.35,42.7,11.412010608265987,42.660000000000004,0.18506755523222512,43.166666666666664,0.528433935550967,42.037,1.096879153577292,39.07775,2.3182187403565195,1,1,0,0.75
2021-07-07,43.8,2.4e-05,30.0,47.0,42.7,44.35,42.95,11.889311855577725,42.89,0.5412947441086366,43.23333333333333,0.5552777082981281,42.077000000000005,1.1241872347509156,39.10725,2.3405878953757213,1,1,0,1.6499999999999986
2021-07-08,45.5,0.0,30.0,47.0,43.8,46.5,43.8,14.315862119753891,43.489999999999995,1.2280065146405554,43.42083333333333,0.8585024840680918,42.193000000000005,1.1721256636683308,39.14475,2.3824652443850987,1,1,1,2.700000000000003
2021-07-09,45.5,3.6e-05,30.9,48.6,45.1,47.0,45.5,14.049317848961383,44.089999999999996,1.3501851724854816,43.599999999999994,1.0462052640591621,42.304,1.2173004592805237,39.18225,2.4230358957846083,1,1,1,1.8999999999999986
2021-07-12,44.75,2.4e-05,30.0,48.0,42.7,46.0,45.5,12.70351207261035,44.5,1.112991464477449,43.69166666666666,1.0978974395991978,42.395,1.2268363994525429,39.216,2.453306455136306,1,1,0,3.299999999999997
2021-07-13,44.75,1.2e-05,30.0,48.0,44.0,45.0,44.75,14.233102504501426,44.86,0.7012488859168808,43.76666666666666,1.1396437508219823,42.485,1.2313196007474696,39.249,2.483103504704296,1,1,0,1.0
2021-07-14,44.6,0.000133,30.9,48.6,44.3,44.85,44.75,12.203073151542435,45.019999999999996,0.4424364361122032,43.81666666666666,1.1637192205348172,42.576,1.2157235185150386,39.2775,2.5116249820087835,1,1,0,0.5500000000000043
2021-07-15,44.95,0.000204,30.9,48.6,44.5,45.05,44.6,12.843709758862499,44.910000000000004,0.3524911346398179,43.92916666666667,1.2053777856176011,42.674,1.2053977241850702,39.306999999999995,2.54338752464147,1,1,0,0.5499999999999972
2021-07-16,44.85,0.0,32.05,50.75,44.7,45.0,44.95,10.872389709681492,44.78,0.13038404810276924,44.112500000000004,1.1595698653928255,42.76299999999999,1.1983326000778278,39.33575,2.5733577848686453,1,1,0,0.29999999999999716
2021-07-19,44.75,0.0,32.05,50.75,44.6,45.0,44.85,11.832113471896832,44.78,0.13038404810276924,44.300000000000004,1.0520542675252664,42.827999999999996,1.216433394840314,39.364000000000004,2.601614110489644,1,1,0,0.3999999999999986
2021-07-21,44.75,4.699999999999999e-05,32.05,50.75,44.7,45.0,44.75,14.448961342023342,44.78,0.13038404810276924,44.487500000000004,0.8901289487790904,42.88399999999999,1.2394221826883094,39.39225,2.6292617833005787,1,1,0,0.29999999999999716
2021-07-22,44.75,0.0,32.05,50.75,44.7,44.85,44.75,11.498836682527127,44.81,0.08944271909812357,44.65833333333333,0.6901361306206014,42.931,1.2649872952500023,39.4235,2.6556137088917064,1,1,0,0.14999999999999858
2021-07-23,44.55,0.0,35.05,50.75,44.5,44.9,44.75,13.075064201159773,44.73,0.10954451149949757,44.791666666666664,0.4389208529469408,42.973,1.283418982918411,39.455999999999996,2.678396542747224,1,1,0,0.3999999999999986
2021-07-26,44.8,0.0,35.05,50.75,44.75,44.95,44.55,12.382967001677175,44.72,0.09746794344636106,44.875,0.30932477783392637,43.034000000000006,1.2965196740918132,39.49,2.7028693110400424,1,1,0,0.20000000000000284
2021-07-27,45.0,0.0002339999999999,35.05,50.75,44.75,45.15,44.8,14.2455388393916,44.769999999999996,0.16046806535776417,44.833333333333336,0.24432963327673124,43.095,1.3160799088701294,39.52525,2.728534301538577,1,1,0,0.3999999999999986
2021-07-28,45.35,1.2e-05,35.05,50.75,44.8,46.0,45.0,13.049579758676577,44.89,0.3029026246166679,44.82083333333333,0.20830302809925347,43.181999999999995,1.318539699355492,39.562,2.7572346134427996,1,1,0,1.2000000000000028
2021-07-29,45.6,3.6e-05,35.05,50.75,45.05,45.85,45.35,14.448058647631868,45.06,0.4204164601911648,44.89166666666667,0.3043871139711932,43.273,1.3253882758020679,39.599500000000006,2.7880802909066165,1,1,0,0.8000000000000043
2021-07-30,45.7,1.2e-05,30.0,47.0,45.35,46.0,45.6,14.236193288475901,45.29,0.38470768123300125,44.97083333333333,0.3786689207148936,43.382,1.2954693421024728,39.638000000000005,2.8188758941343717,1,1,0,0.6499999999999986
2021-08-02,45.7,0.000131,30.0,47.0,45.6,45.95,45.7,11.746423225963612,45.470000000000006,0.29916550603248765,45.0625,0.4123794589720589,43.485,1.2701940234246498,39.676500000000004,2.848815807934388,1,1,0,0.3500000000000014
2021-08-03,45.95,8.5e-05,30.0,47.0,45.6,46.25,45.7,13.966084276658332,45.660000000000004,0.2162174831036464,45.145833333333336,0.48263402911617304,43.583999999999996,1.2654530526938692,39.7185,2.8790671908530348,1,1,0,0.6499999999999986
2021-08-04,46.2,1.2e-05,30.0,47.0,46.0,46.25,45.95,11.959538914341756,45.830000000000005,0.24392621835234826,45.25833333333333,0.558745890094345,43.67100000000001,1.29303826671311,39.762,2.910927428236822,1,1,0,0.25
2021-08-05,46.45,3.6e-05,30.0,47.0,46.1,46.5,46.2,12.81121067876591,46.0,0.3259601202596404,45.400000000000006,0.6292130727420591,43.755,1.3345965529643822,39.80825,2.9433204231045647,1,1,0,0.3999999999999986
2021-08-06,46.75,0.000206,30.0,48.0,46.35,46.8,46.45,13.824570393434191,46.21,0.4114000486140941,45.56666666666667,0.7020532656994563,43.83,1.3952909140013006,39.857,2.977124004250159,1,1,0,0.44999999999999574
2021-08-09,46.6,0.000202,30.0,47.0,46.4,46.8,46.75,14.15661561789651,46.39,0.3189827581542301,45.72083333333333,0.7094999305959804,43.922,1.4235325419391909,39.9045,3.008535554203005,1,1,0,0.3999999999999986
2021-08-10,46.45,0.0,30.0,47.0,46.2,46.65,46.6,11.724004532183379,46.49,0.20432816741624402,45.87916666666667,0.6322608542993977,44.003,1.4501375726435322,39.950500000000005,3.037934326952018,1,1,0,0.44999999999999574
2021-08-11,46.6,0.0,30.0,47.2,46.5,46.75,46.45,13.842153462620056,46.57,0.12549900397884017,46.02916666666667,0.5626472871148049,44.089000000000006,1.474382956372401,39.99825,3.0670291450165457,1,1,0,0.25
2021-08-12,46.9,1.2e-05,30.0,48.0,46.65,47.2,46.6,13.832073629837078,46.660000000000004,0.1710263137639367,46.1875,0.5117372372621994,44.187000000000005,1.4953946308721933,40.04825,3.097625843582979,1,1,0,0.5500000000000043
2021-08-13,47.15,0.0,32.05,50.75,46.8,48.0,46.9,13.727117499619697,46.739999999999995,0.2815137652046163,46.337500000000006,0.5077244241809773,44.29,1.5188610125718323,40.101,3.12828705516237,1,1,0,1.2000000000000028
2021-08-16,48.1,0.00014,30.9,50.75,47.2,48.6,47.15,13.900495800395532,47.040000000000006,0.6513447627790346,46.54583333333334,0.6658754774851353,44.40700000000001,1.5824938340146415,40.15775,3.1698647685276273,1,1,0,1.3999999999999986
2021-08-17,49.9,0.000298,31.2,50.75,48.6,50.75,48.1,13.894045360088693,47.73,1.3367871932359567,46.895833333333336,1.1258246136086736,44.56,1.7324042512636424,40.2245,3.23343474516731,1,1,0,2.1499999999999986
2021-08-18,49.7,0.000156,31.45,50.75,48.9,50.25,49.9,13.200621724822797,48.35,1.399106857963203,47.229166666666664,1.3157193561864304,44.70400000000001,1.8527376324494103,40.29275,3.28846926212464,1,1,0,1.3500000000000014
2021-08-19,48.15,7.900000000000001e-05,32.05,50.75,47.1,49.5,49.7,13.1257596036934,48.6,1.1677970714125225,47.4125,1.2738854308415597,44.808,1.8976720432344993,40.354,3.3201696693338842,1,1,0,2.3999999999999986
2021-08-20,47.95,0.000137,35.05,50.75,47.1,48.9,48.15,14.374555325755864,48.760000000000005,0.9548560100872076,47.55833333333333,1.2215551439449361,44.91,1.9271158528236887,40.41575,3.3460528666521356,1,1,0,1.7999999999999972
2021-08-23,48.0,0.000112,34.0,50.75,47.7,48.85,47.95,13.863730083159776,48.739999999999995,0.9730107913068907,47.6875,1.1747581956229307,45.018,1.946235508118551,40.47875,3.3696749820900247,1,1,0,1.1499999999999986
2021-08-24,48.15,0.0,34.45,50.75,48.0,48.7,48.0,11.6172944892629,48.39,0.7377330140366937,47.80416666666667,1.14225819667896,45.133,1.9582272803821468,40.5425,3.3936304140158557,1,1,0,0.7000000000000028
2021-08-25,48.25,7.8e-05,34.7,50.75,48.1,48.5,48.15,12.727544397630073,48.1,0.12247448713778109,47.94166666666666,1.0818404632293692,45.25,1.9663495651193508,40.60575,3.418840709433702,1,1,0,0.3999999999999986
2021-08-26,48.3,3.4e-05,35.05,50.75,48.25,48.5,48.25,13.561006620029513,48.129999999999995,0.15247950681866068,48.09583333333333,0.9766497309533865,45.36599999999999,1.9718798655297818,40.66525,3.4486986748989756,1,1,0,0.25
2021-08-27,48.55,2.2000000000000003e-05,35.05,50.75,48.25,48.8,48.3,13.479199708319483,48.25,0.2031009601150648,48.25833333333333,0.860452664520539,45.486000000000004,1.979564990350274,40.723,3.4835429316692204,1,1,0,0.5499999999999972
2021-08-30,48.65,0.000147,35.05,50.75,48.25,49.0,48.55,11.063524143191238,48.38,0.21095023109648567,48.40416666666666,0.7505931997539899,45.608000000000004,1.982895224006498,40.77675,3.522482983542344,1,1,0,0.75
2021-08-31,48.5,0.000252,35.05,50.75,47.95,48.65,48.65,14.581490362052216,48.45,0.16955824957712998,48.51666666666666,0.6382979260706401,45.718,1.9878138951201234,40.83225,3.556294926679486,1,1,0,0.6999999999999957
2021-09-01,48.0,0.0,35.5,50.75,47.65,48.35,48.5,14.34519777816046,48.4,0.2573907535240144,48.508333333333326,0.6448514040731921,45.813,1.980950349128982,40.88475,3.584248754364632,1,1,0,0.7000000000000028
2021-09-02,47.15,3.5e-05,35.5,50.75,46.65,48.0,48.0,12.94491234034926,48.169999999999995,0.623097103186701,48.27916666666666,0.5917840259208206,45.889,1.9572807563514223,40.93275,3.6035946511152313,1,1,0,1.3500000000000014
2021-09-03,46.8,7.099999999999999e-05,35.5,50.75,46.0,47.15,47.15,13.93719796164637,47.82,0.8174655956061125,48.0375,0.5494315243973563,45.952,1.9343025954105897,40.97925,3.6190460634739487,1,1,0,1.1499999999999986
2021-09-06,46.25,0.0,35.5,50.75,46.0,47.0,46.8,12.119975396053194,47.339999999999996,0.9078821509423162,47.87916666666666,0.7508959295210104,46.0,1.9107109479276276,41.0265,3.6258906720732313,1,1,0,1.0
2021-09-07,46.35,0.00013,35.5,50.75,46.2,46.75,46.25,12.33182825999709,46.91,0.7083431371867968,47.74583333333334,0.8698114564078983,46.047,1.8892934107323294,41.07849999999999,3.6272957034961344,1,1,0,0.5499999999999972
2021-09-08,46.3,9.6e-05,35.5,50.75,46.2,46.5,46.35,13.902606181405073,46.57,0.39147158262078935,47.604166666666664,0.9585638721395084,46.101000000000006,1.856222024457601,41.129,3.6293414826919257,1,1,0,0.29999999999999716
2021-09-09,46.3,0.0001189999999999,35.5,50.75,46.0,46.8,46.3,14.084545600160343,46.39999999999999,0.22638462845260263,47.449999999999996,1.0101755023043582,46.17400000000001,1.7882621823023817,41.1765,3.634562970970266,1,1,0,0.7999999999999972
2021-09-10,46.6,0.0,35.5,50.75,46.3,47.0,46.3,13.694247599393606,46.36,0.13874436925375708,47.3125,1.0036580819461351,46.256,1.7085809842063742,41.2235,3.643649083434698,1,1,0,0.7000000000000028
2021-09-13,46.8,2.4e-05,35.5,50.75,46.4,47.0,46.6,13.166956173507728,46.47,0.22248595461202653,47.1875,0.9620350116485129,46.342,1.6216758779302907,41.2695,3.6557272131936824,1,1,0,0.6000000000000014
2021-09-14,46.75,1.2e-05,35.5,50.75,46.6,47.0,46.8,14.550040056034224,46.55,0.239791576164858,47.0375,0.8657957453859378,46.422999999999995,1.5348738564135382,41.314249999999994,3.667802244399021,1,1,0,0.3999999999999986
2021-09-15,46.85,0.0,35.5,50.75,46.7,47.5,46.75,13.651108680361267,46.66,0.2219234102108859,46.887499999999996,0.7013380069560236,46.501000000000005,1.451617324621939,41.36275,3.676582821550056,1,1,0,0.7999999999999972
2021-09-16,46.95,4.699999999999999e-05,35.5,50.75,46.8,47.5,46.85,12.497625965026309,46.790000000000006,0.1294217910540271,46.75833333333333,0.48749514372196473,46.56399999999999,1.3994182464764084,41.4125,3.6845622187333116,1,1,0,0.7000000000000028
2021-09-17,48.55,0.000129,35.5,50.75,47.0,49.0,46.95,14.178068860955143,47.18,0.769415362466618,46.80416666666667,0.6221145514714478,46.625,1.4184372688680813,41.46925,3.7066952784027176,1,1,0,2.0
2021-09-20,48.35,6.9e-05,35.5,50.75,47.5,48.95,48.55,13.473303307544203,47.489999999999995,0.882043082847795,46.90416666666667,0.7632044684140128,46.681999999999995,1.4295268233842784,41.526,3.724767572256688,1,1,0,1.4500000000000028
2021-09-21,47.95,0.000256,35.5,50.75,47.55,48.5,48.35,12.796912976577694,47.730000000000004,0.7886697661249888,47.0,0.8190904046014665,46.745999999999995,1.412800085515381,41.58075000000001,3.7383577316983763,1,1,0,0.9500000000000028
2021-09-22,47.05,1.2e-05,35.5,50.75,47.0,47.85,47.95,15.301627855612992,47.77,0.7362064927719985,47.06666666666666,0.7843159536517482,46.792,1.3836272943952492,41.6325,3.7420896467911304,1,1,0,0.8500000000000014
2021-09-23,47.2,2.4e-05,35.5,50.75,47.05,47.95,47.05,14.814118700719543,47.82,0.6723094525586018,47.137499999999996,0.7514002080971525,46.843999999999994,1.3479629377813898,41.684000000000005,3.747504228109252,1,1,0,0.9000000000000057
2021-09-24,47.1,3.6e-05,35.5,50.75,46.5,47.85,47.2,14.949136324333576,47.53,0.5858754133769756,47.20416666666667,0.7043560351438949,46.887,1.3203203847426257,41.735499999999995,3.7508209821583343,1,1,0,1.3500000000000014
2021-09-27,47.0,1.2e-05,35.5,50.75,46.55,47.5,47.1,13.218584051673648,47.260000000000005,0.3927467377326463,47.26250000000001,0.6495190528392767,46.93,1.2872213389738991,41.78575,3.7537063007726768,1,1,0,0.9500000000000028
2021-09-28,46.9,7.2e-05,35.5,50.75,46.6,47.0,47.0,11.391898423211194,47.05,0.11180339887333857,47.2875,0.627087423223333,46.973,1.2482318106268417,41.83525,3.755554671677402,1,1,0,0.3999999999999986
2021-09-29,46.7,2.4e-05,35.5,50.75,46.55,47.0,46.9,12.236121618880365,46.98,0.19235384061574856,47.27916666666666,0.6347720898573319,47.01200000000001,1.20714539306561,41.88375,3.7554313682058775,0,1,0,0.45000000000000284
2021-09-30,46.75,0.000108,35.5,50.75,46.7,46.9,46.7,10.645448706505872,46.89,0.16733200530569642,47.27916666666666,0.6347720898573319,47.05200000000001,1.162990515341816,41.93275,3.754667438718774,0,1,0,0.19999999999999574
2021-10-01,46.75,0.000261,35.5,50.75,46.65,46.85,46.75,10.839600519357369,46.82000000000001,0.12549900397860994,47.270833333333336,0.6415387515171663,47.096000000000004,1.1066515038709819,41.982,3.7529219437094588,0,1,0,0.20000000000000284
2021-10-04,46.6,9.3e-05,35.5,50.75,45.05,46.85,46.75,12.501354516219285,46.74,0.10839741694164336,47.24166666666667,0.6649789242511304,47.132,1.0586745660183676,42.03075,3.749246750144008,0,1,0,1.8000000000000043
2021-10-05,45.2,0.000149,35.5,50.75,45.0,46.3,46.6,13.459551072309928,46.4,0.6736096792650853,46.962500000000006,0.7619129632953163,47.135999999999996,1.0508033855586516,42.072250000000004,3.7380889478997297,0,1,0,1.2999999999999972
2021-10-06,45.5,0.0,35.5,50.75,45.2,45.95,45.2,15.176743744833288,46.160000000000004,0.749499833221866,46.725,0.7337636478526736,47.138999999999996,1.0458025918996245,42.115750000000006,3.7270321005986116,0,1,0,0.75
2021-10-07,45.9,0.00014,35.5,50.75,45.65,46.25,45.5,14.743018540581843,45.99,0.6749074010555823,46.55416666666667,0.6572872394565443,47.145,1.0376213968807635,42.161500000000004,3.7169809640937355,0,1,0,0.6000000000000014
2021-10-08,46.1,0.000165,35.5,50.75,45.6,46.4,45.9,13.550764759895522,45.86,0.541294744108602,46.475,0.649300322725748,47.153,1.0277481824503951,42.2075,3.708457500791113,0,1,0,0.7999999999999972
2021-10-12,45.8,4.8e-05,35.5,50.75,45.25,46.0,46.1,14.493747633299503,45.7,0.35355339059269447,46.35833333333333,0.6327549192851714,47.155,1.0249564450673951,42.251999999999995,3.697832585332075,0,1,0,0.75
2021-10-13,45.4,3.6e-05,35.5,50.75,45.3,46.0,45.8,11.814517839013352,45.739999999999995,0.2880972058170512,46.21666666666667,0.6418486558141456,47.144000000000005,1.040978738828685,42.294,3.68556385164069,0,1,0,0.7000000000000028
2021-10-14,45.05,0.000107,35.5,50.75,42.2,45.4,45.4,13.432052997469079,45.65,0.4213074886583311,46.05416666666667,0.6716527557027335,47.120999999999995,1.0744286569032868,42.331500000000005,3.6751929153205074,0,1,0,3.1999999999999957
2021-10-15,45.1,0.000153,35.5,50.75,43.55,46.0,45.05,14.814560673235311,45.489999999999995,0.45332107826526497,45.90416666666667,0.6665577562558411,47.093999999999994,1.1080705790529617,42.367749999999994,3.6665125129386373,0,1,0,2.450000000000003
2021-10-18,44.8,4.6e-05,35.5,50.75,44.0,44.9,45.1,12.223917475237798,45.230000000000004,0.3834057902530565,45.74583333333334,0.6857173859060558,47.055,1.1537980759212223,42.40125,3.657921250776501,0,1,0,0.8999999999999986
2021-10-19,44.6,0.000175,35.5,50.75,44.0,45.0,44.8,13.27868484222915,44.989999999999995,0.3049590136388175,45.56666666666666,0.6803519588266068,47.015,1.203491943114862,42.43375,3.648376583629736,0,1,0,1.0
2021-10-21,44.45,8.3e-05,35.5,50.75,43.2,44.6,44.6,15.205174485712826,44.8,0.2806243040072457,45.375,0.6394244571205847,46.975,1.2547969182788077,42.464,3.6398346088658156,0,1,0,1.3999999999999986
2021-10-22,44.2,0.000106,35.5,50.75,43.5,44.5,44.45,11.795853756086931,44.63,0.3420526275290762,45.175000000000004,0.5952463202896767,46.927,1.313944443269791,42.4925,3.630945133544698,0,1,0,1.0
2021-10-25,44.0,0.00014,35.5,50.75,43.5,44.5,44.2,12.536817799389974,44.410000000000004,0.3170173496822201,45.074999999999996,0.684736180118888,46.869,1.377623286086196,42.52,3.62137012856157,0,1,0,1.0
2021-10-26,43.95,7.099999999999999e-05,35.5,50.75,43.4,44.2,44.0,15.406255031724992,44.239999999999995,0.28151376520435795,44.94583333333333,0.7411472474645966,46.805,1.4373391658027779,42.549749999999996,3.608468186190866,0,1,0,0.8000000000000043
2021-10-27,44.0,1.2e-05,35.5,50.75,43.5,44.0,43.95,14.900294676670647,44.120000000000005,0.2079663434297254,44.7875,0.7214647348529177,46.72299999999999,1.4783198543740017,42.57975,3.595370059789672,0,1,0,0.5
2021-10-28,44.0,0.000202,35.5,50.75,43.6,44.2,44.0,12.294545870166347,44.03000000000001,0.09746794344566675,44.612500000000004,0.6219927652311891,46.605,1.4548388647711663,42.61,3.5816464028113764,0,1,0,0.6000000000000014
2021-10-29,43.95,1.2e-05,35.5,50.75,43.7,44.0,44.0,13.2757726395923,43.980000000000004,0.027386127866599348,44.458333333333336,0.522160430472648,46.49,1.4322808982278195,42.640249999999995,3.567186078703814,0,1,0,0.29999999999999716
2021-11-01,43.95,0.000199,35.5,50.75,43.75,44.0,43.95,13.3161209595405,43.970000000000006,0.02738612786659432,44.3375,0.44676870159745874,46.40599999999999,1.4559042354691092,42.67400000000001,3.547332354624899,0,1,0,0.25
2021-11-02,43.85,7.2e-05,35.5,50.75,43.5,43.9,43.95,13.876512520343509,43.95,0.06123724356569984,44.237500000000004,0.40515148682003393,46.324,1.4823877594568615,42.70875,3.5244531187731694,0,1,0,0.3999999999999986
2021-11-03,43.55,1.2e-05,35.5,50.75,43.1,43.75,43.85,11.06977406588073,43.86,0.1816590212445351,44.10833333333334,0.34826409345146486,46.235,1.5129795579772236,42.74375,3.4976407608497397,0,1,0,0.6499999999999986
2021-11-04,43.5,0.000132,35.5,50.75,43.3,43.75,43.55,12.470361978939783,43.760000000000005,0.21908902300096791,44.0,0.3140642667289621,46.141999999999996,1.5356099632339975,42.78150000000001,3.4645342744287,0,1,0,0.45000000000000284
2021-11-05,43.5,0.000207,35.5,50.75,43.35,44.0,43.5,12.80271167900945,43.67,0.21389249636093896,43.90833333333333,0.2819037015884801,46.047,1.54940442804083,42.82025000000001,3.4286485078599083,0,1,0,0.6499999999999986
2021-11-08,44.0,3.7000000000000005e-05,35.5,50.75,43.5,45.0,43.5,12.129736808912964,43.67999999999999,0.23075961518323468,43.87083333333334,0.2280932159251684,45.961000000000006,1.5411131015719264,42.85825,3.3991233628210806,0,1,0,1.5
2021-11-09,44.4,1.2e-05,35.5,50.75,43.8,46.5,44.0,14.90729995689972,43.79,0.4006245124796033,43.887499999999996,0.2594793738510331,45.878,1.5102763634108451,42.90025,3.3656874031878807,0,1,0,2.700000000000003
2021-11-10,44.65,0.0001,35.5,50.75,44.0,46.0,44.4,13.305852585561356,44.010000000000005,0.520096144957383,43.94166666666667,0.3403429642771243,45.798,1.4657296017021986,42.94375,3.3314548465302702,0,1,0,2.0
2021-11-11,44.65,0.0,35.5,50.75,44.0,46.0,44.65,13.156380189103984,44.239999999999995,0.491680790757116,44.0,0.39714893015959285,45.721,1.4213420648479071,42.987249999999996,3.296289971373048,0,1,0,2.0
2021-11-12,44.5,7.400000000000001e-05,35.5,50.75,44.1,44.95,44.65,12.915341667991576,44.44,0.2678619047187422,44.041666666666664,0.42256432180233094,45.650999999999996,1.392710248664347,43.030249999999995,3.259257774972121,0,1,0,0.8500000000000014
2021-11-15,44.35,3.7000000000000005e-05,35.5,50.75,44.1,45.5,44.5,13.75384896117509,44.510000000000005,0.13874436925351258,44.07083333333333,0.43141328704862286,45.595,1.3874896579868408,43.0725,3.2209066968396267,0,1,0,1.3999999999999986
2021-11-16,44.55,0.0,35.5,50.75,44.1,44.9,44.35,11.927026509139932,44.54,0.12449899597810475,44.12083333333333,0.4504837467215724,45.55,1.384093308167601,43.11600000000001,3.1813793980551037,0,1,0,0.7999999999999972
2021-11-17,44.55,5e-05,35.5,50.75,44.5,46.0,44.55,13.869147054907197,44.519999999999996,0.1095445114990042,44.17083333333333,0.462924661715023,45.516000000000005,1.3874230995420669,43.16,3.139571554804297,0,1,0,1.5
2021-11-18,45.3,3.8e-05,35.5,50.75,45.0,46.5,44.55,14.854019276544916,44.64999999999999,0.37249161064319497,44.291666666666664,0.5521994589131999,45.495,1.3824796562698727,43.20799999999999,3.098055963627255,0,1,0,1.5
2021-11-19,45.9,0.000113,35.5,50.75,45.1,46.0,45.3,14.464915337933038,44.93,0.6524952107100682,44.487500000000004,0.6695062631249424,45.486999999999995,1.3788789442359368,43.255500000000005,3.0658099588061756,0,1,0,0.8999999999999986
2021-11-22,44.95,0.0003309999999999,35.5,50.75,43.0,45.5,45.9,13.566409250352782,45.05,0.5689903338366857,44.60833333333333,0.6025828246855466,45.46,1.3758485322423928,43.29774999999999,3.030263175378967,0,1,0,2.5
2021-11-23,44.7,0.000105,35.5,50.75,44.0,45.0,44.95,14.843020967036168,45.08,0.5392123885813298,44.708333333333336,0.4912106256870699,45.422,1.3699456268072292,43.336000000000006,2.9991253331290775,0,1,0,1.0
2021-11-24,44.0,0.00016,35.5,50.75,43.9,44.7,44.7,15.238908247929837,44.97,0.7049822692802831,44.708333333333336,0.4912106256870699,45.36600000000001,1.3696953333214492,43.36875,2.9701506547745673,0,1,0,0.8000000000000043
2021-11-25,44.0,1.4e-05,35.5,50.75,43.9,44.9,44.0,15.02893881823774,44.71,0.7877182237320454,44.675000000000004,0.5263510753721714,45.31100000000001,1.3681989502068268,43.40125,2.9410303013851826,0,1,0,1.0
2021-11-26,43.85,0.00027,35.5,50.75,43.8,43.95,44.0,12.974097680379948,44.3,0.4911720676092583,44.60833333333333,0.5779404394183739,45.251,1.3651078300834865,43.433,2.9111268087254247,0,1,0,0.15000000000000568
2021-11-29,43.55,1.3e-05,35.5,50.75,43.0,44.0,43.85,11.489667073393028,44.02,0.42219663665114654,44.51666666666667,0.6530812748158188,45.183,1.363429424619599,43.461999999999996,2.8829826473152886,0,1,0,1.0
2021-11-30,43.4,2.6e-05,35.5,50.75,40.0,43.9,43.55,14.932225009349985,43.760000000000005,0.2724885318679092,44.425000000000004,0.7284791130716605,45.08,1.2967777963326717,43.489,2.8567391889998097,0,1,0,3.8999999999999986
2021-12-01,42.25,1.3e-05,35.5,50.75,41.1,43.15,43.4,11.647465099148372,43.410000000000004,0.69047085383781,44.25,0.9627139667720338,44.958,1.2695154145402623,43.51,2.8318850372709417,0,1,0,2.049999999999997
2021-12-02,41.1,0.0,35.5,50.75,39.1,42.95,42.25,14.477992839783422,42.83,1.1415997547299501,43.9625,1.3154890207204213,44.821000000000005,1.3090380484329593,43.5225,2.8155738367423755,0,1,0,3.8500000000000014
2021-12-03,41.15,0.000224,35.5,50.75,40.1,42.5,41.1,13.67475427139274,42.29,1.1765415419777805,43.67916666666667,1.526650869972352,44.703,1.3685762749691637,43.534,2.8010531041841626,0,1,0,2.3999999999999986
2021-12-06,41.1,2.7e-05,35.5,50.75,40.5,42.45,41.15,13.41234430546159,41.8,1.0204165815976471,43.32916666666667,1.6009171140505314,44.581,1.4126213149999474,43.5445,2.787876616736862,0,0,0,1.9500000000000028
2021-12-07,41.0,0.0001219999999999,35.5,50.75,40.9,42.5,41.1,16.215694210423514,41.32000000000001,0.5227332015468318,42.92083333333333,1.5077765588820558,44.459,1.4534508549502052,43.552,2.7789447040808715,0,0,0,1.6000000000000014
2021-12-08,42.75,2.7e-05,35.5,50.75,41.6,43.0,41.0,14.49592755245131,41.42,0.7454864183869515,42.737500000000004,1.365670830830322,44.374,1.425827364539548,43.569250000000004,2.7630807104679773,0,0,0,1.3999999999999986
2021-12-09,43.15,9.6e-05,35.5,50.75,42.75,43.5,42.75,15.586676257025141,41.83,1.0335618026994937,42.608333333333334,1.2297141821154474,44.29900000000001,1.3883807188262847,43.59125,2.7419523062493525,0,0,0,0.75
2021-12-10,43.25,0.00023,35.5,50.75,42.0,43.5,43.15,15.990762268069654,42.25,1.1118677978966072,42.545833333333334,1.170170603981788,44.23,1.3518694539076657,43.615500000000004,2.7171444791546153,0,0,0,1.5
2021-12-14,43.2,1.3e-05,35.5,50.75,43.0,43.85,43.25,12.440753386782307,42.67,0.9543322272665188,42.479166666666664,1.1005078028988473,44.159,1.3093731948019147,43.641000000000005,2.6889068597666026,0,0,0,0.8500000000000014
2021-12-15,43.75,1.3e-05,35.5,50.75,43.1,44.25,43.2,13.043105861387126,43.22,0.3563705936234073,42.47083333333333,1.089507464476648,44.099,1.2558633911151886,43.666000000000004,2.6663535410795625,0,0,0,1.1499999999999986
2021-12-16,44.0,1.3e-05,35.5,50.75,43.2,44.4,43.75,15.796912084728058,43.47,0.38177218337578,42.50833333333333,1.136748419702359,44.047,1.2029050720008612,43.692,2.6439246752582743,0,0,0,1.1999999999999957
2021-12-17,44.1,5.3e-05,35.5,50.75,43.8,45.0,44.0,14.041690295397059,43.66,0.4174326292942569,42.56666666666667,1.2027115828468709,44.025,1.191391314936712,43.71900000000001,2.6201555441183704,0,0,0,1.2000000000000028
2021-12-20,44.5,1.3e-05,35.5,50.75,44.25,45.0,44.1,12.04414765726144,43.910000000000004,0.480104155365815,42.75416666666666,1.3186526066287036,44.005,1.1743973704304602,43.749750000000006,2.5927735750649585,0,0,0,0.75
2021-12-21,44.65,1.3e-05,35.5,50.75,44.5,45.0,44.5,11.758229645621093,44.2,0.36912057650520086,43.050000000000004,1.312007483348619,43.98,1.1462004668488837,43.783249999999995,2.560544645560173,1,0,0,0.5
2021-12-22,44.75,0.000158,35.5,50.75,44.6,45.0,44.65,12.088982494773598,44.4,0.3335416016024646,43.35,1.2480894490085945,43.953,1.1105895658045746,43.816,2.5304862781721247,1,0,0,0.3999999999999986
2021-12-23,44.9,0.000336,35.5,50.75,44.7,45.0,44.75,11.206413891581187,44.58,0.30536862969129863,43.666666666666664,1.0984148358041361,43.935,1.087087946801988,43.84975,2.4993592017945896,1,0,0,0.29999999999999716
2021-12-24,45.2,1.3e-05,35.5,50.75,45.0,45.5,44.9,10.451637862362272,44.8,0.2669269562999353,44.01666666666666,0.800094691365455,43.931,1.0819431687518037,43.88125,2.476256279813111,1,1,0,0.5
2021-12-28,44.95,0.0001629999999999,35.5,50.75,44.5,45.3,45.2,12.733168193349542,44.89,0.21035683967855698,44.199999999999996,0.732678771234672,43.929,1.0799229942314958,43.91025,2.45443551677925,1,1,0,0.7999999999999972
2021-12-29,45.0,0.000152,35.5,50.75,44.75,45.2,44.95,13.303852921505028,44.96,0.16355427233659298,44.354166666666664,0.6847223502775021,43.92700000000001,1.0778005760033649,43.93899999999999,2.433157470526553,1,1,0,0.45000000000000284
2021-12-30,45.15,0.0002839999999999,35.5,50.75,45.0,45.3,45.0,11.202329530346486,45.04,0.12942179105372945,44.512499999999996,0.6230879844480787,43.934,1.0847006546529838,43.965,2.4180539540341877,1,1,0,0.29999999999999716
2021-12-31,45.45,8e-05,35.5,50.75,45.05,45.5,45.15,13.169821225863783,45.15,0.196850196849177,44.699999999999996,0.5226679808270734,43.951,1.101876414419324,43.994,2.4007618137644147,1,1,0,0.45000000000000284
2022-01-03,45.55,5.3e-05,37.0,50.75,45.25,46.0,45.45,12.069685751267224,45.220000000000006,0.26832815729915815,44.85,0.4819468095888144,43.97299999999999,1.1228248813979107,44.022,2.3859705103750004,1,1,0,0.75
2022-01-04,45.05,0.000236,37.0,50.75,45.0,45.7,45.55,14.299109476036415,45.239999999999995,0.24596747752408862,44.9375,0.40233692348597005,43.99,1.1327229248542243,44.04675,2.3707073213525978,1,1,0,0.7000000000000028
2022-01-05,45.5,0.000128,37.0,50.75,45.3,46.0,45.05,13.322035210533192,45.339999999999996,0.2247220505414807,45.05416666666667,0.334703622854208,44.02,1.152680992030431,44.07,2.3619843033440007,1,1,0,0.7000000000000028
2022-01-06,45.9,0.0001139999999999,37.0,50.75,45.2,46.5,45.5,11.116930374363438,45.49,0.3029026246165171,45.17083333333333,0.36646861042184864,44.059000000000005,1.182857574189225,44.092749999999995,2.35756239359549,1,1,0,1.2999999999999972
2022-01-07,46.0,2.5e-05,37.0,50.75,45.6,46.5,45.9,11.296024885689746,45.6,0.3758324094587648,45.28333333333333,0.3979112128775346,44.099000000000004,1.214222267250191,44.118249999999996,2.350425907624696,1,1,0,0.8999999999999986
2022-01-10,46.4,0.0003509999999999,37.0,50.75,45.65,46.5,46.0,13.340696979437066,45.769999999999996,0.5142956348245511,45.42083333333333,0.4745612008305602,44.147000000000006,1.2569159697857712,44.14425,2.3467403753812266,1,1,0,0.8500000000000014
2022-01-11,45.85,1.3e-05,37.0,50.75,45.6,46.1,46.4,15.082261240655521,45.93,0.32326459750426506,45.5,0.45875325116558785,44.185,1.2793592943665535,44.16425,2.3441329385650294,1,1,0,0.5
2022-01-12,45.45,0.0001169999999999,37.0,50.75,45.0,46.0,45.85,14.626174516514954,45.92,0.34022051672348264,45.520833333333336,0.44947359783637764,44.215,1.2912677681178433,44.18150000000001,2.3408182115437026,1,1,0,1.0
2022-01-13,45.25,1.3e-05,37.0,50.75,44.7,46.0,45.45,11.428467189677395,45.79,0.45469770177513186,45.54583333333333,0.4223625829966806,44.243,1.298350994963567,44.20225000000001,2.3317413075044993,1,1,0,1.2999999999999972
2022-01-14,45.15,2.6e-05,37.0,50.75,45.0,45.5,45.25,11.299744620670225,45.62,0.5118593556823757,45.55833333333334,0.40666790859283575,44.275,1.300637598743682,44.231,2.307555647286493,1,1,0,0.5
2022-01-17,45.1,5.3e-05,37.0,50.75,45.0,45.5,45.15,12.27560337234701,45.36,0.3049590136388193,45.55416666666667,0.4114598916355313,44.306999999999995,1.300863527956627,44.25475,2.291800972156405,1,1,0,0.5
2022-01-18,44.55,2.7e-05,37.0,50.75,44.5,45.15,45.1,15.029978396250849,45.1,0.33541019662429156,45.479166666666664,0.5038300278567538,44.328,1.2960363436578624,44.271,2.282247195485991,1,1,0,0.6499999999999986
2022-01-19,44.9,0.000146,37.0,50.75,44.55,45.0,44.55,12.608536587975873,44.989999999999995,0.2770379035430678,45.425000000000004,0.5297941281122593,44.346000000000004,1.29763678450104,44.29,2.271508032941051,1,1,0,0.45000000000000284
2022-01-20,45.0,0.000149,37.0,50.75,44.85,45.1,44.9,14.710332883903064,44.94,0.23822258499045565,45.42083333333333,0.5331971890629682,44.358000000000004,1.3009164744401487,44.31425,2.2529008519552827,1,1,0,0.25
2022-01-21,44.9,2.7e-05,37.0,50.75,44.6,45.1,45.0,11.163382173096926,44.89,0.20736441353214938,45.37083333333334,0.5528678673862857,44.36299999999999,1.3025410800840482,44.3395,2.230806409390563,1,1,0,0.5
2022-01-24,44.95,4e-05,37.0,50.75,44.8,45.0,44.9,10.819798284210286,44.86,0.17818529681073747,45.291666666666664,0.5380238814123722,44.36900000000001,1.3045794537017679,44.365249999999996,2.2077478775783876,1,1,0,0.20000000000000284
2022-01-25,44.55,0.0002009999999999,37.0,50.75,44.4,45.0,44.95,13.74798197103209,44.86,0.17818529681073747,45.17083333333333,0.5271959844885754,44.37,1.3047010760935158,44.38799999999999,2.18587424870528,1,1,0,0.6000000000000014
2022-01-26,45.0,0.0001639999999999,37.0,50.75,44.8,45.25,44.55,14.196273736772,44.879999999999995,0.1890767040106516,45.05416666666667,0.35831571485962116,44.382999999999996,1.307732497766526,44.409749999999995,2.170078024092763,1,1,0,0.45000000000000284
2022-01-27,44.85,1.4e-05,37.0,50.75,44.5,45.0,45.0,15.532474818945971,44.85,0.17677669529530826,44.97083333333333,0.2588947955283766,44.389,1.3092017352852303,44.4295,2.1559033713807176,1,1,0,0.5
2022-01-28,44.8,8.4e-05,37.0,50.75,44.55,45.5,44.85,14.792256862072671,44.83,0.1753567791661608,44.916666666666664,0.2135557552635758,44.394,1.3103060866899436,44.44675,2.1449138009637845,1,1,0,0.9500000000000028
2022-01-31,45.0,0.0001929999999999,37.0,50.75,44.8,45.5,44.8,15.535201179738198,44.839999999999996,0.1850675552319466,44.895833333333336,0.18884617758377692,44.388000000000005,1.3067548214051845,44.4625,2.137301814256282,1,1,0,0.7000000000000028
2022-02-01,45.0,0.0001629999999999,37.0,50.75,44.8,45.5,45.0,15.914313575725831,44.93,0.0974679434456859,44.88333333333333,0.17494587907744105,44.37,1.2916134507362658,44.4775,2.130448970068847,1,1,0,0.7000000000000028
2022-02-02,46.25,2.7e-05,37.0,50.75,45.0,46.5,45.0,14.497192766180543,45.18,0.6047726845679583,44.979166666666664,0.4314132870491992,44.395999999999994,1.3163741171592964,44.50125,2.1235544151889316,1,1,0,1.5
2022-02-03,47.0,5.3e-05,37.0,50.75,46.0,47.5,46.25,15.002256121836576,45.61,0.9672124895800014,45.18333333333333,0.7036700328646922,44.442,1.366447800626539,44.526,2.1236876526994726,1,1,0,1.5
2022-02-04,47.0,5.3e-05,37.0,50.75,46.6,47.35,47.0,12.769967835179024,46.05,1.0062305898746813,45.35833333333333,0.8686021511429013,44.501999999999995,1.4117567576808316,44.54950000000001,2.1249356478572987,1,1,0,0.75
2022-02-07,46.75,1.3e-05,37.0,50.75,46.6,47.0,47.0,10.55323128448846,46.4,0.8403868156983129,45.50416666666666,0.9463946739010834,44.556999999999995,1.4449775790931725,44.575250000000004,2.120212594227437,1,1,0,0.3999999999999986
2022-02-08,46.45,0.000223,37.0,50.75,46.25,47.0,46.75,12.225389860915405,46.69,0.33429029300826274,45.63333333333333,0.9620842273972643,44.60900000000001,1.4656505834111273,44.5995,2.1137382042194606,1,1,0,0.75
2022-02-09,46.0,0.000154,37.0,50.75,45.5,46.5,46.45,14.113094197704061,46.64,0.4233792625998,45.72083333333333,0.9418208508798759,44.658,1.4704698679855233,44.6205,2.106636975544356,1,1,0,1.0
2022-02-10,46.0,0.000104,37.0,50.75,45.6,46.25,46.0,14.09571549618925,46.44,0.4463742824128084,45.84166666666667,0.8680786865608728,44.71,1.4710471072800553,44.652,2.0796201817878917,1,1,0,0.6499999999999986
2022-02-11,45.3,5.2e-05,37.0,50.75,45.0,46.0,46.0,11.730461322518734,46.1,0.548862460002092,45.86666666666667,0.845666314306165,44.770999999999994,1.4296099796370387,44.67875,2.053073670127756,1,1,0,1.0
2022-02-14,45.65,0.000104,37.0,50.75,45.6,45.8,45.3,11.413116179350727,45.88,0.4309872387896714,45.93333333333334,0.7877855422681704,44.861999999999995,1.3326955957834639,44.706,2.0293608667842102,1,1,0,0.19999999999999574
2022-02-15,45.95,0.000197,37.0,50.75,45.6,46.0,45.65,12.277932735946903,45.779999999999994,0.30536862969130185,46.02916666666667,0.7027408462373895,44.95799999999999,1.2286694313072062,44.7345,2.0063616787425462,1,1,0,0.3999999999999986
2022-02-16,45.8,8e-05,37.0,50.75,45.55,46.5,45.95,14.535640896543041,45.739999999999995,0.28151376520437404,46.09583333333333,0.6304609905512331,45.052,1.1006009490182,44.76325,1.9799210525596234,1,1,0,0.9500000000000028
2022-02-17,45.9,8e-05,37.0,50.75,45.85,46.45,45.8,13.434983398202862,45.71999999999999,0.26124700955138835,46.17083333333333,0.5344743948859477,45.15,0.938681228628617,44.7925,1.952969327966222,1,1,0,0.6000000000000014
2022-02-18,46.0,0.0,37.0,50.75,45.95,46.4,45.9,12.739933900094027,45.86,0.13874436925345862,46.15,0.535978289927435,45.215,0.8797755975479955,44.8205,1.9296821281171712,1,1,0,0.44999999999999574
2022-02-21,46.0,0.0,37.0,50.75,45.95,46.45,46.0,12.274670105518968,45.92999999999999,0.08366600265065094,46.06666666666666,0.46482319871255573,45.272,0.8344104603410885,44.843,1.9169636795569798,1,1,0,0.5
2022-02-22,45.95,2.6e-05,37.0,50.75,45.55,46.0,46.0,13.538176097175162,45.93,0.08366600265065094,45.979166666666664,0.36021353095005615,45.32599999999999,0.7868978099253956,44.863,1.9074716881786054,1,1,0,0.45000000000000284
2022-02-23,46.0,0.00033,37.0,50.75,45.55,46.0,45.95,13.888204173243837,45.97,0.04472135954483004,45.916666666666664,0.26742316936989113,45.382,0.7300936478931562,44.881,1.9010877605633403,1,1,0,0.45000000000000284
2022-02-24,45.0,0.00056,37.0,50.75,44.9,46.0,46.0,13.95622943363703,45.79,0.4421538193881642,45.79583333333333,0.3257566948552955,45.407,0.6935570838593447,44.89375,1.8932366897230468,1,1,0,1.1000000000000014
2022-02-25,44.95,0.000318,37.0,50.75,44.5,45.0,45.0,14.167364600006815,45.58,0.5529466520375592,45.708333333333336,0.3987670391540999,45.426,0.6667190455614183,44.909749999999995,1.8800105413734474,1,1,0,0.5
2022-02-28,45.0,8.4e-05,37.0,50.75,44.55,45.9,44.95,14.12417177123106,45.379999999999995,0.5438290172467368,45.625,0.4351070923562553,45.444,0.6418754409016515,44.925,1.8682146907275274,0,1,0,1.3500000000000014
2022-03-01,44.3,5.6000000000000006e-05,37.0,50.75,43.6,45.0,45.0,13.817409753350459,45.05,0.6082762530294603,45.541666666666664,0.5759708536401082,45.44,0.6484675813652294,44.941500000000005,1.8478366408460352,0,1,0,1.3999999999999986
2022-03-02,44.45,0.000235,37.0,50.75,43.6,45.0,44.3,12.425212191503038,44.739999999999995,0.33800887562247256,45.44166666666666,0.6542981435144837,45.43600000000001,0.6540330142076227,44.958499999999994,1.8273818352649145,0,1,0,1.3999999999999986
2022-03-03,45.05,0.000135,37.0,50.75,44.5,45.5,44.45,14.60637456548323,44.75,0.34820970692898207,45.36666666666667,0.6422026490327205,45.442,0.6489677832323469,44.9825,1.7964912060077536,0,1,0,1.0
2022-03-04,45.35,0.0,37.0,50.75,45.0,45.95,45.05,13.964362366393802,44.83,0.43960209280617224,45.32916666666667,0.6275704717161885,45.45099999999999,0.6444021117537457,45.006499999999996,1.768827721270373,0,1,0,0.9500000000000028
2022-03-07,44.9,0.000213,37.0,50.75,43.85,45.9,45.35,13.051513783274212,44.809999999999995,0.43214580872613656,45.24583333333334,0.6110565861812562,45.445,0.6481724701192146,45.026,1.745784297691784,0,1,0,2.049999999999997
2022-03-08,44.1,0.000177,37.0,50.75,43.9,45.0,44.9,14.410714645644255,44.769999999999996,0.49573178231738024,45.087500000000006,0.6431898489703012,45.42799999999999,0.6721242596486197,45.03724999999999,1.7324134086844871,0,1,0,1.1000000000000014
2022-03-09,44.4,0.000264,37.0,50.75,44.1,44.9,44.1,12.654919668764107,44.76,0.5042320894187189,44.95416666666667,0.6013085478331054,45.416,0.6851515548119778,45.048,1.72166829225015,0,0,0,0.7999999999999972
2022-03-10,44.7,1.4e-05,37.0,50.75,44.3,45.5,44.4,15.0112498598434,44.69,0.4774934554520809,44.85,0.5152228114657573,45.40700000000001,0.6916417912091402,45.0565,1.7156924997696046,0,0,0,1.2000000000000028
2022-03-11,44.7,0.000128,37.0,50.75,44.5,45.5,44.7,11.925703766372617,44.56,0.3130495168492833,44.74166666666667,0.36670110031164943,45.391999999999996,0.6987861195075219,45.07,1.7020900542452633,0,0,0,1.0
2022-03-14,45.05,0.0,37.0,50.75,44.9,45.5,44.7,12.8700510227891,44.589999999999996,0.35777087639936395,44.74583333333334,0.3701709269399673,45.382000000000005,0.7000553913944708,45.08325,1.6914823380682458,0,0,0,0.6000000000000014
2022-03-15,45.0,4.2e-05,37.0,50.75,45.0,45.7,45.05,14.485389623355461,44.77,0.2636285265284612,44.75,0.3729489363049458,45.381,0.7005748368596136,45.09675,1.6798919974547146,0,0,0,0.7000000000000028
2022-03-16,45.05,7e-05,37.0,50.75,45.0,46.0,45.0,15.107082341607773,44.9,0.18371173070755678,44.75416666666666,0.3762605077563326,45.372,0.701904115784459,45.11200000000001,1.6654201033372396,0,0,0,1.0
2022-03-17,44.6,0.000127,37.0,50.75,44.25,45.0,45.05,13.23551526136861,44.88,0.21389249636105956,44.77916666666667,0.35256097688816707,45.346,0.7060120829168294,45.125,1.6510922226317317,0,0,0,0.75
2022-03-18,44.6,0.000129,37.0,50.75,44.0,45.2,44.6,14.227422175938862,44.86,0.2382225849905219,44.791666666666664,0.3423404295391834,45.318000000000005,0.7073058975105053,45.13675,1.6388459407719616,0,0,0,1.2000000000000028
2022-03-21,44.35,0.00029,37.0,50.75,44.0,45.0,44.6,12.025755079404917,44.72,0.2970690155495327,44.73333333333333,0.3537676004831252,45.277,0.7027068654678175,45.14725000000001,1.6269418046369033,0,0,0,1.0
2022-03-22,44.0,0.000183,37.0,50.75,43.9,45.0,44.35,16.028914758634922,44.52,0.3850324661630116,44.62083333333334,0.35448960321551687,45.24,0.7204023818928164,45.15475000000001,1.6181104239877742,0,0,0,1.1000000000000014
2022-03-23,44.2,5.500000000000001e-05,37.0,50.75,44.0,44.45,44.0,13.759152882271477,44.35,0.25980762113450856,44.5625,0.3618921235546521,45.215,0.7345170563864168,45.161,1.6119540874033242,0,0,0,0.45000000000000284
2022-03-24,44.15,0.000125,37.0,50.75,43.75,44.35,44.2,13.735493933283907,44.260000000000005,0.22748626332060667,44.56666666666667,0.35632807491086865,45.193000000000005,0.7497625474449536,45.1675,1.6051953183482173,0,0,0,0.6000000000000014
2022-03-25,44.0,0.000127,37.0,50.75,43.0,44.35,44.15,14.689353390918354,44.14,0.14747881203607385,44.53333333333333,0.39041547410958793,45.17,0.7685130089322455,45.174499999999995,1.5969741331362661,0,0,0,1.3500000000000014
2022-03-28,44.45,0.000153,37.0,50.75,44.0,45.0,44.0,13.419799226740347,44.160000000000004,0.1850675552320619,44.512499999999996,0.3873716796331135,45.157,0.7751899043171557,45.184749999999994,1.5856152801293544,0,0,0,1.0
2022-03-29,44.05,0.0,37.0,50.75,43.95,44.45,44.45,12.653961664405365,44.17,0.1753567791662828,44.458333333333336,0.4038639134733316,45.147,0.7863250872618053,45.193000000000005,1.575312364333786,0,0,0,0.5
2022-03-30,44.1,9.9e-05,37.0,50.75,44.0,44.3,44.05,12.451764072104638,44.15,0.1767766952954269,44.37916666666666,0.3689409495330092,45.13099999999999,0.7994826133067189,45.201,1.565600371298447,0,0,0,0.29999999999999716
2022-03-31,44.05,0.0002569999999999,37.0,50.75,43.5,44.25,44.1,15.796443196875924,44.13,0.1823458252869316,44.300000000000004,0.32263122770550845,45.111999999999995,0.8138194153597483,45.2085,1.5564028072736276,0,0,0,0.75
2022-04-01,44.0,0.000102,34.0,50.75,43.95,44.2,44.05,11.670792089258995,44.13,0.1823458252869316,44.2125,0.22974788553738984,45.09400000000001,0.8284260956286507,45.21575,1.5473074157032372,0,0,0,0.25
2022-04-04,43.5,0.000246,34.0,50.75,43.0,44.2,44.0,12.432813717998226,43.94,0.24849547279491907,44.12083333333334,0.27589386408941247,45.065,0.8584068061811563,45.21825,1.5441100403079038,0,0,0,1.2000000000000028
2022-04-05,43.55,2.8000000000000003e-05,34.0,50.75,43.25,43.95,43.5,13.92185149285406,43.839999999999996,0.29025850547325915,44.03333333333333,0.27661372257151073,45.045,0.8819765603809469,45.21975,1.5423331010093517,0,0,0,0.7000000000000028
2022-04-06,43.3,9.9e-05,34.0,50.75,43.25,44.0,43.55,12.71949788735918,43.68,0.32901367752658534,43.94583333333333,0.32853554763568127,45.011,0.9158630367260221,45.2195,1.542641717098771,0,0,0,0.75
2022-04-07,43.05,1.4e-05,34.0,50.75,43.0,43.4,43.3,12.547535977316382,43.48,0.35106979363021995,43.86666666666667,0.4168787339113238,44.975,0.9567829813858503,45.216499999999996,1.546288391258722,0,0,0,0.3999999999999986
2022-04-08,43.0,1.4e-05,34.0,50.75,43.0,43.6,43.05,12.558492047480835,43.279999999999994,0.25149552679831083,43.76666666666666,0.4701708264664904,44.93900000000001,0.9965394203576459,45.21225,1.551223358202145,0,0,0,0.6000000000000014
2022-04-11,43.4,0.0002569999999999,34.0,50.75,43.0,44.0,43.0,13.114736365554212,43.26,0.23291629397609603,43.70416666666667,0.46439517524132645,44.907,1.0199544807771457,45.20924999999999,1.5541569924828051,0,0,0,1.0
2022-04-12,43.25,0.000176,34.0,50.75,43.0,43.5,43.4,14.309475434857253,43.2,0.16955824957682594,43.64166666666667,0.47137773568177777,44.872,1.046381520151485,45.2075,1.5561738770700266,0,0,0,0.5
2022-04-13,43.2,0.000216,34.0,50.75,43.05,43.5,43.25,10.736418414365376,43.17999999999999,0.1604680653574301,43.537499999999994,0.41072275541736886,44.81100000000001,1.053288824083425,45.210249999999995,1.5521123351748063,0,0,0,0.45000000000000284
2022-04-14,43.45,4.2e-05,34.0,50.75,43.2,43.5,43.2,12.269052139516223,43.260000000000005,0.17818529681082054,43.487500000000004,0.3778678220072704,44.74,1.0219029867291751,45.215,1.5452146912995028,0,0,0,0.29999999999999716
2022-04-19,43.2,8.5e-05,34.0,50.75,43.0,43.5,43.45,11.812296455066814,43.3,0.1172603939937163,43.4125,0.3317481246084225,44.66400000000001,0.9912391749931689,45.21849999999999,1.5398175020745977,0,0,0,0.5
2022-04-20,42.9,1.4e-05,34.0,50.75,42.5,43.3,43.2,11.631605875642963,43.2,0.19685019684917096,43.31666666666666,0.29490625115286195,44.586999999999996,0.9752974428558532,45.2195,1.5382378321109726,0,0,0,0.7999999999999972
2022-04-21,43.15,8.6e-05,34.0,50.75,42.9,43.4,42.9,11.629828113199304,43.18,0.1955760721549457,43.24583333333333,0.20389205402926036,44.520999999999994,0.9581599074077554,45.2205,1.536819384017601,0,0,0,0.5
2022-04-22,43.0,0.000158,37.0,50.75,42.6,43.4,43.15,11.70932249586873,43.14,0.21035683967856889,43.20416666666666,0.19824036527287267,44.46099999999999,0.9575846528361517,45.2165,1.54156898146657,0,0,0,0.7999999999999972
2022-04-25,42.5,5.8e-05,34.0,50.75,42.15,43.3,43.0,12.179220327453931,42.95,0.2783882181406911,43.11666666666667,0.2552479483771614,44.39099999999999,0.9706241417202723,45.2015,1.5533470912601657,0,0,0,1.1499999999999986
2022-04-26,39.65,4.4000000000000006e-05,34.0,50.75,38.25,42.0,42.5,13.312489399972522,42.24,1.4677363523465419,42.8125,1.026495582950683,44.278,1.1708692044280657,45.172250000000005,1.6020142589647668,0,0,1,3.75
2022-04-27,38.9,1.5e-05,37.0,50.75,37.8,40.0,39.65,11.751950239425476,41.44,2.008544248952339,42.46666666666667,1.5197687224363687,44.143,1.3799219883305214,45.143,1.6620433025933135,0,0,1,2.200000000000003
2022-04-28,37.45,3e-05,37.0,50.75,37.0,38.9,38.9,12.32029824991355,40.3,2.3788127290729477,42.00416666666667,2.082880253762518,43.973,1.6499291883384508,45.106500000000004,1.748619771569694,0,0,1,1.8999999999999986
2022-05-04,37.3,5.9e-05,34.0,50.75,37.0,38.0,37.45,12.777902113316417,39.160000000000004,2.112285492067646,41.49583333333334,2.4271624223032178,43.803000000000004,1.8797364665489942,45.07,1.833379777087116,0,0,1,1.0
2022-05-05,36.95,0.0001639999999999,34.0,50.75,34.0,37.3,37.3,11.87688084212164,38.05,1.1635076278217642,40.97083333333334,2.681286863135381,43.623999999999995,2.0903139106121476,45.03,1.9211792337619233,0,0,0,3.299999999999997
2022-05-06,36.25,0.000288,34.0,50.75,35.6,37.0,36.95,12.037659911047468,37.37,0.9724967866267817,40.39166666666667,2.8978701687876463,43.428999999999995,2.3076202513608157,44.98700000000001,2.018981782281057,0,0,0,1.3999999999999986
2022-05-09,36.5,6.3e-05,34.0,50.75,36.0,37.0,36.25,13.874346286547253,36.89,0.5116150896908801,39.8125,2.9254467413304863,43.239,2.476528388115849,44.945750000000004,2.106240891007402,0,0,0,1.0
2022-05-10,35.85,1.6e-05,34.0,50.75,35.6,36.25,36.5,12.85840043573314,36.57,0.5707451270045159,39.199999999999996,2.9211610394120715,43.037,2.656275011887212,44.90125,2.202228414001165,0,0,0,0.6499999999999986
2022-05-11,35.7,4.699999999999999e-05,34.0,50.75,35.1,36.5,35.85,13.471330089107228,36.25000000000001,0.5037360419896464,38.6,2.830114035607457,42.831,2.816367793989517,44.856,2.2963186618981797,0,0,0,1.3999999999999986
2022-05-12,35.85,0.00017,34.0,50.75,35.6,36.0,35.7,12.87339163147047,36.03,0.3327912258449569,37.99166666666667,2.5320521082285063,42.648,2.9658594789673747,44.8125,2.38291526829561,0,0,0,0.3999999999999986
2022-05-13,35.75,0.000518,34.0,50.75,35.6,35.9,35.85,14.818272887840257,35.93,0.3251922508292406,37.387499999999996,2.046851795495583,42.464,3.1023697328308204,44.767250000000004,2.4675766676133337,0,0,0,0.29999999999999716
2022-05-16,35.4,3.3e-05,34.0,50.75,35.2,35.75,35.75,14.089652120074126,35.71,0.1850675552315554,36.795833333333334,1.338156522527832,42.272,3.236386874278347,44.71925,2.554853876279955,0,0,0,0.5499999999999972
2022-05-17,35.55,5e-05,34.0,50.75,35.4,35.85,35.4,10.647826772357497,35.65,0.1767766952948938,36.454166666666666,1.031428473993915,42.097,3.358744450790432,44.670249999999996,2.635403993421069,0,0,0,0.45000000000000284
2022-05-18,35.0,0.0003279999999999,34.0,50.75,34.5,35.55,35.55,14.234681970720233,35.51,0.33429029300800894,36.12916666666666,0.7726749090963559,41.907999999999994,3.4870658972020983,44.61724999999999,2.721783508073548,0,0,0,1.0499999999999972
2022-05-19,35.0,0.000475,34.0,50.75,35.0,35.4,35.0,13.6986407302066,35.339999999999996,0.33429029300800284,35.925,0.7133467854830999,41.707,3.590378440629922,44.56375,2.804303662704945,0,0,0,0.3999999999999986
2022-05-20,35.3,8.9e-05,34.0,50.75,35.0,35.5,35.0,14.151197486311647,35.25,0.2449489742770392,35.75833333333333,0.5849760419814772,41.506,3.6628532426992577,44.51175,2.8785682575830847,0,0,0,0.5
2022-05-23,35.55,0.000414,34.0,50.75,35.0,36.0,35.3,14.840153685356807,35.279999999999994,0.2752271788893208,35.641666666666666,0.4496631736002528,41.319,3.7242022841224323,44.45974999999999,2.9456112379816406,0,0,0,1.0
2022-05-24,35.95,0.000113,34.0,50.75,35.5,36.5,35.55,14.177860071038102,35.36,0.4021815510430314,35.61666666666667,0.4201370627669255,41.156000000000006,3.77796565492561,44.408500000000004,3.003775304579078,0,0,0,1.0
2022-05-25,36.55,7.6e-05,34.0,50.75,36.3,37.0,35.95,11.958258512632908,35.67,0.6027022482116587,35.62083333333333,0.42982995227654536,40.999,3.8034287699607185,44.358999999999995,3.0511623948580877,0,0,0,0.7000000000000028
2022-05-26,37.1,0.000113,34.0,50.75,36.5,38.5,36.55,13.348703414510117,36.089999999999996,0.7360366838679995,35.725,0.6058427638758924,40.847,3.8043665835513947,44.31075,3.089225389158631,0,0,0,2.0
2022-05-27,38.0,0.000149,34.0,50.75,37.6,38.5,37.1,13.254445470301185,36.629999999999995,0.966048653018788,35.916666666666664,0.8929861378653493,40.713,3.7838244609154574,44.26775,3.1169293673263936,0,0,0,0.8999999999999986
2022-05-30,38.05,7.6e-05,34.0,50.75,37.7,38.3,38.0,11.07443600653965,37.13,0.9128252844873582,36.1,1.0835547559244239,40.573,3.7494245817030842,44.22575,3.143854088558813,0,0,0,0.5999999999999943
2022-05-31,38.1,9.5e-05,34.0,50.75,38.0,39.0,38.05,15.209897336966591,37.559999999999995,0.6994640805641433,36.295833333333334,1.2185047344489155,40.435,3.709932201372063,44.18325,3.168949850228552,0,0,0,1.0
2022-06-02,38.0,0.0,15.75,40.0,37.85,39.0,38.1,12.413497299759758,37.85,0.4213074886581644,36.512499999999996,1.2745988673786843,40.294000000000004,3.6646496616810516,44.13875,3.193006009134513,0,0,0,1.1499999999999986
2022-06-03,38.7,7.7e-05,15.75,40.0,38.1,38.75,38.0,12.302750072044772,38.17,0.29916550603213304,36.775,1.378487313225323,40.176,3.6178587646311287,44.096500000000006,3.2088269824053066,0,0,0,0.6499999999999986
2022-06-06,38.7,5.7e-05,15.75,40.0,38.5,39.0,38.7,11.510933482289435,38.31,0.35777087639922167,37.083333333333336,1.3590326327817757,40.058,3.566473133537794,44.049499999999995,3.21871876722864,0,0,0,0.5
2022-06-07,38.65,1.9e-05,15.75,40.0,38.65,39.0,38.7,13.97669444669157,38.43,0.34928498393070123,37.3875,1.254831571456308,39.943999999999996,3.517240917746668,43.99325000000001,3.2142610828995437,0,0,0,0.3500000000000014
2022-06-08,38.8,1.9e-05,15.75,40.0,38.65,39.0,38.65,11.754309639974188,38.57000000000001,0.32326459750408054,37.67916666666667,1.125622723272727,39.84,3.4714432686346774,43.93875,3.20941782123388,0,0,0,0.3500000000000014
2022-06-09,38.95,5.7e-05,15.75,40.0,38.8,39.3,38.8,11.167628403875849,38.760000000000005,0.1193733638609615,37.9625,0.9561107296068158,39.735,3.415828252863914,43.89275000000001,3.2146820747479694,0,0,0,0.5
2022-06-10,39.0,3.8e-05,15.75,40.0,38.9,39.5,38.95,13.34310564795018,38.82,0.15247950681807268,38.21666666666667,0.7571877794378512,39.632,3.357124012105483,43.848,3.220208801244956,0,0,0,0.6000000000000014
2022-06-13,39.0,7.5e-05,15.75,40.0,38.8,39.5,39.0,13.45654871535072,38.88,0.15247950681807582,38.420833333333334,0.5754280356736431,39.532,3.2983106374668045,43.803000000000004,3.2247770364275996,0,0,0,0.7000000000000028
2022-06-14,38.8,5.7e-05,15.75,40.0,38.7,39.0,39.0,13.083624628087817,38.910000000000004,0.10246950765707837,38.5625,0.4045901405312099,39.419000000000004,3.2222898753554987,43.75625,3.22921236526764,0,0,0,0.29999999999999716
2022-06-15,38.65,0.000247,15.75,40.0,38.5,38.95,38.8,12.585539372236147,38.879999999999995,0.15247950681807818,38.61666666666667,0.36390141854787417,39.311,3.1536711681367424,43.70825,3.233426148963583,0,0,0,0.45000000000000284
2022-06-16,38.05,0.0002529999999999,15.75,40.0,38.0,38.9,38.65,14.196478717671914,38.7,0.3921096785332985,38.61666666666667,0.36390141854787417,39.19,3.081412345146076,43.65700000000001,3.2415023813718977,0,0,0,0.8999999999999986
2022-06-17,37.9,0.000299,15.75,40.0,37.5,39.0,38.05,13.274399251176234,38.48,0.48036444497848385,38.6,0.3931226965495103,39.067,3.0052608634102325,43.60375,3.248188275464004,0,0,0,1.5
2022-06-20,37.9,0.000299,15.75,40.0,37.5,39.0,38.05,13.274399251176234,38.26,0.4321458087260423,38.59166666666666,0.4077841080581467,38.945,2.923623869552075,43.55,3.2532048365481443,0,0,0,1.5
2022-06-21,37.9,0.000299,15.75,40.0,37.5,39.0,38.05,13.274399251176234,38.08,0.3251922508293913,38.525,0.4515126093039912,38.833,2.85195260715739,43.497,3.2584973569305187,0,0,0,1.5
2022-06-22,36.9,0.000229,15.75,40.0,36.5,37.0,36.95,13.548416425285128,37.730000000000004,0.4685082710043503,38.375,0.6454385401319696,38.7,2.781682063436314,43.4415,3.275898396090011,0,0,0,0.5
2022-06-23,36.5,2.1e-05,15.75,40.0,36.5,36.7,36.9,13.000198003314573,37.42,0.6723094525584822,38.19583333333333,0.8332462075646808,38.564,2.7176865912326624,43.38825,3.3017696545574444,0,0,0,0.20000000000000284
2022-06-24,36.7,0.00017,15.75,40.0,36.3,36.95,36.5,14.286139616588276,37.17999999999999,0.6723094525584836,38.02083333333333,0.9116564178675046,38.437000000000005,2.651334088526412,43.33775,3.3264717810388635,0,0,0,0.6500000000000057
2022-06-27,36.75,2.2000000000000003e-05,15.75,40.0,36.55,37.1,36.7,10.53212287826962,36.95,0.5499999999995381,37.8375,0.9288617178598638,38.312000000000005,2.5781372804289,43.29024999999999,3.352403688392462,0,0,0,0.5500000000000043
2022-06-28,36.75,2.2000000000000003e-05,15.75,40.0,36.55,37.1,36.7,10.53212287826962,36.72,0.14404860290712532,37.65,0.8994948077044651,38.179,2.4799623515910074,43.242250000000006,3.3770102797660977,0,0,0,0.5500000000000043
2022-06-29,36.75,2.2000000000000003e-05,15.75,40.0,36.55,37.1,36.7,10.53212287826962,36.69,0.10839741694106587,37.4625,0.8238283691488556,38.049,2.3769404532655143,43.1945,3.4009893254694994,0,0,0,0.5500000000000043
2022-06-30,38.65,2e-05,15.75,40.0,37.5,39.7,37.55,11.12285622984002,37.12,0.8555699854479952,37.45,0.80255274536144,37.958,2.2599295636492336,43.15625,3.4088966424773246,0,0,0,2.200000000000003
2022-07-01,39.0,4e-05,15.75,40.0,39.0,40.0,38.65,13.896446097713836,37.58,1.1432410069619918,37.479166666666664,0.8547882069753712,37.869,2.1226881782408835,43.118249999999996,3.412672870066536,0,0,0,1.0
2022-07-04,39.0,4e-05,15.75,40.0,39.0,40.0,38.65,13.896446097713836,38.03,1.177178830934134,37.55833333333333,0.9510361175928242,37.785,1.986131764953654,43.07925,3.4149548342691496,1,0,0,1.0
2022-07-05,40.6,0.000395,15.75,40.0,40.0,41.8,40.0,13.578522867254332,38.8,1.3734081694818265,37.78333333333333,1.2960312379311807,37.739000000000004,1.8895332001022227,43.048500000000004,3.409419813888344,1,0,0,1.7999999999999972
2022-07-06,41.95,5.4000000000000005e-05,15.75,40.0,40.05,42.45,40.6,12.32474861573515,39.84,1.401517035215548,38.12083333333334,1.7698816515808924,37.715,1.8259537625197373,43.02400000000001,3.399556429829596,1,0,0,2.4000000000000057
2022-07-07,42.75,7.2e-05,15.75,40.0,42.0,43.0,41.95,15.731153086482841,40.660000000000004,1.6990438487571002,38.525,2.2131322928038935,37.71,1.8114713830009614,43.003,3.3881356697423857,1,0,0,1.0
2022-07-08,42.4,8.9e-05,15.75,40.0,42.0,42.75,42.75,11.603688960617083,41.339999999999996,1.5416711711643658,38.983333333333334,2.4070288487645937,37.708,1.8061222414397242,42.97225,3.3653708625813223,1,0,0,0.75
2022-07-12,41.9,0.000461,15.75,40.0,41.1,42.8,42.4,11.49171204297103,41.92,0.8159350464340162,39.43333333333333,2.4053286803685343,37.753,1.8819337102562212,42.94,3.344417083459912,1,0,0,1.6999999999999957
2022-07-13,40.9,0.000169,15.75,40.0,40.55,41.8,41.9,11.616393190430356,41.980000000000004,0.6969576744675958,39.78333333333334,2.273396871056811,37.793,1.9275132017342855,42.90474999999999,3.32846184124755,1,0,0,1.25
2022-07-14,40.5,0.000683,15.75,40.0,40.0,41.0,40.9,15.326431373929221,41.69,0.9633275663030194,40.09583333333334,2.0668881235202967,37.854,1.9643464925669134,42.872,3.3196825845718125,1,0,0,1.0
2022-07-15,40.45,0.000187,15.75,40.0,39.5,40.9,40.5,15.21338782744824,41.23,0.8757853618320683,40.40416666666667,1.778208794025443,37.917,1.9964665214902402,42.838249999999995,3.3097578343601515,1,0,0,1.3999999999999986
2022-07-18,39.95,0.000461,15.75,40.0,39.25,40.5,40.45,13.049579758676577,40.74,0.7309240726637449,40.670833333333334,1.3745178217914424,37.977000000000004,2.0118325994391313,42.8025,3.3020997963908507,1,0,0,1.25
2022-07-19,38.75,0.000367,15.75,40.0,38.5,39.75,39.95,12.8853769541191,40.11,0.8317150954499963,40.67916666666667,1.3613927249376663,38.027,1.9990612592839858,42.76125,3.3009304212186183,1,0,0,1.25
2022-07-20,39.0,0.00026,15.75,40.0,38.7,39.0,38.75,13.722299273936335,39.730000000000004,0.8144016208231817,40.67916666666667,1.3613927249376663,38.077000000000005,1.9913386431843896,42.72174999999999,3.2984219521416236,1,0,0,0.29999999999999716
2022-07-21,38.85,0.0001419999999999,15.75,40.0,38.75,39.0,39.0,14.035369520919268,39.4,0.7566372975207141,40.666666666666664,1.3787895437878295,38.137,1.9679267553159605,42.6825,3.2975502937326686,1,0,0,0.25
2022-07-22,38.5,0.000158,15.0,40.0,38.5,39.0,38.85,15.514094417571217,39.010000000000005,0.5561025085354976,40.49166666666667,1.5146006574384887,38.193,1.9367553868710674,42.64125,3.2980138590628756,1,0,0,0.5
2022-07-25,38.85,0.000172,15.75,40.0,38.5,40.0,38.5,12.017940238399461,38.79,0.18506755523182986,40.23333333333333,1.5076069739413511,38.253,1.9089587395725458,42.60175,3.2958645379872293,1,0,0,1.5
2022-07-26,39.65,0.000169,15.75,40.0,40.0,40.0,38.85,9.595670797663967,38.97,0.4221966366510679,39.975,1.286556362047518,38.330999999999996,1.8841143104112597,42.567,3.2901308186785023,1,0,0,0.0
2022-07-27,39.05,0.0001899999999999,15.75,40.0,39.0,40.0,39.65,14.549032112877514,38.980000000000004,0.42367440328567535,39.69583333333333,1.0551730433974678,38.403999999999996,1.838389934432573,42.53625,3.2941357118275625,1,0,0,1.0
2022-07-28,39.05,0.0001899999999999,15.75,40.0,39.0,40.0,39.65,14.549032112877514,39.019999999999996,0.41773197148347485,39.458333333333336,0.8050503466265064,38.474000000000004,1.7935894918594635,42.504,3.2965466932079863,1,0,0,1.0
2022-07-29,41.15,1.7e-05,15.75,40.0,40.3,41.9,40.0,12.183832149044223,39.55,0.9433981132053607,39.479166666666664,0.8478470952755014,38.597,1.7610702335084367,42.48025,3.2890594396400687,1,0,0,1.6000000000000014
2022-08-01,40.75,0.000267,15.75,40.0,40.0,41.0,41.15,14.091626752769644,39.92999999999999,0.9731392500559274,39.5,0.8777554018358215,38.711999999999996,1.708339688059256,42.45349999999999,3.2812184815425063,1,0,0,1.0
2022-08-02,40.05,0.000206,15.75,40.0,39.7,40.65,40.75,12.441543897532917,40.010000000000005,0.9607288899577279,39.46666666666667,0.8453975216987392,38.806999999999995,1.6456501103566117,42.42475,3.2769370637988358,1,0,0,0.9499999999999957
2022-08-03,40.75,5e-05,15.75,40.0,40.5,41.3,40.05,12.42159120030458,40.35,0.8276472678619728,39.53333333333333,0.9156054463199578,38.911,1.5992756651258184,42.401500000000006,3.272214032328093,1,0,0,0.7999999999999972
2022-08-04,40.6,0.000135,15.75,40.0,40.5,41.3,40.75,14.41390795167043,40.660000000000004,0.3974921382862424,39.6875,0.9273924833528336,39.004,1.55825124379154,42.37924999999999,3.269242522489319,1,0,0,0.7999999999999972
2022-08-05,41.75,3.3e-05,15.75,40.0,40.9,42.5,40.6,11.723194494148304,40.78,0.614003257319833,39.916666666666664,1.070754477699155,39.108000000000004,1.5646398816296374,42.3625,3.263810048110768,1,0,0,1.6000000000000014
2022-08-08,42.2,3.3e-05,15.75,40.0,41.75,44.0,41.75,11.769898298682092,41.07,0.8807667114505137,40.19583333333333,1.1966731028770161,39.21,1.596967790048151,42.3495,3.259227295358846,1,0,0,2.25
2022-08-10,42.35,0.00015,15.75,40.0,42.0,44.0,42.2,14.523103395784927,41.53000000000001,0.8128653024944075,40.516666666666666,1.2166147768087803,39.297,1.6473977624597427,42.338249999999995,3.255300962936385,1,0,0,2.0
2022-08-11,42.8,0.000443,15.75,40.0,42.5,44.0,42.35,13.504629456969948,41.940000000000005,0.837705198741955,40.84583333333334,1.2583283162645944,39.391999999999996,1.7097965029894295,42.33,3.2520113605959793,1,0,0,1.5
2022-08-12,43.05,0.000204,15.75,40.0,42.6,43.5,42.8,11.691080018519527,42.42999999999999,0.510636857266752,41.12916666666666,1.3444259223193917,39.491,1.7755048146769323,42.32425,3.249704190248503,1,0,0,0.8999999999999986
2022-08-15,43.0,0.0,15.75,40.0,42.6,43.05,43.05,12.164213655182222,42.67999999999999,0.3850324661625916,41.458333333333336,1.2706178406461004,39.591,1.829790051523731,42.319250000000004,3.2478817120664925,1,0,0,0.44999999999999574
2022-08-16,42.95,1.6e-05,15.75,40.0,42.85,43.5,43.0,12.552145080994137,42.83,0.28416544476631583,41.78333333333334,1.083624669450202,39.676,1.8854231376975812,42.31425,3.246127873072746,1,0,0,0.6499999999999986
2022-08-17,43.2,0.0,15.75,40.0,42.95,43.4,42.95,11.72157244693173,43.0,0.14577379736848353,41.954166666666666,1.1350727516392412,39.766,1.9443649611230174,42.31025,3.244532693547034,1,0,0,0.44999999999999574
2022-08-18,43.35,1.6e-05,15.75,40.0,43.05,43.5,43.2,12.46110626016646,43.11,0.16355427233557304,42.170833333333334,1.1324668033125307,39.86,2.0020652602061983,42.30700000000001,3.2431568466012215,1,0,0,0.45000000000000284
2022-08-19,43.25,6.4e-05,15.75,40.0,43.05,43.5,43.35,11.296024885689746,43.15,0.16955824957581767,42.4375,0.9496709956605918,39.949,2.0522633100749,42.30350000000001,3.2417522326184227,1,1,0,0.45000000000000284
2022-08-22,43.5,0.000368,15.75,40.0,43.3,43.5,43.25,12.176133921127343,43.25,0.20310096011394588,42.666666666666664,0.8296585643097,40.04,2.107203388961536,42.30125,3.2407597188428623,1,1,0,0.20000000000000284
2022-08-23,43.35,0.0001,15.75,40.0,43.0,43.8,43.5,12.766262554340948,43.33,0.11510864432873816,42.895833333333336,0.5340489989996722,40.127,2.1526966951306594,42.29875,3.239751671341167,1,1,0,0.7999999999999972
2022-08-24,42.95,0.000235,15.75,40.0,42.5,43.3,43.35,11.475233981948293,43.279999999999994,0.20493901531724817,42.99583333333334,0.3939648884515017,40.206,2.182762712991597,42.29575,3.2388648730422878,1,1,0,0.7999999999999972
2022-08-25,41.8,0.000223,15.75,40.0,41.0,42.95,42.95,11.397525836740476,42.97,0.6842879510843572,42.962500000000006,0.4758365838654163,40.266,2.1845571166532345,42.28724999999999,3.237919168262095,1,1,0,1.9500000000000028
2022-08-26,40.95,0.0001409999999999,15.75,40.0,40.6,43.0,41.8,11.353941456740479,42.510000000000005,1.0973832511931536,42.84583333333333,0.7386899747438518,40.312000000000005,2.174024763766802,42.274499999999996,3.238140286114997,1,1,0,2.3999999999999986
2022-08-29,41.3,7.099999999999999e-05,15.75,40.0,41.0,41.8,40.95,11.714240498256716,42.07,1.040792966924395,42.72083333333333,0.8635177350738137,40.377,2.153502367999971,42.260999999999996,3.236538258617623,1,1,0,0.7999999999999972
2022-08-30,41.0,1.8e-05,15.75,40.0,41.0,41.8,41.3,14.389086166890484,41.6,0.8268917704266441,42.550000000000004,0.9864997811357387,40.439,2.1251720218492545,42.244,3.234175079090365,1,1,0,0.7999999999999972
2022-08-31,40.85,8.9e-05,15.75,40.0,40.5,41.0,41.0,12.283501169971546,41.18,0.385032466162703,42.37083333333334,1.0874194501686136,40.498,2.0939650894702653,42.225,3.2311299888774587,1,1,0,0.5
2022-09-01,41.0,3.6e-05,15.75,40.0,40.75,41.3,40.85,12.017940238399461,41.019999999999996,0.16807736313776783,42.208333333333336,1.1375478677901936,40.56,2.0611072910714645,42.20675,3.2276704011703385,1,1,0,0.5499999999999972
2022-09-02,40.85,7.2e-05,15.75,40.0,40.7,41.0,41.0,12.88714977521702,41.0,0.18371173070695876,42.012499999999996,1.1534779424137787,40.639,1.9925189165111739,42.188500000000005,3.2249565070493498,1,0,0,0.29999999999999716
2022-09-05,40.85,0.0003569999999999,15.75,40.0,40.8,42.5,40.85,14.72787398807454,40.910000000000004,0.08215838362182647,41.80416666666667,1.1150740565154416,40.726,1.9009728980670517,42.17100000000001,3.222663775364003,1,0,0,1.7000000000000028
2022-09-06,42.7,0.000688,15.75,40.0,41.7,43.5,40.85,13.032222016211694,41.25,0.8131727983641215,41.75833333333333,1.0601958081004557,40.846,1.8296826980413665,42.16174999999999,3.2184533002246267,1,0,0,1.7999999999999972
2022-09-07,42.25,0.0003859999999999,15.75,40.0,41.8,42.75,42.7,11.776066350866136,41.53,0.8793463481469198,41.65416666666666,0.9264934708424682,40.955999999999996,1.7416166545569842,42.15025,3.213982866605285,1,0,0,0.9500000000000028
2022-09-08,42.75,1.7e-05,15.75,40.0,42.25,43.75,42.25,11.349241150793087,41.88,0.9602083107322644,41.604166666666664,0.838683582475356,41.07599999999999,1.6502083974770245,42.1375,3.206474096363703,1,0,0,1.5
2022-09-09,42.45,0.000217,15.75,40.0,42.25,43.0,42.75,12.538612159123673,42.2,0.781024967590216,41.5625,0.7758060324581932,41.19,1.5383532143973007,42.12025,3.1953920084925205,1,0,0,0.75
2022-09-12,41.8,0.0002049999999999,15.75,40.0,41.6,43.0,42.45,15.087403939074632,42.39,0.3863288754407198,41.5625,0.7758060324581932,41.253,1.4961314058848765,42.1045,3.18913115717849,1,0,0,1.3999999999999986
2022-09-14,40.9,0.000157,15.75,40.0,40.05,41.75,41.8,13.798365416422785,42.03,0.7198958257965531,41.55833333333333,0.7795200543603971,41.291000000000004,1.4614673224863608,42.0855,3.184907049596745,1,0,0,1.7000000000000028
2022-09-15,40.35,0.000479,15.75,40.0,40.0,40.85,40.9,14.391000257485524,41.65,1.0155048005791536,41.479166666666664,0.8529250029190957,41.318000000000005,1.4304188055199916,42.067249999999994,3.1843390228681683,1,0,0,0.8500000000000014
2022-09-16,39.05,0.000112,15.75,40.0,38.95,40.35,40.35,13.95822552716498,40.910000000000004,1.3169092603514179,41.31666666666667,1.1019266873258025,41.287,1.4627277426032395,42.0425,3.188475439475565,0,0,0,1.3999999999999986
2022-09-19,39.45,9.399999999999998e-05,15.75,40.0,39.25,40.0,39.05,12.117793192144138,40.309999999999995,1.106458313719645,41.199999999999996,1.2232594313398795,41.236999999999995,1.482200859450802,42.02049999999999,3.1911198629787787,0,0,0,0.75
2022-09-20,39.1,0.00028,15.75,40.0,39.0,39.45,39.45,13.069386561426064,39.77,0.8189932844653393,41.041666666666664,1.3661214729247624,41.16400000000001,1.4959823746648027,41.99825,3.1959120303957618,0,0,0,0.45000000000000284
2022-09-21,39.0,1.8e-05,15.75,40.0,38.95,39.5,39.1,14.757001480906121,39.39,0.5650221234600711,40.887499999999996,1.4886120747491842,41.096000000000004,1.5157957430655098,41.97625,3.2013538966123387,0,0,0,0.5499999999999972
2022-09-22,39.0,0.0,15.75,40.0,38.9,39.2,39.0,14.915155979433523,39.120000000000005,0.18907670401011012,40.733333333333334,1.5854929450445236,41.038000000000004,1.5396978235214742,41.96,3.208198511383053,0,0,0,0.30000000000000426
2022-09-23,39.15,3.6e-05,15.75,40.0,39.05,39.8,39.0,13.36844346372147,39.14,0.18506755523139876,40.4375,1.514794465505202,41.003,1.5626184853040488,41.95025,3.2137835116568176,0,0,0,0.75
2022-09-26,40.5,0.000128,15.75,40.0,39.75,40.95,39.15,15.299430824615666,39.35,0.6461423991654852,40.291666666666664,1.4046729372362448,41.003,1.5626184853040488,41.946999999999996,3.2149253060710947,0,0,0,1.2000000000000028
2022-09-27,40.8,0.000296,15.75,40.0,40.5,41.1,40.5,14.118869848135107,39.69,0.8848728722247795,40.12916666666667,1.1909618598061413,41.01,1.5608736433849848,41.9455,3.215392432108489,0,0,0,0.6000000000000014
2022-09-28,41.35,0.0001139999999999,15.75,40.0,41.0,41.75,40.8,15.079185488149825,40.16,1.0376656494263143,40.0375,1.0271595874933555,41.038000000000004,1.5540125810438212,41.947250000000004,3.214970468459012,0,0,0,0.75
2022-09-29,41.2,0.000308,15.75,40.0,41.0,42.0,41.35,13.023649611968253,40.6,0.8767838958371327,39.987500000000004,0.9448725262736598,41.086999999999996,1.518619472429635,41.939499999999995,3.21489384930666,0,0,0,1.0
2022-09-30,41.45,8e-05,15.75,40.0,40.95,42.0,41.2,15.442768938435785,41.06,0.3990613987838796,40.03333333333333,1.0046105833805095,41.136,1.4891457625237519,41.931000000000004,3.2139244783849628,0,0,0,1.0499999999999972
2022-10-03,41.45,8e-05,15.75,40.0,40.5,41.5,41.45,13.707592329702052,41.25,0.27156951227880594,40.125,1.0832400892262273,41.188,1.4526386968806393,41.922,3.2127323645503676,1,0,0,1.0
2022-10-04,39.45,0.000121,15.75,40.0,39.1,41.0,41.45,11.303450570483712,40.980000000000004,0.8613942186939398,40.15833333333334,1.0528820475525154,41.207,1.4226667256411472,41.90325,3.2161772210317756,0,0,0,1.8999999999999986
2022-10-05,39.2,0.000307,15.75,40.0,39.05,40.0,39.45,11.776066350866136,40.55,1.1263880326065867,40.1375,1.0704979724822783,41.214,1.411651225931913,41.880500000000005,3.21913948831429,0,0,0,0.9500000000000028
2022-10-06,39.4,2.1e-05,15.75,40.0,39.2,40.0,39.2,12.441543897532917,40.190000000000005,1.154014731274837,40.1625,1.0473180032816076,41.209,1.4177335318558786,41.8575,3.220352792870842,0,0,0,0.7999999999999972
2022-10-07,39.6,0.000465,15.75,40.0,39.3,40.0,39.4,12.000283875037855,39.82000000000001,0.9223611006538227,40.2125,1.000028408686283,41.22,1.402694200604595,41.835,3.220326460556614,0,0,0,0.7000000000000028
2022-10-11,39.15,0.0004849999999999,15.75,40.0,38.75,39.5,39.6,11.994122464057146,39.36,0.1850675552314061,40.225,0.9843087098880335,41.222,1.3996049005175069,41.80825,3.220298284741936,0,0,0,0.75
2022-10-12,39.15,0.0004849999999999,15.75,40.0,38.75,39.5,39.6,11.994122464057146,39.3,0.19685019684859167,40.225,0.9843087098880335,41.181999999999995,1.4299550442489593,41.78075,3.2193927042876282,0,0,0,0.75
2022-10-13,38.95,0.0001899999999999,15.75,40.0,38.8,39.4,39.1,12.533219391759038,39.25,0.25248762345772285,40.09583333333334,1.0447832166027107,41.146,1.4633216338465238,41.75175,3.2186344114970065,0,0,0,0.6000000000000014
2022-10-14,38.8,0.0001159999999999,15.75,40.0,38.0,38.95,38.95,12.616528611893463,39.13,0.30124740662672744,39.92916666666667,1.081131211725637,41.121,1.4928089534264617,41.72125,3.2175532914647125,0,0,0,0.9500000000000028
2022-10-17,38.15,2e-05,15.75,40.0,37.85,40.0,38.8,12.658424520193709,38.84,0.41291645644043584,39.6625,1.0933944227193892,41.069,1.5501774092024616,41.68599999999999,3.2178684539510014,0,0,0,2.1499999999999986
2022-10-18,37.95,0.0,15.75,40.0,37.85,38.3,38.15,12.184854116317803,38.6,0.522015325444879,39.391666666666666,1.0803689044462195,41.016000000000005,1.6106609113746588,41.651,3.2202560839519427,0,0,0,0.44999999999999574
2022-10-19,37.9,2e-05,15.75,40.0,37.8,38.0,37.95,11.570259974415547,38.35,0.4911720676090202,39.09583333333334,0.9427856049849775,40.939,1.6659338865295403,41.615500000000004,3.222285737932436,0,0,0,0.20000000000000284
2022-10-21,36.55,0.000196,15.75,40.0,36.2,38.0,37.9,15.501057481993733,37.870000000000005,0.8205181289888179,38.6875,0.890128948777374,40.826,1.767196557678612,41.5725,3.2322485833427157,0,0,0,1.7999999999999972
2022-10-24,37.4,0.00016,15.75,40.0,36.5,37.7,36.55,11.58432477200052,37.589999999999996,0.6436225602007014,38.516666666666666,0.9264628073107984,40.727,1.8179998540675246,41.532250000000005,3.23384231496974,0,0,0,1.2000000000000028
2022-10-25,37.7,6.099999999999999e-05,15.75,40.0,37.5,38.0,37.4,12.319852122072682,37.5,0.5733672470583786,38.391666666666666,0.9270758852254214,40.625,1.8422271902265441,41.493,3.2324712453101894,0,0,0,0.5
2022-10-26,37.7,0.000225,15.75,40.0,37.4,38.0,37.7,15.375485289804187,37.45,0.5338539126009125,38.25,0.888052005027344,40.518,1.853836617418994,41.45625,3.2336093742790832,0,0,0,0.6000000000000014
2022-10-27,37.7,0.00014,15.75,40.0,37.5,38.0,37.7,13.309839957537521,37.410000000000004,0.4979959839188488,38.09166666666667,0.7893706737665733,40.412000000000006,1.8605342660386412,41.417249999999996,3.231629944468951,0,0,0,0.5
2022-10-28,37.7,0.000178,15.75,40.0,37.5,37.7,37.7,14.505001562852236,37.64,0.1341640786474061,37.97083333333334,0.7206242033270938,40.307,1.8625199629123017,41.37625,3.226484067010378,0,0,0,0.20000000000000284
2022-10-31,37.65,0.000101,15.75,40.0,37.5,37.7,37.7,12.820720302095918,37.690000000000005,0.022360679775000596,37.84583333333333,0.6206515393760251,40.196,1.8519388626578346,41.3345,3.220370893773855,0,0,0,0.20000000000000284
2022-11-01,37.7,4e-05,15.75,40.0,37.45,37.95,37.65,14.159809939551922,37.69,0.022360679775000596,37.74166666666667,0.5142661732664654,40.083,1.8277791252266429,41.291000000000004,3.2103466523319883,0,0,0,0.5
2022-11-02,37.6,8e-05,15.75,40.0,37.25,37.7,37.7,12.336227719801212,37.67,0.044721359550000256,37.641666666666666,0.3918680977790714,39.970000000000006,1.8024642995139952,41.249750000000006,3.204470407173513,0,0,0,0.45000000000000284
2022-11-03,37.25,0.0,15.75,40.0,36.9,37.6,37.6,13.76379717535202,37.58,0.18907670401189502,37.56666666666667,0.3713203305437611,39.845000000000006,1.769072453841529,41.20875,3.202917316161844,0,0,0,0.7000000000000028
2022-11-04,37.15,0.0,15.75,40.0,37.0,37.25,37.25,11.610968271383634,37.470000000000006,0.251495526799192,37.5,0.36804149963128957,39.721,1.7353494619540468,41.16825,3.2027711677959267,0,0,0,0.25
2022-11-07,37.0,6e-05,15.75,40.0,36.5,37.25,37.15,13.380412189842653,37.339999999999996,0.29874738492580344,37.425000000000004,0.3708099243497417,39.602,1.713272319515648,41.1275,3.203702906256502,0,0,0,0.75
2022-11-08,36.75,2e-05,15.75,40.0,36.5,37.0,37.0,14.011324843771774,37.15,0.314245127249431,37.44166666666667,0.3301744258894403,39.501,1.7298251061773338,41.08575,3.206080817531164,0,0,0,0.5
2022-11-09,36.5,6e-05,15.75,40.0,36.45,36.85,36.75,12.763402966631915,36.92999999999999,0.30536862969207856,37.36666666666667,0.4281744192844319,39.412,1.767811976335646,41.045500000000004,3.212894834270024,0,0,0,0.3999999999999986
2022-11-10,36.5,0.000139,15.75,40.0,36.4,36.9,36.5,13.94960516695268,36.779999999999994,0.29283100928696554,37.26666666666667,0.48021459848929043,39.316,1.7933391497775202,41.003499999999995,3.2171552948145656,0,0,0,0.5
2022-11-11,36.75,9.8e-05,15.75,40.0,36.5,37.0,36.5,12.149507585033072,36.7,0.209165006633582,37.1875,0.48058912710030527,39.231,1.8125100984946814,40.96225,3.218545106177813,0,0,0,0.5
2022-11-14,37.05,5.9e-05,15.75,40.0,36.5,37.7,36.75,11.841516728140565,36.71,0.2274862633216029,37.13333333333333,0.45343804494346707,39.155,1.822877574897337,40.923,3.218148286197896,0,0,0,1.2000000000000028
2022-11-15,37.65,2e-05,15.75,40.0,37.3,39.0,37.05,12.332269077986075,36.89,0.48140419607645574,37.12916666666667,0.4479541034346813,39.088,1.8152292259820908,40.8865,3.2136397045643497,0,0,0,1.7000000000000028
2022-11-16,39.55,8e-05,15.75,40.0,37.9,40.0,37.65,10.902297921958713,37.49999999999999,1.223723825052039,37.2875,0.8254819528866966,39.062,1.7987115570064394,40.8615,3.204432036003497,0,0,0,2.1000000000000014
2022-11-17,39.45,0.0,15.75,40.0,38.5,40.0,39.55,12.2904183895416,38.09,1.3277801022759672,37.43333333333334,1.0333822080310127,39.034,1.7811209494970046,40.83375,3.1924216855847316,0,0,0,1.5
2022-11-18,38.8,0.0,15.75,40.0,38.25,39.75,39.45,11.848690308590857,38.49999999999999,1.1090536506409272,37.53333333333333,1.1064548902864242,38.955999999999996,1.7008893232066469,40.8035,3.1828233650114846,0,0,0,1.5
2022-11-21,38.8,0.0,15.75,40.0,38.25,39.75,39.45,11.848690308590857,38.85,0.7574628703771287,37.6625,1.1595698653913287,38.887,1.633164263081505,40.773500000000006,3.1732270007027026,0,0,0,1.5
2022-11-22,38.8,0.0,15.75,40.0,38.25,39.75,39.45,11.848690308590857,39.08,0.3850324661635084,37.8,1.1906835317261009,38.808,1.5350782736150472,40.7425,3.161994591866613,1,0,0,1.5
2022-11-23,37.45,0.0,15.75,40.0,36.6,37.95,37.3,12.086731521684555,38.660000000000004,0.7326322406227895,37.8375,1.1701058615651905,38.708,1.453684972751161,40.704750000000004,3.1559730300385027,0,0,0,1.3500000000000014
2022-11-24,37.5,6e-05,15.75,40.0,37.1,37.6,37.45,12.180247016318816,38.269999999999996,0.7259476565152505,37.9,1.1259339557557526,38.622,1.392954575347728,40.661,3.139320094107178,0,0,0,0.5
2022-11-25,37.6,8e-05,15.75,40.0,37.5,37.7,37.5,12.700467012538367,38.03,0.70498226928058,37.99166666666667,1.0433410784864086,38.556000000000004,1.3606211066718648,40.614000000000004,3.1142046098093146,0,0,0,0.20000000000000284
2022-11-28,37.75,2e-05,15.75,40.0,37.7,38.0,37.6,11.579658451506333,37.82,0.559687412758237,38.09583333333333,0.937951911280862,38.504,1.3401888383551037,40.567750000000004,3.087460037785661,0,0,0,0.29999999999999716
2022-11-29,37.95,0.000101,15.75,40.0,37.7,38.0,37.75,14.28769992175095,37.65,0.20310096011594955,38.19583333333333,0.8403079341759868,38.482,1.3400715789603648,40.52375,3.0615090438584325,0,0,0,0.29999999999999716
2022-11-30,38.0,4.1e-05,15.75,40.0,37.95,39.5,37.95,14.062605764500903,37.760000000000005,0.21621748310442832,38.275,0.7638122091887678,38.453,1.3343732764181726,40.4815,3.037526226699664,0,0,0,1.5499999999999972
2022-12-01,38.0,6.2e-05,15.75,40.0,37.95,38.25,38.0,14.518509549672995,37.86,0.17818529681207496,38.30416666666667,0.7442074287229663,38.431000000000004,1.3325550875018792,40.4415,3.0170958031567388,0,0,0,0.29999999999999716
2022-12-02,37.75,6.099999999999999e-05,15.75,40.0,37.5,38.0,38.0,12.075400019877522,37.89,0.12942179105546903,38.15416666666667,0.6450716427181487,38.406000000000006,1.333387583931339,40.40025,2.997048370006679,0,0,0,0.5
2022-12-05,37.55,0.000287,15.75,40.0,37.4,37.8,37.75,12.299112067295642,37.85,0.19685019685031835,37.99583333333333,0.518940499884928,38.377,1.3359705636508046,40.3615,2.9834497839018894,0,0,0,0.3999999999999986
2022-12-06,37.45,8.5e-05,15.75,40.0,37.0,37.55,37.55,13.546978612394872,37.75,0.2524876234590834,37.88333333333333,0.4730622356354303,38.343,1.3375277986821748,40.320499999999996,2.9667046418812455,0,0,0,0.5499999999999972
2022-12-07,37.5,0.000105,15.75,40.0,37.3,37.5,37.45,14.38761997448109,37.65,0.22638462845348603,37.775,0.3846485999597507,38.283,1.3057021724987732,40.27825,2.946229075671239,0,0,0,0.20000000000000284
2022-12-08,37.6,0.0,15.75,40.0,37.5,38.0,37.5,12.062785246027499,37.57000000000001,0.11510864433233703,37.675000000000004,0.21051883957160653,38.219,1.2573412992739397,40.237249999999996,2.9259882044124463,0,0,0,0.5
2022-12-09,36.9,8.3e-05,15.75,40.0,36.6,37.5,37.6,12.48899716877066,37.4,0.2850438562748555,37.62916666666667,0.30335872354010757,38.13,1.1867035460152717,40.19225,2.9076104329237817,0,0,0,0.8999999999999986
2022-12-13,36.75,0.000185,15.75,40.0,36.5,37.5,36.9,13.314306828283717,37.239999999999995,0.3863288754417029,37.56666666666667,0.39561995843420783,38.041000000000004,1.116558579398007,40.146,2.8882684211064613,0,0,0,1.0
2022-12-14,36.75,0.000101,15.75,40.0,36.5,37.0,36.75,12.384223015005313,37.1,0.4168333000133968,37.49583333333333,0.4599695312662158,37.946999999999996,1.017119281429619,40.09975,2.8680465289040944,0,0,0,0.5
2022-12-15,37.15,8e-05,15.75,40.0,37.0,37.5,36.75,13.142951970258446,37.03,0.3581200915894867,37.44583333333333,0.4624334513916154,37.861,0.8885490350892182,40.05575,2.845256024812655,0,0,0,0.5
2022-12-16,37.25,6e-05,15.75,40.0,37.1,37.45,37.15,11.730461322518734,36.959999999999994,0.2302172886645703,37.387499999999996,0.4364760745248191,37.817,0.8623419701442603,40.012,2.820560014246978,0,0,0,0.3500000000000014
2022-12-19,37.9,2e-05,15.75,40.0,37.35,40.0,37.25,11.251573687764477,37.16,0.4722287581247602,37.37916666666667,0.4245095208938904,37.791000000000004,0.8390768737147432,39.9765,2.802085144277021,0,0,0,2.6499999999999986
2022-12-20,38.8,4e-05,15.75,40.0,38.0,39.95,37.9,12.589295553001502,37.57000000000001,0.8020286777915282,37.44583333333333,0.5690735426690995,37.779,0.8196620757179501,39.94575,2.7808966844069962,0,0,0,1.9500000000000028
2022-12-21,38.0,2e-05,15.75,40.0,37.5,38.5,38.8,14.7027023938238,37.82000000000001,0.6657702306351745,37.46666666666667,0.5855585264301613,37.747,0.777253799856057,39.91075,2.760943858983992,1,0,0,1.0
2022-12-22,38.05,2e-05,15.75,40.0,38.0,38.3,38.0,13.282441029407657,38.0,0.5511351921262181,37.50833333333333,0.6093339632616709,37.725,0.7518853853187959,39.8795,2.7463460878356125,1,0,0,0.29999999999999716
2022-12-23,38.0,4e-05,15.75,40.0,37.9,38.1,38.05,14.454993741503674,38.15,0.36742346141746995,37.55416666666667,0.6250303022927775,37.702,0.7244956021632997,39.84725,2.730229054668108,1,0,0,0.20000000000000284
2022-12-28,38.05,6.099999999999999e-05,15.75,40.0,38.0,38.1,38.0,11.391898423211194,38.17999999999999,0.3474910070778717,37.6,0.6406672657869239,37.684,0.7037392838223436,39.812250000000006,2.707974903482046,1,0,0,0.10000000000000142
2022-12-29,38.05,0.000184,15.75,40.0,38.0,38.1,38.05,11.277215789596893,38.029999999999994,0.027386127875303125,37.637499999999996,0.6537044786835364,37.669,0.6872668435830936,39.775749999999995,2.6820311131601295,1,0,0,0.10000000000000142
2022-12-30,38.1,6.3e-05,15.75,40.0,38.0,38.3,38.05,12.074830060158243,38.05,0.03535533905934559,37.7375,0.6216272633515039,37.668,0.6865887281594476,39.74175,2.659753915676971,1,0,0,0.29999999999999716
2023-01-03,38.35,4.1e-05,15.75,40.0,38.0,39.2,38.1,10.969938154395841,38.11,0.1387443692551068,37.87083333333333,0.5590000542062242,37.676,0.6922486282169563,39.713,2.6434342669371,1,0,0,1.2000000000000028
2023-01-04,38.2,6.2e-05,15.75,40.0,38.1,38.3,38.35,11.082157933374816,38.15,0.12747548783979953,37.99166666666667,0.4384027482732502,37.681999999999995,0.6955221207201917,39.682,2.6244790820771486,1,0,0,0.19999999999999574
2023-01-05,38.35,0.0,15.75,40.0,38.15,39.0,38.2,9.908524844053396,38.209999999999994,0.13874436925508274,38.09166666666667,0.3585534912077002,37.717999999999996,0.6821903498821454,39.65025,2.601779915971948,1,0,0,0.8500000000000014
2023-01-06,39.2,0.000167,15.75,40.0,38.25,39.5,38.35,10.25769445336048,38.440000000000005,0.43789268091619876,38.25416666666667,0.3834403671344858,37.754,0.7119132026913031,39.62275,2.5770868867011973,1,0,0,1.25
2023-01-09,39.05,6.4e-05,15.75,40.0,38.8,39.5,39.2,12.788011690826771,38.63,0.459075157245481,38.35,0.4279974511356168,37.781,0.7350475480961056,39.592749999999995,2.5483534811370583,1,0,0,0.7000000000000028
2023-01-10,39.05,0.000171,15.75,40.0,39.0,39.45,39.05,11.692752245730048,38.77,0.4590751572454714,38.37083333333333,0.4569952920616083,37.808,0.7564929825556641,39.562999999999995,2.519478090646054,1,0,0,0.45000000000000284
2023-01-11,38.95,0.000131,15.75,40.0,38.5,39.35,39.05,12.315827989765994,38.92,0.3309078421554046,38.45,0.4690415759789548,37.833,0.7733184522396468,39.5325,2.489463979358183,1,0,0,0.8500000000000014
2023-01-12,38.9,0.000177,15.75,40.0,38.7,39.0,38.95,11.03005541721757,39.03,0.11510864433195457,38.520833333333336,0.46732232079370245,37.857,0.787595799163523,39.504,2.4636521486498495,1,0,0,0.29999999999999716
2023-01-13,38.7,0.000112,15.75,40.0,38.55,39.0,38.9,11.289794413577894,38.92999999999999,0.14404860290868857,38.57916666666667,0.4392443580258019,37.878,0.7959181580342242,39.4745,2.4375104174495688,1,0,0,0.45000000000000284
2023-01-16,38.5,0.0002049999999999,15.75,40.0,38.3,38.9,38.7,13.084871249386552,38.82000000000001,0.21965882636477677,38.61666666666667,0.4080626808617329,37.894,0.8002958636595764,39.44525,2.4136941676971393,1,0,0,0.6000000000000014
2023-01-17,38.5,0.0002049999999999,15.75,40.0,38.3,38.9,38.7,13.084871249386552,38.71,0.21330729007691687,38.65416666666667,0.3701709269357173,37.912,0.8036625345196954,39.41775,2.3927806908851226,1,0,0,0.6000000000000014
2023-01-18,38.25,0.000237,15.75,40.0,38.0,38.5,38.0,11.37940550085183,38.57000000000001,0.24392621835293796,38.666666666666664,0.3518350164278972,37.931999999999995,0.7992828418196829,39.388000000000005,2.3699025699285827,1,0,0,0.5
2023-01-19,38.4,0.000558,15.75,40.0,38.1,38.5,38.25,14.292242128768779,38.47,0.16431676725146074,38.670833333333334,0.3480192871657641,37.957,0.7938545849484437,39.359249999999996,2.346606003610373,1,0,0,0.3999999999999986
2023-01-20,38.4,0.000368,15.75,40.0,38.25,38.45,38.4,13.911094336700634,38.41,0.10246950765946536,38.6875,0.32761188234173927,37.985,0.7840404248238363,39.33125,2.3242572569493603,1,0,0,0.20000000000000284
2023-01-23,38.4,0.0002,15.75,40.0,38.3,38.5,38.4,11.5730888039415,38.39,0.08944271909984702,38.69166666666667,0.323217723781744,38.018,0.765503702388287,39.301,2.296506851414193,1,0,0,0.20000000000000284
2023-01-24,38.55,2.2000000000000003e-05,15.75,40.0,38.4,38.9,38.4,10.74937727911096,38.39999999999999,0.10606601717785703,38.637499999999996,0.28213874729323646,38.059,0.7369054158028344,39.2735,2.2721545239934495,1,0,0,0.5
2023-01-25,38.55,0.000217,15.75,40.0,38.5,38.9,38.55,11.015361515187424,38.46,0.08215838362559269,38.59583333333333,0.2508696993610562,38.1,0.7047216848260195,39.24575,2.246660153813446,1,0,0,0.3999999999999986
2023-01-26,38.45,0.000127,15.75,40.0,38.3,38.85,38.55,11.587114148152441,38.47,0.07582875444031395,38.54583333333333,0.208303028091346,38.134,0.6787924452115359,39.21775,2.221236569342474,1,0,0,0.5500000000000043
2023-01-27,38.5,0.0,15.75,40.0,38.4,38.55,38.45,11.953120448266079,38.489999999999995,0.06519202405178147,38.50833333333333,0.1649150378037752,38.163000000000004,0.6623096569093864,39.19025,2.195631212111315,1,0,0,0.14999999999999858
2023-01-30,38.3,8.6e-05,15.75,40.0,38.05,38.55,38.5,11.715057818961629,38.47,0.10368220676649235,38.458333333333336,0.12029005348123908,38.176,0.6584025194011576,39.16425,2.1750317822432543,1,0,0,0.5
2023-01-31,38.1,0.000152,15.75,40.0,38.0,38.5,38.3,11.860768522363712,38.38,0.18234582528803658,38.40833333333333,0.13455876263868696,38.147,0.6278738011789183,39.137,2.153845689988222,1,0,0,0.5
2023-02-01,38.1,0.000256,15.75,40.0,38.0,38.4,38.1,11.74325116281265,38.29,0.18841443681411799,38.37499999999999,0.15739354265503552,38.12,0.5990638956098092,39.111,2.1346398846609644,1,0,0,0.3999999999999986
2023-02-02,38.0,0.0,15.75,40.0,38.0,38.2,38.1,13.65569502980549,38.2,0.19999999999996884,38.333333333333336,0.18504708654603552,38.104,0.5911628112377785,39.08575,2.1176120611925118,1,0,0,0.20000000000000284
2023-02-03,38.2,0.000208,15.75,40.0,38.0,38.7,38.0,13.853096281403863,38.14,0.11401754250988065,38.32916666666667,0.18763883747796636,38.092000000000006,0.5827766050824056,39.061749999999996,2.1001553992513244,1,0,0,0.7000000000000028
2023-02-06,38.5,2e-05,15.75,40.0,38.1,38.9,38.2,14.612522586228163,38.18,0.19235384061668542,38.3375,0.19320855429121012,38.086000000000006,0.5768528267038953,39.03725,2.0777536520706548,1,0,0,0.7999999999999972
2023-02-07,38.5,0.000184,15.75,40.0,38.3,38.7,38.5,15.37563237795291,38.260000000000005,0.2302172886643882,38.34583333333334,0.19824036526651465,38.107,0.5723216235816395,39.0135,2.056395282475729,1,0,0,0.4000000000000057
2023-02-08,38.5,0.0,15.75,40.0,38.4,38.9,38.5,13.62737332284863,38.34,0.23021728866437446,38.354166666666664,0.20277431849025576,38.127,0.568134254041274,38.99,2.035057072033032,1,0,0,0.5
2023-02-09,38.55,4.2e-05,15.75,40.0,38.5,38.7,38.5,13.563454283154693,38.45,0.1414213562371929,38.354166666666664,0.20277431849025576,38.146,0.5660316570099918,38.9655,2.0104400253369645,1,0,0,0.20000000000000284
2023-02-10,38.55,4.2e-05,15.75,40.0,38.5,38.7,38.5,13.563454283154693,38.519999999999996,0.027386127874563564,38.354166666666664,0.20277431849025576,38.162,0.5659162698602799,38.94225,1.9879858844780411,1,0,0,0.20000000000000284
2023-02-13,38.75,6.3e-05,15.75,40.0,38.6,39.2,38.75,12.398348658581329,38.57,0.1036822067664345,38.37916666666667,0.2320446012439724,38.178000000000004,0.5710856113692373,38.9215,1.968026522168674,1,0,0,0.6000000000000014
2023-02-14,38.7,2.1e-05,15.75,40.0,38.65,38.9,38.75,12.64271660211934,38.61,0.10839741694318145,38.395833333333336,0.24813699783336682,38.192,0.5751982799237636,38.89925,1.9450005328698132,1,0,0,0.25
2023-02-15,38.7,0.0,15.75,40.0,38.6,38.9,38.7,13.500116017745958,38.65,0.09354143466908024,38.42916666666667,0.2606445972150799,38.205999999999996,0.578936392828726,38.87775,1.9230857316186725,1,0,0,0.29999999999999716
2023-02-16,38.65,4.2e-05,15.75,40.0,38.55,38.7,38.7,12.933382093776428,38.67,0.07582875444016982,38.475,0.24541245429705333,38.224000000000004,0.5784603067915441,38.85850000000001,1.9058367766141544,1,0,0,0.15000000000000568
2023-02-17,38.55,2.1e-05,15.75,40.0,38.5,38.7,38.65,13.089635619321948,38.67,0.07582875444016982,38.5125,0.21545406596837766,38.244,0.5719319211687065,38.852999999999994,1.9051282287128999,1,0,0,0.20000000000000284
2023-02-20,38.5,6.3e-05,15.75,40.0,38.4,38.55,38.55,12.359656021613945,38.62,0.09082951062266724,38.55416666666667,0.1437458826706115,38.265,0.5613622279982408,38.851,1.9052885931310075,1,0,0,0.14999999999999858
2023-02-21,38.5,2.1e-05,15.75,40.0,38.4,38.65,38.5,12.395870352803575,38.58,0.09082951062269247,38.579166666666666,0.09404624908301817,38.285,0.5512740346027767,38.85625,1.902853830698664,1,0,0,0.25
2023-02-22,38.45,2.1e-05,15.75,40.0,38.0,38.5,38.5,13.331977416229822,38.529999999999994,0.07582875444027558,38.574999999999996,0.09885710530666533,38.302,0.5427593896974685,38.862,1.89986272976743,1,0,0,0.5
2023-02-23,38.4,4.3e-05,15.75,40.0,38.3,38.45,38.45,12.817470037182167,38.480000000000004,0.05700877125469573,38.56666666666666,0.10940611027990353,38.332,0.5037370548320625,38.86925,1.895290894658768,1,0,0,0.15000000000000568
2023-02-24,38.3,2.1e-05,15.75,40.0,38.0,38.4,38.4,14.633615419195825,38.43,0.08366600265327306,38.55,0.1331438046780452,38.363,0.44912727163372657,38.8795,1.886577755657118,1,0,0,0.3999999999999986
2023-02-27,38.3,0.00015,15.75,40.0,38.0,38.4,38.3,11.949249500664376,38.39,0.08944271909989875,38.52916666666667,0.1514450595346965,38.394,0.3843414723258917,38.8885,1.879449227030213,0,0,0,0.3999999999999986
2023-02-28,38.25,0.00013,15.75,40.0,38.0,38.4,38.3,11.810812786275873,38.339999999999996,0.0821583836257157,38.50416666666667,0.17117021476031039,38.416,0.340683586521477,38.9005,1.8675756864778343,0,0,0,0.3999999999999986
2023-03-01,38.3,2.1e-05,15.75,40.0,38.15,38.4,38.25,11.61549107852535,38.31,0.05477225575046201,38.46666666666667,0.1614329769825063,38.437,0.2968903460096017,38.9135,1.854186557211613,0,0,0,0.25
2023-03-02,38.25,6.4e-05,15.75,40.0,38.2,38.4,38.3,14.565936061841406,38.28,0.02738612787522164,38.42916666666667,0.15441728195543702,38.443999999999996,0.2879625826080014,38.9255,1.8419865150449841,0,0,0,0.19999999999999574
2023-03-06,38.25,0.000213,15.75,40.0,38.05,38.4,38.25,12.274670105518968,38.269999999999996,0.027386127875245476,38.391666666666666,0.1362373152164771,38.433,0.28457092656766586,38.937999999999995,1.8287640332877164,0,0,0,0.3500000000000014
2023-03-07,38.0,0.000196,15.75,40.0,37.75,38.4,38.25,12.58485491185508,38.21,0.11937336386316325,38.3375,0.1524422394233156,38.433,0.28457092656766586,38.951,1.81265761747509,0,0,0,0.6499999999999986
2023-03-08,37.9,0.0007099999999999,15.75,40.0,37.7,38.0,38.0,10.188704088048116,38.14,0.17818529681209935,38.28333333333333,0.1825741858261013,38.43,0.28943999413827476,38.96275,1.7980586788429134,0,0,0,0.29999999999999716
2023-03-09,37.9,0.0007099999999999,15.75,40.0,37.7,38.0,38.0,10.188704088048116,38.059999999999995,0.17818529681212947,38.23333333333333,0.19924098397085224,38.428000000000004,0.2927979034207409,38.97725,1.777517306914735,0,0,0,0.29999999999999716
2023-03-10,37.45,0.000167,15.75,40.0,37.0,38.0,37.5,11.904298410001253,37.9,0.2893959225698377,38.145833333333336,0.28401211027795115,38.416,0.3196681953287316,38.9895,1.7583082750044845,0,0,0,1.0
2023-03-13,37.05,0.0004849999999999,15.75,40.0,36.95,37.5,37.45,11.664796405307863,37.66,0.40218155104390574,38.02916666666666,0.4081322943526564,38.396,0.37030599592085867,38.99825,1.744153028387032,0,0,1,0.5499999999999972
2023-03-14,37.0,0.0002549999999999,15.75,40.0,36.5,37.2,37.05,11.864996828675356,37.459999999999994,0.43789268091634975,37.9125,0.48529513044424305,38.374,0.4178711841385019,39.0055,1.7327236961023724,0,0,1,0.7000000000000028
2023-03-15,37.05,0.000576,15.75,40.0,36.75,37.45,37.0,11.302216779257382,37.29,0.3863288754418061,37.80833333333333,0.5269264798318549,38.348,0.45791898401472464,39.010999999999996,1.7247034556844083,0,0,0,0.7000000000000028
2023-03-16,34.35,0.000556,15.75,40.0,33.35,37.0,37.05,12.20507715018907,36.58,1.2597618822619672,37.479166666666664,1.106685948169164,38.271,0.7275966868933951,39.0,1.7473454382009022,0,0,1,3.6499999999999986
2023-03-17,31.0,0.0003819999999999,15.75,40.0,30.95,34.4,34.35,12.84634897222022,35.29,2.664910880311079,36.875,2.1421633075840885,38.124,1.2594232564067938,38.969500000000004,1.8318702171447128,0,0,1,3.4499999999999993
2023-03-20,30.0,0.0009789999999999,15.75,40.0,29.5,30.95,31.0,14.787992947631416,33.88,3.292149753580562,36.18333333333333,2.8599374860716815,37.94,1.695552405320023,38.929500000000004,1.9374463195674747,0,0,1,1.4499999999999993
2023-03-21,31.95,0.000557,15.75,40.0,30.95,33.0,30.0,11.832839946854502,32.87,2.839145998359487,35.65833333333333,3.0198459723908098,37.798,1.887173677698692,38.899,1.9984162070707274,0,0,1,2.0500000000000007
2023-03-22,34.95,7.900000000000001e-05,15.75,40.0,34.0,35.1,31.95,11.177466714598282,32.45,2.1339517332875073,35.38333333333333,2.9106648204430625,37.716,1.9204442513262119,38.88325,2.0170708494144005,0,0,1,1.1000000000000014
2023-03-23,35.95,5.2e-05,15.75,40.0,35.1,37.0,34.95,12.327409359385856,32.77,2.566271614619294,35.2125,2.8012274095465823,37.656000000000006,1.927953340108517,38.873,2.0267671115899484,0,0,1,1.8999999999999986
2023-03-24,35.5,5.3e-05,15.75,40.0,35.25,36.0,35.95,12.15214958053555,33.67,2.5793894626443294,35.012499999999996,2.6747238600026875,37.588,1.9430819197711997,38.857,2.0407226033241623,0,0,1,0.75
2023-03-27,35.5,2.6e-05,15.75,40.0,35.0,36.0,35.5,11.429554725537322,34.77,1.6157815446403831,34.8125,2.5247074537988694,37.524,1.958347908471633,38.841,2.0544580769510263,0,0,0,1.0
2023-03-28,35.0,0.000186,15.75,40.0,34.95,35.95,35.5,13.10481225357091,35.38000000000001,0.41321907022834914,34.60833333333333,2.387356214929902,37.454,1.985119129721607,38.82275,2.072297522705809,0,0,0,1.0
2023-03-29,35.0,0.0,15.75,40.0,34.5,35.5,35.0,15.768339715380373,35.39,0.40062451248067843,34.4375,2.267069093063092,37.384,2.009046885405645,38.80375,2.089853073025409,0,0,0,1.0
2023-03-30,35.0,0.00027,15.75,40.0,35.0,35.25,35.0,14.305011007948208,35.2,0.2738612787533274,34.270833333333336,2.130989775723237,37.319,2.032890020817097,38.784,2.1070577738427443,0,0,0,0.25
2023-03-31,35.5,5.6000000000000006e-05,15.75,40.0,35.05,37.0,35.0,11.96209480994468,35.2,0.2738612787533274,34.14166666666667,1.9894989471222497,37.261,2.0427644834138223,38.7665,2.1197510401840587,0,0,0,1.9500000000000028
2023-04-03,36.2,2.8000000000000003e-05,15.75,40.0,35.5,37.0,35.5,10.30229722897745,35.34,0.5272570530589311,34.295833333333334,2.076870277968683,37.217,2.041423322997106,38.7525,2.1274335754824514,0,0,0,1.5
2023-04-04,36.15,8.3e-05,15.75,40.0,36.0,37.0,36.2,12.120520203776788,35.57,0.589067059001226,34.725,1.8540496217725124,37.172,2.03961180780405,38.73925,2.13537374778121,0,0,0,1.0
2023-04-05,36.0,2.8000000000000003e-05,15.75,40.0,35.5,37.0,36.15,15.031580199630298,35.77,0.5118593556831075,35.225,1.1326758342304346,37.121,2.0363304831823847,38.726,2.144133986663013,0,0,0,1.5
2023-04-06,35.9,0.000305,15.75,40.0,35.6,36.5,36.0,12.822881291156794,35.95,0.27838821814204506,35.55416666666667,0.48074673606553636,37.068000000000005,2.032861660471606,38.71525,2.152912001903308,0,0,0,0.8999999999999986
2023-04-11,35.9,0.000305,15.75,40.0,35.6,36.5,36.0,12.822881291156794,36.03,0.1396424004387368,35.63333333333333,0.4494103881364807,37.016999999999996,2.029466854690872,38.70525,2.1613461135627214,0,0,0,0.8999999999999986
2023-04-12,35.0,5.4000000000000005e-05,15.75,40.0,34.5,36.0,36.35,13.664572545324233,35.79,0.45332107826608026,35.55416666666667,0.4716789804531284,36.946999999999996,2.0376159038032027,38.69075,2.1764504636225093,0,0,0,1.5
2023-04-13,34.4,0.000272,15.75,40.0,34.0,34.95,35.0,11.769124610238766,35.44,0.7092249290601428,35.4625,0.5780551247657264,36.869,2.05929673947872,38.673249999999996,2.1968163207778226,0,0,0,0.9500000000000028
2023-04-14,33.9,2.8000000000000003e-05,15.75,40.0,33.75,34.45,34.4,12.49275797139508,35.019999999999996,0.8927485648268585,35.329166666666666,0.7325107300866583,36.785,2.0934360486528227,38.658249999999995,2.2191139608763715,0,0,0,0.7000000000000028
2023-04-17,33.55,0.000421,15.75,40.0,33.2,34.95,33.9,12.790523196230899,34.55,0.9313968005101092,35.208333333333336,0.8936221830592959,36.694,2.1336143522400874,38.643499999999996,2.243204758362317,0,0,0,1.75
2023-04-18,34.1,0.0001169999999999,15.75,40.0,33.6,34.8,33.55,11.610968271383634,34.19,0.54817880294709,35.13333333333333,0.9487631501837166,36.616,2.1560650098116,38.630500000000005,2.261979777222259,0,0,0,1.1999999999999957
2023-04-19,33.9,8.9e-05,15.75,40.0,33.5,34.8,34.1,13.883637321154362,33.97,0.31144823004879574,35.041666666666664,1.0137314807908846,36.53,2.1772478414890246,38.61625,2.282767745610942,0,0,0,1.2999999999999972
2023-04-20,32.95,0.00012,15.75,40.0,32.0,33.9,33.9,11.973516181427835,33.68,0.4535967372022837,34.82916666666667,1.1649148102528186,36.419,2.2158954977945604,38.59725,2.3139797859420477,0,0,0,1.8999999999999986
2023-04-24,33.0,0.000121,15.75,40.0,32.5,33.5,32.95,11.790564777297387,33.5,0.5184110338337501,34.5625,1.1886059443330186,36.309,2.2467820525899067,38.5785,2.3440211015737002,0,0,0,1.0
2023-04-25,33.4,0.00012,15.75,40.0,32.9,34.0,33.0,12.315827989765994,33.470000000000006,0.519133894097256,34.333333333333336,1.117695139220437,36.207,2.2610050591616178,38.55225,2.3724406866257937,0,0,0,1.1000000000000014
2023-04-26,34.0,0.000121,15.75,40.0,33.4,34.25,33.4,12.991345394945085,33.45,0.48989794855723073,34.166666666666664,0.9881878118604905,36.116,2.2563389165029903,38.52725,2.393945448743032,0,0,0,0.8500000000000014
2023-04-27,34.1,0.0,15.75,40.0,33.5,35.0,34.0,12.300477870531845,33.49,0.5412947441095103,34.01666666666667,0.8241616493363484,36.027,2.2461125146739414,38.50275,2.414072007165195,0,0,0,1.5
2023-04-28,32.85,0.00012,15.75,40.0,32.0,34.0,34.1,12.484843884164489,33.47,0.567450438364957,33.762499999999996,0.6403567897477586,35.909,2.2551005679197713,38.464,2.4422740453443237,0,0,0,2.0
2023-05-02,32.8,0.0,15.75,40.0,32.05,34.0,32.85,11.427378469795439,33.42999999999999,0.6140032573208276,33.579166666666666,0.564260712356692,35.791,2.2604336318691534,38.41825,2.462263826901184,0,0,0,1.9500000000000028
2023-05-03,32.05,0.000273,15.75,40.0,31.05,33.5,32.8,12.841593361555061,33.160000000000004,0.8727829054241442,33.38333333333333,0.6541244437206143,35.657999999999994,2.2813207774882294,38.36475,2.4838210022778493,0,0,0,2.4499999999999993
2023-05-04,31.95,0.000125,15.75,40.0,31.5,32.25,32.05,12.760535178224796,32.75,0.8609587678865012,33.22083333333333,0.7493810577342415,35.524,2.29869616992683,38.3125,2.508301543508197,0,0,0,0.75
2023-05-05,31.6,0.000308,15.75,40.0,31.1,32.1,31.95,11.820417517632333,32.25,0.551135192126829,33.05833333333334,0.8727785654083463,35.385,2.3219944365284286,38.260999999999996,2.5398144196834456,0,0,0,1.0
2023-05-08,31.2,0.000127,15.75,40.0,30.6,32.0,31.6,12.359656021613945,31.919999999999998,0.5943483826853581,32.81666666666667,0.9556847457854598,35.239000000000004,2.3514496180284543,38.2125,2.581441058730241,0,0,0,1.3999999999999986
2023-05-09,30.25,0.0002189999999999,15.75,40.0,29.7,31.5,31.2,12.67420264562853,31.410000000000004,0.7292119033591962,32.5125,1.1421918721129045,35.074,2.4067557976229166,38.16125,2.6369496496470513,0,0,0,1.8000000000000007
2023-05-10,29.45,0.0001919999999999,15.75,40.0,29.0,30.0,30.25,13.597604516916311,30.889999999999997,1.0255486336594606,32.22083333333333,1.4307433435612593,34.894,2.4844134527259056,38.10625,2.7028643725837918,0,0,0,1.0
2023-05-11,29.2,0.000392,15.75,40.0,28.5,29.5,29.45,12.112316757188815,30.339999999999996,1.0520218628910876,31.904166666666665,1.6468231584310025,34.71,2.5590176686719674,38.0525,2.7720189746788857,0,0,0,1.0
2023-05-12,28.5,0.000986,15.75,40.0,28.05,29.0,29.2,12.013100572810686,29.72,1.0371836867213482,31.495833333333334,1.8385342894072536,34.514,2.652050419689523,38.00125,2.8526388977409014,0,0,0,0.9499999999999993
2023-05-15,29.0,0.000189,15.75,40.0,28.1,30.0,28.5,13.395288601181125,29.28,0.6447867864658262,31.079166666666666,1.7852244999282767,34.328,2.706665242452026,37.95125,2.921843903510647,0,0,0,1.8999999999999986
2023-05-16,31.2,0.001,15.75,40.0,29.5,31.9,29.0,10.712215345197256,29.47,1.0281050529984328,30.837499999999995,1.5149444934301466,34.187000000000005,2.6816993165703438,37.913,2.9598453375320966,0,0,0,2.3999999999999986
2023-05-17,31.55,0.000839,15.75,40.0,31.2,32.0,31.2,14.62501798471776,29.889999999999997,1.3849187701814405,30.729166666666668,1.4000744027821426,34.052,2.6399976808902954,37.87825,2.9935255827490126,0,0,0,0.8000000000000007
2023-05-18,31.0,0.000419,15.75,40.0,30.0,31.5,31.55,12.582798715298532,30.25,1.3946325680984366,30.579166666666666,1.2459859792944747,33.907000000000004,2.6035691749949215,37.839,3.03193703942797,0,0,0,1.5
2023-05-19,30.85,0.000101,15.75,40.0,30.5,30.95,31.0,11.25416768929685,30.720000000000006,0.996619285384745,30.479166666666668,1.1625712751006976,33.759,2.561641892161678,37.795,3.06914863876518,0,0,0,0.4499999999999993
2023-05-22,29.95,3.3e-05,15.75,40.0,29.0,30.5,30.85,11.770671388994348,30.910000000000004,0.5972855263613739,30.3125,1.072407020759381,33.598,2.5425553593002235,37.749500000000005,3.117522168704148,0,0,0,1.5
2023-05-23,30.05,0.000166,15.75,40.0,29.0,30.5,29.95,10.947309210188068,30.68,0.6741661516279217,30.183333333333334,0.9936922272093908,33.441,2.5136908793125285,37.7045,3.1632754079486483,0,0,0,1.5
2023-05-24,30.5,3.3e-05,15.75,40.0,30.05,31.5,30.05,11.980432229642377,30.47,0.4671723450727992,30.125,0.9480841926515382,33.293,2.4631365850758344,37.65125,3.1944692999057365,0,0,0,1.4499999999999993
2023-05-25,31.0,0.000131,15.75,40.0,30.55,31.5,30.5,14.553679382160249,30.47,0.4671723450727992,30.1875,0.9812156189651746,33.164,2.409294079017352,37.6025,3.2212265134970477,0,0,0,0.9499999999999993
2023-05-26,31.05,0.0,15.75,40.0,31.0,31.3,31.0,11.645715332733134,30.51,0.5140525264997879,30.320833333333336,0.9805977614135003,33.044,2.36072541601101,37.5575,3.24960279752905,0,0,0,0.3000000000000007
2023-05-29,31.85,0.000133,15.75,40.0,31.0,33.0,31.05,11.606424915484219,30.889999999999997,0.6739807118907666,30.541666666666668,1.0033655486584905,32.941,2.296063401315743,37.513000000000005,3.2665590519996894,0,0,0,2.0
2023-05-30,31.85,0.000426,15.75,40.0,31.65,32.8,31.85,11.889997957243736,31.25,0.5884301147976335,30.820833333333336,0.8356974042724115,32.836999999999996,2.22274444260859,37.46925,3.283557627171312,0,0,0,1.1499999999999986
2023-05-31,31.8,0.00044,15.75,40.0,31.7,32.5,31.85,11.2922912626048,31.51,0.44356510232516705,31.05416666666667,0.6517313770806352,32.786,2.216566567225832,37.4195,3.293734687395893,0,0,0,0.8000000000000007
2023-06-02,31.9,0.0002109999999999,15.75,40.0,31.7,32.8,31.8,13.172487889031334,31.689999999999998,0.35951356024595527,31.1125,0.6958072486439006,32.804,2.205393203870456,37.368,3.299132061892826,0,0,0,1.0999999999999979
2023-06-05,31.9,0.0,15.75,40.0,31.8,32.0,31.9,12.48332931179837,31.860000000000003,0.04183300133518711,31.141666666666666,0.7226319738910356,32.842000000000006,2.172212264594207,37.31575,3.3025822754217398,0,0,0,0.1999999999999993
2023-06-06,31.85,2.9e-05,15.75,40.0,31.7,32.0,31.9,12.546113507028412,31.860000000000003,0.04183300133518711,31.212500000000002,0.748673068588079,32.84,2.173096164181425,37.260999999999996,3.301972001013576,0,0,0,0.3000000000000007
2023-06-07,31.8,2.9e-05,15.75,40.0,31.7,31.95,31.85,13.564868617798254,31.85,0.050000000007104056,31.291666666666668,0.7570376877004438,32.777,2.1562725301998196,37.204750000000004,3.2986810121013863,0,0,0,0.25
2023-06-08,31.9,0.000147,15.75,40.0,31.8,31.95,31.8,11.255462171102444,31.869999999999997,0.04472135955792371,31.454166666666666,0.6436608131750083,32.696,2.1102238975909047,37.14925,3.294061496574759,0,0,0,0.14999999999999858
2023-06-09,31.8,6e-05,15.75,40.0,31.7,32.0,31.9,11.088292827848269,31.85,0.050000000007104056,31.599999999999998,0.4719399037168086,32.622,2.0744598510151935,37.0935,3.2897446480306822,0,0,0,0.3000000000000007
2023-06-12,31.55,0.000512,15.75,40.0,31.05,32.0,31.8,12.044735370544808,31.78,0.13509256086370938,31.6875,0.32342274613929434,32.543,2.037505728051176,37.03525,3.284212263000447,0,0,0,0.9499999999999993
2023-06-13,31.0,0.000444,15.75,40.0,30.0,31.5,31.55,13.467088607054267,31.610000000000003,0.36469165057720404,31.6875,0.32342274613929434,32.462999999999994,2.0174951634882614,36.9735,3.2809864538813778,0,0,0,1.5
2023-06-14,31.0,6.6e-05,15.75,40.0,30.0,31.1,31.0,14.753563173009297,31.45,0.43011626335298553,31.683333333333334,0.3325748947215769,32.382999999999996,1.9940116983272445,36.91225,3.2775676478037807,0,0,0,1.1000000000000014
2023-06-15,29.5,6.7e-05,15.75,40.0,29.2,30.5,31.0,14.641701949995273,30.97,0.8927485648270537,31.4875,0.7068254895801117,32.272999999999996,1.9983975723432945,36.84225000000001,3.2856551991863188,0,0,0,1.3000000000000007
2023-06-16,29.45,3.4e-05,15.75,40.0,29.3,30.0,29.5,12.847402710321575,30.5,0.96241882774642,31.287499999999998,0.9063224892598823,32.152,1.9821128697872348,36.77275,3.2943067895413916,0,0,0,0.6999999999999993
2023-06-19,29.5,0.0007719999999999,15.75,40.0,29.35,30.0,29.45,12.448238127319225,30.089999999999996,0.8309632964221818,31.09583333333333,1.0236872598861768,32.018,1.9286179888571973,36.7055,3.3048380478646022,0,0,0,0.6499999999999986
2023-06-20,29.35,0.000125,15.75,40.0,29.2,29.5,29.5,12.446667041257989,29.76,0.6958807369088755,30.883333333333336,1.103163495118577,31.881999999999998,1.8701675140524436,36.643249999999995,3.325584837295649,0,0,0,0.3000000000000007
2023-06-21,29.45,0.000338,15.75,40.0,29.2,30.0,29.35,13.259863633659736,29.45,0.06123724357659823,30.67916666666667,1.1244106200212889,31.750999999999998,1.804062592245511,36.585750000000004,3.350074541659315,0,0,0,0.8000000000000007
2023-06-22,29.5,0.000387,15.75,40.0,29.35,29.95,29.45,12.6494788022162,29.45,0.06123724357659823,30.483333333333334,1.106454890284608,31.622999999999998,1.7291678428008002,36.52675,3.370478089270391,0,0,0,0.5999999999999979
2023-06-23,29.5,2.9e-05,15.75,40.0,29.25,29.5,29.5,12.837878854006087,29.46,0.06519202405861461,30.291666666666668,1.0556844684667301,31.495,1.6407206604779727,36.46925,3.3918083313008656,0,0,0,0.25
2023-06-26,29.3,0.0,15.75,40.0,29.0,29.5,29.5,13.423505949485893,29.419999999999998,0.0908295106276672,30.075000000000003,0.957862203029255,31.381,1.589438676428719,36.4115,3.4150925368394427,0,0,0,0.5
2023-06-27,29.45,5.7e-05,15.75,40.0,29.0,29.5,29.3,12.90196854489889,29.440000000000005,0.08215838363101027,29.879166666666666,0.8004141920154967,31.281999999999996,1.551258869962624,36.35375,3.4347102658817334,0,0,0,0.5
2023-06-29,29.45,2.9e-05,15.75,40.0,29.35,29.5,29.45,11.68940499028055,29.439999999999998,0.08215838363101027,29.704166666666666,0.6084474778690199,31.193,1.525431019719824,36.29675,3.4542562686267737,0,0,0,0.14999999999999858
2023-06-30,29.3,2.9e-05,15.75,40.0,29.05,30.0,29.45,13.621198602793765,29.4,0.09354143467396071,29.5625,0.4588151737117224,31.107999999999997,1.5097425108225295,36.239000000000004,3.474241755965627,0,0,0,0.9499999999999993
2023-07-03,29.3,0.000143,15.75,40.0,29.05,29.45,29.3,12.00762780434872,29.360000000000003,0.08215838363104293,29.420833333333334,0.08382431117036554,31.011999999999997,1.4676289360334607,36.172,3.478222413213332,0,0,0,0.3999999999999986
2023-07-04,29.45,2.8000000000000003e-05,15.75,40.0,29.2,29.5,29.3,14.257565357017675,29.389999999999997,0.08215838363102995,29.416666666666668,0.08071648844455623,30.923,1.4231758822583815,36.108000000000004,3.483581158584212,0,0,0,0.3000000000000007
2023-07-05,29.3,5.6000000000000006e-05,15.75,40.0,29.2,29.5,29.45,12.871594229002753,29.360000000000003,0.08215838363104293,29.40416666666667,0.08649312456907728,30.85,1.4106374300963687,36.040749999999996,3.484538993538195,0,0,0,0.3000000000000007
2023-07-06,29.15,8.5e-05,15.75,40.0,29.0,29.4,29.3,14.251764132678746,29.3,0.10606601718208244,29.375,0.10766108434598572,30.773000000000003,1.3958835253457833,35.974250000000005,3.488516615754141,0,0,0,0.3999999999999986
2023-07-07,29.15,0.000588,15.75,40.0,28.85,29.5,29.15,15.32001030998046,29.27,0.12549900398358466,29.35833333333333,0.12583057388793908,30.688000000000002,1.3616301754511573,35.911,3.497027309015586,0,0,0,0.6499999999999986
2023-07-10,29.05,0.000344,15.75,40.0,28.85,29.15,29.15,12.639804459346648,29.22,0.15652475842777963,29.325,0.14999999997205127,30.589000000000002,1.2941899207711807,35.85175,3.5124272466938584,0,0,0,0.29999999999999716
2023-07-11,29.0,7.7e-05,15.75,40.0,28.95,29.05,29.05,12.982183647768226,29.130000000000003,0.11510864433603685,29.28333333333333,0.1656026642775818,30.487000000000002,1.2100687280216589,35.795,3.5310254464558066,0,0,0,0.10000000000000142
2023-07-12,29.1,0.0,15.75,40.0,28.95,29.5,29.0,14.569000438251415,29.089999999999996,0.06519202405879557,29.25,0.15811388298176557,30.412,1.176364166857608,35.74525,3.55494770756455,0,0,0,0.5500000000000007
2023-07-13,29.85,0.000152,15.75,40.0,29.1,30.0,29.1,13.545538729221672,29.23,0.3510697936320844,29.29583333333333,0.23496453631331657,30.353,1.1270971383110973,35.69725,3.569455138734491,0,0,0,0.8999999999999986
2023-07-14,30.15,0.000103,15.75,40.0,30.0,31.95,29.85,14.278301362216219,29.43,0.5322123636302158,29.354166666666668,0.34009245622258555,30.315,1.100428951616789,35.6525,3.582659065540621,0,0,0,1.9499999999999993
2023-07-17,31.6,5.2e-05,15.75,40.0,31.5,32.0,30.15,11.946660519211651,29.939999999999998,1.0484512387330327,29.53333333333333,0.733712023429541,30.308000000000003,1.0908880486554453,35.6155,3.5861241167736284,0,0,0,0.5
2023-07-18,31.2,0.000389,15.75,40.0,30.55,31.6,31.6,13.239080956774805,30.380000000000003,1.016489055524358,29.691666666666666,0.870953848405549,30.3,1.082655465579086,35.576499999999996,3.5915412559186555,1,0,0,1.0500000000000007
2023-07-19,30.25,0.000216,15.75,40.0,29.9,31.0,31.2,12.410241306879119,30.610000000000003,0.7494998332226541,29.770833333333332,0.8752813400469021,30.281,1.0748464532037127,35.532,3.602163085490899,1,0,0,1.1000000000000014
2023-07-20,29.7,5.500000000000001e-05,15.75,40.0,29.4,30.45,30.25,13.496958196981975,30.580000000000002,0.7894618420169458,29.791666666666668,0.8699094345012661,30.27,1.0779799702832848,35.478,3.608259787413915,1,0,0,1.0500000000000007
2023-07-21,29.55,2.8000000000000003e-05,15.75,40.0,29.45,29.75,29.7,13.119962497597557,30.46,0.9078821509429499,29.8125,0.8600013213473414,30.272,1.0765193345019126,35.421749999999996,3.6125638437440277,1,0,0,0.3000000000000007
2023-07-24,29.45,8.3e-05,15.75,40.0,29.1,29.55,29.55,13.381338829404497,30.03,0.7233602145548427,29.837500000000002,0.8431879441042927,30.276999999999997,1.0720098423271287,35.36225,3.6124314168170795,0,0,0,0.4499999999999993
2023-07-25,29.0,0.000588,15.75,40.0,28.9,30.0,29.45,13.837468703597974,29.590000000000003,0.4519402615400186,29.825000000000003,0.8553308769609668,30.287,1.0573267214649322,35.30125,3.61636230473338,0,0,0,1.1000000000000014
2023-07-26,28.7,0.000387,15.75,40.0,28.5,29.0,29.0,13.514001329474464,29.28,0.41623310776640904,29.795833333333334,0.8894478198490989,30.281,1.0655979446288615,35.2375,3.6198043687943664,0,0,0,0.5
2023-07-27,28.65,0.000681,15.75,40.0,28.5,29.0,28.7,12.71949788735918,29.07,0.41623310776642797,29.766666666666666,0.9230220457614063,30.23,1.0816182132291918,35.1735,3.622566450521413,0,0,0,0.5
2023-07-28,28.55,0.0003769999999999,15.75,40.0,28.5,28.7,28.65,12.768829210343865,28.869999999999997,0.36503424497012976,29.72083333333333,0.9715166992705507,30.17,1.0900758258616265,35.119,3.6398566982672156,0,0,0,0.1999999999999993
2023-07-31,28.5,0.000181,15.75,40.0,28.4,28.5,28.55,13.221305136851795,28.68,0.1955760721584491,29.608333333333334,1.0315111010100355,30.12,1.1084094137893745,35.0655,3.658161488697304,0,0,0,0.10000000000000142
2023-08-01,28.5,0.000266,15.75,40.0,28.4,29.0,28.5,14.237308883226511,28.580000000000002,0.09082951062806711,29.47083333333333,1.062257102356514,30.073,1.126499454244722,35.010999999999996,3.6744197914801813,0,0,0,0.6000000000000014
2023-08-02,28.6,0.000259,15.75,40.0,28.5,29.0,28.5,13.187591036032105,28.560000000000002,0.06519202405920363,29.220833333333335,0.8467741819062967,30.046,1.1455254564757933,34.956,3.6876868319931195,0,0,0,0.5
2023-08-03,29.0,5.9e-05,15.75,40.0,28.8,30.5,28.6,11.980432229642377,28.630000000000003,0.21095023109949548,29.037499999999998,0.5733176971013892,30.025,1.1550355591334207,34.90525,3.6995021989588954,0,0,0,1.6999999999999993
2023-08-04,29.4,0.0,15.75,40.0,29.0,30.5,29.0,11.06977406588073,28.8,0.39370039370175575,28.966666666666665,0.4489043901618356,30.003,1.1562787779123236,34.856500000000004,3.7075175226700874,0,0,0,1.5
2023-08-07,30.0,3e-05,15.75,40.0,29.6,30.5,29.4,11.700242855114809,29.1,0.6164414002976242,28.991666666666664,0.4990141796648508,29.983,1.1472953999295052,34.81175,3.711871412700519,0,0,0,0.8999999999999986
2023-08-08,29.85,0.0002089999999999,15.75,40.0,29.6,30.5,30.0,12.910409487665515,29.369999999999997,0.5826662852790407,29.016666666666666,0.5356955263590915,29.959,1.1370248503043443,34.767,3.7174937523816,0,0,0,0.8999999999999986
2023-08-09,29.25,3e-05,15.75,40.0,29.0,29.8,29.85,12.377084656489986,29.5,0.41683330001436736,29.0,0.523970852755086,29.906999999999996,1.1078573731258134,34.7225,3.730041527784409,0,0,0,0.8000000000000007
2023-08-10,29.0,0.0001219999999999,15.75,40.0,28.9,29.45,29.25,12.021554678392043,29.5,0.41683330001436736,29.0,0.523970852755086,29.85,1.0787842741761013,34.67775,3.7447843041924207,0,0,0,0.5500000000000007
2023-08-11,28.9,6.2e-05,15.75,40.0,28.75,30.0,29.0,12.275136847806356,29.4,0.4987484335823769,29.016666666666666,0.5166911040081337,29.792,1.0493613217948656,34.63275,3.7599135210707915,0,0,0,1.25
2023-08-14,28.5,9.3e-05,15.75,40.0,28.25,29.0,28.9,12.720096150618835,29.1,0.4987484335823983,29.004166666666666,0.528057475054692,29.724,1.0197158467773704,34.5925,3.7823072310365102,0,0,0,0.75
2023-08-15,28.1,0.0,15.75,40.0,27.9,28.8,28.5,12.681688621055791,28.75,0.4527692569078874,28.96666666666667,0.5769564869816494,29.647999999999996,0.9955492792185586,34.54600000000001,3.8047192330331545,0,0,0,0.9000000000000021
2023-08-16,27.75,0.000566,15.75,40.0,27.0,28.0,28.1,13.157732451741687,28.45,0.529150262213808,28.90416666666667,0.6658754774779848,29.566,0.9791937541513165,34.49625,3.8282503761134032,0,0,0,1.0
2023-08-17,27.65,0.000633,15.75,40.0,27.5,28.0,27.75,12.447452892827501,28.18,0.5227332015483245,28.833333333333332,0.7523699927907471,29.483,0.961695462852467,34.446,3.8518720893827982,0,0,0,0.5
2023-08-18,27.5,3.1e-05,15.75,40.0,27.5,27.65,27.65,12.513561021741964,27.9,0.4015594601064472,28.741666666666664,0.8447251659870784,29.395,0.9370083745000887,34.395,3.8760215058187226,0,0,0,0.14999999999999858
2023-08-21,27.0,3.1e-05,15.75,40.0,26.55,27.5,27.5,12.822341481534535,27.6,0.40155946010647375,28.575,0.9761939077077576,29.299,0.9314510295307779,34.3415,3.9039186279004015,0,0,0,0.9499999999999993
2023-08-22,26.95,3.1e-05,15.75,40.0,26.75,27.0,27.0,11.700242855114809,27.369999999999997,0.3718198488529351,28.370833333333334,1.0419514762113251,29.207000000000004,0.9317533395272066,34.288,3.9315699422821817,0,0,0,0.25
2023-08-23,26.9,0.00022,15.75,40.0,26.75,27.0,26.95,12.337105293891872,27.2,0.34820970693108566,28.1125,0.9839911769698807,29.125,0.9509527982479689,34.234,3.9585470153028712,0,0,0,0.25
2023-08-24,25.15,0.000129,15.75,40.0,24.85,26.5,26.9,13.480878028044456,26.7,0.8993052874308448,27.72083333333333,1.1507820134217226,29.008000000000003,1.0682027629916673,34.17175,4.00299064551014,0,0,0,1.6499999999999986
2023-08-25,23.8,0.000159,15.75,40.0,23.0,25.0,25.15,13.022545252064427,25.959999999999997,1.4376195602457322,27.266666666666666,1.511371041218164,28.894000000000002,1.2947555123422434,34.1045,4.063538046738082,0,0,1,2.0
2023-08-28,23.8,3.2e-05,15.75,40.0,23.5,25.0,23.8,13.115743514381114,25.32,1.5654871446298064,26.833333333333332,1.7025827083516634,28.781,1.4787229045961927,34.03775,4.122479426340968,0,0,1,1.5
2023-08-29,23.75,0.0,15.75,40.0,23.6,24.5,23.8,14.021468071723648,24.68,1.3750454537946144,26.40416666666667,1.7815287527737684,28.666,1.6368037544611935,33.9715,4.180691168122521,0,0,0,0.8999999999999986
2023-08-30,23.75,3.2e-05,15.75,40.0,23.65,24.0,23.75,13.253217940515357,24.05,0.6154266812556054,26.008333333333336,1.8011149745379635,28.554000000000002,1.7748193354466935,33.9065,4.237942725275456,0,0,0,0.3500000000000014
2023-08-31,23.6,6.500000000000001e-05,15.75,40.0,23.4,23.8,23.75,13.780505984390441,23.74,0.08215838363377626,25.63333333333333,1.7944780620394998,28.437,1.9027587383408928,33.842,4.296040715489943,0,0,0,0.40000000000000213
2023-09-01,23.45,0.000195,15.75,40.0,23.35,23.8,23.6,12.535020214140818,23.669999999999998,0.14404860291346408,25.275000000000002,1.762423434826513,28.316,2.0223859418927246,33.77675,4.354178024477854,0,0,0,0.4499999999999993
2023-09-04,23.45,0.0,15.75,40.0,23.3,23.75,23.45,12.354065835437861,23.6,0.15000000000442243,24.925,1.6620770138561938,28.195,2.1283137427929386,33.71025,4.409749071303374,0,0,0,0.4499999999999993
2023-09-05,23.3,0.0,15.75,40.0,23.25,23.5,23.45,12.53897064502647,23.509999999999998,0.1710263137687714,24.575000000000003,1.5053691785157834,28.075,2.231391302049771,33.64149999999999,4.464266583735223,0,0,0,0.25
2023-09-06,23.35,0.0,15.75,40.0,23.25,25.0,23.3,11.929666757272708,23.43,0.11510864433803802,24.270833333333332,1.3292954957947691,27.953000000000003,2.319689678402675,33.57,4.513981629421578,0,0,0,1.75
2023-09-07,23.4,9.9e-05,15.75,40.0,23.3,23.45,23.35,12.54895642705646,23.39,0.06519202406233733,23.975000000000005,1.0430505958212772,27.831999999999997,2.3965272494067693,33.48925,4.550771312115962,0,0,0,0.14999999999999858
2023-09-08,23.35,0.0001639999999999,15.75,40.0,23.3,23.4,23.4,12.560598782435825,23.37,0.05700877126676391,23.679166666666664,0.5002082899370409,27.713,2.4687807864277733,33.40875,4.587054203826897,0,0,0,0.09999999999999787
2023-09-11,23.45,0.000161,15.75,40.0,23.3,25.0,23.35,12.583484584029573,23.369999999999997,0.05700877126676391,23.537499999999998,0.19084143819877858,27.596000000000004,2.5298995704851803,33.332,4.624658183756366,0,0,0,1.6999999999999993
2023-09-12,23.1,0.000254,15.75,40.0,22.8,25.0,23.45,14.044477917936081,23.330000000000002,0.13509256086605864,23.479166666666668,0.2093912532986675,27.469,2.5935140844284814,33.2535,4.664453169111683,0,0,0,2.1999999999999993
2023-09-13,23.05,3.3e-05,15.75,40.0,22.9,23.45,23.1,12.28442623513897,23.27,0.18234582529182022,23.416666666666668,0.21672493386306646,27.344,2.653389053530269,33.17475,4.703134305864213,0,0,0,0.5500000000000007
2023-09-14,22.65,0.000131,15.75,40.0,22.1,23.1,23.05,13.126357390703754,23.12,0.3114482300501454,23.325,0.284844455140984,27.214000000000002,2.7214574426677056,33.10075,4.751710819913425,0,0,0,1.0
2023-09-15,22.3,0.000161,15.75,40.0,22.25,22.5,22.65,12.999971989585537,22.91,0.44356510232589985,23.204166666666666,0.379867401091976,27.076999999999998,2.793472895220774,33.02475,4.802281695707423,0,0,0,0.25
2023-09-18,22.4,9.5e-05,15.75,40.0,22.3,22.8,22.3,12.498745990829315,22.7,0.3657184709601159,23.104166666666668,0.42182414114021194,26.944000000000003,2.8552429397346577,32.94875,4.849554291026137,0,0,0,0.5
2023-09-19,22.35,0.000128,15.75,40.0,22.25,22.6,22.4,12.12541016250223,22.55,0.31024184115205655,23.0125,0.4578234077843665,26.811,2.9118387836636006,32.87175,4.894984043018837,0,0,0,0.3500000000000014
2023-09-20,22.35,0.00026,15.75,40.0,22.25,22.35,22.35,12.15688765342645,22.410000000000004,0.1387443692602716,22.920833333333334,0.47216057231472663,26.676,2.9596304237023765,32.79375,4.937760711264832,0,0,0,0.10000000000000142
2023-09-21,22.3,3.3e-05,15.75,40.0,22.25,22.35,22.35,11.599112335481124,22.34,0.041833001343889134,22.837500000000002,0.48716480316465904,26.525,2.9868632444126284,32.71525,4.979200954796188,0,0,0,0.10000000000000142
2023-09-22,22.35,3.3e-05,15.75,40.0,22.25,22.35,22.3,11.693587311874056,22.35,0.035355339079646844,22.754166666666666,0.47694974640304316,26.369,2.997343892210256,32.637,5.018549110637605,0,0,0,0.10000000000000142
2023-09-25,22.25,3.3e-05,15.75,40.0,22.25,22.35,22.35,13.196915964987674,22.32,0.04472135956609515,22.658333333333335,0.4501683186757216,26.182,2.9557063453609413,32.5595,5.058714035053211,0,0,0,0.10000000000000142
2023-09-26,22.05,3.3e-05,15.75,40.0,21.9,22.9,22.25,12.558492047480835,22.26,0.12449899598569605,22.55,0.42426406869748834,25.999000000000002,2.9217427354666086,32.482,5.100433620348377,0,0,0,1.0
2023-09-27,21.95,0.000134,15.75,40.0,21.5,22.2,22.05,12.312237337751334,22.18,0.1717556403774123,22.425,0.3493500458467529,25.833000000000002,2.9110558081861657,32.404500000000006,5.142155537111007,0,0,0,0.6999999999999993
2023-09-28,20.9,6.8e-05,15.75,40.0,20.4,22.0,21.95,12.77818431937951,21.9,0.5809475019323904,22.241666666666664,0.5053501636156398,25.657000000000004,2.9383809577841253,32.3215,5.1932128832018325,0,0,0,1.6000000000000014
2023-09-29,20.85,0.0,15.75,40.0,20.25,21.9,20.9,14.161367902080803,21.6,0.6708203932510657,22.058333333333334,0.5791189755708626,25.483,2.9606537129780066,32.23775,5.242488039253004,0,0,0,1.6499999999999986
2023-10-02,21.0,3.4e-05,15.75,40.0,20.8,22.0,20.85,12.509877789891931,21.35,0.5968668193169557,21.920833333333334,0.6202852471775905,25.314,2.9707423658218644,32.15825,5.291758495754435,0,0,0,1.1999999999999993
2023-10-03,21.0,3.4e-05,15.75,40.0,20.8,22.0,20.85,12.509877789891931,21.139999999999997,0.45743852046101274,21.8125,0.6602771456579593,25.154,2.9835747631581575,32.0795,5.340054838519385,0,0,0,1.1999999999999993
2023-10-04,20.95,3.4e-05,15.75,40.0,20.85,20.95,20.95,12.934106642233319,20.94,0.0651920240641486,21.691666666666666,0.6754908428506788,24.999000000000002,2.996877456587655,32.0005,5.387275604813014,0,0,0,0.09999999999999787
2023-10-05,20.95,0.000102,15.75,40.0,20.85,21.0,20.95,11.837187748284698,20.95,0.06123724358247576,21.575,0.6723432564788818,24.845,3.0032677780954207,31.9195,5.4310705562473665,0,0,0,0.14999999999999858
2023-10-06,20.95,0.000345,15.75,40.0,20.4,21.0,20.95,14.333649970652402,20.97,0.02738612790405906,21.458333333333332,0.6466112128575907,24.692999999999998,3.004248861944909,31.837999999999997,5.472818259223935,0,0,0,0.6000000000000014
2023-10-09,20.95,0.0,15.75,40.0,20.9,21.0,20.95,11.458479838780507,20.96,0.02236067981029465,21.34583333333333,0.602818506270493,24.541999999999998,2.9987303435749153,31.75325,5.509589806572345,0,0,0,0.10000000000000142
2023-10-11,20.95,7.099999999999999e-05,15.75,40.0,20.85,21.0,20.95,12.665713390084107,20.95,1.2567848764215954e-06,21.229166666666668,0.5206893740315736,24.391,2.9854184747528034,31.664,5.53936157270568,0,0,0,0.14999999999999858
2023-10-12,20.9,7.2e-05,15.75,40.0,20.85,21.0,20.95,12.631343648903034,20.939999999999998,0.022360679810339734,21.116666666666667,0.4152399817107491,24.237000000000002,2.962379938152235,31.5785,5.572941425374558,0,0,0,0.14999999999999858
2023-10-13,20.9,3.6e-05,15.75,40.0,20.5,21.0,20.9,12.025755079404917,20.93,0.027386127904133327,21.020833333333332,0.29577197398148475,24.075,2.9177369270580105,31.49275,5.604716690736443,0,0,0,0.5
2023-10-16,20.65,0.0,15.75,40.0,20.4,20.95,20.9,12.169932382913561,20.869999999999997,0.1254990039864353,20.912499999999998,0.09323723400530719,23.9,2.853533434398881,31.406,5.6376662194575395,0,0,0,0.5500000000000007
2023-10-17,20.4,0.000108,15.75,40.0,20.35,20.75,20.65,13.036589779504542,20.759999999999998,0.2329162939804709,20.870833333333334,0.17510819162629815,23.708,2.756020496948397,31.317749999999997,5.671184541878606,0,0,0,0.3999999999999986
2023-10-18,20.05,0.0,15.75,40.0,19.9,20.5,20.4,13.06112819423324,20.58,0.36159369463751995,20.804166666666667,0.29500256801971786,23.512000000000004,2.656999996161039,31.22775,5.706526056689928,0,0,0,0.6000000000000014
2023-10-19,19.9,0.0,15.75,40.0,19.8,20.0,20.05,12.80271167900945,20.380000000000003,0.41321907022985976,20.7125,0.3856075489469048,23.325,2.5726038980640844,31.136750000000003,5.741393991211045,0,0,0,0.1999999999999993
2023-10-23,19.9,0.000145,15.75,40.0,19.8,20.0,19.9,12.439566447718878,20.18,0.3327912258483502,20.620833333333334,0.4382083010830776,23.143,2.4832707612093863,31.0445,5.773048170237468,0,0,0,0.1999999999999993
2023-10-24,19.85,0.000441,15.75,40.0,19.75,20.0,19.9,11.0186455364637,20.020000000000003,0.22527760652506437,20.529166666666665,0.47647299518237207,22.962,2.3828802671043,30.95275,5.804486649465386,0,0,0,0.25
2023-10-25,19.5,0.000385,15.75,40.0,19.0,19.9,19.85,12.641746829842827,19.84,0.20432816742113105,20.40833333333333,0.5397109214888559,22.781999999999996,2.2942866038087635,30.858500000000003,5.836719043776456,0,0,0,0.8999999999999986
2023-10-26,19.15,4e-05,15.75,40.0,18.95,19.55,19.5,12.448630513463613,19.66,0.3305298776233308,20.258333333333333,0.6196895605878239,22.603,2.2188066750469138,30.758249999999997,5.864846679185624,0,0,0,0.6000000000000014
2023-10-27,18.85,4e-05,15.75,40.0,18.5,19.0,19.15,12.629708330910852,19.45,0.4513867521335913,20.083333333333332,0.698157748943971,22.425,2.153503315674382,30.657250000000005,5.89519094848491,0,0,0,0.5
2023-10-30,18.05,0.0,15.75,40.0,17.8,18.9,18.85,13.11895959109068,19.080000000000002,0.6870225614939771,19.841666666666665,0.8551537164592111,22.232999999999997,2.1055710844911206,30.55225,5.931858237369145,0,0,0,1.0999999999999979
2023-10-31,17.5,4e-05,15.75,40.0,17.05,18.0,18.05,15.358466942845808,18.61,0.819603562706866,19.558333333333334,1.0199896018414771,22.032999999999998,2.069694101426063,30.445,5.9730298364514045,0,0,0,0.9499999999999993
2023-11-01,17.2,0.00012,15.75,40.0,16.6,17.95,17.5,12.831478849227416,18.15,0.8403868156996691,19.25,1.130768041475404,21.837,2.0536878227904807,30.3365,6.015611411425225,0,0,0,1.3499999999999979
2023-11-02,16.5,0.0001629999999999,15.75,40.0,16.3,17.0,17.2,11.92371636583374,17.62,0.8864254057741587,18.904166666666665,1.287431963480635,21.627999999999997,2.05446651300765,30.2255,6.0651260100340085,0,0,0,0.6999999999999993
2023-11-03,16.35,0.000372,15.75,40.0,16.0,16.75,16.5,13.851071698427019,17.119999999999997,0.7058682596645993,18.566666666666666,1.3866790500559674,21.417,2.0436963810624715,30.11475,6.11529673920619,0,0,0,0.75
2023-11-06,16.0,0.000258,15.75,40.0,15.55,17.0,16.35,15.625568419118386,16.71,0.6208864630526023,18.229166666666668,1.482390319919549,21.234,2.11115695140795,30.00225,6.167004309082685,0,0,0,1.4499999999999993
2023-11-07,15.75,4.2e-05,15.75,40.0,15.0,16.0,16.0,13.839813826477393,16.36,0.5538501602437295,17.883333333333336,1.5401200268013542,21.073,2.2158337906449295,29.88975,6.220781546780683,0,0,0,1.0
2023-11-08,15.95,0.000375,15.75,40.0,15.75,16.0,15.75,12.381709408795407,16.11,0.3070016286634801,17.554166666666667,1.4912560802740757,20.916,2.2953466680524404,29.7775,6.268810387014828,0,0,0,0.25
2023-11-09,15.85,0.000683,15.75,40.0,15.8,16.5,15.95,14.34437313349138,15.979999999999999,0.22803508502430503,17.220833333333335,1.3738562736292892,20.758000000000003,2.367064831891224,29.664749999999998,6.315564242091378,0,0,0,0.6999999999999993
2023-11-10,16.05,0.00015,15.75,40.0,15.95,17.2,15.85,13.582444187918435,15.919999999999998,0.12041594579642557,16.933333333333334,1.2040336248133965,20.604,2.418357513113688,29.553,6.357816065728194,0,0,0,1.25
2023-11-14,16.95,0.000148,15.75,40.0,16.05,17.0,16.05,12.277932735946903,16.11,0.4827007354479886,16.75,0.9830379628212943,20.471,2.4330439908134553,29.445,6.387605775068768,0,0,0,0.9499999999999993
2023-11-15,18.45,0.00015,15.75,40.0,16.8,18.6,16.95,13.096432047920874,16.65,1.0977249200059076,16.71666666666667,0.909378742303711,20.371,2.4107558726590357,29.344499999999996,6.401738516227778,0,0,0,1.8000000000000007
2023-11-16,19.1,0.0,15.75,40.0,18.3,20.0,18.45,14.133164696766785,17.28,1.4446452851831553,16.804166666666667,1.083231347173533,20.284000000000002,2.375608192805228,29.24775,6.409649010648088,0,0,0,1.6999999999999993
2023-11-17,19.35,3.7000000000000005e-05,15.75,40.0,19.0,20.0,19.1,12.554265215639417,17.98,1.4263590010939944,16.958333333333332,1.3010194138197344,20.205,2.3386558585005313,29.151999999999997,6.413774514090084,0,0,0,1.0
2023-11-20,20.25,3.7000000000000005e-05,15.75,40.0,19.95,21.2,19.35,12.675141462975478,18.82,1.228617108786046,17.212500000000002,1.6130328576890443,20.143,2.2942476869310937,29.061749999999996,6.411396451616652,0,0,0,1.25
2023-11-21,20.45,3.7000000000000005e-05,15.75,40.0,20.0,21.0,20.25,12.428419879868164,19.520000000000003,0.8288546314051214,17.541666666666668,1.8412981257426708,20.084,2.2462085969993058,28.973500000000005,6.407835008604004,0,0,0,1.0
2023-11-22,20.75,0.000186,15.75,40.0,20.4,21.0,20.45,12.832013750189885,19.98,0.7172865536183418,17.90833333333333,2.0125552881507867,20.031999999999996,2.198648935793584,28.886750000000003,6.401098126385954,0,0,0,0.6000000000000014
2023-11-23,20.35,7.3e-05,15.75,40.0,20.0,22.0,20.75,14.793498653708363,20.23,0.5263078946792045,18.270833333333332,2.029269722349825,19.97,2.143309476070411,28.7985,6.396491088183407,1,0,0,2.0
2023-11-24,19.9,7.400000000000001e-05,15.75,40.0,19.5,20.2,20.35,12.380450232382136,20.34,0.3090307428099146,18.616666666666664,1.9107748705815513,19.906,2.095175215508867,28.707000000000004,6.392216215109379,1,0,0,0.6999999999999993
2023-11-27,19.7,0.000182,15.75,40.0,19.5,20.2,19.9,13.937109415215664,20.23,0.4251470333915756,18.929166666666667,1.7334225647153418,19.839000000000002,2.045559900401753,28.613000000000003,6.385710020218218,1,0,0,0.6999999999999993
2023-12-01,19.0,0.000446,15.75,40.0,18.9,19.7,19.7,13.890989946439452,19.939999999999998,0.6646427611895616,19.191666666666666,1.4380911169295723,19.766,2.0079799982765247,28.515500000000003,6.382859014264982,1,0,0,0.8000000000000007
2023-12-04,19.1,0.00032,15.75,40.0,19.0,19.5,19.0,11.470028402317833,19.61,0.563914887196388,19.445833333333333,1.0493414240504662,19.702,1.9763127902503654,28.418499999999998,6.377770971336141,0,0,0,0.5
2023-12-05,19.25,0.000207,15.75,40.0,19.0,19.5,19.1,11.913049669142206,19.39,0.391152144314377,19.6375,0.7058602102042493,19.639,1.9383953494118509,28.322,6.369710121754348,0,0,0,0.5
2023-12-06,19.25,0.000135,15.75,40.0,19.1,19.5,19.25,12.245778817752209,19.259999999999998,0.2678619047228393,19.704166666666666,0.6155036124635558,19.577,1.8990924255616402,28.225499999999997,6.360167719257833,0,0,0,0.3999999999999986
2023-12-07,19.3,3.4e-05,15.75,40.0,19.1,19.5,19.25,12.149507585033072,19.18,0.12549900398710404,19.720833333333335,0.6001735859893649,19.516,1.856715335409276,28.128249999999998,6.347120934588805,0,0,0,0.3999999999999986
2023-12-08,19.3,0.0,15.75,40.0,19.25,19.45,19.3,14.392405343339801,19.240000000000002,0.08215838363642163,19.716666666666665,0.6031483057871228,19.456000000000003,1.812868963152143,28.03125,6.3329707507736686,0,0,0,0.1999999999999993
2023-12-11,19.3,3.4e-05,15.75,40.0,19.05,19.35,19.3,11.913719681428494,19.28,0.02738612790713078,19.6375,0.5889609494575598,19.395,1.7641628065948423,27.934250000000002,6.31729216826324,0,0,0,0.3000000000000007
2023-12-13,19.25,3.4e-05,15.75,40.0,19.2,19.5,19.3,13.341661143156038,19.28,0.02738612790713078,19.5375,0.5381470734967936,19.335,1.7154237294143733,27.837249999999997,6.300847429445493,0,0,0,0.3000000000000007
2023-12-14,19.1,3.5e-05,15.75,40.0,19.0,19.35,19.25,11.982310152711182,19.25,0.08660254038854036,19.400000000000002,0.3908033683492002,19.276,1.6702755485765304,27.74,6.284750627691244,0,0,0,0.3500000000000014
2023-12-15,19.1,0.000208,15.75,40.0,19.0,19.5,19.1,11.946660519211651,19.21,0.10246950766814963,19.29583333333333,0.2588947955005282,19.219,1.6251809946327533,27.643,6.267532273871777,0,0,0,0.5
2023-12-18,19.3,0.000177,15.75,40.0,19.0,20.5,19.1,12.740227025427723,19.21,0.10246950766814963,19.245833333333334,0.17640131583448992,19.187,1.6070574580514478,27.547000000000004,6.247410800367379,1,0,0,1.5
2023-12-19,19.65,0.0002529999999999,15.75,40.0,19.4,19.8,19.3,10.626217806887722,19.28,0.22527760652524936,19.241666666666667,0.16491503777000552,19.163,1.5905912775613662,27.452999999999996,6.223927810228761,1,0,0,0.40000000000000213
2023-12-20,21.2,0.0,15.75,40.0,20.0,21.6,19.65,12.040614105490253,19.669999999999998,0.8843076387783277,19.425,0.5778093425598613,19.167,1.595548974686031,27.366999999999997,6.190648726772969,1,0,0,1.6000000000000014
2023-12-21,21.95,3.7000000000000005e-05,15.75,40.0,21.5,23.3,21.2,13.135084124533693,20.240000000000002,1.262636131275213,19.662499999999998,0.9177851303221861,19.186,1.6232381343554372,27.28525,6.153390611491547,1,0,0,1.8000000000000007
2023-12-22,21.85,0.0,15.75,40.0,21.65,22.3,21.95,13.943024758544537,20.79,1.2406651441874144,19.879166666666666,1.1003012672781844,19.203999999999997,1.647999405590219,27.202999999999996,6.115243002933655,1,0,0,0.6500000000000021
2023-12-27,21.65,3.7000000000000005e-05,15.75,40.0,21.5,22.0,21.85,10.825780236605917,21.259999999999998,0.9449867723950021,20.079166666666666,1.1900073210819533,19.218,1.6660095303183067,27.12,6.077086464705101,1,0,0,0.5
2023-12-28,22.0,7.400000000000001e-05,15.75,40.0,21.6,22.2,21.65,14.156899971147624,21.73,0.32519225083243725,20.304166666666664,1.281061054059792,19.238999999999997,1.6946581739513105,27.038500000000003,6.035555683784616,1,0,0,0.5999999999999979
2023-12-29,21.9,0.000146,15.75,40.0,21.75,22.0,22.0,12.40779233605911,21.869999999999997,0.1350925608664308,20.520833333333332,1.3152010446563982,19.258000000000003,1.7193781505239525,26.956750000000003,5.993517598499407,1,0,0,0.25
2024-01-02,21.95,-0.000108,15.75,40.0,21.8,22.0,21.9,10.909637269778615,21.869999999999997,0.1350925608664308,20.741666666666667,1.3140557158009145,19.278,1.745085226855398,26.87525,5.949844804994677,1,0,0,0.1999999999999993
2024-01-03,22.8,-7.3e-05,15.75,40.0,21.95,23.1,21.95,12.058737851357439,22.060000000000002,0.4350287346847667,21.037499999999998,1.346903013308509,19.316000000000003,1.8009192664000753,26.79925,5.903930377895708,1,0,0,1.1500000000000021
2024-01-04,22.7,-3.7000000000000005e-05,15.75,40.0,22.3,23.1,22.8,12.525983496352161,22.27,0.4410215414255913,21.337500000000002,1.275133682826201,19.352,1.8505366017172034,26.723249999999997,5.857969011715211,1,0,0,0.8000000000000007
2024-01-05,22.55,0.0,15.75,40.0,22.45,22.8,22.7,12.19197879213173,22.380000000000003,0.42514703339126364,21.625,1.101961061837197,19.39,1.8966673242255319,26.6465,5.811166927156803,1,0,0,0.3500000000000014
2024-01-08,22.55,0.0,15.75,40.0,22.45,22.8,22.7,12.19197879213173,22.509999999999998,0.33052987762285146,21.895833333333332,0.848918652625343,19.433,1.9438183021687108,26.572000000000003,5.767313109457233,1,0,0,0.3500000000000014
2024-01-09,22.0,-0.000144,15.75,40.0,21.9,22.55,22.45,13.887553041321041,22.520000000000003,0.3094349689375396,22.091666666666665,0.47041245601636417,19.472,1.9757499222096258,26.496750000000002,5.72796208838138,1,0,0,0.6500000000000021
2024-01-10,22.0,0.00011,15.75,40.0,21.8,22.45,22.0,13.905352176040429,22.360000000000003,0.3342902930110207,22.15833333333333,0.380689167710026,19.514,2.0071057444482197,26.421750000000003,5.687806709384677,1,0,0,0.6499999999999986
2024-01-11,21.95,7.2e-05,15.75,40.0,21.85,22.7,22.0,11.389638560778947,22.21,0.311046620302184,22.158333333333335,0.380689167710026,19.555,2.035883451620132,26.34625,5.646084020036483,1,0,0,0.8499999999999979
2024-01-12,22.0,0.0,15.75,40.0,21.9,22.0,21.95,11.367911253546788,22.1,0.25248762346186937,22.170833333333334,0.372008268056866,19.598000000000003,2.0647419169675247,26.284499999999998,5.625606365977755,1,0,0,0.10000000000000142
2024-01-15,21.95,0.0,15.75,40.0,21.8,22.0,22.0,10.96648993456911,21.979999999999997,0.02738612790146955,22.195833333333336,0.34275510294318484,19.647000000000002,2.0912697539252827,26.23925,5.623883200133922,1,0,0,0.1999999999999993
2024-01-16,21.5,0.0,15.75,40.0,21.0,21.9,21.95,13.998082916638142,21.88,0.21389249636545635,22.15416666666667,0.3951169753755604,19.694,2.1062259506309546,26.196749999999998,5.627436552129759,1,0,0,0.8999999999999986
2024-01-17,21.15,7.2e-05,15.75,40.0,20.5,21.8,21.5,12.135118924261802,21.71,0.3731621631428715,22.09166666666667,0.4874951437081029,19.74,2.1125233968053534,26.14275,5.623768201251891,1,0,0,1.3000000000000007
2024-01-18,21.4,-3.6e-05,15.75,40.0,21.15,21.9,21.15,10.907807476583594,21.599999999999998,0.36571847096021864,22.045833333333334,0.5263330838347099,19.807000000000002,2.1109532134552262,26.075,5.5986964563240225,1,0,0,0.75
2024-01-19,21.7,0.0,15.75,40.0,21.25,21.9,21.4,13.688927540799133,21.54,0.3029026246196743,21.954166666666666,0.4764729951832516,19.891,2.100818353668685,26.00375,5.56295386607559,1,0,0,0.6499999999999986
2024-01-22,21.6,-3.6e-05,15.75,40.0,21.0,21.7,21.7,14.837314153890649,21.47,0.21095023110083602,21.862499999999997,0.4227211631862171,19.979,2.0778248536530004,25.934250000000002,5.530451510233153,1,0,0,0.6999999999999993
2024-01-23,21.05,-7.2e-05,15.75,40.0,21.0,21.6,21.6,11.783723297487764,21.380000000000003,0.2797320146166811,21.7375,0.42272116318612446,20.07,2.0212140219328782,25.862000000000002,5.499155348573425,1,0,0,0.6000000000000014
2024-01-24,20.95,-0.000145,15.75,40.0,20.8,21.0,21.05,10.589131655274922,21.339999999999996,0.33052987762305547,21.604166666666668,0.3945413524271489,20.162,1.9519367671280274,25.79175,5.471506314007702,1,0,0,0.1999999999999993
2024-01-25,20.5,-0.00011,15.75,40.0,20.0,21.0,20.95,11.989165855127435,21.160000000000004,0.49421655172761536,21.479166666666668,0.4849828175517354,20.252,1.857581266936752,25.719250000000002,5.444880675031521,1,0,0,1.0
2024-01-26,20.4,-0.00026,15.75,40.0,20.0,20.5,20.5,10.740756721857226,20.9,0.48088460154341345,21.34583333333333,0.5450013900335657,20.345,1.7402864530830897,25.64625,5.417631131118973,1,0,0,0.5
2024-01-29,20.05,0.0,15.75,40.0,19.5,20.45,20.4,11.46374572492597,20.59,0.41140004861643265,21.1875,0.6238170623344896,20.427,1.6215138429461915,25.569000000000003,5.386481683309455,1,0,0,0.9499999999999993
2024-01-30,20.0,0.000344,15.75,40.0,19.85,20.5,20.05,14.875139785237685,20.38,0.38503246616568215,21.020833333333332,0.6534726582943753,20.51,1.4827236383642288,25.488000000000003,5.347476838913727,0,0,0,0.6499999999999986
2024-01-31,20.1,3.7000000000000005e-05,15.75,40.0,19.9,20.5,20.0,12.986545945209913,20.21,0.22472205054610636,20.866666666666664,0.6322159201441204,20.590999999999998,1.3376300242001078,25.40775,5.306945523694633,0,0,0,0.6000000000000014
2024-02-01,20.1,3.7000000000000005e-05,15.75,40.0,19.9,20.5,20.0,12.986545945209913,20.130000000000003,0.156524758430276,20.75,0.6338913012534693,20.654,1.2327106352315567,25.328249999999997,5.266411480974491,0,0,0,0.6000000000000014
2024-02-02,20.4,0.0,15.75,40.0,20.0,21.0,19.95,12.610540589969192,20.130000000000003,0.156524758430276,20.6875,0.6278118565775286,20.693,1.1917235845823098,25.250750000000004,5.223933801198267,0,0,0,1.0
2024-02-05,20.4,-3.7000000000000005e-05,15.75,40.0,20.0,20.5,20.4,12.625772622110356,20.2,0.18708286934310012,20.604166666666668,0.5898606666384448,20.719,1.170247226630961,25.17325,5.179942660622992,0,0,0,0.5
2024-02-06,20.2,0.0,15.75,40.0,19.95,20.45,20.4,12.677328615270097,20.240000000000002,0.15165750888644652,20.479166666666668,0.4863866462840404,20.736,1.1560418042052385,25.099249999999998,5.144447359110464,0,0,0,0.5
2024-02-07,20.45,-0.000223,15.75,40.0,20.3,20.5,20.2,11.291043617373028,20.31,0.15165750888641918,20.383333333333333,0.3352972448599136,20.74,1.1546710813609762,25.0295,5.112179245015889,0,0,0,0.1999999999999993
2024-02-08,20.15,3.8e-05,15.75,40.0,19.9,20.5,20.45,12.183832149044223,20.32,0.13509256086710875,20.308333333333334,0.266145323685563,20.734,1.1569858800086938,24.960750000000004,5.084669730557693,0,0,0,0.6000000000000014
2024-02-09,19.95,-0.0001139999999999,15.75,40.0,19.8,20.0,20.15,11.156264806643742,20.229999999999997,0.20186629238593748,20.224999999999998,0.1936491672750191,20.718000000000004,1.1622796038647092,24.89275,5.060104566967828,0,0,0,0.1999999999999993
2024-02-12,19.2,0.000115,15.75,40.0,18.8,19.5,19.95,12.48937388613538,19.990000000000002,0.4761827380341249,20.116666666666664,0.33665016459163466,20.695,1.1809391800375106,24.81825,5.033481310986034,0,0,0,0.6999999999999993
2024-02-13,19.05,0.0,15.75,40.0,18.5,19.2,19.2,12.760822327438113,19.759999999999998,0.6086871117427288,20.004166666666666,0.44233796894914,20.678,1.1986029282463542,24.744,5.008306065751846,0,0,0,0.6999999999999993
2024-02-14,19.0,-0.000152,15.75,40.0,18.5,19.7,19.05,12.363934999991463,19.47,0.5392123885833316,19.916666666666668,0.5280036730686598,20.664,1.2142453774849613,24.67425,4.990556351852025,0,0,0,1.1999999999999993
2024-02-15,19.0,3.8e-05,15.75,40.0,18.6,19.25,19.0,12.88182185528868,19.240000000000002,0.4052776825853731,19.833333333333332,0.5890413372215596,20.664,1.2142453774849613,24.60425,4.971336881509121,0,0,0,0.6499999999999986
2024-02-16,19.85,3.8e-05,15.75,40.0,19.05,20.0,19.0,11.017004873924424,19.22,0.3615936946377433,19.8125,0.5831439086262253,20.679000000000002,1.1990680905283,24.5365,4.943115383894866,0,0,0,0.9499999999999993
2024-02-19,20.1,0.000229,15.75,40.0,19.95,20.15,19.85,11.719947764402807,19.4,0.5326818938182075,19.8125,0.5831439086262253,20.695999999999998,1.1843296562624652,24.467,4.906974935240757,0,0,0,0.1999999999999993
2024-02-20,20.1,7.5e-05,15.75,40.0,20.0,20.15,20.1,14.472201720078083,19.610000000000003,0.5661271941902517,19.7875,0.5617039822027274,20.712999999999997,1.1691532781307967,24.397000000000002,4.868573305410574,0,0,0,0.14999999999999858
2024-02-21,20.05,-7.400000000000001e-05,15.75,40.0,19.95,20.4,20.1,14.471838659138466,19.82,0.4698403984351514,19.758333333333333,0.5354833556969298,20.728,1.1553849080385146,24.333000000000002,4.840948762859283,0,0,0,0.4499999999999993
2024-02-22,20.15,0.0,15.75,40.0,19.95,20.5,20.05,14.266204575861492,20.05,0.11726039400272724,19.754166666666666,0.5319169164884906,20.745,1.1400971136619478,24.26975,4.812321647155782,0,0,0,0.5500000000000007
2024-02-23,20.5,0.0,15.75,40.0,20.4,20.5,20.15,14.23283901741966,20.18,0.1823458252926562,19.758333333333333,0.5380238813990672,20.769000000000002,1.1215373013753107,24.212,4.787725721879384,0,0,0,0.10000000000000142
2024-02-26,20.4,0.000261,15.75,40.0,20.3,20.5,20.5,14.050188135918258,20.240000000000002,0.1981161275657615,19.779166666666665,0.5590000541968612,20.791999999999998,1.1013609391912387,24.154249999999998,4.763517601226191,0,0,0,0.1999999999999993
2024-02-27,20.35,-7.3e-05,15.75,40.0,20.1,20.5,20.4,15.194125759667507,20.29,0.18506755523766902,19.8125,0.5815828714376738,20.816999999999997,1.076066627938974,24.098000000000003,4.741524678983845,0,0,0,0.3999999999999986
2024-02-28,20.5,-0.00011,15.75,40.0,20.35,20.75,20.35,15.370365771848066,20.38,0.14404860291456295,19.920833333333334,0.5781861658759757,20.845,1.0483344418884937,24.0445,4.721310582676838,0,0,0,0.3999999999999986
2024-02-29,20.7,-0.000185,15.75,40.0,20.5,21.0,20.5,13.79336821566841,20.490000000000002,0.1341640786560424,20.058333333333334,0.5476533962374782,20.873,1.0246557410974362,23.99675,4.706504313369389,0,0,0,0.5
2024-03-01,21.2,0.000189,15.75,40.0,20.5,21.75,20.7,11.707677772181546,20.630000000000003,0.3456877203512003,20.241666666666667,0.5290786731768298,20.903999999999996,1.0102454743161045,23.955499999999997,4.69460770004186,0,0,0,1.25
2024-03-04,21.5,0.0,15.75,40.0,21.0,21.75,21.2,11.895469889693825,20.85,0.48476798574326857,20.45,0.4861724347904496,20.91,1.012926654882814,23.916999999999998,4.68294092194188,0,0,0,0.75
2024-03-05,21.45,0.0,15.75,40.0,20.9,21.85,21.5,12.315827989765994,21.07,0.4494441010866224,20.583333333333332,0.524548868207751,20.9,1.0048860225797613,23.88175,4.674796578758239,1,0,0,0.9500000000000028
2024-03-06,21.05,0.000185,15.75,40.0,20.5,21.5,21.45,12.575914030220655,21.18,0.3251922508325654,20.662499999999998,0.5165994579812924,20.884,0.9957788460360625,23.842,4.664846187148584,1,0,0,1.0
2024-03-07,20.75,0.0001089999999999,15.75,40.0,20.35,21.5,21.05,11.222586532857163,21.19,0.3070016286626978,20.716666666666665,0.48539268699956584,20.866,0.9897659999730815,23.789749999999998,4.640477084889316,1,0,0,1.1499999999999986
2024-03-08,20.7,0.0,15.75,40.0,20.5,21.0,20.75,13.171726710614331,21.089999999999996,0.3764970119424076,20.770833333333332,0.43820830108311015,20.84,0.9763530642812023,23.735500000000002,4.6126371913800535,1,0,0,0.5
2024-03-11,20.9,0.00018,15.75,40.0,20.8,21.0,20.7,12.120520203776788,20.97,0.3012474066304575,20.833333333333332,0.39273709301400683,20.82,0.9643650761038846,23.685,4.587926585263195,1,0,0,0.1999999999999993
2024-03-12,21.0,0.000247,15.75,40.0,20.9,21.0,20.9,15.72040539024236,20.880000000000003,0.15247950682497446,20.875,0.3804901145357405,20.801,0.9509120219443252,23.635749999999998,4.563428958227568,1,0,0,0.10000000000000142
2024-03-13,21.95,6.9e-05,15.75,40.0,21.0,22.5,21.0,15.506399601162922,21.06,0.5116150896929887,21.004166666666666,0.4594751617108325,20.784000000000002,0.9215913477533089,23.59575,4.542819109851301,1,0,0,1.5
2024-03-14,23.05,0.000274,15.75,40.0,22.5,24.0,21.95,13.240503682565695,21.52,0.9814530044793331,21.229166666666668,0.7053233730658365,20.791,0.9376310792764855,23.56075,4.519749730420281,1,0,1,1.5
2024-03-15,23.05,0.000274,15.75,40.0,22.5,24.0,21.95,13.240503682565695,21.990000000000002,1.0508330029083843,21.441666666666666,0.8374293276300494,20.801,0.9591923686147932,23.5235,4.492891957382194,1,0,1,1.5
2024-03-18,24.1,-0.000395,15.75,40.0,23.8,24.5,24.0,14.161933832651984,22.630000000000003,1.1866970969886863,21.724999999999998,1.0982423974804352,20.831999999999997,1.0386293951246572,23.488999999999997,4.46157565064611,1,0,1,0.6999999999999993
2024-03-19,24.3,0.000137,15.75,40.0,24.05,24.95,24.1,15.149748438807494,23.29,0.9469688484851521,21.983333333333334,1.308075153058101,20.878,1.137629113555395,23.45525,4.429507605325252,1,0,0,0.8999999999999986
2024-03-20,26.55,0.000405,15.75,40.0,25.0,26.7,24.3,13.33327401074438,24.21,1.4306467069130606,22.40416666666667,1.84186890429088,20.969,1.3844209723130583,23.42875,4.394750287325302,1,0,1,1.6999999999999993
2024-03-21,24.15,0.000487,15.75,40.0,22.0,26.6,26.55,16.521919479570535,24.43,1.2848151618038914,22.629166666666666,1.8792477137633379,21.012999999999998,1.4496590028343173,23.390249999999995,4.354145767464354,1,0,0,4.600000000000001
2024-03-22,25.55,0.000372,15.75,40.0,24.55,26.2,24.15,15.456408570822589,24.93,1.0843200634504115,23.004166666666666,1.9816726558994318,21.084,1.5800555402304222,23.359,4.315744111527821,1,0,0,1.6499999999999986
2024-03-25,27.2,0.000507,15.75,40.0,25.0,28.1,25.55,16.426146440447244,25.55,1.3458268833698617,23.541666666666668,2.179536369934466,21.188999999999997,1.7981648808672264,23.335499999999996,4.281664748095248,1,1,0,3.1000000000000014
2024-03-26,29.8,0.000938,15.75,40.0,27.35,29.9,27.2,15.614940698889674,26.65,2.1032712616305385,24.3,2.636199054421772,21.355,2.171763367049381,23.325,4.263090982330105,1,1,0,2.549999999999997
2024-03-27,31.25,2.6e-05,15.75,40.0,29.95,32.7,29.8,15.636489127728836,27.589999999999996,2.933726299435722,25.162500000000005,3.0786748182217876,21.557000000000002,2.5830690889668375,23.322,4.2572688062240545,1,1,1,2.7500000000000036
2024-03-28,30.05,-0.000803,15.75,40.0,30.0,31.5,31.25,14.801551581077273,28.77,2.328250416085153,25.91666666666667,3.0747751827137235,21.73,2.8483794175163912,23.313249999999996,4.241525625961085,1,1,0,1.5
2024-04-02,29.95,-0.000113,15.75,40.0,29.0,31.3,30.05,13.236229418309948,29.65,1.4861863947703857,26.583333333333332,3.0029783195802437,21.895,3.076428654351444,23.3035,4.223892647248929,1,1,0,2.3000000000000007
2024-04-03,30.0,0.000256,15.75,40.0,30.0,30.1,29.95,13.498744277300052,30.21,0.5888548208179483,27.162500000000005,2.9288630279263983,22.063000000000002,3.282448843191882,23.2945,4.207584053568673,1,1,0,0.10000000000000142
2024-04-04,30.0,-0.000167,15.75,40.0,30.0,31.0,30.0,13.604543817452244,30.25,0.5601339125606783,27.74166666666667,2.7215331018073874,22.242000000000004,3.4650346760358475,23.286749999999998,4.193706332292919,1,1,0,1.0
2024-04-05,30.1,-8.5e-05,15.75,40.0,30.0,30.8,30.0,14.495066291846996,30.02,0.05700877125985353,28.241666666666664,2.536536053657897,22.425,3.632959242429125,23.282249999999998,4.185863675642277,1,1,0,0.8000000000000007
2024-04-08,30.45,-0.0004269999999999,15.75,40.0,30.1,30.75,30.1,15.208582151674639,30.1,0.2031009601172528,28.754166666666666,2.275607644456025,22.624000000000002,3.7942927065350953,23.2795,4.18094562048028,1,1,0,0.6499999999999986
2024-04-09,30.45,-8.9e-05,15.75,40.0,30.2,30.8,30.45,15.333118447815805,30.2,0.2318404623885557,29.079166666666666,2.209736546752204,22.825,3.9375643823706974,23.284249999999997,4.188580963758006,1,1,0,0.6000000000000014
2024-04-11,30.3,0.0,15.75,40.0,30.2,30.4,30.45,14.236324599531628,30.26,0.20432816741832968,29.59166666666667,1.5884288024957642,23.03,4.055205774995785,23.2885,4.195294414714758,1,1,0,0.1999999999999993
2024-04-12,30.05,0.00018,15.75,40.0,30.0,30.3,30.3,15.126111344373001,30.27,0.18907670401329688,29.966666666666665,0.9506775892910171,23.230999999999998,4.1499187353744835,23.29125,4.199564578710507,1,1,0,0.3000000000000007
2024-04-15,28.95,5.9e-05,15.75,40.0,27.05,30.1,30.05,15.038609584405387,30.040000000000003,0.6308724118239428,30.1125,0.5279139909214128,23.408,4.202056833582939,23.289250000000003,4.196758971735256,1,1,0,3.0500000000000007
2024-04-16,27.85,-5.9e-05,15.75,40.0,26.95,29.0,28.95,13.65004729817705,29.52,1.1031772296420084,29.95,0.8404544225333849,23.563,4.220441146301618,23.28125,4.186468503423494,1,1,0,2.0500000000000007
2024-04-17,27.0,-0.000118,15.75,40.0,26.6,27.35,27.85,14.286639179169189,28.830000000000002,1.4118250599846631,29.59583333333333,1.0986475845982553,23.695,4.222706478078712,23.26875,4.171512738822328,1,1,0,0.75
2024-04-18,27.15,-0.000239,15.75,40.0,26.5,28.0,27.0,14.86531803235564,28.2,1.289379695823062,29.354166666666668,1.2916617790687563,23.83,4.223114239226651,23.256999999999998,4.157157779544374,1,1,0,1.5
2024-04-19,27.95,-0.000214,15.75,40.0,27.05,28.5,27.15,14.298431029455635,27.779999999999994,0.775886589651361,29.1875,1.336060185086595,23.985,4.229382764829449,23.25025,4.148383161156284,1,1,0,1.4499999999999993
2024-04-22,28.3,6.3e-05,15.75,40.0,28.0,28.95,27.95,10.740756721857226,27.65,0.5533985905302213,29.045833333333334,1.3321988544772538,24.142000000000003,4.2411656079777735,23.2445,4.140536191093487,1,1,0,0.9499999999999993
2024-04-23,29.8,9.3e-05,15.75,40.0,28.0,30.0,28.3,14.201861481745008,28.04,1.1232764575120373,29.029166666666665,1.3203750041207465,24.335,4.275228243102343,23.24625,4.143245206563902,1,1,0,2.0
2024-04-24,30.0,6.2e-05,15.75,40.0,29.05,30.5,29.8,16.282295751495802,28.639999999999997,1.2254590976449284,29.020833333333332,1.313298818955721,24.535999999999998,4.301032623993997,23.24975,4.148676902061024,1,1,0,1.4499999999999993
2024-04-25,30.0,0.0,15.75,40.0,29.0,30.4,30.0,14.346492275961412,29.21,1.001498876684669,28.98333333333333,1.2746360145895181,24.752,4.298777234783546,23.25325,4.154098531638239,1,1,0,1.3999999999999986
2024-04-26,30.15,-3.1e-05,15.75,40.0,29.8,30.25,30.0,15.58384802786426,29.65,0.7648529270393105,28.958333333333332,1.2458719716281583,24.974,4.2848956360980806,23.256749999999997,4.1596369837630816,1,1,0,0.4499999999999993
2024-04-29,29.95,-0.000184,15.75,40.0,29.9,30.2,30.15,14.951707927997196,29.98,0.12549900398234762,28.929166666666664,1.2153297968630412,25.192999999999998,4.253042248479826,23.26,4.164633339716422,1,1,0,0.3000000000000007
2024-04-30,29.95,-3.1e-05,15.75,40.0,29.0,30.1,29.95,15.176615564387859,30.009999999999998,0.08215838362916873,28.920833333333334,1.2072618028405027,25.412,4.209338015724036,23.264,4.170698699042783,1,1,0,1.1000000000000014
2024-05-02,29.3,3.1e-05,15.75,40.0,29.15,29.95,29.95,10.938467575959383,29.869999999999997,0.3290136775281161,28.95,1.2122480994157563,25.601,4.166441368059394,23.26475,4.171775821521494,1,1,0,0.8000000000000007
2024-05-03,29.5,-3.1e-05,15.75,40.0,29.3,29.65,29.3,12.558492047480835,29.77,0.35461246453077144,29.087500000000002,1.1689398849116248,25.788999999999998,4.125026777897876,23.267,4.175031790569685,1,1,0,0.34999999999999787
2024-05-06,29.95,-0.000125,15.75,40.0,29.55,30.15,29.5,13.288218435830442,29.73,0.30943496893627376,29.333333333333332,0.9858852351879522,25.986,4.082779165506363,23.27175,4.182121487737672,1,1,0,0.5999999999999979
2024-05-07,30.1,-6.3e-05,15.75,40.0,29.5,30.4,29.95,13.483111415023354,29.76,0.3416869912662605,29.579166666666666,0.725339523419543,26.187,4.031645357136629,23.276749999999996,4.189715445597896,1,1,0,0.8999999999999986
2024-05-08,30.05,0.0001919999999999,15.75,40.0,30.0,30.3,30.1,15.564206111722088,29.78,0.35812009159021985,29.754166666666666,0.5211256755228514,26.385,3.9717657873286956,23.27775,4.191315793148453,1,1,0,0.3000000000000007
2024-05-09,30.05,0.000345,15.75,40.0,30.05,30.4,30.05,13.26264866107341,29.93,0.2464751508784811,29.899999999999995,0.2531618239055443,26.576,3.912163658361295,23.27725,4.190497738213928,1,1,0,0.34999999999999787
2024-05-13,30.05,0.000515,15.75,40.0,30.0,30.45,30.05,12.772525010724586,30.04,0.054772255755604085,29.920833333333334,0.2544676558446555,26.769000000000002,3.838604790115898,23.269500000000004,4.176437826016217,1,1,0,0.4499999999999993
2024-05-14,30.1,0.0,15.75,40.0,30.05,30.25,30.05,12.506921405463638,30.070000000000004,0.027386127885370662,29.92916666666667,0.25889479551317107,26.964000000000002,3.752550697152625,23.264,4.166654418743213,1,1,0,0.1999999999999993
2024-05-15,30.35,-5.8e-05,15.75,40.0,30.15,30.5,30.1,14.375412590642046,30.119999999999997,0.13038404810615536,29.958333333333332,0.2859063207323936,27.160999999999998,3.6637815024869984,23.2645,4.167502867516707,1,1,0,0.3500000000000014
2024-05-16,30.8,0.0,15.75,40.0,30.2,31.2,30.35,13.833449685316591,30.270000000000003,0.3213253802620178,30.0125,0.3736338752303076,27.362999999999996,3.5777060544784187,23.27,4.1767542879508435,1,1,0,1.0
2024-05-17,31.85,8.7e-05,15.75,40.0,31.2,32.5,30.8,13.652404397256468,30.630000000000003,0.7438077708658924,30.170833333333334,0.6471821203974517,27.576000000000004,3.519859691082092,23.2815,4.197248171250001,1,1,0,1.3000000000000007
2024-05-20,32.05,0.000316,15.75,40.0,32.0,32.45,31.85,12.973865689268807,31.03,0.8793463481475524,30.345833333333335,0.8378702257176045,27.787000000000003,3.4639662592040996,23.2945,4.22041220092716,1,1,0,0.45000000000000284
2024-05-21,32.2,0.000195,15.75,40.0,32.0,32.5,32.05,15.024471202308668,31.45,0.8238628526644376,30.587500000000002,0.9227244737938637,28.002000000000002,3.395554717088373,23.310499999999998,4.248125776512686,1,1,0,0.5
2024-05-22,32.2,0.0003279999999999,15.75,40.0,32.0,32.45,32.2,15.598565754685907,31.82,0.5880051020189686,30.8125,0.9617987409924535,28.225,3.2942939226768946,23.327999999999996,4.277546377899549,1,1,0,0.45000000000000284
2024-05-23,35.05,-0.0004759999999999,15.75,40.0,33.0,35.7,32.2,14.591573699065881,32.67,1.338189074832186,31.2375,1.5141942051474788,28.511000000000003,3.2525702552462032,23.36,4.341027829105855,1,1,0,2.700000000000003
2024-05-24,35.15,-0.000139,15.75,40.0,34.5,35.95,35.05,14.664336250621133,33.33,1.6173280434099133,31.65833333333333,1.836725511897187,28.8,3.1856502235720896,23.393,4.4052904466793255,1,1,0,1.4500000000000028
2024-05-27,36.1,2.8000000000000003e-05,15.75,40.0,35.05,37.0,35.15,14.992194690351912,34.14,1.8177596100695048,32.1625,2.1574527278067923,29.104,3.141328199527849,23.430999999999997,4.481681194782201,1,1,0,1.9500000000000028
2024-05-28,37.95,0.000393,15.75,40.0,36.45,39.0,36.1,15.137773202832632,35.29,2.083086652062247,32.82083333333333,2.611726904604794,29.442999999999998,3.1634392611822935,23.47825,4.584038227355368,1,1,0,2.549999999999997
2024-05-29,37.6,-8.100000000000002e-05,15.75,40.0,36.45,38.95,37.95,11.798863517502989,36.370000000000005,1.3521279525251224,33.45,2.787064274953449,29.756,3.1811087785912444,23.523249999999997,4.677785837252712,1,1,0,2.5
2024-05-30,36.3,-0.0001629999999999,15.75,40.0,35.5,36.5,37.6,14.752153178027928,36.62,1.1470614630436107,33.96666666666667,2.682293229624946,30.021,3.162908278075085,23.559749999999998,4.748677936883829,1,1,0,1.0
2024-05-31,35.55,-8.3e-05,15.0,39.0,34.6,36.45,36.3,12.53430027429669,36.7,1.0265232583822632,34.4,2.455328158033362,30.271,3.0939224493278084,23.590500000000002,4.806249569532272,1,1,0,1.8500000000000014
2024-06-03,35.3,5.6000000000000006e-05,15.75,40.0,35.25,36.5,35.55,15.870108666305862,36.54,1.1923715863772337,34.775,2.1841890527555536,30.495,3.043045768802358,23.616999999999997,4.856119384590226,1,1,0,1.25
2024-06-04,35.85,0.0,15.75,40.0,35.5,36.2,35.3,13.205050585302773,36.12,0.907331251528243,35.108333333333334,1.9941771296045965,30.726,3.0012793190614313,23.647,4.913018906321789,1,1,0,0.7000000000000028
2024-06-05,36.05,2.8000000000000003e-05,15.75,40.0,35.85,37.5,35.85,13.212023077821033,35.81,0.39591665789638397,35.44166666666666,1.756654016398548,30.916,3.0320640238793333,23.680999999999997,4.975125462422044,1,1,0,1.6499999999999986
2024-06-06,36.7,0.000166,15.75,40.0,36.05,37.9,36.05,12.038251448529742,35.89,0.5354904294194582,35.81666666666667,1.4563861459299408,31.167,2.979532390377961,23.719499999999996,5.0457848222420045,1,1,0,1.8500000000000014
2024-06-07,36.45,0.0,15.75,40.0,36.0,36.7,36.7,13.549982594273798,36.07,0.5438290172469809,36.170833333333334,0.9119056802615395,31.385,2.95885474948951,23.75725,5.112538526842429,1,1,0,0.7000000000000028
2024-06-10,36.1,-0.000136,15.75,40.0,35.8,36.6,36.45,11.962732764429129,36.230000000000004,0.3402205167237839,36.25833333333333,0.8423002415801889,31.563000000000002,2.969639055921463,23.79525,5.175819789169217,1,1,0,0.8000000000000043
2024-06-11,35.95,-2.8000000000000003e-05,15.75,40.0,35.75,36.1,36.1,15.027838659376842,36.25,0.3142451272490889,36.325,0.7756229168141565,31.686,3.0220286469294493,23.8345,5.238019088343909,1,1,0,0.3500000000000014
2024-06-12,35.45,2.8000000000000003e-05,15.75,40.0,35.1,35.8,35.95,11.127277689932466,36.13,0.48036444497881625,36.270833333333336,0.8144876619762309,31.77,3.06768875307117,23.872999999999998,5.294931776007005,1,1,0,0.6999999999999957
2024-06-13,35.55,0.0,15.75,40.0,35.2,35.8,35.45,14.56631372299981,35.9,0.4092676385934113,36.07083333333333,0.6408298360595465,31.88,3.1031583647535164,23.9125,5.352404592762862,1,1,0,0.5999999999999943
2024-06-14,35.45,5.500000000000001e-05,15.75,40.0,35.05,35.6,35.55,11.999669439469741,35.7,0.30413812651465416,35.891666666666666,0.44509107000946635,31.99,3.130707033661442,23.95225,5.408408903907427,1,1,0,0.5500000000000043
2024-06-18,34.55,5.500000000000001e-05,15.75,40.0,34.2,35.45,35.45,12.081081821061819,35.39,0.5128352561982034,35.74583333333333,0.5686740292216372,32.080999999999996,3.137802591312233,23.99,5.455928958850722,1,1,0,1.25
2024-06-19,34.05,0.0001089999999999,15.75,40.0,34.0,34.9,34.55,13.860962776433908,35.010000000000005,0.6730527468184949,35.62083333333334,0.7511985372857066,32.162,3.135259648135926,24.0255,5.498220337930076,1,1,0,0.8999999999999986
2024-06-20,34.15,0.000108,15.75,40.0,34.0,34.45,34.05,12.704727505104454,34.75,0.7106335201775615,35.525,0.8611567273654617,32.243,3.1332158937327614,24.061749999999996,5.541000620545915,1,1,0,0.45000000000000284
2024-06-21,34.15,-0.000294,15.75,40.0,33.0,34.4,34.15,14.354049203897448,34.46999999999999,0.58051701094799,35.38333333333333,0.9391324171625066,32.317,3.1336978547560745,24.10675,5.586244046786447,1,1,0,1.3999999999999986
2024-06-24,32.85,-2.8000000000000003e-05,15.75,40.0,31.35,34.0,34.15,12.154784614286667,33.95,0.6442049363362928,35.11666666666667,1.16078604506596,32.365,3.1228788719680494,24.151999999999997,5.62029667129526,1,1,0,2.6499999999999986
2024-06-25,30.85,-2.8000000000000003e-05,15.75,40.0,30.75,33.0,32.85,14.158107571217943,33.209999999999994,1.4293355099486358,34.62916666666666,1.5859408353808984,32.376,3.1164186666953606,24.18725,5.640151280759672,1,1,0,2.25
2024-06-26,31.75,-0.000111,15.0,40.0,31.15,32.5,30.85,12.155836686703159,32.75,1.461163919620307,34.237500000000004,1.673337030659665,32.41,3.0997531172272303,24.227249999999998,5.665346475808914,1,1,0,1.3500000000000014
2024-06-27,31.3,-0.000364,15.0,40.0,30.0,32.5,31.75,12.292254928916668,32.18,1.3283448347474545,33.8375,1.7591481667904256,32.457,3.0638279711399434,24.265,5.687262060846977,0,1,0,2.5
2024-06-28,31.25,5.8e-05,15.75,40.0,31.0,31.95,31.3,12.192485760421583,31.6,0.7681145747870596,33.44583333333333,1.7692394787953205,32.525,2.9964817805602073,24.303250000000002,5.70845286466008,0,1,0,0.9499999999999993
2024-07-01,31.35,8.7e-05,15.0,40.0,31.0,32.0,31.25,10.78727575364831,31.3,0.32015621187216914,33.104166666666664,1.742706663539768,32.612,2.8941982781893394,24.342750000000002,5.72981139573188,0,1,0,1.0
2024-07-02,31.5,-2.9e-05,15.0,40.0,31.0,31.95,31.35,14.09586661054457,31.43,0.20186629238266476,32.766666666666666,1.6133439769227698,32.699,2.7901702457027087,24.382999999999996,5.751740920634037,0,1,0,0.9499999999999993
2024-07-03,31.7,-2.9e-05,15.0,40.0,31.5,31.8,31.5,12.39628383052922,31.419999999999998,0.18234582528899465,32.454166666666666,1.3947072572146932,32.773999999999994,2.709134962474672,24.425,5.77441724093154,0,1,0,0.3000000000000007
2024-07-04,31.6,-8.6e-05,15.0,40.0,31.55,32.0,31.7,12.377084656489986,31.48,0.18234582528897778,32.208333333333336,1.2434982423717897,32.84,2.6371560129691516,24.46625,5.796125758343952,0,1,0,0.4499999999999993
2024-07-05,32.0,5.8e-05,15.0,40.0,31.6,32.5,31.6,13.00222983146176,31.630000000000003,0.24392621835362815,32.0375,1.1000258261402631,32.884,2.603538408570651,24.50925,5.820027106043489,0,1,0,0.8999999999999986
2024-07-08,33.45,0.0,15.0,40.0,32.0,35.0,32.0,11.320565693461432,32.05,0.8046738469717133,31.979166666666668,0.9909725097828049,32.953,2.5710596957652077,24.559749999999998,5.853639286974864,0,1,0,3.0
2024-07-09,33.9,0.0,15.0,40.0,33.5,34.5,33.45,13.69953950467585,32.53,1.067473653070745,31.958333333333332,0.9426349272408223,33.031,2.538597756918797,24.612000000000002,5.890208295879674,0,1,0,1.0
2024-07-10,35.6,-0.0001159999999999,15.0,40.0,34.15,36.0,33.9,12.295003429279529,33.31,1.6009372255026482,32.1875,1.4016427050861129,33.14,2.52935823109915,24.6745,5.9401897293020856,1,1,0,1.8500000000000014
2024-07-11,34.9,-2.9e-05,15.0,40.0,34.25,35.65,35.6,12.380450232382136,33.97,1.3854602123482456,32.525,1.5318586452688632,33.239000000000004,2.4986382005299093,24.73375,5.982850149977925,1,1,0,1.3999999999999986
2024-07-12,34.15,0.0,15.0,40.0,34.05,34.9,34.9,11.357452244304588,34.4,0.8522030274529673,32.725,1.5774692044231042,33.323,2.4560464746658877,24.79125,6.0178825586708795,1,1,0,0.8500000000000014
2024-07-15,34.65,-2.9e-05,15.0,40.0,34.3,35.0,34.15,11.260623406285792,34.64,0.6665208173793069,33.00416666666667,1.5986440750780708,33.43,2.392931768560064,24.852999999999998,6.055436197144995,1,1,0,0.7000000000000028
2024-07-16,34.2,0.0,15.0,40.0,34.0,34.6,34.65,11.409795792463761,34.7,0.5926634795564613,33.25,1.5297058540760353,33.524,2.326801255293846,24.912000000000003,6.088809324899264,1,1,0,0.6000000000000014
2024-07-17,34.45,-0.000147,15.0,40.0,34.0,34.9,34.2,13.389946308604012,34.47,0.3134485603731459,33.50833333333333,1.438723129173536,33.614000000000004,2.2721256791923157,24.9725,6.123241722811964,1,1,0,0.8999999999999986
2024-07-18,34.3,-0.000179,15.0,40.0,34.0,34.7,34.45,12.666660207428574,34.35,0.20310096011593048,33.74166666666667,1.3041600106306446,33.698,2.21651868975768,25.032250000000005,6.155740258339853,1,1,0,0.7000000000000028
2024-07-19,34.0,-3e-05,15.0,40.0,33.6,34.8,34.3,11.734475747705874,34.32000000000001,0.24647515087735783,33.93333333333333,1.13484747339618,33.777,2.1533365188166846,25.090750000000003,6.185168427771775,1,1,0,1.1999999999999957
2024-07-22,33.45,-0.0001219999999999,15.0,40.0,33.0,33.9,34.0,11.571203807011969,34.08,0.3882653731664013,34.0875,0.8878280443636797,33.845,2.0858671666093493,25.14625,6.210201805887993,1,1,0,0.8999999999999986
2024-07-23,32.8,-3.1e-05,15.0,40.0,32.5,33.45,33.45,11.679295469550114,33.8,0.6773108592072622,34.15416666666666,0.7334409356285259,33.9,2.0189409226086306,25.199,6.230251130230134,0,1,0,0.9500000000000028
2024-07-24,32.75,-0.000124,15.0,40.0,32.25,32.95,32.8,12.701686149479562,33.46,0.6958807369083583,34.09583333333333,0.8175513142978603,33.952999999999996,1.95078241760082,25.2525,6.248987355150379,0,1,0,0.7000000000000028
2024-07-25,32.1,-0.000251,15.0,40.0,31.5,32.75,32.75,13.467796771224979,33.019999999999996,0.7268080902137627,33.94583333333333,1.0012397617958342,33.988,1.899853914900654,25.30325,6.263231376364322,0,1,0,1.25
2024-07-26,31.8,-0.000289,15.0,40.0,31.0,32.5,32.1,10.67130147767883,32.58,0.6467225061803804,33.62916666666667,1.030987684725349,34.008,1.8706476014962683,25.35775,6.272140877999512,0,1,0,1.5
2024-07-29,31.7,0.000132,15.0,40.0,31.0,32.0,31.8,13.607133690528558,32.230000000000004,0.5191338940969594,33.362500000000004,1.0848386976848545,34.005,1.8742957861238716,25.412,6.279873810466418,0,1,0,1.0
2024-07-30,31.2,0.000458,15.0,40.0,30.6,31.85,31.7,14.35299817089811,31.909999999999997,0.5705260730241114,33.11666666666667,1.216427954994209,33.988,1.8961174078874845,25.462999999999997,6.285278804336869,0,1,0,1.25
2024-07-31,30.5,-6.3e-05,15.0,39.0,30.3,31.0,31.2,12.586565185197317,31.459999999999997,0.6268971207465945,32.770833333333336,1.32587164011258,33.95399999999999,1.9434830924441862,25.510499999999997,6.287277953960428,0,1,0,0.6999999999999993
2024-08-01,30.6,-0.000346,15.0,40.0,30.3,31.2,30.5,10.680539205318292,31.160000000000004,0.6024948132560202,32.47083333333334,1.3793045568691846,33.922000000000004,1.9856670086879977,25.55875,6.28913164289102,0,1,0,0.8999999999999986
2024-08-02,30.8,-0.000195,15.0,40.0,30.5,32.0,30.6,12.15214958053555,30.96,0.49295030175508725,32.166666666666664,1.303549931623748,33.836999999999996,2.026931177915082,25.608,6.291426406718973,0,1,0,1.5
2024-08-05,30.45,-0.000432,15.0,40.0,30.3,31.0,30.8,11.724004532183379,30.71,0.304959013640298,31.845833333333335,1.2004655031428801,33.743,2.073250676438139,25.655500000000004,6.291944259354105,0,1,0,0.6999999999999993
2024-08-06,30.0,0.000313,15.0,40.0,29.5,30.3,30.45,15.361284446776365,30.47,0.2949576240758891,31.512500000000003,1.0989923070261036,33.621,2.110858467399477,25.70075,6.290475925903925,0,1,0,0.8000000000000007
2024-08-07,29.5,-0.000101,15.0,40.0,29.15,29.9,30.0,14.655956857063087,30.27,0.5215361924167089,31.183333333333334,1.0566528055650177,33.452000000000005,2.0954021580799274,25.743499999999997,6.287079576241652,0,1,0,0.75
2024-08-08,29.8,3.4e-05,15.0,40.0,29.2,30.0,29.5,15.78878584279735,30.110000000000003,0.5176871642223105,30.933333333333337,0.9923189858559069,33.296,2.07048845661695,25.788,6.284121411108532,0,1,0,0.8000000000000007
2024-08-09,30.0,3.4e-05,15.0,40.0,29.85,30.0,29.8,12.67420264562853,29.95,0.3464101615145791,30.70416666666667,0.8405783542835031,33.17,2.0756361208378866,25.8335,6.281495736962039,0,1,0,0.14999999999999858
2024-08-12,30.0,0.0,15.0,40.0,29.9,30.0,30.0,11.627155529627064,29.860000000000003,0.2190890230033624,30.52916666666667,0.7356068408024186,33.059,2.0940803348926567,25.88025,6.2775161074986014,0,1,0,0.10000000000000142
2024-08-13,29.95,-0.000101,15.0,40.0,29.9,30.0,30.0,13.882515721935558,29.85,0.21213203435730557,30.375,0.6315565187348136,32.952000000000005,2.1138262048934844,25.928,6.271939662949833,0,1,0,0.10000000000000142
2024-08-14,29.9,-3.4e-05,15.0,40.0,29.5,30.0,29.95,12.01854355302823,29.93,0.08366600265675131,30.224999999999998,0.4850023430046355,32.833,2.1148312520138437,25.977249999999998,6.264219598112097,0,1,0,0.5
2024-08-15,29.35,0.000103,15.0,40.0,29.2,29.9,29.9,12.39504288410708,29.839999999999996,0.2770379035449308,30.070833333333336,0.43872663538778134,32.699,2.119094194245819,26.0245,6.253780745924444,0,1,0,0.6999999999999993
2024-08-16,29.85,6.8e-05,15.0,40.0,29.3,30.0,29.35,14.7857594104206,29.809999999999995,0.2631539473399062,30.016666666666666,0.4206776639688487,32.562,2.0761414367308615,26.074250000000003,6.244384366620561,0,1,0,0.6999999999999993
2024-08-19,29.4,6.7e-05,15.0,40.0,29.25,29.85,29.85,10.357774570341576,29.689999999999998,0.290258505475014,29.916666666666668,0.41194292042648445,32.421,2.045879133423148,26.122,6.233052681363121,0,1,0,0.6000000000000014
2024-08-20,29.85,3.3e-05,15.0,40.0,29.05,30.0,29.4,14.241040350531907,29.669999999999998,0.2706473720555796,29.837499999999995,0.30385777174038076,32.296,2.007075240346768,26.17375,6.22075052731745,0,1,0,0.9499999999999993
2024-08-21,29.9,0.0,15.0,40.0,29.75,30.0,29.85,14.19613705949213,29.669999999999998,0.2706473720555796,29.791666666666668,0.23725066655403787,32.175,1.9642012968885856,26.2275,6.206182583626691,0,1,0,0.25
2024-08-22,32.25,3.3e-05,15.0,40.0,31.0,33.9,29.9,13.994326811688836,30.25,1.1363318177365802,29.979166666666668,0.7505931997478524,32.111,1.906602117028619,26.2945,6.19846347875763,0,1,0,2.8999999999999986
2024-08-23,31.95,-3.3e-05,15.0,40.0,31.5,32.15,32.25,14.379801685162562,30.669999999999998,1.3241034702773304,30.183333333333334,0.9220366126918197,32.039,1.8409261755101558,26.364,6.183466283274016,0,1,0,0.6499999999999986
2024-08-26,31.65,-6.7e-05,15.0,40.0,31.5,31.95,31.95,13.528762715650256,31.119999999999997,1.1562871615651598,30.337499999999995,1.0032050909650705,31.962999999999997,1.774473477529036,26.434750000000005,6.162451539964975,0,1,0,0.4499999999999993
2024-08-27,31.5,-6.7e-05,15.0,40.0,31.05,31.65,31.65,15.099301706334572,31.45,0.9130991183876899,30.462499999999995,1.0497023387574476,31.901999999999997,1.7357278071210356,26.50625,6.137674943008529,0,1,0,0.5999999999999979
2024-08-28,31.2,-0.000169,15.0,40.0,31.0,31.6,31.5,14.62221005953718,31.71,0.4052776825836157,30.5625,1.0587567752245193,31.845,1.7103600885948318,26.57975,6.105177589925387,0,1,0,0.6000000000000014
2024-08-29,31.35,-3.4e-05,15.0,40.0,30.9,31.6,31.2,13.198770561486247,31.53,0.2885307609257028,30.679166666666664,1.062257102357115,31.788999999999998,1.6788993600658657,26.65475,6.070915914233449,0,1,0,0.7000000000000028
2024-08-30,31.75,0.0,15.0,39.0,31.6,32.5,31.35,13.793163716899292,31.49,0.22192341021255402,30.833333333333332,1.0730867399740922,31.741,1.6439651543072717,26.7335,6.034051427786335,0,1,0,0.8999999999999986
2024-09-02,32.3,0.000138,15.0,40.0,31.75,34.4,31.75,12.892197728773349,31.619999999999997,0.4309872387906099,31.079166666666666,1.0397679665365935,31.73,1.6382232784969177,26.81625,5.996030800815324,0,1,0,2.6499999999999986
2024-09-03,33.3,0.0,15.0,40.0,32.8,34.0,32.3,12.390895238790055,31.98,0.851909619619542,31.36666666666667,1.1410388674199858,31.779,1.6479761861778126,26.903000000000002,5.963449475617749,1,1,0,1.2000000000000028
2024-09-04,33.1,0.0,15.0,40.0,32.85,33.5,33.3,14.409997503546021,32.36,0.8406842451243346,31.674999999999997,1.0581931427042492,31.805999999999997,1.6585166719166509,26.989250000000002,5.927420900371013,1,1,0,0.6499999999999986
2024-09-05,33.8,0.000136,15.0,40.0,33.3,34.4,33.1,12.058737851357439,32.85,0.8185352771873787,32.00416666666667,1.0532327579495437,31.855999999999998,1.6804894816583165,27.077999999999996,5.8956048700641315,1,1,0,1.1000000000000014
2024-09-06,33.7,-6.7e-05,15.0,40.0,33.1,34.0,33.8,13.071913937397815,33.239999999999995,0.5983310120662106,32.32083333333333,0.9267387425610527,31.905,1.6980856568395533,27.16175,5.869923718397306,1,1,0,0.8999999999999986
2024-09-09,34.95,3.4e-05,15.0,40.0,34.0,35.45,33.7,14.937514125049738,33.77,0.7190271204899822,32.54583333333333,1.1964831673245748,31.976999999999997,1.7496124935413622,27.24425,5.862814375323656,1,1,0,1.4500000000000028
2024-09-10,34.85,0.000202,15.0,40.0,34.3,35.5,34.95,11.484536278461452,34.08,0.7957700672933599,32.7875,1.3484207935054453,32.044,1.7945393360348507,27.322999999999997,5.858646575660342,1,1,0,1.2000000000000028
2024-09-11,34.5,9.9e-05,15.0,40.0,34.05,34.8,34.85,14.425548375131681,34.36,0.5824517147369778,33.025,1.3804643487523227,32.1,1.826980334558118,27.39875,5.852979822407701,1,1,0,0.75
2024-09-12,33.9,-0.000196,15.0,40.0,33.0,34.4,34.5,12.506551242106323,34.379999999999995,0.5596874127582673,33.225,1.3115743489111644,32.146,1.8430188190444146,27.467000000000002,5.848784265720423,1,1,0,1.3999999999999986
2024-09-13,32.4,0.0002,15.0,40.0,32.0,33.0,33.9,14.932388672739275,34.12,1.045585960120009,33.324999999999996,1.182543483726337,32.154,1.8432402702530337,27.526749999999996,5.837768808441124,1,1,0,1.0
2024-09-16,32.9,9.8e-05,15.0,40.0,32.5,33.4,32.4,12.067965083912192,33.709999999999994,1.0406728592598802,33.454166666666666,1.0207969999692015,32.143,1.8369787196185647,27.5875,5.830106729071592,1,1,0,0.8999999999999986
2024-09-17,32.8,-9.7e-05,15.0,40.0,32.5,33.5,32.9,11.321777065973317,33.3,0.8689073598492446,33.541666666666664,0.8991999811250353,32.121,1.8220332329696285,27.649749999999997,5.818896823169963,1,1,0,1.0
2024-09-18,33.0,-3.3e-05,15.0,40.0,32.55,33.5,32.8,14.541415786648852,33.0,0.5522680508595615,33.6,0.8314827937836881,32.068999999999996,1.7566459808526529,27.715249999999997,5.804936812272494,1,1,0,0.9500000000000028
2024-09-19,33.35,-3.3e-05,15.0,40.0,33.0,33.9,33.0,12.333590367227897,32.89,0.34351128074669135,33.604166666666664,0.8299666842496692,32.038000000000004,1.718938922828016,27.7835,5.79045113716222,1,1,0,0.8999999999999986
2024-09-20,33.85,-0.000132,15.0,40.0,33.5,34.25,33.35,14.631495090687128,33.18,0.4280770958603154,33.666666666666664,0.8166821272468417,32.032,1.7119257565453436,27.85775,5.772437318889347,1,1,0,0.75
2024-09-23,33.75,0.0,15.0,40.0,33.6,34.5,33.85,14.308620786648618,33.35,0.4568916720626264,33.6625,0.8160673434745668,32.014,1.6884070502553366,27.931000000000004,5.753667303310977,1,1,0,0.8999999999999986
2024-09-24,34.85,0.0,15.0,40.0,34.05,35.35,33.75,12.321189908948735,33.76,0.6967783004658935,33.75833333333333,0.8854463007489136,32.027,1.7079708093873467,28.009,5.741118900629007,1,1,0,1.3000000000000043
2024-09-25,35.3,6.7e-05,15.0,40.0,34.9,35.9,34.85,13.156766736486944,34.220000000000006,0.8182297965731201,33.7875,0.9327683625512915,32.044000000000004,1.7365706294376233,28.089250000000003,5.730233399396711,1,1,0,1.0
2024-09-26,35.15,-3.3e-05,15.0,40.0,35.0,35.5,35.3,14.406791665738389,34.58,0.7310950690574061,33.8125,0.9672183639857016,32.061,1.7630646439596245,28.168499999999998,5.717656049774361,1,1,0,0.5
2024-09-27,35.0,0.0,15.0,40.0,34.55,35.2,35.15,12.994532278619134,34.81,0.6158327695081107,33.854166666666664,1.0093783715557483,32.080999999999996,1.7909605791092462,28.247,5.703042122169528,1,1,0,0.6500000000000057
2024-09-30,34.7,-3.3e-05,15.0,40.0,34.0,35.0,35.0,13.447342679685468,35.0,0.23717082451264473,33.920833333333334,1.03867449037924,32.106,1.8189658420923762,28.324,5.68557188312615,1,1,0,1.0
2024-10-01,34.65,0.0,15.0,40.0,34.0,35.0,34.7,11.705205603408396,34.96,0.28151376520520854,34.108333333333334,0.9373156384354168,32.143,1.8518884459738563,28.401,5.666313576545366,1,1,0,1.0
2024-10-02,35.05,0.0,15.75,40.0,34.7,35.4,34.65,14.926545695848993,34.91,0.22192341021176615,34.2875,0.8896181509729584,32.189,1.8953296520132938,28.480750000000004,5.646960042902221,1,1,0,0.6999999999999957
2024-10-03,35.25,0.0,15.75,40.0,35.0,35.5,35.05,13.023428837534802,34.92999999999999,0.25149552679922116,34.49166666666667,0.7931047544368657,32.251999999999995,1.9440374565984964,28.561500000000002,5.627580837305278,1,1,0,0.5
2024-10-04,35.2,0.0,15.75,40.0,35.1,35.35,35.25,11.288543647320601,34.97,0.2797320146140098,34.675000000000004,0.6600619805572318,32.32,1.9868958457970762,28.641,5.608363191560059,1,1,0,0.25
2024-10-07,35.3,-3.3e-05,15.75,40.0,35.2,35.5,35.2,11.11395422597838,35.089999999999996,0.26315394733880904,34.8375,0.5317744737240614,32.391999999999996,2.0287565307915396,28.719250000000002,5.591438802033686,1,1,0,0.29999999999999716
2024-10-08,35.45,-3.3e-05,15.75,40.0,35.25,35.85,35.3,12.818825598307294,35.25,0.1457737973710471,34.97083333333334,0.4569952920601984,32.477000000000004,2.0664770869828697,28.7905,5.585930796592906,1,1,0,0.6000000000000014
2024-10-09,36.25,6.7e-05,15.0,39.0,35.55,37.0,35.45,14.468773325170678,35.49,0.43502873468305814,35.17916666666667,0.418035629910175,32.592000000000006,2.1136668978594506,28.862,5.589451299470202,1,1,0,1.4500000000000028
2024-10-11,36.65,0.0002,15.0,39.0,36.0,37.0,36.25,13.537780136496803,35.77,0.6428452379849323,35.329166666666666,0.5805398480269984,32.712999999999994,2.169731714818774,28.936,5.594119669293393,1,1,0,1.0
2024-10-14,36.5,0.000131,15.0,39.0,36.0,36.75,36.65,12.76939868481975,36.029999999999994,0.617049430758891,35.42916666666667,0.6713142921043999,32.827,2.216409350315939,29.010249999999996,5.595478472318,1,1,0,0.75
2024-10-15,36.5,-9.7e-05,15.0,39.0,36.2,36.9,36.5,12.21255657932543,36.27,0.48036444497885117,35.541666666666664,0.7307634032373055,32.948,2.2488990503755653,29.082749999999997,5.5981278221445265,1,1,0,0.6999999999999957
2024-10-16,36.8,0.00013,15.0,39.0,36.6,37.05,36.5,13.582191662983412,36.54,0.20432816741654944,35.69166666666667,0.7916706538948679,33.084,2.2724714587023525,29.157249999999998,5.601203203252303,1,1,0,0.44999999999999574
2024-10-17,38.25,0.0,15.0,39.95,36.6,38.9,36.8,15.861498852637286,36.94,0.7427987614419919,35.987500000000004,1.0182705927188884,33.259,2.3270961584379637,29.23875,5.614378162205002,1,1,0,2.299999999999997
2024-10-18,39.05,0.0001929999999999,15.0,40.0,38.6,39.95,38.25,13.51764480743598,37.42,1.1643667807008662,36.354166666666664,1.2570633768150357,33.444,2.4126080392440077,29.32,5.638262143604461,1,1,0,1.3500000000000014
2024-10-22,39.05,0.0,15.0,40.0,38.5,40.0,39.05,13.065371773180294,37.93,1.2178875153312154,36.6875,1.401804843114153,33.625,2.4872788590050194,29.401750000000003,5.6602829836305,1,1,0,1.5
2024-10-23,37.95,0.000189,15.0,40.0,36.6,39.0,39.05,13.749158126018084,38.21999999999999,0.9311283477585733,36.9125,1.3663363421927293,33.784,2.5048613958159773,29.47875,5.671343015149099,1,1,0,2.3999999999999986
2024-10-24,37.55,0.0,15.0,40.0,36.7,38.0,37.95,12.091789104493502,38.37,0.6685805860175672,37.10833333333333,1.2630830486850446,33.936,2.498040865011922,29.55375,5.67843256714395,1,1,0,1.2999999999999972
2024-10-25,37.55,0.000217,15.0,40.0,37.2,38.0,37.55,13.536459134086739,38.23,0.7661592523748626,37.295833333333334,1.1302570772186675,34.089,2.4800076119048877,29.631500000000003,5.680941668527238,1,1,0,0.7999999999999972
2024-10-28,38.6,0.000152,15.0,40.0,37.7,39.0,37.55,13.801615466764753,38.14,0.6655824516914635,37.55833333333333,1.0233264238227928,34.274,2.4642389229520387,29.714499999999997,5.690140882819565,1,1,0,1.2999999999999972
2024-10-29,38.95,0.000388,15.0,40.0,38.15,39.05,38.6,14.377010854811106,38.12,0.6320601237221224,37.78333333333333,1.0061929449272389,34.455999999999996,2.4668752439861543,29.7995,5.700535525403279,1,1,0,0.8999999999999986
2024-10-30,38.3,-2.9e-05,15.0,40.0,38.15,39.05,38.95,12.348010479804223,38.19,0.6278933030377212,37.920833333333334,0.9483138944576465,34.634,2.4151612951595123,29.881,5.7049845084109485,1,1,0,0.8999999999999986
2024-10-31,38.5,-0.000346,15.0,40.0,38.15,38.9,38.3,13.34101847064464,38.38,0.5203364296295284,38.0875,0.846147687515714,34.807,2.374954564550092,29.96375,5.70939439514379,1,1,0,0.75
2024-11-04,37.55,-3e-05,15.0,40.0,37.5,38.5,38.5,12.669180679712905,38.38,0.5203364296295284,38.175,0.7104735936472651,34.96,2.2975363913095133,30.044,5.702625596466082,1,1,0,1.0
2024-11-05,38.4,-0.00015,15.0,40.0,38.0,39.0,37.55,15.157043142554878,38.339999999999996,0.5067050424059425,38.30833333333333,0.564008918904186,35.083,2.3140566465125785,30.130249999999997,5.697879129145731,1,1,0,1.0
2024-11-06,38.5,-6.099999999999999e-05,15.0,40.0,38.05,39.0,38.4,12.375397611328344,38.25,0.39999999999951763,38.329166666666666,0.5662710294419971,35.214,2.318471523242266,30.21575,5.694515075688087,1,1,0,0.9500000000000028
2024-11-07,38.45,-0.000398,15.75,40.0,38.1,38.85,38.5,11.256754979390998,38.279999999999994,0.4101828860394003,38.27916666666666,0.5215616120353437,35.35,2.3045429844875023,30.299500000000002,5.6918150481824545,1,1,0,0.75
2024-11-08,39.0,-3.2e-05,15.75,40.0,38.5,39.5,38.45,14.34942809925743,38.379999999999995,0.5227332015470247,38.275,0.5150022065240708,35.5,2.2928905204520946,30.3865,5.691154447449677,1,1,0,1.0
2024-11-11,39.15,-0.00016,16.05,40.0,39.0,40.0,39.0,11.812296455066814,38.7,0.3482097069289855,38.375,0.560640867058074,35.659,2.264087192740163,30.476999999999997,5.685850020204884,1,1,0,1.0
2024-11-12,39.35,-6.500000000000001e-05,16.05,40.0,39.0,39.5,39.15,12.036475785297062,38.89,0.39906139878413716,38.525,0.5606408670581529,35.819,2.2358601047844426,30.569000000000003,5.679781119712425,1,1,0,0.5
2024-11-13,39.4,0.0,16.05,40.0,39.05,40.0,39.35,13.865919411349163,39.07,0.381772183375813,38.67916666666667,0.521125675528078,35.972,2.213367551576266,30.6635,5.668629424097255,1,1,0,0.9500000000000028
2024-11-14,39.55,-3.3e-05,16.8,40.0,39.2,40.0,39.4,13.958658933808607,39.29,0.2162174831032784,38.75833333333333,0.5771534116712237,36.117,2.2053647483971197,30.75925,5.656114842634277,1,1,0,0.7999999999999972
2024-11-15,39.1,-6.6e-05,18.5,40.0,39.0,39.35,39.55,11.404237196256764,39.309999999999995,0.1850675552319055,38.770833333333336,0.5832738064845817,36.233,2.2067061518968893,30.854499999999998,5.63522702899751,1,1,0,0.3500000000000014
2024-11-18,39.35,-9.9e-05,18.5,40.0,39.0,39.9,39.1,14.464236043683165,39.35,0.1620185174586882,38.85833333333333,0.5849760419835175,36.358000000000004,2.2026273736022555,30.95125,5.613999992615583,1,1,0,0.8999999999999986
2024-11-19,39.25,-6.7e-05,18.5,40.0,39.0,39.75,39.35,12.692198731681815,39.33,0.16807736313826635,38.92083333333333,0.5832738064846588,36.467000000000006,2.2083008982351124,31.046999999999997,5.591256724457952,1,1,0,0.75
2024-11-20,39.15,-6.7e-05,18.5,41.0,37.6,39.4,39.25,13.940645171099543,39.28,0.17888543819863142,39.05416666666667,0.3933875797183201,36.576,2.2034351659659386,31.14225,5.566038209015758,1,1,0,1.7999999999999972
2024-11-21,39.3,6.8e-05,18.5,41.0,37.55,41.0,39.15,14.317497838389754,39.23,0.10368220676432552,39.12916666666666,0.3394235309038372,36.663000000000004,2.2237082927919367,31.236749999999997,5.543134822082275,1,1,0,3.450000000000003
2024-11-22,39.05,0.0,18.5,41.0,38.0,40.0,39.3,12.392141339694389,39.22,0.12041594578593592,39.175,0.27838821813776926,36.747,2.2331320094055322,31.33,5.516724230116812,1,1,0,2.0
2024-11-25,39.2,-3.4e-05,18.5,41.0,38.0,39.45,39.05,12.593037677653752,39.19,0.09617692030587933,39.237500000000004,0.1597227711828322,36.841,2.235536049491129,31.425,5.487615110227034,1,1,0,1.4500000000000028
2024-11-26,38.1,-0.000135,18.5,41.0,38.0,39.6,39.2,12.750722717999489,38.96,0.48913188405535235,39.1625,0.3631459761554771,36.925,2.2014199962757988,31.513250000000003,5.452037278848322,1,1,0,1.6000000000000014
2024-11-27,38.35,-0.000171,18.5,41.0,38.0,38.9,38.1,11.659628479662329,38.8,0.5396758286226563,39.09583333333334,0.4324656230839507,37.044,2.110775077684573,31.604249999999997,5.413169724833248,1,1,0,0.8999999999999986
2024-11-28,38.5,0.0,18.5,41.0,38.4,39.0,38.35,12.538612159123673,38.64,0.4682413907372609,39.025,0.45602033447246426,37.156,2.033561267474935,31.697,5.371237470062273,1,1,0,0.6000000000000014
2024-11-29,38.4,0.000417,18.5,41.0,38.0,39.0,38.5,12.00762780434872,38.510000000000005,0.4129164564407362,38.94166666666667,0.4723410426840377,37.268,1.940854009377591,31.793000000000003,5.318073951419418,1,1,0,1.0
2024-12-02,38.0,0.000233,18.5,41.0,37.75,38.5,38.4,11.989786776470444,38.27,0.2109502310963163,38.8125,0.5018714974948327,37.368,1.842795126310508,31.88775,5.258373311865234,1,1,0,0.75
2024-12-03,38.15,-6.500000000000001e-05,18.5,41.0,38.0,38.5,38.0,11.648338835562747,38.279999999999994,0.20186629238084505,38.73333333333333,0.5267107768233914,37.464,1.7519971111716246,31.9835,5.1965080805438575,1,1,0,0.5
2024-12-04,37.9,9.8e-05,18.5,41.0,37.0,38.5,38.15,11.394153190178114,38.19,0.25592967784060267,38.612500000000004,0.5385692324849266,37.545,1.6733581657920906,32.078,5.1306465156297305,1,1,0,1.5
2024-12-05,37.95,0.0003569999999999,18.5,41.0,37.75,38.0,37.9,14.817832553340383,38.08,0.20186629238087692,38.50416666666667,0.5293470821028974,37.629,1.581883725958265,32.1685,5.0731837852175925,1,1,0,0.25
2024-12-06,37.95,0.0001879999999999,18.5,41.0,37.75,38.1,37.95,11.05407540279458,37.989999999999995,0.09617692030631947,38.40416666666666,0.5092143383897386,37.691,1.5306624549596177,32.25775,5.016498151702226,1,1,0,0.3500000000000014
2024-12-09,37.9,0.000185,18.5,41.0,37.05,38.5,37.95,12.056998226329707,37.97,0.10368220676475702,38.2875,0.4411374759920747,37.742999999999995,1.4914384920313593,32.34675,4.957267335405165,1,1,0,1.4500000000000028
2024-12-10,39.25,0.000634,18.5,41.0,38.3,39.5,37.9,12.15214958053555,38.19,0.5930851540880046,38.30416666666667,0.4750398707322096,37.825,1.4583066081136158,32.44275,4.90355577450384,1,1,0,1.2000000000000028
2024-12-11,39.25,-0.000341,18.5,41.0,39.0,40.0,39.25,14.955520995144047,38.46,0.7214568594168106,38.30833333333334,0.4837511255930569,37.91,1.4134557449243457,32.53825,4.848628199251251,1,1,0,1.0
2024-12-13,39.5,0.0,18.5,41.0,39.1,40.0,39.25,14.26013291567349,38.769999999999996,0.7782994282405319,38.425000000000004,0.5867863169976368,38.006,1.3526859146438688,32.63325,4.7974403704519055,1,1,0,0.8999999999999986
2024-12-16,39.5,5.9e-05,18.5,41.0,39.1,39.95,39.5,13.954664489451313,39.08,0.6713791775140997,38.520833333333336,0.6624535432520723,38.102999999999994,1.2790067096257591,32.72875,4.742487943789251,1,1,0,0.8500000000000014
2024-12-17,39.55,8.800000000000001e-05,18.5,41.0,39.3,39.9,39.5,11.990407312509369,39.410000000000004,0.1474788120357451,38.60833333333333,0.7257702282678765,38.193000000000005,1.2165948632255734,32.82475,4.684626834701291,1,1,0,0.6000000000000014
2024-12-18,39.6,0.0002029999999999,18.5,41.0,39.4,39.85,39.55,14.152483383555634,39.480000000000004,0.1350925608590943,38.708333333333336,0.7754275458000714,38.28,1.1558634902814373,32.92025,4.626437295342938,1,1,0,0.45000000000000284
2024-12-19,39.55,0.0,18.5,41.0,39.25,39.7,39.6,11.173262142245258,39.54,0.041833001320273955,38.8375,0.7758060324576767,38.367,1.0805615509115631,33.014500000000005,4.567870615483798,1,1,0,0.45000000000000284
2024-12-20,39.65,0.0,18.5,41.0,39.5,39.95,39.55,13.496270392687446,39.57,0.057008771250209936,38.9625,0.7758060324577255,38.454,1.0007568564424252,33.106750000000005,4.514058657719008,1,1,0,0.45000000000000284
2024-12-23,39.5,-5.7e-05,18.5,41.0,39.25,39.95,39.65,13.95761844211714,39.57,0.057008771250209936,39.09583333333333,0.7114193026902647,38.535,0.9126799515053198,33.19675,4.4606066849127926,1,1,0,0.7000000000000028
2024-12-24,39.55,-0.000171,18.5,42.5,39.3,39.95,39.5,12.180247016318816,39.57000000000001,0.057008771250209936,39.229166666666664,0.6213834759956075,38.601,0.8619798046796925,33.28725,4.404340588282103,1,1,0,0.6500000000000057
2024-12-27,39.95,-5.8e-05,18.5,41.0,39.6,40.0,39.55,11.402005077384885,39.64,0.18165902124433975,39.395833333333336,0.5042809161789736,38.667,0.8354767672254982,33.381750000000004,4.342787521255793,1,1,0,0.3999999999999986
2024-12-30,40.0,2.9e-05,18.5,42.5,39.9,40.5,39.95,13.774272852048009,39.730000000000004,0.23075961518307786,39.57083333333333,0.22508415934056356,38.737,0.7958957218141758,33.478,4.274199916314658,1,1,0,0.6000000000000014
2024-12-31,41.6,-5.8e-05,18.5,42.8,40.0,42.5,40.0,11.82628259408539,40.12,0.8577587073294006,39.766666666666666,0.6113819418221049,38.839,0.8294508879447082,33.5825,4.215306965580492,1,1,1,2.5
