Day Price,12m Low,12m High,Day Low,Day High,Previous,Volume_log,MA_5,STD_5,MA_12,STD_12,MA_50,STD_50,MA_200,STD_200,MA_5_vs_MA_50,MA_12_vs_MA_200,HighVol_5_vs_50,Daily_Range
5.15,23.5,33.5,5.1,5.25,5.1,15.796856932861175,5.125,0.03535533905932788,5.125,0.03535533905932788,5.125,0.03535533905932788,5.125,0.03535533905932788,0,0,0,0.15000000000000036
5.25,23.5,33.5,5.15,5.35,5.15,15.232794978142241,5.166666666666667,0.07637626158259733,5.166666666666667,0.07637626158259733,5.166666666666667,0.07637626158259733,5.166666666666667,0.07637626158259733,0,0,0,0.1999999999999993
5.35,23.5,33.5,5.2,5.45,5.25,15.226156253933716,5.2125,0.11086778913041694,5.2125,0.11086778913041694,5.2125,0.11086778913041694,5.2125,0.11086778913041694,0,0,0,0.25
5.6,23.5,33.5,5.4,5.85,5.35,16.21330591668049,5.29,0.19811612756158914,5.29,0.19811612756158914,5.29,0.19811612756158914,5.29,0.19811612756158914,0,0,0,0.4499999999999993
5.8,23.5,33.5,5.5,6.0,5.6,16.432366171913703,5.430000000000001,0.2659887215654071,5.375,0.27340446228984605,5.375,0.27340446228984605,5.375,0.27340446228984605,1,0,0,0.5
5.6,23.5,33.5,5.55,5.8,5.8,15.716154476496124,5.52,0.21965882636488693,5.4071428571428575,0.2636736799982307,5.4071428571428575,0.2636736799982307,5.4071428571428575,0.2636736799982307,1,0,0,0.25
5.6,23.5,33.5,5.6,5.7,5.6,15.3064804251765,5.59,0.15968719422671152,5.4312499999999995,0.2534582242275268,5.4312499999999995,0.2534582242275268,5.4312499999999995,0.2534582242275268,1,0,0,0.10000000000000053
5.6,23.5,33.5,5.6,5.7,5.6,16.209489170653384,5.64,0.08944271909998848,5.449999999999999,0.24366985862022372,5.449999999999999,0.24366985862022372,5.449999999999999,0.24366985862022372,1,0,0,0.10000000000000053
5.65,23.5,33.5,5.55,5.8,5.6,16.27409898499004,5.65,0.08660254037844055,5.47,0.2382808800088199,5.47,0.2382808800088199,5.47,0.2382808800088199,1,0,0,0.25
5.75,23.5,33.5,5.65,5.85,5.65,16.027328247104826,5.64,0.06519202405202223,5.495454545454545,0.24130327956178413,5.495454545454545,0.24130327956178413,5.495454545454545,0.24130327956178413,1,0,0,0.1999999999999993
5.75,23.5,33.5,5.7,5.8,5.75,16.582615584691474,5.67,0.0758287544405117,5.516666666666667,0.24152294576982355,5.516666666666667,0.24152294576982355,5.516666666666667,0.24152294576982355,1,0,0,0.09999999999999964
5.75,23.5,33.5,5.75,5.8,5.75,16.403184438752252,5.7,0.07071067811865055,5.570833333333333,0.21047385211527367,5.5346153846153845,0.24012550137429428,5.5346153846153845,0.24012550137429428,1,1,0,0.04999999999999982
5.75,23.5,33.5,5.5,5.8,5.75,17.60025006340275,5.73,0.044721359549988654,5.620833333333334,0.16849377292692774,5.55,0.23777817717036465,5.55,0.23777817717036465,1,1,0,0.2999999999999998
5.65,23.5,33.5,5.55,5.75,5.75,16.275441307122968,5.7299999999999995,0.04472135954999574,5.654166666666666,0.12146517146403472,5.556666666666667,0.2305789814069497,5.556666666666667,0.2305789814069497,1,1,0,0.20000000000000018
5.6,23.5,33.5,5.5,5.75,5.65,16.552718251020362,5.7,0.07071067811865503,5.675,0.07833494518006,5.559375,0.2230237281845435,5.559375,0.2230237281845435,1,1,0,0.25
5.6,23.5,33.5,5.5,5.7,5.6,16.18665118682799,5.67,0.07582875444051587,5.675000000000001,0.07833494518006,5.561764705882353,0.21616646635514583,5.561764705882353,0.21616646635514583,1,1,0,0.20000000000000018
5.55,23.5,33.5,5.35,5.65,5.6,15.995916830480866,5.63,0.07582875444051598,5.654166666666666,0.07525210155124099,5.561111111111111,0.2097306084113022,5.561111111111111,0.2097306084113022,1,1,0,0.3000000000000007
5.4,23.5,33.5,5.25,5.6,5.55,17.046844497259272,5.56,0.09617692030835669,5.637499999999999,0.104718236668255,5.552631578947368,0.20714573788795665,5.552631578947368,0.20714573788795665,1,1,0,0.34999999999999964
5.3,23.5,33.5,5.2,5.4,5.4,16.170384544572443,5.49,0.13416407864998708,5.612500000000001,0.14321788867443688,5.54,0.2093850645656413,5.54,0.2093850645656413,0,1,0,0.20000000000000018
5.3,23.5,33.5,5.25,5.5,5.3,16.72843176630992,5.43,0.139642400437689,5.5874999999999995,0.1693906190383098,5.5285714285714285,0.21069612512539726,5.5285714285714285,0.21069612512539726,0,1,0,0.25
5.45,23.5,33.5,5.3,5.5,5.3,15.11556624348391,5.4,0.10606601717798164,5.570833333333334,0.17249286326914512,5.5249999999999995,0.20629959721124938,5.5249999999999995,0.20629959721124938,0,1,0,0.20000000000000018
5.5,23.5,33.5,5.4,5.55,5.45,18.52353242411264,5.39,0.08944271909999112,5.550000000000001,0.16376257758774476,5.52391304347826,0.2016238426204684,5.52391304347826,0.2016238426204684,0,1,0,0.14999999999999947
5.45,23.5,33.5,5.35,5.55,5.5,14.870484737804032,5.4,0.09354143466934829,5.5249999999999995,0.15300029708824572,5.520833333333333,0.1977683464070518,5.520833333333333,0.1977683464070518,0,1,0,0.20000000000000018
5.4,23.5,33.5,5.35,5.6,5.45,17.150500506629864,5.42,0.07582875444051558,5.495833333333334,0.13892171329293088,5.516,0.1951068083554918,5.516,0.1951068083554918,0,0,0,0.25
5.4,23.5,33.5,5.4,5.5,5.4,15.054841143149305,5.44,0.04183300132670477,5.466666666666668,0.1154700538379304,5.511538461538462,0.19251373577368033,5.511538461538462,0.19251373577368033,0,0,0,0.09999999999999964
5.4,23.5,33.5,5.4,5.5,5.4,17.4064436380653,5.430000000000001,0.04472135954999605,5.445833333333333,0.10103629710819159,5.507407407407407,0.1899917527074953,5.507407407407407,0.1899917527074953,0,0,0,0.09999999999999964
5.55,23.5,33.5,5.5,5.6,5.4,16.71013442946505,5.44,0.06519202405202676,5.441666666666666,0.09494815172057322,5.508928571428571,0.18661386724928938,5.508928571428571,0.18661386724928938,0,0,0,0.09999999999999964
5.65,23.5,33.5,5.55,5.7,5.55,16.05167813895589,5.4799999999999995,0.11510864433221428,5.445833333333334,0.10326121628123623,5.513793103448276,0.18511413068512705,5.513793103448276,0.18511413068512705,0,0,0,0.15000000000000036
5.65,23.5,33.5,5.65,5.75,5.65,17.056773940824552,5.53,0.12549900398011304,5.454166666666667,0.1157158222334046,5.5183333333333335,0.1835865544872655,5.5183333333333335,0.1835865544872655,1,0,0,0.09999999999999964
5.7,23.5,33.5,5.55,5.75,5.65,16.855369806568735,5.59,0.11937336386313602,5.479166666666667,0.13392388159177268,5.524193548387097,0.1834261739510546,5.524193548387097,0.1834261739510546,1,0,0,0.20000000000000018
5.6,23.5,33.5,5.55,5.65,5.7,15.396796084689285,5.63,0.057008771254964154,5.504166666666666,0.12515142343529123,5.5265625,0.18094036399482732,5.5265625,0.18094036399482732,1,0,0,0.10000000000000053
5.55,23.5,33.5,5.55,5.65,5.6,14.374898319903746,5.63,0.057008771254964154,5.525000000000001,0.10766108438479347,5.527272727272727,0.17813745969181918,5.527272727272727,0.17813745969181918,1,0,0,0.10000000000000053
5.55,23.5,33.5,5.55,5.75,5.55,16.506258670815065,5.61,0.06519202405203231,5.533333333333334,0.10516941599441582,5.527941176470588,0.17546094120767455,5.527941176470588,0.17546094120767455,1,1,0,0.20000000000000018
5.65,23.5,33.5,5.6,5.7,5.55,15.889864303732766,5.609999999999999,0.06519202405203231,5.545833333333333,0.10966546927595491,5.531428571428571,0.1740882612041248,5.531428571428571,0.1740882612041248,1,1,0,0.10000000000000053
5.7,23.5,33.5,5.65,5.8,5.65,17.947526572957873,5.61,0.06519202405203231,5.566666666666666,0.1134847473398423,5.536111111111111,0.1738682223126431,5.536111111111111,0.1738682223126431,1,1,0,0.14999999999999947
5.7,23.5,33.5,5.65,5.75,5.7,16.52984106327293,5.630000000000001,0.0758287544405211,5.591666666666666,0.10624442944398735,5.54054054054054,0.17354067640287196,5.54054054054054,0.17354067640287196,1,1,0,0.09999999999999964
5.65,23.5,33.5,5.65,5.75,5.7,15.96521261732801,5.65,0.06123724356958709,5.612500000000001,0.08822749519900394,5.5434210526315795,0.17209796574938993,5.5434210526315795,0.17209796574938993,1,1,0,0.09999999999999964
5.65,23.5,33.5,5.65,5.7,5.65,14.025204872386476,5.67,0.027386127875276438,5.633333333333333,0.05773502691895481,5.546153846153847,0.17067382533906714,5.546153846153847,0.17067382533906714,1,1,0,0.04999999999999982
5.65,23.5,33.5,5.65,5.75,5.65,15.099024682751722,5.67,0.027386127875276438,5.641666666666667,0.05149286505443401,5.54875,0.16926973618973812,5.54875,0.16926973618973812,1,1,0,0.09999999999999964
5.7,23.5,33.5,5.7,5.8,5.65,15.899155876380322,5.67,0.027386127875276438,5.645833333333333,0.054181233472531884,5.552439024390244,0.16880136977828214,5.552439024390244,0.16880136977828214,1,1,0,0.09999999999999964
5.75,23.5,33.5,5.75,5.8,5.7,15.297410737001417,5.680000000000001,0.04472135955000741,5.654166666666668,0.062005620468597984,5.557142857142857,0.16949402053322005,5.557142857142857,0.16949402053322005,1,1,0,0.04999999999999982
5.8,23.5,33.5,5.75,5.9,5.75,15.724208409933556,5.709999999999999,0.06519202405203559,5.6625000000000005,0.07423855895936012,5.562790697674418,0.17151045478886276,5.562790697674418,0.17151045478886276,1,1,0,0.15000000000000036
5.95,23.5,33.5,5.85,6.0,5.8,16.40051145593359,5.7700000000000005,0.11510864433221969,5.691666666666666,0.108362466945076,5.571590909090909,0.17927428876754112,5.571590909090909,0.17927428876754112,1,1,0,0.15000000000000036
5.9,23.5,33.5,5.9,6.0,5.95,16.995404402780178,5.82,0.10368220676664668,5.720833333333334,0.11373480584501904,5.578888888888889,0.1838628716069545,5.578888888888889,0.1838628716069545,1,1,0,0.09999999999999964
5.95,23.5,33.5,5.8,6.0,5.9,16.952117241827967,5.87,0.0908295106229352,5.754166666666667,0.11766349038548331,5.586956521739131,0.18986392279404696,5.586956521739131,0.18986392279404696,1,1,0,0.20000000000000018
5.95,23.5,33.5,5.9,6.1,5.95,14.828855765655373,5.91,0.06519202405204244,5.779166666666666,0.12515142343527816,5.5946808510638295,0.19511257691093367,5.5946808510638295,0.19511257691093367,1,1,0,0.1999999999999993
6.15,23.5,33.5,6.0,6.5,5.95,16.12177895924226,5.9799999999999995,0.09746794344810172,5.816666666666667,0.16143297699232084,5.60625,0.20900600622541377,5.60625,0.20900600622541377,1,1,0,0.5
6.25,23.5,33.5,6.15,6.35,6.15,17.01798871288406,6.04,0.1516575088810396,5.862500000000001,0.19900319778151648,5.619387755102041,0.22634236754734757,5.619387755102041,0.22634236754734757,1,1,0,0.1999999999999993
6.25,23.5,33.5,6.25,6.35,6.25,16.260445632772793,6.11,0.15165750888104085,5.9125000000000005,0.21545406597567532,5.632000000000001,0.241119836409624,5.632000000000001,0.241119836409624,1,1,0,0.09999999999999964
6.3,23.5,33.5,6.25,6.4,6.25,17.15076758304319,6.180000000000001,0.13964240043770174,5.966666666666668,0.22495790852080777,5.655999999999999,0.24674203665581776,5.645098039215686,0.25636983090074805,1,1,0,0.15000000000000036
6.1,23.5,33.5,5.9,6.35,6.3,14.917783139579392,6.209999999999999,0.08215838362579753,6.004166666666666,0.20389205403096214,5.675,0.24353895887474666,5.653846153846154,0.2615650771658172,1,1,0,0.4499999999999993
5.95,23.5,33.5,5.8,6.1,6.1,16.737214140837068,6.17,0.14404860290889118,6.0249999999999995,0.18153386861558457,5.689,0.23868047123076147,5.659433962264151,0.26221259060261903,1,1,0,0.2999999999999998
5.95,23.5,33.5,5.9,6.0,5.95,15.694609280980043,6.11,0.16355427233797049,6.041666666666667,0.1621353717973763,5.700999999999999,0.2363605858230424,5.6648148148148145,0.2627197426395783,1,1,0,0.09999999999999964
5.95,23.5,33.5,5.85,6.0,5.95,16.182787379109097,6.05,0.15411035007423315,6.054166666666667,0.14687399258195508,5.708000000000001,0.23848159129743038,5.670000000000001,0.2631011634756143,1,1,0,0.15000000000000036
5.8,23.5,33.5,5.8,6.0,5.95,14.896230733141898,5.95,0.1060660171779924,6.041666666666667,0.1621353717973763,5.707999999999999,0.23848159129743038,5.672321428571428,0.2612765241615132,1,1,0,0.20000000000000018
5.8,23.5,33.5,5.8,5.9,5.8,14.933827756736093,5.89,0.08215838362578624,6.033333333333334,0.1723280873710507,5.712,0.23831037899070487,5.674561403508772,0.2594848617621247,1,1,0,0.10000000000000053
5.8,23.5,33.5,5.75,5.95,5.8,16.655541842248766,5.859999999999999,0.08215838362578524,6.020833333333333,0.1839692826797233,5.716,0.23807047490272215,5.676724137931035,0.2577254620581815,1,1,0,0.20000000000000018
5.8,23.5,33.5,5.6,5.85,5.8,14.354049203897448,5.83,0.06708203932500491,6.008333333333333,0.19403998338360648,5.72,0.23776167110133087,5.678813559322034,0.25599760738215577,1,1,0,0.25
5.95,23.5,33.5,5.8,6.0,5.8,16.01966672291055,5.83,0.06708203932500491,5.991666666666666,0.18929694485999676,5.726,0.23973624963228765,5.683333333333334,0.25622200825480235,1,1,0,0.20000000000000018
6.0,23.5,33.5,5.95,6.2,5.95,15.751485948902307,5.87,0.09746794344809866,5.970833333333332,0.17117021476950367,5.731,0.2428340325138513,5.688524590163935,0.25729254468777807,1,1,0,0.25
6.0,23.5,33.5,6.0,6.5,6.0,17.819904901756765,5.909999999999999,0.1024695076596058,5.949999999999999,0.1477097891751853,5.736000000000001,0.24578902517801435,5.693548387096774,0.2582227833035414,1,1,0,0.5
6.15,23.5,33.5,6.05,6.25,6.0,14.725501890217695,5.98,0.12549900398012143,5.9375,0.11894421916479735,5.744,0.25266740258001213,5.70079365079365,0.2625083813549916,1,1,0,0.20000000000000018
6.25,23.5,33.5,6.15,6.4,6.15,16.237069177698903,6.07,0.12549900398012426,5.95,0.14301938838682451,5.754,0.2626085781274513,5.709375,0.26931350115573777,1,1,0,0.25
6.3,23.5,33.5,6.25,6.4,6.25,16.00360480260137,6.14,0.13874436925512976,5.979166666666667,0.1751081916641088,5.7669999999999995,0.273228991200883,5.718461538461538,0.27706176414988365,1,1,0,0.15000000000000036
6.35,23.5,33.5,6.3,6.4,6.3,14.580792801486139,6.21,0.13874436925513148,6.012499999999999,0.20463381929679902,5.782,0.2842390485747743,5.7280303030303035,0.28570140247344067,1,1,0,0.10000000000000053
6.4,23.5,33.5,6.35,6.6,6.35,17.24486449704616,6.29,0.09617692030838185,6.05,0.23159525823375177,5.797999999999999,0.29605570352863597,5.738059701492537,0.29517451851697374,1,1,0,0.25
6.5,23.5,33.5,6.5,6.6,6.4,16.076262833228377,6.36,0.09617692030838434,6.108333333333333,0.25030284687056376,5.816999999999999,0.309972019803761,5.749264705882353,0.3071890670496544,1,1,0,0.09999999999999964
6.5,23.5,33.5,6.3,6.55,6.5,16.29968368879301,6.409999999999999,0.0894427191000227,6.166666666666667,0.2534608929251556,5.8389999999999995,0.3186851174460947,5.760144927536231,0.31803390844754365,1,1,0,0.25
6.4,23.5,33.5,6.35,6.5,6.5,15.548757932834311,6.43,0.06708203932503565,6.216666666666668,0.23290003057624656,5.861000000000001,0.3186851174460943,5.769285714285715,0.3248514551435811,1,1,0,0.15000000000000036
6.4,23.5,33.5,6.3,6.5,6.4,16.420434855912454,6.44,0.05477225575056804,6.266666666666667,0.19694638556691146,5.882999999999999,0.31713159568165056,5.778169014084507,0.3310947635567916,1,1,0,0.20000000000000018
6.45,23.5,33.5,6.45,6.6,6.4,17.386819169532277,6.45,0.05000000000005674,6.308333333333334,0.17559422921418752,5.903,0.32077870813355824,5.7875,0.33815468583075275,1,1,0,0.14999999999999947
6.55,23.5,33.5,6.55,6.65,6.45,17.366864969725682,6.459999999999999,0.06519202405207028,6.354166666666667,0.15877132402711794,5.9239999999999995,0.3281425772745831,5.7979452054794525,0.34745486878837684,1,1,0,0.10000000000000053
6.6,23.5,33.5,6.55,6.65,6.55,16.58808684262671,6.4799999999999995,0.09082951062295666,6.404166666666668,0.1287321626360708,5.947,0.3344825427859707,5.808783783783784,0.3574412594818996,1,1,0,0.10000000000000053
6.6,23.5,33.5,6.55,6.65,6.6,16.53536422329202,6.5200000000000005,0.09082951062295785,6.441666666666666,0.11247895426036258,5.971,0.337471087196925,5.819333333333333,0.3665851670276416,1,1,0,0.10000000000000053
6.6,23.5,33.5,6.6,6.7,6.6,16.393877268049582,6.56,0.06519202405207446,6.470833333333332,0.10326121628117696,5.995,0.33870250627224285,5.8296052631578945,0.3749824557299479,1,1,0,0.10000000000000053
6.6,23.5,33.5,6.6,6.7,6.6,16.48037493122568,6.589999999999999,0.022360679775141952,6.495833333333334,0.09404624909950374,6.019,0.33819599437639897,5.83961038961039,0.38271344769752935,1,1,0,0.10000000000000053
6.6,23.5,33.5,6.6,6.7,6.6,15.705152804120074,6.6,8.06999206286393e-08,6.516666666666667,0.08616404368546741,6.04,0.3410667538946606,5.8493589743589745,0.38984625588826977,1,1,0,0.10000000000000053
6.65,23.5,33.5,6.6,6.7,6.6,15.917838325602528,6.609999999999999,0.022360679775145477,6.5375000000000005,0.08561276455373926,6.06,0.34699879432831165,5.859493670886076,0.39767561427650683,1,1,0,0.10000000000000053
6.7,23.5,33.5,6.65,6.75,6.65,15.337297106842842,6.63,0.04472135955007126,6.554166666666667,0.09643257968254722,6.081,0.3533931729587784,5.87,0.40617075663358976,1,1,0,0.09999999999999964
6.8,23.5,33.5,6.7,6.95,6.7,16.238541892686666,6.67,0.08366600265344941,6.579166666666667,0.11766349038544266,6.103,0.3632913599920774,5.881481481481481,0.41664166591662044,1,1,0,0.25
7.0,23.5,33.5,6.85,7.1,6.8,16.93498589310444,6.75,0.1581138830084428,6.629166666666666,0.15588214273684542,6.130999999999999,0.3774092673769891,5.895121951219512,0.43209293668370363,1,1,0,0.25
7.05,23.5,33.5,7.0,7.2,7.0,17.24120219108112,6.840000000000001,0.17818529681207726,6.683333333333334,0.18006732747566903,6.1610000000000005,0.3897003034776938,5.909036144578313,0.44776848999103963,1,1,0,0.20000000000000018
7.05,23.5,33.5,7.05,7.15,7.05,17.305966542489287,6.92,0.16046806535883906,6.733333333333333,0.19227505550560625,6.191,0.39932212969643954,5.9226190476190474,0.4621456481616412,1,1,0,0.10000000000000053
7.1,23.5,33.5,7.1,7.2,7.05,16.89432404134202,7.0,0.1172603939956252,6.779166666666666,0.20939125332659814,6.22,0.41169138431397967,5.936470588235294,0.4768066042067002,1,1,0,0.10000000000000053
7.2,23.5,33.5,7.15,7.4,7.1,17.21665797171139,7.08,0.07582875444058124,6.829166666666666,0.23302197841454497,6.25,0.42737929433289457,5.9511627906976745,0.49318751619296863,1,1,0,0.25
7.15,23.5,33.5,7.1,7.25,7.2,17.225439739593416,7.109999999999999,0.06519202405210488,6.875,0.23788843832959802,6.279,0.43835150372311854,5.964942528735633,0.506877980737298,1,1,0,0.15000000000000036
6.95,23.5,33.5,6.8,7.15,7.15,14.569706270478054,7.090000000000001,0.09617692030840906,6.904166666666668,0.22203432713035176,6.305,0.4388354254298954,5.976136363636363,0.5147802383880906,1,1,0,0.35000000000000053
6.9,23.5,33.5,6.8,7.0,6.95,15.40094282679077,7.0600000000000005,0.1294217910554857,6.929166666666666,0.20052015692522968,6.33,0.43635783855145555,5.986516853932584,0.5211309840660262,1,1,0,0.20000000000000018
7.1,23.5,33.5,6.95,7.2,6.9,16.148634652259418,7.06,0.1294217910554857,6.970833333333334,0.17640131587493685,6.359,0.43842133308737846,5.998888888888889,0.5313211103909432,1,1,0,0.25
7.35,23.5,33.5,7.15,7.55,7.1,17.910701445285568,7.090000000000001,0.17818529681208273,7.029166666666666,0.17640131587493538,6.392,0.4497573041686509,6.013736263736264,0.5470154341752012,1,1,0,0.39999999999999947
7.25,23.5,33.5,7.2,7.3,7.35,15.995611695773393,7.110000000000001,0.19170289512683464,7.075,0.15300029708819207,6.422000000000001,0.45604332053443386,6.0271739130434785,0.5590618635035651,1,1,0,0.09999999999999964
7.15,23.5,33.5,7.1,7.25,7.25,15.650505267491218,7.15,0.16955824957816268,7.104166666666667,0.1269544179712078,6.449,0.458423429611006,6.039247311827957,0.5680750037725406,1,1,0,0.15000000000000036
7.0,23.5,33.5,7.0,7.15,7.15,14.421737811898332,7.17,0.13509256086110252,7.104166666666667,0.1269544179712078,6.47,0.45914739085679496,6.0494680851063825,0.5736365171510576,1,1,0,0.15000000000000036
7.05,23.5,33.5,7.0,7.2,7.0,16.478117059233966,7.159999999999999,0.14317821063280056,7.104166666666667,0.1269544179712078,6.492999999999999,0.4588150220838304,6.0600000000000005,0.5797376515984187,1,1,0,0.20000000000000018
7.1,23.5,33.5,7.05,7.2,7.05,16.98958987538941,7.109999999999999,0.09617692030840976,7.108333333333333,0.125830573921115,6.516,0.45986244615944094,6.070833333333333,0.5863655527088092,1,1,0,0.15000000000000036
7.05,23.5,33.5,7.0,7.1,7.1,16.141216394663488,7.07,0.05700877125504276,7.104166666666667,0.1269544179712078,6.538,0.45854250020012893,6.080927835051547,0.5917155187711723,1,1,0,0.09999999999999964
7.0,23.5,33.5,6.9,7.1,7.05,15.462745285674673,7.039999999999999,0.04183300132681672,7.0874999999999995,0.126356278399188,6.555,0.4596194077712441,6.09030612244898,0.5959337368575589,1,1,0,0.1999999999999993
6.95,23.5,33.5,6.65,7.05,7.0,15.23876370099869,7.029999999999999,0.05700877125503879,7.070833333333333,0.13048568945098657,6.569,0.46079899553460757,6.098989898989899,0.5991481962932182,1,1,0,0.39999999999999947
7.05,23.5,33.5,7.0,7.15,6.95,15.571470295802532,7.029999999999999,0.05700877125503879,7.079166666666666,0.12515142343522456,6.585,0.4633782340109329,6.1085,0.6036528117815039,1,1,0,0.15000000000000036
7.15,23.5,33.5,7.05,7.25,7.05,16.02525652558269,7.040000000000001,0.07416198487102058,7.1000000000000005,0.11281521496348192,6.602,0.4682751676664586,6.118811881188119,0.6095019066889161,1,1,0,0.20000000000000018
7.25,23.5,33.5,7.15,7.3,7.15,16.68907525404123,7.08,0.12041594578796419,7.1125,0.12083986398228251,6.625,0.47134739560851213,6.129901960784314,0.6167328402426285,1,1,0,0.14999999999999947
7.25,23.5,33.5,7.2,7.3,7.25,17.315394262326024,7.13,0.1303840481040932,7.104166666666667,0.10543919689758707,6.651,0.4692036240443106,6.140776699029126,0.6235472360055585,1,1,0,0.09999999999999964
7.15,23.5,33.5,7.15,7.25,7.25,17.34636980109586,7.17,0.08366600265347303,7.095833333333334,0.09643257968252417,6.675,0.4632681156077586,6.150480769230769,0.628354886751313,1,1,0,0.09999999999999964
7.1,23.5,33.5,7.05,7.2,7.15,18.066860307741443,7.18,0.06708203932507621,7.091666666666666,0.09494815172048106,6.6979999999999995,0.45501289508525516,6.15952380952381,0.6321550153008058,1,1,0,0.15000000000000036
7.1,23.5,33.5,7.05,7.2,7.1,18.09757183302827,7.17,0.07582875444058775,7.099999999999999,0.09045340337324022,6.724000000000001,0.439531290242263,6.168396226415094,0.6357345010262907,1,1,0,0.15000000000000036
7.15,23.5,33.5,7.1,7.25,7.1,15.917997136214,7.15,0.06123724356966669,7.108333333333333,0.09003366373776239,6.751,0.4227569862080845,6.177570093457944,0.6398051606742958,1,1,0,0.15000000000000036
7.2,23.5,33.5,7.2,7.25,7.15,15.23543334179686,7.140000000000001,0.04183300132683003,7.116666666666667,0.09374368665602284,6.779,0.4044510010432477,6.187037037037038,0.6443634245629573,1,1,0,0.04999999999999982
7.25,23.5,33.5,7.2,7.35,7.2,15.525083537147442,7.159999999999999,0.06519202405210942,7.133333333333334,0.09847319278338335,6.808,0.38430430119679154,6.196788990825689,0.6494041153725927,1,1,0,0.14999999999999947
7.35,23.5,33.5,7.25,7.45,7.25,16.619694902349952,7.209999999999999,0.09617692030841611,7.1625000000000005,0.1068665267772749,6.836,0.37129667987982684,6.207272727272727,0.655703150964789,1,1,0,0.20000000000000018
7.35,23.5,33.5,7.3,7.45,7.35,15.8256155530362,7.26,0.08944271910005892,7.195833333333334,0.09643257968252048,6.8629999999999995,0.3581143928514091,6.217567567567567,0.6616662385993484,1,1,0,0.15000000000000036
7.3,23.5,33.5,7.2,7.4,7.35,17.083942006344092,7.290000000000001,0.06519202405212236,7.216666666666668,0.08876253645976419,6.888999999999999,0.3409605279686188,6.227232142857143,0.6665727994567027,1,1,0,0.20000000000000018
7.0,23.5,33.5,6.6,7.2,7.3,16.373512840282157,7.25,0.14577379737117324,7.204166666666667,0.10757309002233252,6.906000000000001,0.3241377887911792,6.234070796460178,0.6675603733640619,1,1,0,0.6000000000000005
6.7,23.5,33.5,6.5,7.0,7.0,17.033181697490388,7.139999999999999,0.28591956910993355,7.158333333333334,0.1794351406412721,6.915,0.3115546926794689,6.238157894736842,0.6660311265806489,1,1,0,0.5
6.9,23.5,33.5,6.8,7.0,6.7,14.624350145894976,7.05,0.27386127875259875,7.129166666666666,0.191237992294819,6.9270000000000005,0.2986722317872927,6.24391304347826,0.6659694103561578,1,1,0,0.20000000000000018
6.9,23.5,33.5,6.9,7.0,6.9,17.88703335688228,6.959999999999999,0.21908902300208297,7.108333333333333,0.2020725942163285,6.938,0.2868833226528032,6.249568965517242,0.6658598785113076,1,1,0,0.09999999999999964
6.9,23.5,33.5,6.7,6.95,6.9,17.82727936399699,6.880000000000001,0.1095445115010607,7.091666666666666,0.21087839379528822,6.948,0.27626517873155426,6.255128205128205,0.6657049871928807,0,1,0,0.25
6.75,23.5,33.5,6.7,6.85,6.9,16.768220553565463,6.830000000000001,0.0974679434481166,7.0625,0.23269664216036953,6.953,0.27018701006552664,6.2593220338983055,0.6644176536522156,0,1,0,0.14999999999999947
6.7,23.5,33.5,6.65,6.75,6.75,14.576550471747595,6.83,0.0974679434481166,7.0249999999999995,0.2527125567984707,6.957000000000001,0.264769826876998,6.263025210084034,0.6628284981826991,0,1,0,0.09999999999999964
6.7,23.5,33.5,6.65,6.8,6.7,16.608649238472985,6.790000000000001,0.10246950765961846,6.983333333333333,0.262274434110271,6.962999999999999,0.2551130201718645,6.266666666666667,0.6612419348154972,0,1,0,0.14999999999999947
6.65,23.5,33.5,6.6,6.75,6.7,14.917716714280097,6.74,0.09617692030837645,6.933333333333334,0.2640018365408732,6.968,0.24614580049642612,6.269834710743801,0.6594024864363617,0,1,0,0.15000000000000036
6.5,23.5,33.5,6.45,6.65,6.65,17.17166179286855,6.659999999999999,0.09617692030836988,6.862500000000001,0.2559518775792594,6.968999999999999,0.2440914014152968,6.271721311475409,0.6570025757185005,0,1,0,0.20000000000000018
6.55,23.5,33.5,6.45,6.65,6.5,15.077346810868082,6.62,0.09082951062293533,6.795833333333333,0.21894201529307003,6.968999999999999,0.2440914014152968,6.273983739837399,0.6547853356627747,0,1,0,0.20000000000000018
6.4,23.5,33.5,6.35,6.6,6.55,15.928906687413352,6.5600000000000005,0.11937336386313739,6.720833333333334,0.18148169621367102,6.965,0.2517793818858939,6.275,0.6522163589345084,0,1,0,0.25
6.4,23.5,33.5,6.15,6.5,6.4,17.08996113667797,6.5,0.1060660171779828,6.670833333333333,0.18022502769051219,6.961,0.25917648230419654,6.276,0.6496773392702636,0,1,0,0.34999999999999964
6.3,23.5,33.5,6.25,6.5,6.4,16.9792372854341,6.43,0.09746794344808542,6.637499999999999,0.20902914107407894,6.955,0.2709111609787291,6.276190476190476,0.647076943978512,0,1,0,0.25
6.45,23.5,33.5,6.3,6.6,6.3,15.785081568025102,6.42,0.09082951062291947,6.6000000000000005,0.19771421064479547,6.952000000000001,0.27571058472717,6.27755905511811,0.6446885756549835,0,1,0,0.2999999999999998
6.75,23.5,33.5,6.45,6.85,6.45,16.45636634082114,6.459999999999999,0.17102631376486976,6.5874999999999995,0.18106377580586455,6.955,0.27260085196085065,6.28125,0.643501739072223,0,1,0,0.39999999999999947
6.7,23.5,33.5,6.55,6.8,6.75,17.33444952257181,6.5200000000000005,0.195576072156081,6.570833333333334,0.15733336543395168,6.956,0.2715488455327877,6.284496124031008,0.6420425916074286,0,1,0,0.25
6.65,23.5,33.5,6.6,6.75,6.7,15.828692231171251,6.57,0.18907670401189397,6.5625,0.14943073798429488,6.955,0.27260085196085065,6.287307692307692,0.6403521178414963,0,1,0,0.15000000000000036
6.75,23.5,33.5,6.65,6.85,6.65,16.828758581196126,6.660000000000001,0.1244989959798982,6.566666666666667,0.1542331961280201,6.954000000000001,0.27327193602782174,6.290839694656489,0.6391641635375642,0,1,0,0.1999999999999993
6.9,23.5,33.5,6.75,7.0,6.75,14.264610341295118,6.75,0.09354143466937065,6.583333333333333,0.17880071859386495,6.952000000000001,0.27329433934560937,6.295454545454546,0.6389236698803532,0,1,0,0.25
7.05,23.5,33.5,6.9,7.15,6.9,17.450316567177456,6.81,0.1635542723379768,6.616666666666666,0.2239453396512207,6.952000000000001,0.27329433934560937,6.301127819548872,0.6398527933632501,0,1,0,0.25
7.3,23.5,33.5,7.1,7.5,7.05,16.41964371961394,6.93,0.25641762809917545,6.683333333333334,0.2941345806176772,6.957000000000001,0.277380237072422,6.308582089552239,0.6432566963671376,0,1,0,0.40000000000000036
7.4,23.5,33.5,7.3,7.5,7.3,15.762933990000532,7.080000000000001,0.27064737205450484,6.754166666666666,0.3551301511311165,6.962999999999999,0.2837090346226504,6.316666666666666,0.6476997185217338,1,1,0,0.20000000000000018
7.35,23.5,33.5,7.2,7.55,7.4,17.469770124875122,7.2,0.21505813167609206,6.833333333333333,0.3743681545637938,6.966,0.2870397824948303,6.324264705882353,0.6513514524409605,1,1,0,0.34999999999999964
7.3,23.5,33.5,7.2,7.45,7.35,16.56800504914563,7.279999999999999,0.13509256086110968,6.908333333333334,0.3697869984767038,6.968999999999999,0.28977295827410177,6.331386861313868,0.6542847267433606,1,1,0,0.25
7.25,23.5,33.5,7.2,7.35,7.3,15.350849944353884,7.32,0.05700877125507273,6.987500000000001,0.3269174207655283,6.975,0.2924648941081644,6.338043478260869,0.6565657818018449,1,1,0,0.14999999999999947
7.1,23.5,33.5,7.0,7.3,7.25,15.755230300213212,7.279999999999999,0.11510864433226824,7.041666666666667,0.2802866498079985,6.979,0.29278570557276284,6.343525179856115,0.657367238273693,1,1,0,0.2999999999999998
7.0,23.5,33.5,7.0,7.1,7.1,16.89209910046875,7.2,0.14577379737117171,7.0625,0.26553975905003224,6.977,0.29228341012914194,6.348214285714286,0.6573439775569716,1,1,0,0.09999999999999964
7.05,23.5,33.5,7.0,7.2,7.0,15.436640056663277,7.139999999999999,0.12942179105548873,7.091666666666666,0.24010729924660926,6.971,0.2875104257204333,6.353191489361702,0.6576530991215608,1,1,0,0.20000000000000018
7.05,23.5,33.5,7.05,7.2,7.05,16.30419348529928,7.090000000000001,0.09617692030840802,7.125,0.197138622201795,6.9670000000000005,0.28492927872989227,6.358098591549296,0.6579205723888479,1,1,0,0.15000000000000036
7.15,23.5,33.5,7.05,7.3,7.05,14.105490737743416,7.07,0.05700877125504084,7.158333333333332,0.15787413475369608,6.9670000000000005,0.28492927872989227,6.363636363636363,0.6589359171374141,1,1,0,0.25
7.15,23.5,33.5,7.15,7.3,7.15,16.138496236696614,7.08,0.06708203932506651,7.179166666666667,0.13561029280676795,6.97,0.2860712056357003,6.369097222222222,0.6598897059722731,1,1,0,0.14999999999999947
7.25,23.5,33.5,7.15,7.35,7.15,16.31098624155873,7.13,0.08366600265347136,7.195833333333334,0.13048568945099312,6.974,0.2885997157281221,6.375172413793103,0.6616510319818177,1,1,0,0.1999999999999993
7.25,23.5,33.5,7.2,7.35,7.25,16.436876673965568,7.17,0.08366600265347551,7.191666666666666,0.12762397418927465,6.976999999999999,0.29070814314322435,6.381164383561644,0.6633286076728507,1,1,0,0.14999999999999947
7.25,23.5,33.5,7.2,7.3,7.25,15.899840258107364,7.210000000000001,0.05477225575062677,7.179166666666667,0.1117186672228344,6.980999999999999,0.29309920309876025,6.387074829931973,0.6649257975743879,1,1,0,0.09999999999999964
7.25,23.5,33.5,7.25,7.35,7.25,16.096769966399044,7.2299999999999995,0.044721359550134926,7.170833333333333,0.1010362971081142,6.985999999999999,0.2955520604024757,6.392905405405405,0.6664458001941586,1,1,0,0.09999999999999964
7.3,23.5,33.5,7.1,7.35,7.25,16.263511233522586,7.26,0.02236067977528951,7.170833333333333,0.1010362971081142,6.992999999999999,0.29880885979813726,6.398993288590605,0.6683347043074143,1,1,0,0.25
7.3,23.5,33.5,7.3,7.35,7.3,14.410880066964463,7.2700000000000005,0.02738612787550018,7.175,0.10552897060214991,6.997999999999999,0.3018581907898542,6.405,0.6701384711160805,1,1,0,0.04999999999999982
7.4,23.5,33.5,7.3,7.5,7.3,15.258799666753758,7.3,0.06123724356969282,7.2,0.12060453783104658,7.002999999999999,0.30646270206191034,6.41158940397351,0.6727912927649319,1,1,0,0.20000000000000018
7.7,23.5,33.5,7.4,8.0,7.4,16.44143206055943,7.390000000000001,0.181659021245893,7.258333333333334,0.17298624923452208,7.0120000000000005,0.32016577338773217,6.420065789473685,0.6786541967908902,1,1,0,0.5999999999999996
7.85,23.5,33.5,7.5,8.0,7.7,16.062614758703692,7.51,0.25099800796025884,7.325,0.23011854652446237,7.024,0.3399039480169889,6.429411764705883,0.6862255990236864,1,1,0,0.5
7.65,23.5,33.5,7.65,7.75,7.85,15.058973558360478,7.58,0.2252776065214198,7.375,0.23011854652446226,7.034000000000001,0.3508648207628749,6.437337662337662,0.6910152067486631,1,1,0,0.09999999999999964
7.75,23.5,33.5,7.65,7.85,7.65,16.901883078686694,7.67,0.1680773631397804,7.425000000000001,0.24167972796466916,7.047000000000001,0.36511250712229426,6.445806451612904,0.6967912271576185,1,1,0,0.1999999999999993
7.9,23.5,33.5,7.7,8.0,7.75,16.634368471771584,7.7700000000000005,0.1036822067667543,7.4875,0.260353780285742,7.063,0.3844967556456428,6.455128205128205,0.7042309804176347,1,1,0,0.2999999999999998
8.05,23.5,33.5,7.9,8.15,7.9,16.989468553487576,7.840000000000001,0.15165750888111576,7.554166666666667,0.29423115011323187,7.081,0.40894213951287994,6.465286624203821,0.7134168060221265,1,1,0,0.25
8.15,23.5,33.5,8.0,8.25,8.05,16.915629918548138,7.9,0.20615528128094868,7.629166666666666,0.32295393235603737,7.1,0.43577282979054255,6.4759493670886075,0.7236611076283318,1,1,0,0.25
8.2,23.5,33.5,8.15,8.25,8.15,16.087028114148946,8.010000000000002,0.18506755523329685,7.708333333333333,0.33766129703467207,7.119,0.46234649962367946,6.48679245283019,0.7342104350801982,1,1,0,0.09999999999999964
8.05,23.5,33.5,8.0,8.2,8.2,16.29830673226477,8.07,0.11510864433234691,7.7749999999999995,0.31730398387319964,7.132999999999999,0.4797544014537739,6.4965625000000005,0.7422581954910196,1,1,0,0.1999999999999993
7.95,23.5,33.5,7.85,8.05,8.05,15.457841707228791,8.080000000000002,0.09746794344824845,7.829166666666667,0.2824071314233644,7.145,0.49262416853881047,6.505590062111802,0.748748826977793,1,1,0,0.20000000000000107
7.9,23.5,33.5,7.85,7.95,7.95,14.993796563160137,8.05,0.12747548783993806,7.879166666666667,0.2280932159260785,7.157,0.5036610862434193,6.514197530864197,0.7544169962411159,1,1,0,0.10000000000000053
7.9,23.5,33.5,7.9,8.0,7.9,16.69341047589567,8.0,0.12747548783993312,7.920833333333333,0.1711702147694744,7.175,0.5139135558215266,6.522699386503068,0.759877395365381,1,1,0,0.09999999999999964
7.75,23.5,33.5,7.65,7.95,7.9,16.02080261659659,7.909999999999999,0.1083974169435177,7.925,0.16583123951772652,7.196000000000001,0.5155579501859924,6.530182926829268,0.7635809024283833,1,1,0,0.2999999999999998
7.5,23.5,33.5,7.45,7.75,7.75,17.154194069720827,7.8,0.18371173070880378,7.895833333333333,0.2061093413847277,7.207999999999999,0.5155104464587942,6.536060606060606,0.7649842154992774,1,1,0,0.2999999999999998
7.65,23.5,33.5,7.45,7.8,7.5,18.55044066726898,7.74,0.17102631376493657,7.895833333333333,0.2061093413847277,7.223000000000001,0.5172740559699217,6.542771084337349,0.7675475517840742,1,1,0,0.34999999999999964
7.65,23.5,33.5,7.6,7.8,7.65,16.47006159493971,7.69,0.14747881203759844,7.887499999999999,0.2143966163233336,7.2379999999999995,0.5185891378321885,6.549401197604791,0.770013847942135,1,1,0,0.20000000000000018
7.65,23.5,33.5,7.6,7.8,7.65,14.080487560104306,7.640000000000001,0.0894427191001039,7.866666666666667,0.22495790852078587,7.256,0.5169218154279112,6.555952380952381,0.7723866411761346,1,1,0,0.20000000000000018
7.75,23.5,33.5,7.7,7.85,7.65,14.845487411257533,7.640000000000001,0.0894427191001039,7.841666666666666,0.21933093855187488,7.277,0.515198594560113,6.563017751479291,0.7755426707840252,1,1,0,0.14999999999999947
7.8,23.5,33.5,7.7,7.85,7.75,16.34404334698124,7.7,0.07071067811880669,7.8125,0.19670582558268976,7.2989999999999995,0.5135401341548057,6.570294117647059,0.77904312910558,1,1,0,0.14999999999999947
7.85,23.5,33.5,7.75,7.9,7.8,15.414878134344871,7.74,0.08944271910011702,7.783333333333334,0.15569978883225913,7.323,0.5106228689411537,6.5777777777777775,0.7828889018754441,1,1,0,0.15000000000000036
7.85,23.5,33.5,7.75,7.9,7.85,17.412866680604466,7.779999999999999,0.08366600265354744,7.766666666666667,0.1337115846842513,7.35,0.5018333734357028,6.585174418604652,0.7866008549911192,1,1,0,0.15000000000000036
8.05,23.5,33.5,7.8,8.25,7.85,16.229708668920853,7.859999999999999,0.11401754251002541,7.7749999999999995,0.14847711791868934,7.38,0.4978525312350258,6.59364161849711,0.7921783544345142,1,1,0,0.4500000000000002
8.05,23.5,33.5,8.05,8.15,8.05,15.764473328739594,7.92,0.12041594578803455,7.787499999999999,0.1653165008537602,7.412999999999999,0.48611433105507385,6.602011494252873,0.7975641963290245,1,1,0,0.09999999999999964
8.05,23.5,33.5,8.05,8.15,8.05,16.54966382365609,7.970000000000001,0.10954451150116117,7.800000000000001,0.17964611677604703,7.446000000000001,0.4717358306059968,6.610285714285714,0.802766358253864,1,1,0,0.09999999999999964
8.05,23.5,33.5,8.05,8.15,8.05,16.475175582878347,8.01,0.08944271910015338,7.825,0.19247195781578252,7.481,0.44936349542479115,6.618465909090909,0.8077923559057368,1,1,0,0.09999999999999964
8.0,23.5,33.5,7.8,8.1,8.05,16.43013620701487,8.040000000000001,0.022360679775659618,7.866666666666667,0.1683250823059923,7.5120000000000005,0.42982673300777957,6.626271186440677,0.8121602051118578,1,1,0,0.2999999999999998
8.1,23.5,33.5,8.05,8.15,8.0,16.404499481807278,8.05,0.03535533905974927,7.904166666666666,0.16577412526098978,7.539,0.42333587765047714,6.634550561797753,0.8173611046503029,1,1,0,0.09999999999999964
8.15,23.5,33.5,8.1,8.25,8.1,16.894779474438927,8.070000000000002,0.05700877125522332,7.945833333333334,0.15877132402710212,7.5680000000000005,0.4142561565810253,6.643016759776536,0.8228949000762279,1,1,0,0.15000000000000036
8.2,23.5,33.5,8.2,8.3,8.15,15.875527278470209,8.1,0.07905694150440648,7.991666666666667,0.14433756729735675,7.599,0.401970909699787,6.651666666666666,0.8287585789136095,1,1,0,0.10000000000000142
8.35,23.5,33.5,8.2,8.5,8.2,15.667125882995647,8.16,0.12942179105557433,8.041666666666666,0.15642792899505703,7.631,0.3966556621122282,6.661049723756906,0.8360386107261577,1,1,0,0.3000000000000007
8.5,23.5,33.5,8.35,8.7,8.35,16.64489900819615,8.26,0.16355427233806946,8.1,0.1858640754568786,7.663,0.4009949360970605,6.671153846153847,0.8447957603782597,1,1,0,0.34999999999999964
8.3,23.5,33.5,8.2,8.5,8.5,16.04824180179358,8.3,0.1369306393764246,8.1375,0.175971330309499,7.688,0.40096312619916014,6.6800546448087434,0.8510326611852991,1,1,0,0.3000000000000007
8.25,23.5,33.5,8.2,8.35,8.3,17.268272062336678,8.319999999999999,0.11510864433237392,8.170833333333333,0.1529383912401891,7.706999999999999,0.4046931314122092,6.688586956521739,0.8565594942913379,1,1,0,0.15000000000000036
8.35,23.5,33.5,8.3,8.45,8.25,17.213258697825463,8.35,0.09354143466954995,8.195833333333335,0.1558821427368382,7.726,0.4122165074078987,6.697567567567567,0.8629178427233078,1,1,0,0.14999999999999858
8.35,23.5,33.5,8.3,8.5,8.35,15.919900898928063,8.35,0.09354143466954995,8.220833333333333,0.1544172819657258,7.746,0.41782234287320696,6.706451612903226,0.8690698913346453,1,1,0,0.1999999999999993
8.3,23.5,33.5,8.25,8.4,8.35,15.798826725158872,8.309999999999999,0.04183300132714072,8.241666666666665,0.14590366269516417,7.766,0.41996598501712296,6.714973262032085,0.8745292892612927,1,1,0,0.15000000000000036
8.5,23.5,33.5,8.25,8.7,8.3,15.792739540634146,8.35,0.09354143466954995,8.279166666666667,0.14993685539601634,7.791,0.4257873858619546,6.724468085106383,0.8818504087207876,1,1,0,0.4499999999999993
8.75,23.5,33.5,8.55,8.95,8.5,16.468104495746044,8.45,0.1837117307088486,8.341666666666667,0.17688380024146882,7.824,0.43498064700085093,6.735185185185186,0.891757523927599,1,1,0,0.3999999999999986
8.9,23.5,33.5,8.7,9.0,8.75,16.610716631171748,8.559999999999999,0.258360213655361,8.408333333333333,0.22241784319087762,7.862,0.44441660910563613,6.746578947368421,0.9031551874822707,1,1,0,0.3000000000000007
8.9,23.5,33.5,8.9,8.95,8.9,16.528083914159875,8.67,0.26362852652937074,8.470833333333333,0.247219384843521,7.899,0.4523735588367931,6.757853403141361,0.9141525264167615,1,1,0,0.049999999999998934
9.1,23.5,33.5,8.9,9.25,8.9,17.16680318953682,8.830000000000002,0.222485954612987,8.545833333333333,0.29034331820144693,7.94,0.466533022651624,6.770052083333333,0.9272921211254826,1,1,0,0.34999999999999964
9.4,23.5,33.5,9.2,9.5,9.1,17.14884660628009,9.010000000000002,0.2509980079603381,8.633333333333335,0.372542452329748,7.985,0.4963386352242758,6.783678756476684,0.9440495884389652,1,1,0,0.3000000000000007
9.1,23.5,33.5,9.1,9.4,9.4,17.03672767985631,9.080000000000002,0.20493901531933859,8.683333333333334,0.39273709303095844,8.024000000000001,0.5059079532314417,6.79561855670103,0.9561737646761187,1,1,0,0.3000000000000007
9.0,23.5,33.5,8.8,9.15,9.1,17.49800217824033,9.1,0.18708286933885943,8.741666666666667,0.3824759845897021,8.059000000000001,0.5117686419243677,6.806923076923076,0.9666824813895906,1,1,0,0.34999999999999964
9.0,23.5,33.5,8.95,9.1,9.0,17.944554425238863,9.12,0.16431676725173666,8.804166666666667,0.35513015113111307,8.094000000000001,0.5151421440451136,6.818112244897959,0.9768426415297567,1,1,0,0.15000000000000036
9.05,23.5,33.5,9.0,9.25,9.0,17.08125473960773,9.110000000000001,0.16733200530699754,8.862499999999999,0.3303751311353655,8.13,0.5178448274397358,6.829441624365483,0.9872380525183407,1,1,0,0.25
9.15,23.5,33.5,9.1,9.2,9.05,17.040956790352865,9.059999999999999,0.06519202405248209,8.929166666666667,0.29653938365854265,8.168000000000001,0.5216496595866861,6.8411616161616156,0.9984430336850105,1,1,0,0.09999999999999964
9.15,23.5,33.5,9.1,9.25,9.15,16.58468100705958,9.070000000000002,0.07582875444090965,9.0,0.22563042992706683,8.205,0.5244287465462278,6.852763819095478,1.0092776192028265,1,1,0,0.15000000000000036
9.1,23.5,33.5,9.05,9.2,9.15,15.206344847993817,9.09,0.06519202405249028,9.05,0.16236882817714215,8.241,0.5228151817666351,6.864,1.0192020723691693,1,1,0,0.14999999999999858
9.05,23.5,33.5,9.05,9.15,9.1,16.861037300728327,9.100000000000001,0.05000000000060825,9.075000000000001,0.13228756555316115,8.274000000000001,0.5207177150582406,6.88375,1.0231115401646544,1,1,0,0.09999999999999964
8.95,23.5,33.5,8.85,9.15,9.05,15.14982744332949,9.08,0.08366600265376721,9.079166666666667,0.12695441797120008,8.299,0.5226004444025669,6.90275,1.026032970122742,1,1,0,0.3000000000000007
9.0,23.5,33.5,8.2,9.1,8.95,17.62444160594285,9.05,0.07905694150458335,9.0875,0.11701786965315915,8.322000000000001,0.5277174568703203,6.9215,1.0299352323882187,1,1,0,0.9000000000000004
9.0,23.5,33.5,8.8,9.1,9.0,17.408201223910574,9.02,0.057008771255466106,9.079166666666667,0.1195794398056135,8.349,0.5271689888992963,6.93975,1.0342780539897505,1,1,0,0.29999999999999893
9.0,23.5,33.5,8.9,9.05,9.0,16.201857679528647,9.0,0.03535533906013848,9.045833333333333,0.06556860852743675,8.374,0.5278218623430732,6.9567499999999995,1.040072445051197,1,1,0,0.15000000000000036
9.0,23.5,33.5,8.95,9.1,9.0,14.598590303021341,8.989999999999998,0.022360679776272117,9.0375,0.06440285143306215,8.396,0.530579198342951,6.97275,1.046780149269427,1,1,0,0.15000000000000036
9.25,23.5,33.5,9.05,9.4,9.0,16.707053907057144,9.05,0.11180339887525358,9.058333333333334,0.08747293953844827,8.42,0.5416339602893616,6.9910000000000005,1.0545160122542019,1,1,0,0.34999999999999964
9.45,23.5,33.5,9.25,9.7,9.25,16.58079775130055,9.14,0.20432816741717735,9.095833333333333,0.1405481692473076,8.446,0.5593217466954887,7.01025,1.064092997362156,1,1,0,0.4499999999999993
9.55,23.5,33.5,9.5,9.7,9.45,15.034894301401847,9.25,0.2524876234591826,9.137500000000001,0.19084143822932365,8.473,0.5794270569154288,7.03,1.0743936001485688,1,1,0,0.1999999999999993
9.7,23.5,33.5,9.5,9.9,9.55,16.528156913879656,9.39,0.2724885318689041,9.183333333333334,0.25075643138067333,8.506,0.601413301468827,7.05025,1.0863531901590964,1,1,0,0.40000000000000036
9.65,23.5,33.5,9.3,9.8,9.7,16.602279575397862,9.52,0.17888543820019337,9.225,0.28404545090847877,8.540000000000001,0.6171858450636234,7.06975,1.0978381852096986,1,1,0,0.5
9.7,23.5,33.5,9.45,10.2,9.65,17.553834747683293,9.61,0.10839741694375392,9.275,0.3115211943759809,8.576,0.6314253393582117,7.089499999999999,1.1094453999532328,1,1,0,0.75
9.85,23.5,33.5,9.45,9.95,9.7,16.98431764363424,9.69,0.10839741694376522,9.341666666666667,0.34300366638200647,8.615,0.6488018785045085,7.11,1.122374098993047,1,1,0,0.5
9.75,23.5,33.5,9.6,9.95,9.85,16.42580098812876,9.73,0.07582875444105515,9.408333333333333,0.33766129703466996,8.655,0.6559966712209896,7.13,1.1336005695377376,1,1,0,0.34999999999999964
9.8,23.5,33.5,9.5,9.9,9.75,15.778221775317668,9.75,0.07905694150473151,9.475,0.32856437033636215,8.701,0.6539901078949489,7.15075,1.144305076472268,1,1,0,0.40000000000000036
9.8,23.5,33.5,9.75,9.9,9.8,16.11022485736794,9.78,0.05700877125569027,9.541666666666666,0.3036395390869822,8.744,0.6541578165699378,7.171749999999999,1.154198992405709,1,1,0,0.15000000000000036
9.8,23.5,33.5,9.75,10.0,9.8,15.560667643085882,9.8,0.03535533906051889,9.608333333333333,0.2583455520081779,8.787,0.6514356202625817,7.19275,1.1636279851996087,1,1,0,0.25
9.85,23.5,33.5,9.8,9.95,9.8,16.60131167335585,9.8,0.03535533906051889,9.679166666666667,0.18148169621367513,8.831,0.6473564768836566,7.214250000000001,1.1728115244400095,1,1,0,0.14999999999999858
9.85,23.5,33.5,9.8,9.95,9.85,15.982757026273255,9.82,0.027386127876809156,9.729166666666666,0.12695441797122042,8.873,0.6439047020375582,7.2364999999999995,1.1804065180007675,1,1,0,0.14999999999999858
9.9,23.5,33.5,9.85,10.0,9.85,15.69096773949878,9.84,0.04183300132772796,9.766666666666666,0.1007547276880968,8.915,0.6409694507031106,7.2595,1.1872796277932454,1,1,0,0.15000000000000036
9.95,23.5,33.5,9.85,10.1,9.9,15.898508393528138,9.870000000000001,0.05700877125571793,9.799999999999999,0.0879049072990834,8.957,0.6385578458126815,7.282750000000001,1.19422392852316,1,1,0,0.25
10.05,23.5,33.5,9.95,10.3,9.95,15.716916495021358,9.919999999999998,0.08366600265393755,9.829166666666666,0.10757309002235524,9.001,0.6365155464058034,7.305750000000001,1.2030131506777144,1,1,0,0.3500000000000014
10.6,23.5,33.5,10.2,10.75,10.05,16.949664789558764,10.07,0.3053686296922031,9.908333333333333,0.2362907813126069,9.052,0.6604698389504372,7.33125,1.2184968652207386,1,1,0,0.5500000000000007
10.75,23.5,33.5,10.6,10.9,10.6,17.330358031610107,10.25,0.3952847075211742,9.995833333333334,0.32853554763616694,9.106,0.6867284167466038,7.357749999999999,1.2348997222935174,1,1,0,0.3000000000000007
10.9,23.5,33.5,10.8,11.05,10.75,16.442054275039318,10.45,0.42573465914828595,10.083333333333334,0.41469229191014456,9.163,0.7149860852077932,7.38525,1.2522020553557598,1,1,0,0.25
11.0,23.5,33.5,10.95,11.1,10.9,17.794006481127926,10.66,0.37316216314105866,10.1875,0.47583658386619254,9.222,0.7424559356126659,7.413250000000001,1.2700698107271926,1,1,0,0.15000000000000036
11.0,23.5,33.5,10.95,11.2,11.0,16.014910656027148,10.85,0.17320508075723723,10.2875,0.5117372372614635,9.282,0.7626323906478492,7.44125,1.2870776128140209,1,1,0,0.25
11.0,23.5,33.5,10.9,11.1,11.0,16.023642214044973,10.930000000000001,0.10954451150159886,10.387500000000001,0.5248917637345444,9.34,0.780959639919772,7.468500000000001,1.3044118218588134,1,1,0,0.1999999999999993
10.8,23.5,33.5,10.6,10.95,11.0,14.77715737382215,10.940000000000001,0.089442719100686,10.470833333333333,0.5020224249488401,9.392999999999999,0.788437488625023,7.494249999999999,1.319082762441712,1,1,0,0.34999999999999964
10.85,23.5,33.5,10.55,11.0,10.8,14.891536688907365,10.93,0.09746794344872514,10.554166666666667,0.4716789804581718,9.446,0.7956411866910413,7.52025,1.3337152693127547,1,1,0,0.4499999999999993
10.8,23.5,33.5,10.75,11.0,10.85,16.025080944537926,10.89,0.10246950766019333,10.633333333333333,0.4195957650651482,9.495,0.8021813373291152,7.545750000000001,1.3474224183109167,1,1,0,0.25
10.75,23.5,33.5,10.55,10.85,10.8,16.34145525893061,10.84,0.09617692030898418,10.704166666666666,0.3506217421390297,9.54,0.8083114170533032,7.571500000000001,1.3592093289850555,1,1,0,0.29999999999999893
10.35,23.5,33.5,10.0,10.7,10.75,16.997377982309978,10.71,0.20432816741731016,10.737499999999999,0.2853426966744676,9.581,0.7960290477726942,7.5954999999999995,1.3656977711082547,1,1,0,0.6999999999999993
10.35,23.5,33.5,10.2,10.5,10.35,16.59321125427155,10.620000000000001,0.24899799196000177,10.762500000000001,0.2267607870542387,9.623000000000001,0.7796002376937731,7.6194999999999995,1.3717335802098678,1,1,0,0.3000000000000007
10.35,23.5,33.5,10.25,10.4,10.35,16.361896444673324,10.52,0.2334523505988097,10.741666666666667,0.2530121568525006,9.663,0.7641061204212725,7.643000000000001,1.3780679797397242,1,1,0,0.15000000000000036
10.2,23.5,33.5,10.1,10.35,10.35,16.9921175504803,10.4,0.2061552812811378,10.695833333333333,0.2973048124655125,9.7,0.7437494640711103,7.665500000000001,1.3829125008201455,1,1,0,0.25
10.05,23.5,33.5,9.9,10.2,10.2,17.11078433954039,10.26,0.13416407865035804,10.625,0.34211906486697735,9.735,0.7172260907873217,7.687250000000001,1.3860485527037885,1,1,0,0.29999999999999893
10.0,23.5,33.5,9.6,10.1,10.05,16.56573230653037,10.190000000000001,0.1635542723382566,10.541666666666666,0.3635890120685285,9.765,0.695558064009112,7.709,1.3880480492168414,1,1,0,0.5
9.85,23.5,33.5,9.7,10.0,10.0,16.927446887909408,10.09,0.19170289512704955,10.445833333333333,0.3828471884407232,9.787,0.6800217583553302,7.73,1.3885117299182637,1,1,0,0.3000000000000007
9.9,23.5,33.5,9.85,10.0,9.85,16.546645640925746,10.0,0.1369306393766167,10.354166666666666,0.36955644994637116,9.806999999999999,0.6680011303912754,7.75125,1.3890403532709485,1,1,0,0.15000000000000036
10.0,23.5,33.5,9.95,10.1,9.9,16.624328805461953,9.959999999999999,0.08215838362630762,10.2875,0.3536337345076284,9.829,0.6555173996351505,7.772749999999999,1.390408615512166,1,1,0,0.15000000000000036
10.05,23.5,33.5,10.0,10.15,10.0,15.98006282779453,9.96,0.08215838362630762,10.220833333333333,0.310760309075921,9.847999999999999,0.6476771682602791,7.79425,1.3922179396406629,1,1,0,0.15000000000000036
10.25,23.5,33.5,10.1,10.5,10.05,14.785873100571857,10.01,0.1557241150242626,10.175,0.2527125567984853,9.865,0.646832943767397,7.8165,1.395741099230229,1,1,0,0.40000000000000036
10.85,23.5,33.5,10.4,11.0,10.25,14.910249019710953,10.21,0.3798025802967888,10.183333333333334,0.27413776673692114,9.9,0.651920240520218,7.840999999999999,1.4057827448180416,1,1,0,0.5999999999999996
10.75,23.5,33.5,10.55,10.9,10.85,15.83667407397857,10.38,0.39623225512331367,10.216666666666667,0.3171845844394911,9.935,0.649587781376947,7.86525,1.413939909557405,1,1,0,0.34999999999999964
10.85,23.5,33.5,10.6,11.0,10.75,16.219315696688653,10.55,0.3741657386775473,10.258333333333333,0.36545944516539575,9.972,0.6479291974420487,7.88975,1.4230099169078538,1,1,0,0.40000000000000036
10.85,23.5,33.5,10.8,10.95,10.85,14.716078735711998,10.709999999999999,0.2607680962083407,10.3,0.4033946860424248,10.008,0.6456573931952557,7.914249999999999,1.4316011479227289,1,1,0,0.14999999999999858
10.7,23.5,33.5,10.6,10.9,10.85,15.0697869520817,10.8,0.07071067811955076,10.341666666666667,0.4176956990078921,10.039,0.640813418035727,7.937,1.4395546491674795,1,1,0,0.3000000000000007
10.8,23.5,33.5,10.75,10.95,10.7,14.813307910084278,10.79,0.06519202405299483,10.404166666666667,0.4261126256014551,10.072000000000001,0.6365692485214806,7.9597500000000005,1.4486841846428011,1,1,0,0.1999999999999993
11.05,23.5,33.5,10.8,11.15,10.8,16.068768947877626,10.85,0.12747548784032664,10.491666666666665,0.44304387907731785,10.111,0.6355368933878502,7.98375,1.4599333768443432,1,1,0,0.34999999999999964
11.1,23.5,33.5,11.0,11.15,11.05,15.53252870066591,10.9,0.16955824957852034,10.595833333333333,0.4250445609437667,10.152,0.6318066095227806,8.00775,1.4715227943089637,1,1,0,0.15000000000000036
11.35,23.5,33.5,11.1,11.65,11.1,15.715780725809491,11.0,0.2573907535249413,10.716666666666667,0.4152399817265262,10.2,0.6297877841472957,8.033999999999999,1.4840928738766532,1,1,0,0.5500000000000007
11.7,23.5,33.5,11.55,11.95,11.35,17.024711774364395,11.2,0.340954542424862,10.858333333333333,0.4378840305862166,10.254000000000001,0.6404590190652145,8.06275,1.4991370842879725,1,1,0,0.3999999999999986
11.75,23.5,33.5,11.45,11.95,11.7,17.324967279630126,11.39,0.3267261850543311,11.0,0.4274661071094203,10.309000000000001,0.6486005342744949,8.09175,1.5140861009551387,1,1,0,0.5
11.65,23.5,33.5,11.35,11.75,11.75,16.784118315496396,11.51,0.27703790354419655,11.116666666666667,0.3938927711338807,10.362,0.6477244312016074,8.12025,1.527158637805887,1,1,0,0.40000000000000036
11.65,23.5,33.5,11.45,11.75,11.65,15.555310019372692,11.620000000000001,0.1565247584255267,11.183333333333332,0.41194292043556713,10.415,0.6424006315598598,8.1495,1.5384762905168279,1,1,0,0.3000000000000007
11.7,23.5,33.5,11.35,11.75,11.65,15.986687830528881,11.690000000000001,0.041833001328775925,11.262500000000001,0.41237945897175143,10.464,0.6451577880088766,8.179,1.5497232691855933,1,1,0,0.40000000000000036
11.5,23.5,33.5,11.4,11.75,11.7,16.073485344001806,11.65,0.09354143467026309,11.316666666666668,0.3956199584388647,10.505,0.6445414443380058,8.2075,1.558142416130416,1,1,0,0.34999999999999964
11.5,23.5,33.5,11.5,11.6,11.5,14.472668319113637,11.6,0.09354143467024778,11.370833333333332,0.3695564499464033,10.544,0.6445723150955909,8.236,1.5659951160580277,1,1,0,0.09999999999999964
11.7,23.5,33.5,11.4,11.8,11.5,15.844250866795637,11.61,0.10246950766041957,11.454166666666666,0.3129466505023285,10.583999999999998,0.6531274838835187,8.26475,1.5765619797138977,1,1,0,0.40000000000000036
11.75,23.5,33.5,11.65,12.0,11.7,16.241215619817673,11.629999999999999,0.12041594578862883,11.533333333333333,0.24525805828053315,10.626,0.6593317581816251,8.2935,1.5874453260873556,1,1,0,0.34999999999999964
12.0,23.5,33.5,11.75,12.1,11.75,16.17480683702906,11.69,0.20736441353369567,11.612499999999999,0.22776083947865997,10.672,0.6734892390394779,8.323500000000001,1.6005252749578502,1,1,0,0.34999999999999964
12.05,23.5,33.5,11.95,12.2,12.0,16.096637155468795,11.8,0.2263846284538334,11.691666666666668,0.19636854651555527,10.716000000000001,0.6903444866181055,8.353,1.6145743250950975,1,1,0,0.25
12.45,23.5,33.5,12.2,12.8,12.05,16.590346815104223,11.989999999999998,0.2987473849261137,11.783333333333333,0.26657195287695573,10.77,0.7182745765700417,8.384,1.6334041279567464,1,1,0,0.6000000000000014
12.35,23.5,33.5,12.25,12.6,12.45,17.580709667014624,12.120000000000001,0.28195744359778707,11.837499999999999,0.3105164320055924,10.821,0.7382473729539464,8.41425,1.6505471721028429,1,1,0,0.34999999999999964
12.05,23.5,33.5,12.0,12.4,12.35,16.128333168292276,12.180000000000001,0.2049390153196868,11.862499999999999,0.31487732098828136,10.866,0.7432993189496101,8.44275,1.6638817415155298,1,1,0,0.40000000000000036
11.85,23.5,33.5,11.75,12.05,12.05,16.46361972438445,12.15,0.24494897427872853,11.879166666666665,0.30782103222297574,10.907,0.7398296825510633,8.47,1.6748509271396996,1,1,0,0.3000000000000007
11.5,23.5,33.5,11.4,11.8,11.85,16.627836746836486,12.04,0.38470768123368054,11.866666666666667,0.3207472336261342,10.94,0.728431359084638,8.495,1.6825964023693678,1,1,0,0.40000000000000036
11.0,23.5,33.5,10.6,11.45,11.5,16.329862815885342,11.75,0.5208166664001632,11.808333333333332,0.40610865839608823,10.963,0.7112657587651542,8.5175,1.6858690704242347,1,1,0,0.8499999999999996
11.2,23.5,33.5,11.0,11.4,11.0,16.557794764362225,11.52,0.4367493560386389,11.783333333333333,0.4350200274038563,10.989,0.6951941440771184,8.541500000000001,1.689734822048782,1,1,0,0.40000000000000036
11.35,23.5,33.5,11.3,11.5,11.2,15.709450642321281,11.379999999999999,0.3213253802614375,11.770833333333334,0.4459200567026833,11.017000000000001,0.6805317548709161,8.56625,1.6944554683351412,1,1,0,0.1999999999999993
11.45,23.5,33.5,11.3,11.85,11.35,14.637227278995228,11.3,0.20310096011627488,11.75,0.45527214638362645,11.045,0.6686301866731308,8.59125,1.6999515031509973,1,1,0,0.5499999999999989
11.95,23.5,33.5,11.5,12.05,11.45,17.178632205401197,11.39,0.3560196623785798,11.766666666666666,0.4589183594127477,11.072000000000001,0.677492375135898,8.61825,1.7102203676807732,1,1,0,0.5500000000000007
11.85,23.5,33.5,11.75,12.0,11.95,15.952088409073092,11.559999999999999,0.32480763537849344,11.754166666666668,0.45400156854624546,11.094000000000001,0.6846449996239931,8.6445,1.719353258682087,1,1,0,0.25
11.75,23.5,33.5,11.55,11.85,11.85,16.316110176467763,11.669999999999998,0.2588435821112334,11.729166666666666,0.4443884118719647,11.111,0.6902594898045513,8.67025,1.7271268841255858,1,1,0,0.29999999999999893
11.75,23.5,33.5,11.7,11.85,11.75,16.495099622835784,11.75,0.1870828693391764,11.670833333333334,0.38284718844076016,11.126000000000001,0.6959239930348471,8.696,1.7344815163769471,1,1,0,0.15000000000000036
11.8,23.5,33.5,11.75,11.95,11.75,15.505163655504516,11.82,0.08366600265450284,11.625,0.3222788177396409,11.142000000000001,0.702136680687799,8.722,1.7418629200258016,1,1,0,0.1999999999999993
11.7,23.5,33.5,11.65,11.8,11.8,16.573658068549122,11.77,0.057008771256539796,11.595833333333333,0.295002568042278,11.156,0.7062143976938854,8.7475,1.7479618425512278,1,1,0,0.15000000000000036
11.8,23.5,33.5,11.7,12.0,11.7,14.714289245153726,11.760000000000002,0.04183300132885434,11.591666666666667,0.2914176426098222,11.175999999999998,0.7100761672280229,8.773249999999999,1.7548273512409487,1,1,0,0.3000000000000007
11.65,23.5,33.5,11.5,11.85,11.8,16.05197732258218,11.74,0.0651920240533975,11.604166666666666,0.2903433182015152,11.192,0.7115920638301523,8.798,1.7603380214460946,1,1,0,0.34999999999999964
11.5,23.5,33.5,11.45,11.65,11.65,15.714464011019688,11.690000000000001,0.12449899598059419,11.645833333333334,0.22407216099586735,11.206,0.7106076732670816,8.8215,1.7648971812265766,1,1,0,0.20000000000000107
11.4,23.5,33.5,11.35,11.6,11.5,16.118415699737245,11.61,0.15968719422725033,11.6625,0.19320855429967423,11.219,0.7080362322101758,8.843499999999999,1.7694952151907397,1,1,0,0.25
11.4,23.5,33.5,11.3,11.5,11.4,16.583055393668165,11.55,0.17320508075737392,11.666666666666666,0.1862712261649513,11.24,0.6972248195378049,8.86525,1.7740677890375298,1,1,0,0.1999999999999993
11.4,23.5,33.5,11.35,11.5,11.4,16.276551421996366,11.47,0.10954451150178254,11.662500000000001,0.1920286436967793,11.261000000000001,0.6855870417654254,8.887,1.778361280567341,1,1,0,0.15000000000000036
11.45,23.5,33.5,11.35,11.5,11.4,16.038446307573572,11.43,0.04472135955180768,11.620833333333332,0.17768502946785827,11.283,0.6732960352031938,8.90875,1.7829908072093286,1,1,0,0.15000000000000036
11.55,23.5,33.5,11.4,11.75,11.45,16.178776835880914,11.440000000000001,0.06519202405327397,11.595833333333333,0.16300910924544432,11.31,0.6558216532078356,8.9305,1.7885649479021806,1,1,0,0.34999999999999964
11.65,23.5,33.5,11.55,11.75,11.55,15.661426876024882,11.49,0.10839741694415687,11.5875,0.1568511164362437,11.342,0.6316773911820369,8.953,1.7943493102615748,1,1,0,0.1999999999999993
11.65,23.5,33.5,11.55,11.8,11.65,15.452135724878156,11.54,0.11401754251065052,11.579166666666667,0.14993685539614257,11.375,0.602566788575183,8.9765,1.798756619691622,1,1,0,0.25
11.7,23.5,33.5,11.65,11.8,11.65,16.810407532753366,11.6,0.10000000000085518,11.570833333333333,0.13892171329301037,11.412,0.5624799316147371,9.0005,1.802928870633232,1,1,0,0.15000000000000036
11.7,23.5,33.5,11.65,11.75,11.7,14.896909205018638,11.65,0.061237243570996025,11.570833333333333,0.13892171329301037,11.448,0.5197094949908121,9.023499999999999,1.8078966234287381,1,1,0,0.09999999999999964
11.7,23.5,33.5,11.7,11.8,11.7,15.425508513544932,11.68,0.027386127878455076,11.5625,0.12635627839934108,11.482000000000001,0.47689043793711133,9.04525,1.8138190746814853,1,1,0,0.10000000000000142
11.7,23.5,33.5,11.65,11.8,11.7,16.612432132966667,11.69,0.02236067977892518,11.566666666666668,0.13026778945587333,11.515,0.43062010341984636,9.0675,1.8189728036178865,1,1,0,0.15000000000000036
11.75,23.5,33.5,11.7,11.9,11.7,17.127731032246896,11.709999999999999,0.022360679778949906,11.5875,0.1383753130899819,11.545,0.39113257838932614,9.090499999999999,1.8236813918816752,1,1,0,0.20000000000000107
11.75,23.5,33.5,11.7,11.85,11.75,16.287787875744588,11.719999999999999,0.02738612787849527,11.616666666666667,0.13200091827054214,11.563000000000002,0.3790172576975675,9.11425,1.827246174001198,1,1,0,0.15000000000000036
11.75,23.5,33.5,11.75,11.9,11.75,15.771682304841422,11.73,0.027386127878504998,11.645833333333334,0.11766349038559723,11.583000000000002,0.3612068772368495,9.13775,1.8307843384653082,1,1,0,0.15000000000000036
11.8,23.5,33.5,11.75,11.9,11.75,15.558272516528099,11.75,0.03535533906185718,11.679166666666665,0.09643257968273869,11.602,0.3465515245726162,9.16125,1.8346568524745068,1,1,0,0.15000000000000036
11.9,23.5,33.5,11.75,12.1,11.8,14.990621126389993,11.790000000000001,0.06519202405341426,11.716666666666667,0.08616404368568467,11.623,0.3315409292305147,9.185500000000001,1.8386593187570845,1,1,0,0.34999999999999964
12.35,23.5,33.5,12.0,12.6,11.9,16.35984118751779,11.91,0.2534758371131006,11.783333333333331,0.19108938095870012,11.655999999999999,0.3197001145843355,9.212250000000001,1.845607970671735,1,1,0,0.5999999999999996
12.05,23.5,33.5,12.0,12.35,12.35,14.76643496011654,11.97,0.2413503677233376,11.816666666666668,0.20037842985596943,11.681,0.29964094159090177,9.23775,1.8494226825671773,1,1,0,0.34999999999999964
12.1,23.5,33.5,12.0,12.3,12.05,15.664673938673044,12.040000000000001,0.2103568396800872,11.854166666666666,0.20830302809892354,11.702,0.2911903788496885,9.263,1.8538716786781735,1,1,0,0.3000000000000007
12.2,23.5,33.5,12.1,12.3,12.1,16.269897946918007,12.12,0.1680773631403052,11.895833333333334,0.22407216099588018,11.724,0.28629227252242384,9.28825,1.8593305212998545,1,1,0,0.20000000000000107
12.3,23.5,33.5,12.2,12.5,12.2,14.93307576662431,12.2,0.12747548784061277,11.945833333333333,0.24257925914992887,11.743,0.29242302318683355,9.3135,1.8657903467674108,1,1,0,0.3000000000000007
12.45,23.5,33.5,12.3,12.6,12.3,17.131527648811172,12.219999999999999,0.16046806535944524,12.008333333333335,0.2686949379817235,11.758,0.3089415769350497,9.339500000000001,1.8731076883244873,1,1,0,0.29999999999999893
12.55,23.5,33.5,12.4,12.65,12.45,17.177065839035265,12.32,0.18234582528867646,12.079166666666666,0.2911250382203872,11.774,0.32860869353886457,9.3665,1.8802939335066504,1,1,0,0.25
12.35,23.5,33.5,12.1,12.7,12.55,15.964233379537358,12.370000000000001,0.13509256086184435,12.129166666666665,0.28079297884692916,11.788,0.33799529039094955,9.39275,1.8851335709710366,1,1,0,0.5999999999999996
12.35,23.5,33.5,12.15,12.6,12.35,15.050488011994263,12.4,0.1000000000010636,12.179166666666665,0.25977116969767194,11.802,0.3465515245726171,9.419,1.8895943570435576,1,1,0,0.4499999999999993
12.45,23.5,33.5,12.3,12.6,12.35,16.576994158461474,12.43,0.08366600265468836,12.237499999999999,0.23171789274507748,11.816999999999998,0.35808589780109107,9.4455,1.8947705738791152,1,1,0,0.29999999999999893
12.35,23.5,33.5,12.1,12.4,12.45,15.068845077379008,12.41,0.08944271910118354,12.283333333333333,0.1874873733123214,11.833999999999998,0.36287401535566033,9.47125,1.8990902179145925,1,1,0,0.3000000000000007
12.3,23.5,33.5,12.25,12.35,12.35,16.544963478081872,12.36,0.05477225575243644,12.316666666666668,0.14354811251319205,11.85,0.3654742515846506,9.4965,1.902976444082708,1,1,0,0.09999999999999964
12.35,23.5,33.5,12.3,12.4,12.3,16.36346250521107,12.36,0.05477225575243644,12.316666666666668,0.14354811251319205,11.863,0.37153981850486206,9.5215,1.9074734664276793,1,1,0,0.09999999999999964
12.35,23.5,33.5,12.35,12.5,12.35,14.72284167206695,12.360000000000001,0.05477225575243644,12.341666666666667,0.11645001528830352,11.875,0.37745793116034854,9.5465,1.9116313509959368,1,1,0,0.15000000000000036
12.4,23.5,33.5,12.35,12.5,12.35,15.058742824692729,12.35,0.03535533906229457,12.366666666666667,0.0887625364600882,11.883,0.38433748987365396,9.572,1.9155253028685488,1,1,0,0.15000000000000036
12.45,23.5,33.5,12.4,12.6,12.4,16.571156623041684,12.37,0.057008771256806375,12.387499999999998,0.07423855895964504,11.890999999999998,0.39197172950944553,9.59925,1.9175169605429427,1,1,0,0.1999999999999993
12.4,23.5,33.5,12.35,12.5,12.45,14.690979711984754,12.39,0.04183300132923771,12.395833333333334,0.06894771844542183,11.89,0.39057780327112207,9.627749999999999,1.9165681844191285,1,1,0,0.15000000000000036
12.45,23.5,33.5,12.35,12.6,12.4,16.755148610048224,12.41,0.04183300132925092,12.395833333333334,0.06894771844542183,11.892000000000001,0.3932283960098806,9.6555,1.917053788011867,1,1,0,0.25
12.35,23.5,33.5,12.3,12.45,12.45,16.430736227477468,12.41,0.04183300132925092,12.379166666666668,0.04981024599519089,11.898000000000001,0.3979488224709988,9.68275,1.9164233167924365,1,1,0,0.14999999999999858
12.45,23.5,33.5,12.3,12.5,12.35,15.214301757308709,12.419999999999998,0.044721359552384765,12.387500000000001,0.05276448530149746,11.91,0.40544759846615547,9.710500000000001,1.9161085852719197,1,1,0,0.1999999999999993
12.75,23.5,33.5,12.4,13.0,12.45,15.792781075479603,12.479999999999999,0.1565247584256788,12.420833333333334,0.11571582223357955,11.935,0.4179944829241578,9.7405,1.9164940640365757,1,1,0,0.5999999999999996
12.75,23.5,33.5,12.6,13.0,12.75,18.62933747416385,12.55,0.18708286933928792,12.445833333333333,0.14993685539620705,11.97,0.411319429968145,9.77075,1.916008187449065,1,1,0,0.40000000000000036
12.85,23.5,33.5,12.7,13.0,12.75,16.925575521572355,12.629999999999999,0.2167948338873079,12.487499999999999,0.18601686140593873,12.003,0.4144593232298881,9.801499999999999,1.9158287367987021,1,1,0,0.3000000000000007
13.1,23.5,33.5,12.8,13.3,12.85,16.343740152288273,12.78,0.23345235059907524,12.554166666666665,0.24629835319775079,12.038,0.4317217546861864,9.83375,1.91679916336149,1,1,0,0.5
13.2,23.5,33.5,13.1,13.4,13.1,16.23847983402898,12.930000000000001,0.20796634343143497,12.625,0.29886147596876517,12.073,0.45346849225642966,9.867249999999999,1.9167903809028255,1,1,0,0.3000000000000007
13.2,23.5,33.5,13.1,13.3,13.2,14.934056511094454,13.02,0.20796634343144652,12.695833333333333,0.3271490717571487,12.097999999999999,0.48021678777947563,9.9005,1.9166356490098126,1,1,0,0.20000000000000107
13.2,23.5,33.5,13.1,13.3,13.2,16.27025872824025,13.11,0.15165750888185897,12.762499999999998,0.34253400627469993,12.125,0.5033814231204693,9.9345,1.914539647095744,1,1,0,0.20000000000000107
13.0,23.5,33.5,12.9,13.1,13.2,16.48594203138233,13.14,0.08944271910140426,12.808333333333332,0.33359837947437754,12.15,0.515276822767689,9.9675,1.9101865914277432,1,1,0,0.1999999999999993
13.15,23.5,33.5,13.0,13.3,13.0,15.92953479012541,13.15,0.08660254037990607,12.870833333333332,0.3201266321412737,12.177999999999999,0.5308983530059418,10.001750000000001,1.9055023309263668,1,1,0,0.3000000000000007
13.05,23.5,33.5,13.0,13.2,13.15,17.165425206586615,13.12,0.09082951062430923,12.920833333333334,0.29423115011335005,12.203,0.542049210809044,10.03475,1.9008276265430102,1,1,0,0.1999999999999993
13.0,23.5,33.5,13.0,13.1,13.05,15.22376233100671,13.080000000000002,0.09082951062429596,12.975,0.23306261351456212,12.229,0.5485686383856992,10.066,1.897927724714825,1,1,0,0.09999999999999964
13.05,23.5,33.5,13.0,13.2,13.0,15.008432829436716,13.05,0.06123724357159844,13.025,0.16445502286495237,12.254000000000001,0.5570366199077933,10.09775,1.8944463763496469,1,1,0,0.1999999999999993
13.1,23.5,33.5,13.1,13.2,13.05,18.052511435038763,13.069999999999999,0.057008771257136215,13.054166666666667,0.14054816924757862,12.283,0.5626658485662599,10.13,1.8903550489406116,1,1,0,0.09999999999999964
13.05,23.5,33.5,13.05,13.2,13.1,15.61034878295627,13.05,0.03535533906282365,13.079166666666666,0.10326121628151323,12.314,0.5613431414463991,10.1615,1.8862349166538097,1,1,0,0.14999999999999858
13.0,23.5,33.5,12.85,13.1,13.05,16.438649067103725,13.040000000000001,0.04183300132965109,13.091666666666667,0.07929614611024739,12.346000000000002,0.5537294705273911,10.192,1.8825463884118758,1,1,0,0.25
12.8,23.5,33.5,12.7,13.0,13.0,17.17182915104448,13.0,0.11726039399662627,13.066666666666668,0.11547005383817756,12.373999999999999,0.5401473721804099,10.22075,1.8782227078280649,1,1,0,0.3000000000000007
12.9,23.5,33.5,12.75,13.0,12.8,16.669667803997136,12.969999999999999,0.12041594578892836,13.041666666666666,0.1164500152883792,12.403999999999998,0.526428086838248,10.24875,1.8762027130891263,1,1,0,0.25
12.8,23.5,33.5,12.75,13.0,12.9,17.13946329427843,12.910000000000002,0.11401754251095955,13.008333333333333,0.12401124093744381,12.431000000000001,0.510890578963248,10.27575,1.8738546082780294,1,1,0,0.25
12.85,23.5,33.5,12.75,13.05,12.8,17.40874605407614,12.87,0.0836660026548173,12.979166666666666,0.11571582223364163,12.457,0.4980584753800429,10.30325,1.8710575134380416,1,1,0,0.3000000000000007
12.9,23.5,33.5,12.8,13.0,12.85,15.23594085162384,12.85,0.050000000002346265,12.970833333333331,0.11766349038573111,12.482000000000001,0.4879946470097166,10.33125,1.8677872156416948,1,1,0,0.1999999999999993
12.85,23.5,33.5,12.75,13.1,12.9,16.295915506951523,12.860000000000003,0.041833001329515854,12.945833333333335,0.10757309002266904,12.506000000000002,0.47559200487600173,10.35925,1.86333357118027,1,1,0,0.34999999999999964
12.6,23.5,33.5,12.1,12.9,12.85,16.37738604206791,12.8,0.11726039399657255,12.908333333333333,0.1411532586386062,12.524,0.46128038310410385,10.38675,1.8555598750104307,1,1,0,0.8000000000000007
12.6,23.5,33.5,12.5,12.7,12.6,16.879933704074798,12.76,0.14747881203830193,12.875,0.16306719195154884,12.542,0.4457692273829216,10.41475,1.8464266555897484,1,1,0,0.1999999999999993
12.85,23.5,33.5,12.65,13.2,12.6,17.872689644252116,12.76,0.14747881203830193,12.858333333333333,0.15349464505532395,12.565,0.4308570007577631,10.44375,1.8388461636493194,1,1,0,0.5499999999999989
13.0,23.5,33.5,12.9,13.1,12.85,15.071781936214924,12.78,0.17535677916815806,12.85,0.14142135623749919,12.591,0.41658107964512947,10.473500000000001,1.8317818850430418,1,1,0,0.1999999999999993
13.0,23.5,33.5,12.95,13.1,13.0,16.30471636976427,12.809999999999999,0.20124611797555814,12.845833333333333,0.1356102928070176,12.616,0.40234516606142506,10.50275,1.8251398893174928,1,1,0,0.15000000000000036
13.05,23.5,33.5,13.0,13.2,13.0,17.827380726414763,12.9,0.18371173070938765,12.850000000000001,0.14142135623749919,12.641999999999998,0.3869504002386256,10.53225,1.8183452186454678,1,1,0,0.1999999999999993
13.0,23.5,33.5,12.85,13.1,13.05,15.621666071760588,12.98,0.07582875444212464,12.866666666666667,0.14668044012480155,12.666999999999998,0.3680630491684815,10.561,1.8116329844512487,1,1,0,0.25
12.95,23.5,33.5,12.75,13.05,13.0,14.82350533899876,13.0,0.03535533906279805,12.870833333333332,0.14841332538410826,12.69,0.34817307448430473,10.589500000000001,1.8041032934583636,1,1,0,0.3000000000000007
13.0,23.5,33.5,12.95,13.05,12.95,14.606510592082989,13.0,0.03535533906279805,12.887500000000001,0.15094399924854668,12.712,0.3315947859070635,10.61825,1.7964172712827027,1,1,0,0.10000000000000142
12.95,23.5,33.5,12.95,13.05,13.0,16.678899361605513,12.99,0.04183300132962876,12.895833333333334,0.15144505954523757,12.724,0.3290741495746852,10.646749999999999,1.7879065935996663,1,1,0,0.10000000000000142
12.95,23.5,33.5,12.9,13.0,12.95,16.983985363932938,12.969999999999999,0.02738612787969987,12.9,0.15225576567694488,12.742,0.31580153933258936,10.675,1.7793765493909905,1,1,0,0.09999999999999964
12.95,23.5,33.5,12.9,13.05,12.95,17.20414606866898,12.959999999999999,0.022360679780421264,12.908333333333331,0.15200677815846014,12.759,0.3031619086512649,10.70325,1.770352415729527,1,1,0,0.15000000000000036
12.95,23.5,33.5,12.9,13.1,12.95,16.607019226385187,12.959999999999999,0.022360679780421264,12.9375,0.11701786965347247,12.774,0.29333410636869134,10.731,1.7617912880683517,1,1,0,0.1999999999999993
12.8,23.5,33.5,12.7,12.95,12.95,17.600944894191844,12.919999999999998,0.06708203932677961,12.954166666666666,0.06894771844552514,12.784,0.28525677655642767,10.7565,1.7545941849239153,1,1,0,0.25
12.8,23.5,33.5,12.8,12.9,12.8,16.802867909556582,12.89,0.08215838362722003,12.950000000000001,0.07687061147894116,12.790999999999999,0.2811583183900756,10.78125,1.748290173326707,1,1,0,0.09999999999999964
12.8,23.5,33.5,12.8,12.95,12.8,17.2577251470914,12.86,0.08215838362720705,12.933333333333335,0.08616404368585223,12.796000000000001,0.27899967083576593,10.807,1.7398451961403452,1,1,0,0.14999999999999858
12.8,23.5,33.5,12.8,12.95,12.8,14.286639179169189,12.830000000000002,0.06708203932673143,12.916666666666666,0.09128709291782681,12.805,0.27147555984245036,10.832250000000002,1.7318832337013519,1,1,0,0.14999999999999858
12.85,23.5,33.5,12.8,12.95,12.8,16.597313015579946,12.810000000000002,0.0223606797801784,12.899999999999999,0.08257228238480512,12.815,0.26346397344999106,10.857000000000001,1.7251250045741633,0,1,0,0.14999999999999858
12.8,23.5,33.5,12.8,12.9,12.85,16.780551689922426,12.809999999999999,0.0223606797801784,12.883333333333333,0.08071648849649778,12.822000000000001,0.25816463660186273,10.880749999999999,1.7189724456326205,0,1,0,0.09999999999999964
12.9,23.5,33.5,12.8,13.05,12.8,16.21313315722696,12.830000000000002,0.04472135955260389,12.879166666666668,0.07821396449789444,12.833,0.24920485794708122,10.9045,1.713860067700471,0,1,0,0.25
12.95,23.5,33.5,12.85,13.0,12.9,16.565636431404197,12.86,0.06519202405383406,12.875,0.07229988054849239,12.845999999999998,0.23751262050235217,10.92825,1.709099041944571,1,1,0,0.15000000000000036
12.9,23.5,33.5,12.85,13.0,12.95,15.2115822151657,12.88,0.05700877125703852,12.870833333333332,0.0689477184455101,12.857000000000001,0.2265558452575068,10.9525,1.7024498310187144,1,1,0,0.15000000000000036
12.85,23.5,33.5,12.8,12.95,12.9,14.155762072680414,12.88,0.05700877125703852,12.862499999999999,0.06440285143361708,12.867,0.21443090319455627,10.977,1.6942619685545746,1,1,0,0.14999999999999858
12.85,23.5,33.5,12.8,12.9,12.85,16.491567798664285,12.89,0.041833001329550756,12.854166666666666,0.05822500764452179,12.876000000000001,0.20360024858635367,11.00175,1.685217859408187,1,1,0,0.09999999999999964
12.8,23.5,33.5,12.7,12.9,12.85,17.61001726465858,12.87,0.057008771257031264,12.841666666666667,0.05149286505495651,12.883,0.19446682734777856,11.02625,1.6754879098880044,0,1,0,0.20000000000000107
12.8,23.5,33.5,12.55,12.85,12.8,15.991352707442951,12.84,0.04183300132950149,12.841666666666669,0.05149286505495651,12.891000000000002,0.18202096761910816,11.0515,1.6638780607379238,0,1,0,0.29999999999999893
12.8,23.5,33.5,12.75,12.9,12.8,16.603726597620643,12.819999999999999,0.02738612787950238,12.841666666666667,0.05149286505495651,12.898,0.17111876768197104,11.078000000000001,1.649170950544719,0,1,0,0.15000000000000036
12.8,23.5,33.5,12.75,12.85,12.8,15.99394877143366,12.810000000000002,0.022360679780178267,12.841666666666667,0.05149286505495651,12.906999999999998,0.15253303422717113,11.10375,1.6355268809750354,0,1,0,0.09999999999999964
12.65,23.5,33.5,12.5,12.8,12.8,16.800414465805286,12.77,0.06708203932669743,12.829166666666667,0.07525210155159306,12.911000000000001,0.14260334598335825,11.12875,1.620614976485784,0,1,0,0.3000000000000007
12.55,23.5,33.5,12.0,12.7,12.65,16.68243176631253,12.72,0.11510864433318961,12.804166666666667,0.10966546927618988,12.907,0.14983324063750042,11.15325,1.6047204041130816,0,1,0,0.6999999999999993
12.35,23.5,33.5,12.2,12.5,12.55,17.00051935469878,12.63,0.18907670401246737,12.766666666666666,0.17100416440097338,12.899000000000001,0.16796804846772975,11.17625,1.5885815668300853,0,1,1,0.3000000000000007
12.45,23.5,33.5,12.35,12.55,12.35,16.94475926778094,12.56,0.1746424919663396,12.729166666666666,0.1876388374867615,12.890999999999998,0.17948054297348684,11.1995,1.5728697806028429,0,1,0,0.20000000000000107
12.45,23.5,33.5,12.45,12.6,12.45,15.684832893368272,12.49,0.11401754251082463,12.6875,0.18964680089829647,12.878,0.18739895236333112,11.2225,1.5571987960604863,0,1,0,0.15000000000000036
12.65,23.5,33.5,12.5,13.0,12.45,16.7049486023078,12.49,0.11401754251082463,12.666666666666666,0.1775250729198556,12.867,0.1842275655766603,11.2465,1.5418737377345604,0,1,0,0.5
12.95,23.5,33.5,12.55,13.05,12.65,16.700624126894347,12.569999999999999,0.23874672772671363,12.674999999999999,0.188896315956312,12.862,0.17830265487263292,11.271,1.5297088105996177,0,1,1,0.5
12.75,23.5,33.5,12.55,12.8,12.95,14.281506793322315,12.65,0.21213203435648154,12.666666666666666,0.18257418583518825,12.853000000000002,0.17214433905685997,11.294500000000001,1.516018240831102,0,1,1,0.25
12.7,23.5,33.5,12.65,12.8,12.75,14.400070355458631,12.7,0.18027756377381812,12.658333333333333,0.17816403745557782,12.847000000000001,0.17214433905686002,11.317749999999998,1.5015979553788543,0,1,1,0.15000000000000036
12.75,23.5,33.5,12.7,12.9,12.7,17.008793706306058,12.76,0.11401754251091066,12.654166666666667,0.17510819166425926,12.838999999999999,0.16699321750841561,11.34125,1.4869063149530308,0,1,0,0.20000000000000107
12.7,23.5,33.5,12.7,12.95,12.75,18.032345591792904,12.77,0.10368220676773851,12.645833333333334,0.16983726613951627,12.832,0.16529503616118457,11.36475,1.4708883370262902,0,1,0,0.25
12.7,23.5,33.5,12.65,12.85,12.7,15.659815195991353,12.72,0.02738612787935819,12.637500000000001,0.1639359631076954,12.826,0.1645153674353386,11.38775,1.4554653325211218,0,1,0,0.1999999999999993
12.55,23.5,33.5,12.5,12.75,12.7,16.203649391111362,12.68,0.0758287544419766,12.629166666666665,0.16577412526117596,12.815999999999999,0.16581277861177005,11.40975,1.439445188171022,0,1,0,0.25
12.4,23.5,33.5,12.2,12.6,12.55,14.666687029661606,12.62,0.14404860290963392,12.616666666666667,0.17752507291985176,12.802,0.17082034959766973,11.430749999999998,1.4229249857513016,0,1,0,0.40000000000000036
12.35,23.5,33.5,12.3,12.5,12.4,16.290021778690928,12.54,0.16355427233860942,12.616666666666667,0.17752507291985176,12.788,0.1785885706056123,11.450750000000001,1.407432509516597,0,1,0,0.1999999999999993
12.3,23.5,33.5,12.3,12.45,12.35,15.90002682640913,12.46,0.16355427233859274,12.604166666666666,0.19477064989533932,12.774,0.1887769442856115,11.46975,1.3929731903540679,0,1,0,0.14999999999999858
12.15,23.5,33.5,12.1,12.35,12.3,16.32069366068385,12.35,0.14577379737181573,12.579166666666667,0.23204460125101634,12.761000000000001,0.2083193192563894,11.489,1.3754410895980744,0,1,0,0.25
12.05,23.5,33.5,12.0,12.2,12.15,17.02924925033326,12.25,0.14577379737179133,12.529166666666667,0.2758938640899236,12.744000000000002,0.23027047095937772,11.508000000000003,1.3565904645257443,0,1,0,0.1999999999999993
12.1,23.5,33.5,12.05,12.25,12.05,16.55324906748485,12.19,0.12942179105617344,12.458333333333334,0.26699790034365867,12.73,0.24743582965256586,11.52675,1.3385178698619091,0,1,0,0.1999999999999993
12.0,23.5,33.5,11.85,12.15,12.1,17.07901173381423,12.120000000000001,0.11510864433300705,12.395833333333334,0.2799824128676543,12.713,0.26741582692453175,11.545,1.3197380583712557,0,1,0,0.3000000000000007
11.95,23.5,33.5,11.75,12.05,12.0,16.80198516122038,12.05,0.07905694150533263,12.333333333333334,0.28946135974931025,12.693999999999999,0.28689754980056525,11.56325,1.2997243378006433,0,1,0,0.3000000000000007
12.05,23.5,33.5,12.0,12.1,11.95,16.02422454519007,12.03,0.05700877125650134,12.274999999999999,0.2675647755048272,12.677999999999999,0.3000272096503038,11.581000000000001,1.2817971836840905,0,1,0,0.09999999999999964
12.0,23.5,33.5,12.0,12.1,12.05,15.24675462287908,12.02,0.05700877125649485,12.216666666666667,0.2415229457699032,12.666000000000002,0.3148436605875684,11.59725,1.2662332608387108,0,1,0,0.09999999999999964
12.2,23.5,33.5,12.0,12.35,12.0,17.01341607486249,12.040000000000001,0.09617692030927565,12.174999999999999,0.18768929838248666,12.658,0.3215650503904119,11.61375,1.252333876484589,0,1,0,0.34999999999999964
12.0,23.5,33.5,11.9,12.3,12.2,15.328724092842597,12.040000000000001,0.09617692030927565,12.129166666666668,0.15144505954517756,12.640999999999998,0.33345592983600125,11.629249999999999,1.2376757019575215,0,1,0,0.40000000000000036
12.05,23.5,33.5,11.95,12.1,12.0,16.165723330180064,12.059999999999999,0.0821583836268592,12.1,0.12613124477751939,12.622,0.3395915914440856,11.644,1.2248942114099861,0,1,0,0.15000000000000036
12.2,23.5,33.5,12.05,12.4,12.05,15.447668602341848,12.09,0.10246950766047556,12.0875,0.1047182366684256,12.606,0.34026400314560107,11.658,1.2150794584932396,0,1,0,0.34999999999999964
12.4,23.5,33.5,12.25,12.6,12.2,15.636828991246158,12.17,0.15652475842557925,12.095833333333333,0.1251514234354297,12.593000000000002,0.33533565274204713,11.6745,1.202509833430667,0,1,0,0.34999999999999964
12.5,23.5,33.5,12.45,12.7,12.4,15.361966284209702,12.23,0.21679483388722667,12.125,0.17122552910771752,12.583000000000002,0.3303693047953384,11.692,1.1887817335618067,0,1,0,0.25
12.6,23.5,33.5,12.5,13.0,12.5,16.935749921081005,12.35,0.22360679775042253,12.170833333333334,0.21685597790135291,12.575999999999999,0.32611504167716343,11.71,1.174990644675667,0,1,0,0.5
12.95,23.5,33.5,12.6,13.0,12.6,16.25668307777308,12.53,0.27748873851061184,12.241666666666667,0.31030288233904163,12.575,0.32486260832180897,11.7295,1.1629237758953406,0,1,0,0.40000000000000036
12.85,23.5,33.5,12.5,12.95,12.95,16.613492927499973,12.66,0.23291629397751362,12.3125,0.34517781978679785,12.573,0.3228081505178441,11.748,1.1510519549590443,1,1,0,0.4499999999999993
12.8,23.5,33.5,12.55,12.9,12.85,15.577360668513055,12.74,0.18506755523382626,12.383333333333333,0.3511884584284838,12.57,0.3199170810935936,11.76625,1.1385207883157418,1,1,0,0.34999999999999964
12.7,23.5,33.5,12.6,12.85,12.8,15.120052688508668,12.78,0.13509256086190752,12.4375,0.34517781978680223,12.565,0.31578376740269093,11.78425,1.1245275669114034,1,1,0,0.25
12.8,23.5,33.5,12.6,12.95,12.7,15.299113328370225,12.819999999999999,0.09082951062419571,12.504166666666668,0.3299161968890606,12.562000000000001,0.3127494922424239,11.802999999999999,1.1098761758088616,1,1,0,0.34999999999999964
12.75,23.5,33.5,12.65,12.85,12.8,14.902354200311832,12.780000000000001,0.057008771256958087,12.549999999999999,0.3219260219932664,12.561,0.31205212803661453,11.821999999999997,1.0931908944270685,1,1,0,0.1999999999999993
12.8,23.5,33.5,12.65,12.9,12.75,15.804261371225905,12.77,0.04472135955253942,12.616666666666667,0.27743413086666874,12.561000000000002,0.31205212803661453,11.841,1.0767968505184227,1,1,0,0.25
12.7,23.5,33.5,12.65,12.8,12.8,13.831483311628592,12.75,0.0500000000022613,12.670833333333334,0.21262251370299784,12.559,0.3108070469086858,11.859499999999999,1.0593848361930338,1,1,0,0.15000000000000036
12.7,23.5,33.5,12.7,12.85,12.7,17.106803821124434,12.75,0.0500000000022613,12.712499999999999,0.15244223943410629,12.557,0.30954377224991986,11.878,1.041351557028939,1,1,0,0.15000000000000036
12.75,23.5,33.5,12.65,12.8,12.7,16.033147707261556,12.74,0.041833001329397886,12.741666666666665,0.11645001528834491,12.555,0.3079308827827493,11.896749999999999,1.0228676496219724,1,1,0,0.15000000000000036
12.8,23.5,33.5,12.75,12.9,12.75,15.80534203079599,12.75,0.0500000000022613,12.766666666666666,0.0887625364601425,12.555,0.3079308827827493,11.914499999999999,1.0073921504178895,1,1,0,0.15000000000000036
12.75,23.5,33.5,12.75,12.85,12.8,16.85517842176465,12.74,0.041833001329397886,12.779166666666667,0.07216878364905316,12.552,0.3052198939672906,11.931,0.9937563880518865,1,1,0,0.09999999999999964
12.75,23.5,33.5,12.7,12.8,12.75,17.221997292967465,12.75,0.035355339062524874,12.762500000000001,0.04826536495869082,12.548,0.30118134749942166,11.946999999999997,0.9809061547477782,1,1,0,0.10000000000000142
12.75,23.5,33.5,12.7,12.8,12.75,14.7646947201972,12.76,0.022360679780069174,12.754166666666668,0.03964807305556837,12.545,0.29833722872070634,11.96225,0.9694387525650272,1,1,0,0.10000000000000142
12.75,23.5,33.5,12.75,12.8,12.75,14.358590958215682,12.76,0.022360679780069174,12.75,0.036927447294475224,12.543,0.2965808558918923,11.977749999999999,0.9569856557055033,1,1,0,0.05000000000000071
12.7,23.5,33.5,12.7,12.85,12.75,17.249307454019338,12.74,0.022360679780037397,12.75,0.036927447294475224,12.54,0.2941608611709462,11.992750000000001,0.9445346292376511,1,1,0,0.15000000000000036
12.75,23.5,33.5,12.7,12.85,12.7,14.497091607969521,12.74,0.022360679780037397,12.745833333333332,0.03342789617182062,12.539000000000001,0.29334280287734127,12.00725,0.9336721350553715,1,1,0,0.15000000000000036
12.95,23.5,33.5,12.75,13.05,12.75,16.423674196913606,12.780000000000001,0.09746794344925956,12.762500000000001,0.06784005253036648,12.541999999999998,0.29681300373064545,12.02325,0.9221435251111857,1,1,0,0.3000000000000007
13.15,23.5,33.5,12.95,13.3,12.95,14.822702126397422,12.86,0.18841443681478753,12.791666666666666,0.13113721705534465,12.549000000000001,0.3069750372087647,12.04,0.9119254575901291,1,1,0,0.3500000000000014
13.2,23.5,33.5,13.0,13.4,13.15,15.97596752638072,12.95,0.22638462845396468,12.833333333333334,0.17232808737121605,12.557,0.3186402872409512,12.056999999999999,0.901590442847043,1,1,0,0.40000000000000036
13.4,23.5,33.5,13.2,13.5,13.2,16.32517494017352,13.09,0.2484954727962849,12.891666666666667,0.23143164446691183,12.571999999999997,0.34004201421075325,12.075,0.8921911371032495,1,1,0,0.3000000000000007
13.2,23.5,33.5,13.1,13.4,13.4,15.631312184380006,13.180000000000001,0.16046806535960711,12.929166666666667,0.2425792591499751,12.585,0.3514184086799073,12.091750000000001,0.8815925730313758,1,1,0,0.3000000000000007
13.2,23.5,33.5,13.1,13.35,13.2,13.945398696992743,13.229999999999999,0.09746794344941523,12.9625,0.25056753762038986,12.601999999999999,0.3602663413845771,12.1085,0.8705411878819725,1,1,0,0.25
13.25,23.5,33.5,13.2,13.35,13.2,15.19165382057852,13.25,0.08660254037994335,13.004166666666668,0.2535729528642556,12.618000000000002,0.3709832495255092,12.125250000000001,0.8599987948454575,1,1,0,0.15000000000000036
13.25,23.5,33.5,13.2,13.3,13.25,16.133526087082483,13.26,0.08215838362735915,13.045833333333334,0.24905122997401907,12.634,0.3807136156519648,12.14175,0.8496493142976065,1,1,0,0.10000000000000142
13.15,23.5,33.5,13.0,13.25,13.25,16.396007727045692,13.209999999999999,0.04183300132977792,13.079166666666666,0.23204460125104054,12.644,0.38764595671183893,12.157250000000001,0.8395140599083973,1,1,0,0.25
12.95,23.5,33.5,12.85,13.15,13.15,16.208886634560816,13.16,0.12449899598090838,13.095833333333333,0.21262251370302065,12.643999999999998,0.38764595671183893,12.168999999999999,0.8340366211546686,1,1,0,0.3000000000000007
12.9,23.5,33.5,12.5,13.0,12.95,16.323726831934565,13.1,0.16583123951852574,13.112500000000002,0.18479103677609876,12.646999999999998,0.3890608787154957,12.179749999999999,0.8294985089690456,1,1,0,0.5
12.9,23.5,33.5,12.85,13.0,12.9,16.592595469678166,13.029999999999998,0.16046806535958066,13.125,0.16166744767089664,12.651000000000002,0.39064180576085067,12.189750000000002,0.8260412570153003,1,1,0,0.15000000000000036
12.85,23.5,33.5,12.8,12.95,12.9,16.551480743451158,12.95,0.11726039399661896,13.116666666666665,0.173641916459055,12.653000000000002,0.39141423331395503,12.199000000000002,0.8230040573362442,1,1,0,0.14999999999999858
12.5,23.5,33.5,12.15,12.8,12.85,17.230663473259302,12.819999999999999,0.18234582528874899,13.0625,0.24783150434420478,12.649000000000001,0.39194569594698125,12.2065,0.818846934113756,1,1,0,0.6500000000000004
12.6,23.5,33.5,12.5,12.7,12.5,15.641301176025491,12.75,0.1870828693393145,13.012500000000001,0.27644249771970747,12.646999999999998,0.3919352820378096,12.214500000000001,0.8148062938406724,1,1,0,0.1999999999999993
12.6,23.5,33.5,12.5,12.7,12.6,17.247023769166343,12.69,0.17464249196638107,12.945833333333333,0.270906167362808,12.648,0.3917464819527852,12.2235,0.8090243208697462,1,1,0,0.1999999999999993
12.55,23.5,33.5,12.5,12.65,12.6,17.166610456287557,12.62,0.13509256086188942,12.891666666666666,0.2802866498081188,12.651,0.3903805051170526,12.232000000000001,0.8034323354134433,0,1,0,0.15000000000000036
12.55,23.5,33.5,12.5,12.65,12.55,16.056847816235056,12.56,0.04183300132933013,12.8375,0.27808190421995677,12.655,0.38825223234168565,12.24075,0.7972641268360557,0,1,0,0.15000000000000036
12.55,23.5,33.5,12.5,12.65,12.55,16.07558483534884,12.569999999999999,0.02738612787928115,12.779166666666669,0.25624769030750144,12.66,0.38518482179170876,12.249749999999999,0.790481970845076,0,1,0,0.15000000000000036
12.6,23.5,33.5,12.55,12.65,12.55,15.536006902057197,12.57,0.02738612787928115,12.725000000000001,0.21266704664174452,12.668999999999999,0.37821951298146295,12.261,0.7792400627385916,0,1,0,0.09999999999999964
12.65,23.5,33.5,12.6,12.75,12.6,16.34676797042833,12.580000000000002,0.04472135955246636,12.683333333333335,0.16560266430311676,12.681,0.3675470260068305,12.2725,0.7677833066888797,0,1,0,0.15000000000000036
12.85,23.5,33.5,12.65,13.05,12.65,15.82923968976868,12.64,0.12449899598079009,12.674999999999999,0.15300029708840152,12.696,0.35854581581821804,12.285,0.7565957876763574,0,1,0,0.40000000000000036
12.9,23.5,33.5,12.75,13.0,12.85,16.278171684012857,12.709999999999999,0.1557241150247109,12.674999999999999,0.15300029708840152,12.713999999999999,0.3452357963797731,12.298499999999999,0.7431751452264609,0,1,0,0.25
12.95,23.5,33.5,12.8,13.0,12.9,15.303865220019112,12.790000000000001,0.15572411502472738,12.679166666666667,0.16019637570159642,12.734000000000002,0.32863974445064986,12.313000000000002,0.7272036342236607,1,1,0,0.1999999999999993
12.75,23.5,33.5,12.75,12.95,12.95,15.596259803184134,12.819999999999999,0.12041594578890465,12.670833333333334,0.15293839124039332,12.748,0.3134664646971529,12.326750000000002,0.7090207965565664,1,1,0,0.1999999999999993
12.7,23.5,33.5,12.0,12.85,12.75,15.291097255207495,12.829999999999998,0.10368220676778209,12.6875,0.14321788867460658,12.761999999999999,0.29443130933768386,12.341,0.6872997195711431,1,1,0,0.8499999999999996
12.65,23.5,33.5,12.6,12.9,12.7,13.634109777126,12.790000000000001,0.1294217910563544,12.691666666666665,0.1411532586385835,12.771,0.2835795248933023,12.354750000000001,0.6653785241514553,1,1,0,0.3000000000000007
12.75,23.5,33.5,12.6,12.9,12.65,14.993334747743242,12.76,0.11401754251093496,12.704166666666666,0.13892171329310274,12.786000000000001,0.2608932849315684,12.368500000000001,0.6445619056779689,0,1,0,0.3000000000000007
12.85,23.5,33.5,12.7,13.0,12.75,14.75046640767086,12.74,0.07416198487251931,12.729166666666666,0.1356102928070011,12.801999999999998,0.23839600051418666,12.3825,0.6240319135634709,0,1,0,0.3000000000000007
12.85,23.5,33.5,12.75,12.95,12.85,15.748755266446787,12.76,0.0894427191012942,12.754166666666668,0.12695441797146617,12.815,0.22206130795285234,12.3955,0.6062113584017003,0,1,0,0.1999999999999993
12.75,23.5,33.5,12.75,12.85,12.85,15.696973762641118,12.77,0.08366600265480371,12.770833333333334,0.10966546927618072,12.821999999999997,0.2140856208650177,12.405,0.5966826214611308,0,1,0,0.09999999999999964
12.7,23.5,33.5,12.7,12.8,12.75,16.303803218741443,12.78,0.06708203932674006,12.779166666666667,0.0987612670981788,12.825999999999999,0.20977149861835062,12.414750000000002,0.5853272395736362,0,1,0,0.10000000000000142
12.65,23.5,33.5,12.65,12.75,12.7,15.737581804914697,12.76,0.08944271910129416,12.779166666666667,0.0987612670981788,12.827,0.20878902543666603,12.42375,0.5748921135404568,0,1,0,0.09999999999999964
12.5,23.5,33.5,12.5,12.8,12.65,14.392349177795213,12.690000000000001,0.12942179105633111,12.75,0.1243163121018112,12.818,0.21303444197904567,12.431999999999999,0.5639291448417683,0,1,0,0.3000000000000007
12.5,23.5,33.5,12.5,12.6,12.5,15.538741512160943,12.620000000000001,0.11510864433318731,12.716666666666667,0.1337115846844874,12.811,0.21766150466304443,12.440999999999999,0.5503484506068723,0,1,0,0.09999999999999964
12.15,23.5,33.5,12.0,12.5,12.5,15.019233631109975,12.5,0.21505813167656923,12.65,0.19306145983280884,12.798,0.23689315597305546,12.44775,0.538266748893875,0,1,0,0.5
12.15,23.5,33.5,11.85,12.5,12.15,16.43539970326755,12.39,0.22748626332200775,12.6,0.23741027013101929,12.786999999999999,0.2537092180959817,12.45325,0.5294606504755266,0,1,0,0.6500000000000004
12.45,23.5,33.5,12.3,12.55,12.15,15.493429397530841,12.35,0.18371173070930263,12.579166666666667,0.2388022511442512,12.78,0.25813301427977037,12.46,0.5206538216608113,0,1,0,0.25
12.5,23.5,33.5,12.5,12.6,12.45,16.18502515516638,12.35,0.18371173070930263,12.566666666666668,0.23868325657603967,12.775,0.2611298058631755,12.465749999999998,0.514649158438411,0,1,0,0.09999999999999964
12.25,23.5,33.5,12.05,12.5,12.5,14.840656053494842,12.3,0.1658312395183855,12.525,0.24725768670844075,12.764,0.2714360901213099,12.468499999999999,0.5119994798206743,0,1,0,0.4499999999999993
12.2,23.5,33.5,12.15,12.5,12.25,15.33156066165421,12.309999999999999,0.15572411502463215,12.470833333333331,0.2406981638082245,12.754000000000001,0.2828138495005567,12.47075,0.5098102292512419,0,1,0,0.34999999999999964
12.1,23.5,33.5,12.05,12.2,12.2,16.290737257842885,12.299999999999999,0.16955824957873417,12.408333333333331,0.2304475224559905,12.741999999999997,0.2974997856283521,12.472999999999999,0.507155829283108,0,0,0,0.14999999999999858
12.15,23.5,33.5,12.1,12.3,12.1,16.00624758099924,12.24,0.15572411502461792,12.358333333333333,0.21408720964451855,12.73,0.309047252182524,12.4755,0.5043028423317452,0,0,0,0.20000000000000107
12.15,23.5,33.5,12.1,12.25,12.15,15.697811430191235,12.17,0.05700877125667413,12.3125,0.1920286436968245,12.717,0.3195356963226891,12.47775,0.5018232461252828,0,0,0,0.15000000000000036
12.15,23.5,33.5,12.1,12.3,12.15,15.646314603039475,12.15,0.03535533906207744,12.270833333333334,0.1643974304895197,12.705,0.3293856371475838,12.481,0.49754573537909785,0,0,0,0.20000000000000107
12.2,23.5,33.5,12.15,12.3,12.15,15.788104506612386,12.15,0.03535533906207744,12.245833333333332,0.1484133253840642,12.694,0.3369490968640325,12.4845,0.49305197622181657,0,0,0,0.15000000000000036
12.2,23.5,33.5,12.15,12.25,12.2,15.239751022190156,12.17,0.027386127878832097,12.220833333333333,0.12515142343545033,12.683,0.3439877192871053,12.487,0.4903142259826471,0,0,0,0.09999999999999964
12.7,23.5,33.5,12.2,13.0,12.2,16.497661653956623,12.280000000000001,0.2361143790627817,12.266666666666666,0.1838147948015069,12.682,0.34386162380595314,12.491750000000001,0.48773338698911817,0,0,0,0.8000000000000007
12.8,23.5,33.5,12.2,13.0,12.7,17.065032011739632,12.41,0.31304951685030896,12.320833333333335,0.23496453633128475,12.684,0.3442590386819523,12.495750000000001,0.48696004758055433,0,0,0,0.8000000000000007
12.95,23.5,33.5,12.7,13.1,12.8,16.67989197408368,12.569999999999999,0.3492849839317785,12.362499999999999,0.29628380129385024,12.687999999999999,0.3461980086950616,12.500250000000001,0.4869786221097565,0,0,1,0.40000000000000036
12.95,23.5,33.5,12.45,13.05,12.95,16.035887375133797,12.719999999999999,0.3094349689356923,12.399999999999999,0.34045424201959096,12.687999999999999,0.3461980086950616,12.50275,0.48800170678912885,1,0,0,0.6000000000000014
13.0,23.5,33.5,12.75,13.05,12.95,15.011794176121523,12.88,0.12549900398108207,12.462499999999999,0.3772658816466043,12.684999999999997,0.34274551754305194,12.505999999999998,0.4891424143411557,1,0,0,0.3000000000000007
13.35,23.5,33.5,12.8,13.55,13.0,17.030334223914704,13.01,0.20432816741764373,12.558333333333335,0.44458015604788376,12.687999999999999,0.34796199651735576,12.5125,0.4916833458261233,1,1,0,0.75
13.55,23.5,33.5,13.0,13.75,13.35,15.730269212831598,13.16,0.27477263328116125,12.679166666666667,0.5020224249488887,12.691,0.3548052066892673,12.521,0.4948569662896382,1,1,0,0.75
13.7,23.5,33.5,13.3,13.85,13.55,15.608036566659203,13.309999999999999,0.3305298776211824,12.808333333333335,0.5505506884984432,12.700999999999999,0.37586498878700375,12.532,0.49649626656554496,1,1,0,0.5499999999999989
13.7,23.5,33.5,13.5,13.85,13.7,14.017145243184414,13.459999999999999,0.2945335295009451,12.9375,0.5637234170310313,12.710999999999999,0.3955479278990628,12.545500000000002,0.49131118796241763,1,1,0,0.34999999999999964
13.75,23.5,33.5,13.6,13.85,13.7,15.252331907434229,13.61,0.16355427233886127,13.070833333333333,0.5495693906610598,12.720999999999998,0.4152808245816824,12.558250000000001,0.48930207449024676,1,1,0,0.25
13.7,23.5,33.5,13.55,13.85,13.75,16.514129827302252,13.679999999999998,0.07582875444248817,13.195833333333333,0.5020224249488966,12.729999999999997,0.4315373561997318,12.57,0.48835690054663305,1,1,0,0.29999999999999893
13.6,23.5,33.5,13.55,13.7,13.7,18.521233529977028,13.690000000000001,0.05477225575325488,13.3125,0.402336923485848,12.738999999999999,0.4449592964644517,12.58075,0.4872411695314634,1,1,0,0.14999999999999858
13.55,23.5,33.5,13.5,13.65,13.6,16.344051324547685,13.66,0.08215838362758723,13.383333333333333,0.3569653238401464,12.751000000000001,0.45864596634977095,12.58875,0.48996045117799963,1,1,0,0.15000000000000036
13.45,23.5,33.5,13.0,13.65,13.55,14.148334002977338,13.61,0.11937336386436595,13.4375,0.30609342008321727,12.762,0.4687760877093655,12.59675,0.49089901887620857,1,1,0,0.6500000000000004
13.55,23.5,33.5,13.2,13.65,13.45,16.686631592903705,13.569999999999999,0.0908295106245289,13.487499999999999,0.2655397590501722,12.775,0.48152076268619465,12.60575,0.49179645818301976,1,1,0,0.45000000000000107
13.8,23.5,33.5,13.3,13.95,13.55,16.308046447616743,13.59,0.1294217910565792,13.558333333333335,0.21829227002250023,12.794,0.5028124980180987,12.616,0.4952224006753014,1,1,0,0.6499999999999986
13.9,23.5,33.5,13.6,14.0,13.8,15.782790872592441,13.65,0.19039432764737732,13.633333333333335,0.15423319612826822,12.822000000000001,0.5246145329317519,12.626499999999998,0.5000731102327386,1,1,0,0.40000000000000036
13.8,23.5,33.5,13.7,13.95,13.9,16.306067962124857,13.7,0.19039432764738612,13.670833333333333,0.13221596199447003,12.846000000000002,0.5414304560841077,12.637,0.5025622789476549,1,1,0,0.25
13.9,23.5,33.5,13.8,14.0,13.8,15.621156660039578,13.790000000000001,0.14317821063383201,13.700000000000001,0.14142135623753213,12.872,0.5602623292270815,12.6475,0.506905827139415,1,1,0,0.1999999999999993
13.95,23.5,33.5,13.8,14.0,13.9,15.968945895637125,13.87,0.06708203932731314,13.720833333333331,0.15877132402734606,12.899999999999999,0.5785273351804169,12.659,0.5102408535615025,1,1,0,0.1999999999999993
14.2,23.5,33.5,13.95,14.65,13.95,16.84817732749829,13.95,0.1500000000010543,13.762500000000001,0.21011360563464426,12.933,0.6046258752150171,12.6725,0.5151169550567026,1,1,0,0.7000000000000011
14.55,23.5,33.5,14.1,14.7,14.2,15.389259321923154,14.080000000000002,0.3012474066283802,13.829166666666666,0.3092941622273901,12.972999999999999,0.6436669502600518,12.68825,0.5240923597110454,1,1,0,0.5999999999999996
14.8,23.5,33.5,14.6,14.95,14.55,15.49081130174995,14.280000000000001,0.3882653731667783,13.920833333333334,0.41311363907276655,13.017000000000001,0.6910956990938774,12.705250000000001,0.5370774604211354,1,1,0,0.34999999999999964
15.0,23.5,33.5,14.7,15.15,14.8,17.420347886132777,14.5,0.4286607049874663,14.0375,0.5023241438101613,13.064,0.7435463835496263,12.72325,0.5531971374331895,1,1,0,0.45000000000000107
14.95,23.5,33.5,14.9,15.15,15.0,16.917101767943823,14.7,0.32977264895737446,14.154166666666667,0.5399740453920328,13.106,0.789125064452315,12.74075,0.5678814880078976,1,1,0,0.25
14.65,23.5,33.5,14.3,15.0,14.95,16.05176362912612,14.790000000000001,0.1917028951277714,14.254166666666665,0.5078736122901784,13.141000000000002,0.8180795081363327,12.75625,0.5774431926202531,1,1,0,0.6999999999999993
14.05,23.5,33.5,14.0,14.65,14.65,16.754423824779092,14.690000000000001,0.3830796261880326,14.295833333333334,0.463415351362961,13.163,0.8275739069282586,12.768249999999998,0.579273013024121,1,1,0,0.6500000000000004
13.9,23.5,33.5,13.75,14.5,14.05,16.423136263415593,14.510000000000002,0.5091659847243835,14.304166666666667,0.4545018918519906,13.186,0.8318310267973823,12.7795,0.5792949709056137,1,1,0,0.75
13.9,23.5,33.5,13.8,14.05,13.9,17.641801389691462,14.290000000000001,0.4814041960767869,14.304166666666665,0.4545018918519906,13.209999999999997,0.8348285904963568,12.7905,0.5795811605012648,1,1,0,0.25
13.4,23.5,33.5,13.3,13.95,13.9,17.304581475405893,13.98,0.44805133634475297,14.270833333333334,0.5065293374495088,13.225,0.8312917167681128,12.799000000000001,0.5759623801226391,1,1,0,0.6499999999999986
13.35,23.5,33.5,13.25,13.85,13.4,15.6586284777905,13.720000000000002,0.3213253802616642,14.225,0.5646801186191212,13.236999999999998,0.8286213039175685,12.80725,0.5719445254576334,1,1,0,0.5999999999999996
13.5,23.5,33.5,13.3,13.7,13.35,17.01159669952317,13.61,0.27018512172267406,14.1875,0.5985303971927444,13.25,0.8275239684548573,12.81625,0.5685858659293472,1,1,0,0.3999999999999986
13.45,23.5,33.5,13.35,13.6,13.5,16.160072274637702,13.52,0.21965882636554898,14.125,0.6351449369310587,13.262,0.8259539938761289,12.82475,0.5652632574749648,1,1,0,0.25
13.85,23.5,33.5,13.45,14.05,13.45,15.681650735959563,13.51,0.1981161275623204,14.066666666666668,0.6246210972674412,13.284,0.826687513452264,12.83525,0.5647029169590524,1,1,0,0.6000000000000014
14.0,23.5,33.5,13.8,14.1,13.85,15.33246052434322,13.629999999999999,0.2797320146145181,14.0,0.5803603896013652,13.31,0.8283866789101849,12.8465,0.5653857579355298,1,1,0,0.29999999999999893
14.05,23.5,33.5,14.0,14.2,14.0,16.772933355062687,13.77,0.2797320146145329,13.920833333333334,0.4891822180172827,13.338,0.8292829457317684,12.85775,0.5668412321029688,1,1,0,0.1999999999999993
14.1,23.5,33.5,14.0,14.25,14.05,16.557717453745976,13.89,0.26315394733940883,13.850000000000001,0.3747726583605196,13.37,0.8271539599550459,12.86875,0.5695020636507508,1,1,0,0.25
14.05,23.5,33.5,14.0,14.15,14.1,15.845289185989616,14.01,0.09617692031001748,13.799999999999999,0.28841258325857255,13.401,0.8229172845084628,12.877249999999998,0.5743862247441442,1,1,0,0.15000000000000036
14.15,23.5,33.5,14.05,14.5,14.05,15.973301181635293,14.070000000000002,0.057008771257789276,13.808333333333332,0.29759134070175997,13.441,0.8093641999515359,12.88775,0.5783683838498928,1,1,0,0.4499999999999993
14.05,23.5,33.5,14.0,14.3,14.15,14.754775744313307,14.080000000000002,0.04472135955361255,13.820833333333333,0.30485341733474314,13.479000000000001,0.7919293155429026,12.8975,0.5814500587791028,1,1,0,0.3000000000000007
13.9,23.5,33.5,13.8,14.1,14.05,16.28451654288958,14.05,0.09354143467106789,13.820833333333335,0.30485341733474314,13.508,0.7799372031235909,12.905999999999999,0.583624095995947,1,1,0,0.29999999999999893
13.85,23.5,33.5,13.8,14.0,13.9,15.429378841793595,14.0,0.1224744871404597,13.858333333333334,0.2745519766435003,13.535,0.7675996245917477,12.91375,0.5858236803186271,1,1,0,0.1999999999999993
13.75,23.5,33.5,13.6,13.9,13.85,15.136306203774346,13.940000000000001,0.15968719422769892,13.891666666666667,0.22746961169019836,13.565,0.7453426824525993,12.92025,0.5878608161766953,1,1,0,0.3000000000000007
13.75,23.5,33.5,13.0,13.85,13.75,14.584229388978047,13.86,0.12449899598113089,13.912500000000001,0.1978578461239096,13.595999999999998,0.7191860478544425,12.92625,0.5901821859076775,1,1,0,0.8499999999999996
13.85,23.5,33.5,13.75,14.05,13.75,14.68042420246666,13.819999999999999,0.06708203932728209,13.945833333333333,0.13727598832192944,13.631000000000002,0.686746990216447,12.93375,0.5923494126215675,1,1,0,0.3000000000000007
14.7,23.5,33.5,14.0,15.0,13.85,14.114800744802295,13.98,0.405585995813856,14.016666666666666,0.25346089292529944,13.681999999999999,0.6689742376296445,12.9455,0.6039066702161917,1,1,0,1.0
14.85,23.5,33.5,14.2,15.0,14.7,16.195510385456345,14.180000000000001,0.5472659317007869,14.0875,0.34910600109431816,13.735999999999999,0.6515319466848408,12.9575,0.6176985571762638,1,1,0,0.8000000000000007
14.6,23.5,33.5,14.5,14.85,14.85,16.03662536644836,14.35,0.5111262075068561,14.133333333333333,0.37859388972010555,13.785,0.6212438148995427,12.96875,0.6269980624784323,1,1,0,0.34999999999999964
14.8,23.5,33.5,14.5,14.9,14.6,15.559217266074425,14.559999999999999,0.4083503397823442,14.191666666666665,0.42417477815672705,13.836999999999998,0.5940873638769664,12.98125,0.6384150738607386,1,1,0,0.40000000000000036
14.55,23.5,33.5,14.35,14.85,14.8,14.279308094191554,14.7,0.1274754878412512,14.233333333333334,0.4334498677804091,13.884,0.5535082913302591,12.992250000000002,0.6463872833684549,1,1,0,0.5
13.95,23.5,33.5,13.9,14.5,14.55,16.48751214548142,14.55,0.3588175023606784,14.216666666666667,0.4407294229371243,13.908999999999999,0.5265104607755066,13.000250000000001,0.64829690876133,1,1,0,0.5999999999999996
14.15,23.5,33.5,14.1,14.85,13.95,15.830853615009607,14.41,0.34892692644785434,14.225,0.438229910601183,13.936000000000002,0.502548606644899,13.009,0.6519541556777407,1,1,0,0.75
14.2,23.5,33.5,14.1,14.5,14.15,15.115811478367021,14.330000000000002,0.34022051672458137,14.25,0.4264014327112986,13.960999999999999,0.4832173212869642,13.01775,0.6561440869306209,1,1,0,0.40000000000000036
14.15,23.5,33.5,14.1,14.3,14.2,16.466341237477142,14.2,0.21794494717779594,14.274999999999999,0.4092676385937033,13.985,0.4612814891634063,13.0265,0.6595245356052148,1,1,0,0.20000000000000107
14.0,23.5,33.5,14.0,14.2,14.15,15.768595052603501,14.09,0.10839741694489083,14.295833333333333,0.3858039618378264,14.005,0.4388354254298029,13.03425,0.6618190536687065,1,1,0,0.1999999999999993
14.1,23.5,33.5,14.0,14.2,14.0,15.477123565885034,14.12,0.07582875444266894,14.325000000000001,0.35258783560731033,14.02,0.42869045966057195,13.043,0.6642909092109033,1,1,0,0.1999999999999993
14.15,23.5,33.5,14.1,14.3,14.1,15.968051643862397,14.12,0.07582875444266894,14.35,0.32543676944862365,14.031999999999998,0.4236334572745164,13.0515,0.6675333353240054,1,1,0,0.20000000000000107
14.1,23.5,33.5,14.1,14.2,14.15,15.811706486891941,14.1,0.06123724357223445,14.300000000000002,0.3126136157100949,14.04,0.42100462937964706,13.058250000000001,0.6712842544341427,1,1,0,0.09999999999999964
14.15,23.5,33.5,14.1,14.25,14.1,16.02326846449393,14.1,0.06123724357223445,14.241666666666665,0.26184080289495143,14.049,0.4183897704293331,13.06525,0.6753409245126156,1,1,0,0.15000000000000036
14.2,23.5,33.5,14.1,14.3,14.15,16.503745799694265,14.14,0.04183300133062399,14.208333333333334,0.2362907813127724,14.058,0.4166631292365764,13.071999999999997,0.679909837356851,1,1,0,0.20000000000000107
14.3,23.5,33.5,14.2,14.5,14.2,14.452616876461185,14.180000000000001,0.07582875444269713,14.166666666666666,0.15125735644541494,14.07,0.4147780325986903,13.078,0.6854305766281734,1,1,0,0.3000000000000007
14.45,23.5,33.5,14.3,14.75,14.3,14.637447092936801,14.24,0.13874436925632347,14.158333333333333,0.12939252004073382,14.087,0.4125344759865048,13.084249999999999,0.692214012205339,1,1,0,0.4499999999999993
14.55,23.5,33.5,14.45,14.75,14.45,15.941788093761634,14.330000000000002,0.16807736314073185,14.208333333333334,0.15496822743781571,14.106999999999998,0.41020278708282915,13.091,0.6998880025263667,1,1,0,0.3000000000000007
14.55,23.5,33.5,14.45,14.7,14.55,15.51522801776326,14.41,0.15572411502508918,14.241666666666667,0.18195070927624166,14.129000000000001,0.40369340760885214,13.097750000000001,0.7074140305031482,1,1,0,0.25
14.8,23.5,33.5,14.5,15.0,14.55,16.43708022297407,14.530000000000001,0.1823458252890798,14.291666666666666,0.24199298762706423,14.153999999999998,0.40580481887271336,13.10675,0.7175418237595396,1,1,0,0.5
14.75,23.5,33.5,14.5,14.95,14.8,16.27404765029216,14.620000000000001,0.14832396974313283,14.341666666666669,0.270381324440366,14.173,0.4110973369021872,13.114749999999999,0.7268849607957922,1,1,0,0.4499999999999993
14.85,23.5,33.5,14.6,14.95,14.75,16.348445256188448,14.7,0.1414213562386076,14.412500000000001,0.28374524425341235,14.192,0.42007773818943994,13.12375,0.7371501810670472,1,1,0,0.34999999999999964
14.75,23.5,33.5,14.5,14.9,14.85,16.17282064532212,14.74,0.11401754251153626,14.466666666666667,0.28069178610700946,14.210999999999999,0.42345638042466105,13.1325,0.7460069583519257,1,1,0,0.40000000000000036
14.85,23.5,33.5,14.85,14.95,14.75,17.034502416100356,14.8,0.05000000000374333,14.525,0.2816348377211979,14.23,0.4304719763804439,13.1415,0.755800184968179,1,1,0,0.09999999999999964
14.85,23.5,33.5,14.8,14.95,14.85,14.09480833019656,14.809999999999999,0.054772255753940444,14.587499999999999,0.2612252598117173,14.248000000000001,0.4372875577502414,13.150250000000002,0.7653865168007898,1,1,0,0.14999999999999858
14.8,23.5,33.5,14.8,14.9,14.85,14.987993004796314,14.819999999999999,0.044721359554197336,14.641666666666667,0.22746961169019134,14.26,0.44412261590588786,13.158999999999999,0.7741872054908113,1,1,0,0.09999999999999964
14.95,23.5,33.5,14.85,15.1,14.8,15.693356129024675,14.84,0.07416198487349963,14.704166666666666,0.1959340488920003,14.268000000000002,0.4529675394955356,13.16875,0.7843865429389143,1,1,0,0.25
15.15,23.5,33.5,15.0,15.3,14.95,15.155027989497327,14.919999999999998,0.13964240043906032,14.775,0.19009566969403605,14.275,0.46392843396006617,13.180500000000002,0.7963451374180605,1,1,0,0.3000000000000007
15.3,23.5,33.5,15.15,15.5,15.15,15.540364440096605,15.01,0.21035683968055183,14.845833333333333,0.21474967809634515,14.280999999999999,0.4752968996922319,13.1925,0.810061570958443,1,1,0,0.34999999999999964
15.45,23.5,33.5,15.35,15.7,15.3,15.291303014125985,15.13,0.2612470095530236,14.920833333333334,0.2553592241008578,14.291000000000002,0.4945302863137273,13.20575,0.8251416430866404,1,1,0,0.34999999999999964
15.7,23.5,33.5,15.55,15.95,15.45,15.740211808530274,15.309999999999999,0.2859195691106332,15.016666666666666,0.3128558579902984,14.311999999999998,0.5310328788005982,13.22,0.8433750097288376,1,1,0,0.3999999999999986
15.9,23.5,33.5,15.7,16.0,15.7,17.337641592058482,15.5,0.3020761493405652,15.108333333333333,0.3941811612429557,14.349,0.5750323859556628,13.235,0.8640793747272795,1,1,0,0.3000000000000007
15.75,23.5,33.5,15.6,16.0,15.9,15.552321111788435,15.62,0.2413503677238383,15.191666666666665,0.4166060561977734,14.386000000000001,0.6043245512679494,13.249500000000001,0.8817380905356464,1,1,0,0.40000000000000036
15.8,23.5,33.5,15.75,15.9,15.75,16.024762625295946,15.719999999999999,0.16807736314102212,15.270833333333334,0.4356073781271885,14.424000000000001,0.6322328426670353,13.2655,0.8987622700638873,1,1,0,0.15000000000000036
15.65,23.5,33.5,15.25,16.0,15.8,15.465649049548082,15.76,0.09617692031065289,15.345833333333333,0.41476079268847255,14.469,0.6379087325161088,13.280750000000001,0.9131737892354734,1,1,0,0.75
15.4,23.5,33.5,15.3,15.65,15.65,17.231350249212113,15.7,0.19039432764774672,15.391666666666666,0.38425449268885553,14.51,0.6303546135116403,13.2935,0.9248565011603868,1,1,0,0.34999999999999964
15.45,23.5,33.5,15.35,16.0,15.4,16.908492084649616,15.61,0.17818529681326536,15.441666666666668,0.3443263075349607,14.549000000000001,0.626904445408842,13.305749999999998,0.9370939991892604,1,1,0,0.6500000000000004
15.7,23.5,33.5,15.55,15.8,15.45,15.16038404735608,15.6,0.1695582495794019,15.516666666666666,0.28471144350141625,14.594000000000001,0.6271607547071129,13.31925,0.9519970743905568,1,1,0,0.25
15.75,23.5,33.5,15.6,15.95,15.7,15.57892216313577,15.59,0.1557241150253552,15.583333333333334,0.22796863154774372,14.632,0.6386177675739386,13.33275,0.9671825826808212,1,1,0,0.34999999999999964
15.55,23.5,33.5,15.4,15.8,15.75,15.703095377303944,15.569999999999999,0.1524795068211745,15.616666666666667,0.1838147948015413,14.663,0.6449023023619413,13.3455,0.9795033866312295,1,1,0,0.40000000000000036
15.75,23.5,33.5,15.55,15.85,15.55,16.00657184787103,15.639999999999997,0.13416407865160304,15.654166666666667,0.15733336543416915,14.697000000000001,0.656631011843167,13.359499999999999,0.9937289550882782,1,1,0,0.29999999999999893
15.85,23.5,33.5,15.75,16.0,15.75,14.993427127890076,15.719999999999999,0.10954451150303718,15.6875,0.15244223943412213,14.732000000000001,0.6706500045264471,13.37375,1.008866938699022,1,1,0,0.25
15.95,23.5,33.5,15.8,16.0,15.85,16.07177952882145,15.77,0.14832396974340448,15.708333333333334,0.1703383442305501,14.77,0.6848953443066725,13.38875,1.024712700267928,1,1,0,0.1999999999999993
15.8,23.5,33.5,15.5,16.0,15.95,15.749608502526343,15.779999999999998,0.14832396974340678,15.700000000000001,0.16236882817736356,14.802999999999999,0.694101239454403,13.403000000000002,1.0383069907474913,1,1,0,0.5
15.65,23.5,33.5,15.6,15.8,15.8,16.299074723690328,15.8,0.11180339887697746,15.691666666666668,0.1621353717975588,14.835,0.6955580640090777,13.4165,1.0498756806039242,1,1,0,0.20000000000000107
15.6,23.5,33.5,15.0,15.75,15.65,15.727184271690428,15.77,0.14404860291041582,15.674999999999999,0.16025547785293334,14.869000000000002,0.6904516415996469,13.429750000000002,1.0606257930411913,1,1,0,0.75
15.75,23.5,33.5,15.65,15.9,15.6,15.727006856653654,15.75,0.13693063937790328,15.683333333333332,0.16143297699249645,14.907,0.6854917793757473,13.4445,1.0722726299615963,1,1,0,0.25
15.85,23.5,33.5,15.75,15.95,15.75,15.315803246202464,15.73,0.10368220676876144,15.720833333333333,0.14054816924756336,14.949000000000002,0.6774419170824159,13.459750000000001,1.0846774003426107,1,1,0,0.1999999999999993
15.85,23.5,33.5,15.8,15.95,15.85,15.584325639732167,15.74,0.11401754251184666,15.754166666666665,0.11571582223363101,14.991,0.6666004218787065,13.475,1.0967288043776784,1,1,0,0.14999999999999858
15.9,23.5,33.5,15.85,16.0,15.85,15.38312618408639,15.790000000000001,0.11937336386499235,15.770833333333334,0.1214651714642582,15.032,0.6579777305330631,13.490499999999999,1.1089787732855498,1,1,0,0.15000000000000036
16.0,23.5,33.5,15.95,16.1,15.9,15.71059361973009,15.87,0.09082951062539422,15.791666666666666,0.13789543689043973,15.058000000000002,0.6701629408933528,13.50625,1.1221271246697186,1,1,0,0.15000000000000213
16.1,23.5,33.5,16.0,16.25,16.0,14.970030793779456,15.940000000000001,0.10839741694548305,15.8375,0.1416220963757843,15.083000000000002,0.6853875709763548,13.52275,1.135867913573299,1,1,0,0.25
16.45,23.5,33.5,16.1,17.0,16.1,16.820906041948387,16.060000000000002,0.2382225849923968,15.895833333333334,0.223055571279539,15.12,0.7083323329323875,13.5405,1.1536852683866574,1,1,0,0.8999999999999986
16.6,23.5,33.5,16.5,17.5,16.45,14.857905519243403,16.21,0.3008321791306045,15.958333333333334,0.3006306502651412,15.156,0.7369019539910349,13.55875,1.1730049619261842,1,1,0,1.0
16.7,23.5,33.5,16.5,16.95,16.6,15.435730336618281,16.37,0.3074085229795629,16.020833333333332,0.36894094953322537,15.199000000000002,0.7630824974791846,13.577750000000002,1.1928882383719615,1,1,0,0.4499999999999993
17.05,23.5,33.5,16.8,17.4,16.7,15.617220523061984,16.580000000000002,0.3474910070785823,16.125,0.4649046823128562,15.261000000000001,0.7851484975883168,13.59875,1.2167428872891652,1,1,0,0.5999999999999979
17.0,23.5,33.5,16.8,17.4,17.05,16.97025315555225,16.759999999999998,0.2583602136562376,16.2375,0.501418442566195,15.318,0.8060207117407009,13.6195,1.2390909903683383,1,1,0,0.5999999999999979
16.6,23.5,33.5,15.85,17.05,17.0,16.140356137594967,16.79,0.2190890230032029,16.320833333333333,0.4678083977118741,15.366000000000001,0.8095375348975774,13.6385,1.2554875526960843,1,1,0,1.200000000000001
15.9,23.5,33.5,15.75,16.6,16.6,17.0481157423713,16.65,0.4609772228651774,16.333333333333332,0.45293654649583,15.401000000000002,0.7935640349404092,13.654000000000002,1.264189413961289,1,1,0,0.8500000000000014
15.95,23.5,33.5,15.85,16.2,15.9,16.82185141102478,16.5,0.5533985905299036,16.34166666666667,0.4440686542608291,15.440000000000003,0.7708992893274687,13.669749999999999,1.2730872685983723,1,1,0,0.34999999999999964
16.3,23.5,33.5,16.15,16.5,15.95,16.627992903921463,16.35,0.46097722286516,16.379166666666666,0.41694687547666204,15.484000000000002,0.7554860578947507,13.68725,1.2850708044157473,1,1,0,0.3500000000000014
15.9,23.5,33.5,15.75,16.35,16.3,17.224216380600698,16.130000000000003,0.31144823004869165,16.379166666666666,0.41694687547666204,15.519,0.7326141340348516,13.703499999999998,1.292416127737544,1,1,0,0.6000000000000014
16.0,23.5,33.5,15.9,16.35,15.9,13.985929053567581,16.01,0.16733200530817632,16.379166666666666,0.41694687547666204,15.557,0.7063133663102031,13.720749999999999,1.2999446982825427,1,1,0,0.45000000000000107
16.1,23.5,33.5,16.0,16.35,16.0,15.51531938116289,16.05,0.1581138830098673,16.379166666666666,0.41694687547666204,15.596000000000002,0.6803990425792326,13.7395,1.30709880515288,1,1,0,0.3500000000000014
16.3,23.5,33.5,16.05,16.5,16.1,14.59014601624235,16.119999999999997,0.17888543820127498,16.366666666666667,0.41687873391183294,15.638,0.6568757221009105,13.75875,1.3163299587494894,1,1,0,0.4499999999999993
16.75,23.5,33.5,16.35,17.0,16.3,14.893478204941559,16.21,0.3361547262801275,16.379166666666666,0.42664565525922005,15.687000000000001,0.6463247746184512,13.780249999999999,1.3298930464797918,1,1,0,0.6499999999999986
17.2,23.5,33.5,16.65,17.5,16.75,16.381359587522553,16.47,0.4994997497501709,16.420833333333334,0.48169130690886436,15.742,0.655849659228455,13.803000000000003,1.3492380131319772,1,1,0,0.8500000000000014
17.25,23.5,33.5,17.0,17.4,17.2,15.491690998427393,16.72,0.517928566503625,16.4375,0.5081718571149836,15.796000000000001,0.6667649587403025,13.8245,1.3696824082601815,1,1,0,0.3999999999999986
17.2,23.5,33.5,17.05,17.4,17.25,15.535559358695755,16.94,0.4114000486151096,16.45416666666667,0.5310616867667731,15.849,0.6710097477924802,13.84675,1.3881595268049054,1,1,0,0.34999999999999787
17.05,23.5,33.5,17.0,17.2,17.2,15.229128457994678,17.09,0.20432816741831017,16.491666666666667,0.5575242894559745,15.894,0.6746609125617474,13.868500000000001,1.4040886992554302,1,1,0,0.1999999999999993
17.15,23.5,33.5,17.05,17.4,17.05,15.905051058065515,17.169999999999998,0.07582875444401452,16.595833333333335,0.5536894162768764,15.942,0.6769800889362996,13.8905,1.4208461453810337,1,1,0,0.34999999999999787
17.3,23.5,33.5,17.15,17.4,17.15,16.45885162782028,17.19,0.09617692031112283,16.708333333333332,0.5476533962501318,15.991000000000001,0.6849467430510195,13.913499999999999,1.4385984769522617,1,1,0,0.25
17.1,23.5,33.5,17.05,17.3,17.3,14.910182092048688,17.16,0.09617692031111175,16.775000000000002,0.5420919076722135,16.038,0.6786511231396052,13.9355,1.453514109436705,1,1,0,0.25
17.2,23.5,33.5,17.0,17.4,17.1,14.324134359497794,17.16,0.09617692031111175,16.883333333333333,0.47736651315195333,16.085,0.676066806262875,13.95875,1.4683549532875693,1,1,0,0.3999999999999986
17.3,23.5,33.5,17.2,17.5,17.2,17.042219662432018,17.21,0.08944271910297419,16.991666666666667,0.3999052918183397,16.134,0.6735104502013931,13.98325,1.4830218157633652,1,1,0,0.3000000000000007
17.4,23.5,33.5,17.3,17.5,17.3,15.41437294615254,17.26,0.11401754251226774,17.1,0.30000000000012106,16.186,0.6687667602323749,14.0085,1.4979895236834082,1,1,0,0.1999999999999993
17.45,23.5,33.5,17.35,17.5,17.4,15.73825457519298,17.29,0.14317821063464545,17.195833333333333,0.18148169621392213,16.236,0.6679270398869283,14.03425,1.5126649376407706,1,1,0,0.14999999999999858
17.5,23.5,33.5,17.4,17.65,17.45,15.328041235980963,17.369999999999997,0.12041594579018594,17.258333333333333,0.13789543689053033,16.283,0.6726136957223948,14.061,1.5264186086536475,1,1,0,0.25
17.55,23.5,33.5,17.5,17.9,17.5,16.294583642213812,17.44,0.09617692031121768,17.2875,0.15972277118946904,16.328000000000003,0.6807229050570109,14.0885,1.5394943860969537,1,1,0,0.3999999999999986
17.15,23.5,33.5,16.95,17.7,17.55,16.801692421186225,17.41,0.15572411502573455,17.279166666666665,0.16439743048963595,16.362000000000002,0.6784255482288855,14.11375,1.548105808876545,1,1,0,0.75
17.05,23.5,33.5,16.95,17.55,17.15,17.191711481713075,17.339999999999996,0.2247220505436491,17.266666666666666,0.17624019422562195,16.389,0.6784052428079069,14.139,1.5546264234801968,1,1,0,0.6000000000000014
20.25,23.5,33.5,19.9,20.75,20.5,16.137506142555814,17.9,1.3313526955696544,17.533333333333335,0.870823365174262,16.476,0.8670993163932615,14.1805,1.6058372634183162,1,1,1,0.8500000000000014
16.9,23.5,33.5,16.75,17.15,17.05,16.2066650719002,17.78,1.4016062214475853,17.5125,0.8837227557843017,16.499,0.8626897898255507,14.204749999999999,1.6101171771397618,1,1,1,0.3999999999999986
16.65,23.5,33.5,16.25,16.9,16.9,16.698298128480634,17.6,1.4933184523069973,17.458333333333332,0.9172174653744701,16.516,0.8569904626430151,14.228,1.611692827074729,1,1,1,0.6499999999999986
16.1,23.5,33.5,15.85,16.5,16.65,16.913840077861575,17.39,1.6391308672587892,17.375,0.994873221708581,16.525,0.8500450168150564,14.2475,1.6106254442321315,1,1,1,0.6500000000000004
16.35,23.5,33.5,16.2,16.45,16.1,15.25536961937508,17.25,1.704039318795356,17.304166666666667,1.0377988799144053,16.543999999999997,0.8348677030718803,14.26925,1.609493486758958,1,1,1,0.25
16.35,23.5,33.5,16.2,16.5,16.35,16.111745632196545,16.470000000000002,0.3094349689360996,17.224999999999998,1.0737572097334758,16.562,0.8203757227822359,14.290750000000001,1.6084190988319391,0,1,0,0.3000000000000007
16.5,23.5,33.5,16.35,16.7,16.35,15.87531058686829,16.39,0.20432816741819845,17.15,1.09170425565638,16.578,0.8109681792493251,14.31225,1.6090705321355072,0,1,0,0.34999999999999787
16.6,23.5,33.5,16.5,16.75,16.5,16.1728017102334,16.380000000000003,0.18907670401315715,17.079166666666666,1.0980268115068699,16.595,0.8021177327192812,14.33325,1.6113937715327629,0,1,0,0.25
16.45,23.5,33.5,16.35,16.7,16.6,16.124276609417215,16.45,0.10606601718026812,16.991666666666667,1.1032664998526096,16.613,0.788165656471201,14.353,1.6130173978069948,0,1,0,0.34999999999999787
16.25,23.5,33.5,16.25,16.55,16.45,15.975160293624032,16.43,0.13509256086285207,16.883333333333333,1.1072762103742033,16.623,0.780123616577988,14.37125,1.6137321944725818,0,1,0,0.3000000000000007
16.2,23.5,33.5,16.1,16.3,16.25,16.26068845223399,16.4,0.1695582495795503,16.804166666666667,1.1203608049790832,16.63,0.7745966692413946,14.3875,1.6157107899571095,0,1,0,0.1999999999999993
16.0,23.5,33.5,15.95,16.3,16.2,16.217334557743737,16.3,0.23184046238841158,16.716666666666665,1.1402418669526018,16.631,0.7737326701760897,14.40325,1.6160010005158563,0,1,0,0.3500000000000014
15.65,23.5,33.5,15.5,16.0,16.0,15.97017563682372,16.110000000000003,0.3029026246179706,16.333333333333332,0.3291402943022089,16.628,0.7773030297122626,14.4175,1.6143573016799422,0,1,0,0.5
15.2,23.5,33.5,15.0,15.6,15.65,17.982292069577955,15.86,0.43789268091672107,16.191666666666666,0.4171512333856308,16.619,0.7913363793646703,14.43,1.6106663935016727,0,1,0,0.5999999999999996
15.55,23.5,33.5,15.2,15.7,15.2,16.36615040560435,15.720000000000002,0.39147158262180487,16.099999999999998,0.42799745113938886,16.618,0.792680804071046,14.44375,1.6084180053392227,0,1,0,0.5
15.85,23.5,33.5,15.6,16.8,15.55,17.35182144255416,15.65,0.3061862178485738,16.079166666666666,0.43403934328024396,16.62,0.7905694150420081,14.459250000000003,1.6069500239263481,0,1,0,1.200000000000001
16.5,23.5,33.5,15.85,16.9,15.85,14.708205485533881,15.75,0.4808846015422237,16.091666666666665,0.4445801560478267,16.633,0.7829568497505409,14.47775,1.6090486709941518,0,1,0,1.049999999999999
16.4,23.5,33.5,16.05,16.7,16.5,16.693967223348775,15.9,0.5533985905298604,16.095833333333335,0.4474464586219543,16.644000000000002,0.7755603635764804,14.49625,1.6097764873409866,0,1,0,0.6499999999999986
16.45,23.5,33.5,16.0,16.7,16.4,16.25942167386938,16.15,0.4257346591486971,16.091666666666665,0.44355656261904053,16.655,0.7686623684912354,14.515,1.6105883939958952,0,1,0,0.6999999999999993
16.35,23.5,33.5,16.1,16.65,16.45,15.434938602439663,16.31,0.2631539473397102,16.070833333333336,0.4229003392877452,16.662,0.7641561973035438,14.533,1.6108804047451395,0,1,0,0.5499999999999972
16.05,23.5,33.5,15.9,16.35,16.35,16.23060265949569,16.35,0.1767766952979776,16.037499999999998,0.40571205642334957,16.660999999999998,0.7649389731559786,14.549250000000002,1.6097026591124441,0,1,0,0.45000000000000107
16.05,23.5,33.5,16.0,16.3,16.05,16.87789634884875,16.259999999999998,0.19493588689737523,16.020833333333332,0.4002603319507473,16.653,0.7692701285063048,14.565750000000001,1.608079299245911,0,1,0,0.3000000000000007
16.05,23.5,33.5,16.0,16.1,16.05,15.813498115338016,16.19,0.1949358868973603,16.008333333333336,0.3964807305493645,16.642,0.7739614502870762,14.582250000000002,1.6062839656772594,0,1,0,0.10000000000000142
16.0,23.5,33.5,16.0,16.05,16.05,16.479379029730364,16.1,0.14142135623891064,16.008333333333336,0.3964807305493645,16.628,0.7792041989577133,14.598500000000001,1.604092677055418,0,1,0,0.05000000000000071
16.05,23.5,33.5,16.05,16.25,16.0,15.045180640766464,16.04,0.02236067978500744,16.041666666666668,0.3800916954758256,16.608,0.7809831585107414,14.615,1.6019538949067598,0,1,0,0.1999999999999993
16.1,23.5,33.5,16.05,16.15,16.05,15.759017965604091,16.050000000000004,0.03535533906566976,16.116666666666667,0.27247463045652714,16.59,0.7821347031537561,14.632,1.5995684091270648,0,1,0,0.09999999999999787
16.05,23.5,33.5,16.0,16.25,16.1,16.216211074203603,16.05,0.03535533906566976,16.158333333333335,0.20871177748418054,16.578999999999997,0.7858499882811579,14.648499999999999,1.5970757668392026,0,1,0,0.25
16.05,23.5,33.5,16.0,16.2,16.05,14.486923757364286,16.05,0.03535533906566976,16.175,0.18889631595618678,16.582,0.7834877543550717,14.664000000000001,1.5955509752348138,0,1,0,0.1999999999999993
16.0,23.5,33.5,16.0,16.1,16.05,17.010110124554615,16.05,0.03535533906566976,16.133333333333336,0.1642245321798627,16.583,0.7826961513294834,14.67825,1.5946879272845318,0,1,0,0.10000000000000142
16.05,23.5,33.5,16.05,16.1,16.0,16.273962086605817,16.05,0.03535533906566976,16.104166666666668,0.14215601757691687,16.578,0.7853349733763464,14.6925,1.5941456179584668,0,1,0,0.05000000000000071
16.35,23.5,33.5,15.9,16.7,16.05,16.20603335710592,16.1,0.14142135623891064,16.095833333333335,0.12146517146401539,16.587,0.7799666397888673,14.707250000000002,1.5957732920115524,0,1,0,0.7999999999999989
16.0,23.5,33.5,15.9,16.1,16.35,16.231335135858515,16.09,0.14747881203905902,16.066666666666666,0.09374368665606816,16.587,0.7799666397888673,14.72125,1.5947656016231673,0,1,0,0.20000000000000107
16.05,23.5,33.5,16.05,16.2,16.0,15.213783142866909,16.09,0.14747881203905902,16.066666666666666,0.09374368665606816,16.586,0.7806355338661936,14.7355,1.5938369840288529,0,1,0,0.14999999999999858
16.1,23.5,33.5,16.0,16.2,16.05,16.880442394976292,16.110000000000003,0.13874436925675102,16.070833333333333,0.09404624909952362,16.582,0.7826407417277153,14.749749999999999,1.593229215828894,0,1,0,0.1999999999999993
16.1,23.5,33.5,16.05,16.2,16.1,15.123275919343161,16.119999999999997,0.13509256086274482,16.075000000000003,0.0941468871690903,16.569000000000003,0.7851874857350732,14.764000000000001,1.5924930677570215,0,1,0,0.14999999999999858
16.3,23.5,33.5,16.1,16.4,16.1,15.610465084223868,16.110000000000003,0.1140175425119034,16.1,0.11078234188137774,16.551,0.7807302965289816,14.77975,1.5920270690042015,0,1,0,0.29999999999999716
16.45,23.5,33.5,16.3,16.6,16.3,15.9482204361014,16.2,0.16955824957948856,16.133333333333336,0.14822178304721254,16.535,0.774283737477621,14.797250000000002,1.5910490637046597,0,1,0,0.3000000000000007
16.5,23.5,33.5,16.45,16.6,16.45,15.697202287025132,16.29,0.18841443681540684,16.166666666666668,0.18132508893914448,16.521,0.7683197941757807,14.81525,1.589840527225906,0,1,0,0.15000000000000213
16.45,23.5,33.5,16.3,16.55,16.5,14.805312312424634,16.36,0.16355427233940478,16.2,0.1942350965383861,16.509,0.7645653693972138,14.833,1.5881663520579137,0,1,0,0.25
16.35,23.5,33.5,16.3,16.5,16.45,12.595072949607092,16.410000000000004,0.08215838362867194,16.224999999999998,0.1924719578158334,16.493,0.7592296041624038,14.8505,1.5854868630691077,0,1,0,0.1999999999999993
16.35,23.5,33.5,16.2,16.5,16.35,14.766666763458712,16.419999999999998,0.06708203932854784,16.254166666666666,0.1814816962137331,16.474,0.750458363336639,14.86975,1.5801683764681043,0,1,0,0.3000000000000007
16.35,23.5,33.5,16.2,16.9,16.35,14.553009974403306,16.4,0.07071067812201569,16.27916666666667,0.17117021476954467,16.459,0.7451674240033475,14.8885,1.5753416316092521,0,1,0,0.6999999999999993
16.15,23.5,33.5,15.9,16.6,16.35,17.72091170721641,16.330000000000002,0.10954451150318001,16.2625,0.17336902313223818,16.438,0.7386253088939223,14.90625,1.5694151000552086,0,1,0,0.7000000000000011
15.95,23.5,33.5,15.8,16.2,16.15,17.68951390947864,16.23,0.17888543820127664,16.258333333333333,0.18069730255740735,16.411,0.7311083283310136,14.923250000000001,1.5621615412320247,0,1,0,0.3999999999999986
15.85,23.5,33.5,15.85,16.1,15.95,16.035072782012207,16.130000000000003,0.22803508502082456,16.241666666666667,0.2087117774841969,16.38,0.7211102550927062,14.939749999999998,1.5543770060330646,0,1,0,0.2500000000000018
15.75,23.5,33.5,15.1,16.0,15.85,16.639119159091994,16.009999999999998,0.24083189157676976,16.212500000000002,0.25056753762029,16.346,0.7096161652898593,14.95575,1.546102065025876,0,1,0,0.9000000000000004
15.7,23.5,33.5,15.1,16.5,15.75,16.94333197835615,15.879999999999999,0.17888543820119854,16.179166666666664,0.29034331820147763,16.31,0.6953930029640059,14.97125,1.537883730763358,0,1,0,1.4000000000000004
15.25,23.5,33.5,15.2,15.75,15.7,16.160992387711662,15.7,0.269258240357507,16.091666666666665,0.39128769544422903,16.264,0.6877232476119974,14.98425,1.5291273951022366,0,1,0,0.5500000000000007
15.15,23.5,33.5,15.15,15.3,15.25,16.087595308606964,15.539999999999997,0.31701734968359185,15.983333333333333,0.45743023975510266,16.224,0.6932796944190337,14.995750000000001,1.5216261591933802,0,1,0,0.15000000000000036
15.3,23.5,33.5,15.1,15.45,15.15,16.69046976141085,15.430000000000001,0.27522717889118486,15.883333333333333,0.4653118862818034,16.189,0.694900521437241,15.007750000000001,1.5144620875323203,0,1,0,0.34999999999999964
15.5,23.5,33.5,15.25,16.0,15.3,17.190733540064684,15.38,0.21965882636579034,15.804166666666667,0.4402779769301087,16.094,0.3831448812131956,15.0205,1.5077704095916227,0,1,0,0.75
15.55,23.5,33.5,15.3,15.75,15.5,15.243690587702499,15.35,0.16955824957929475,15.737500000000002,0.40961456383905354,16.067,0.37260938676033795,15.034499999999998,1.4995593155001923,0,1,0,0.4499999999999993
15.45,23.5,33.5,15.25,16.0,15.55,15.955753294105971,15.39,0.1635542723391756,15.6625,0.3675007730356217,16.043000000000003,0.3729378675612056,15.048250000000001,1.4906271444997523,0,1,0,0.75
15.25,23.5,33.5,15.15,15.5,15.45,16.681948222466076,15.41,0.12942179105698792,15.570833333333333,0.3136720445227879,16.026,0.38930078607766966,15.06125,1.480912369022389,0,1,0,0.34999999999999964
15.45,23.5,33.5,15.15,15.5,15.25,15.705998751050194,15.440000000000001,0.11401754251167144,15.512499999999998,0.2559518775791921,16.008,0.394782295986491,15.07475,1.4720170202956508,0,1,0,0.34999999999999964
15.45,23.5,33.5,15.3,15.5,15.45,15.685187555193462,15.430000000000001,0.10954451150285928,15.470833333333333,0.21580539774740745,15.99,0.39936173567111216,15.087750000000002,1.4637280953735277,0,1,0,0.1999999999999993
15.2,23.5,33.5,15.1,15.4,15.45,16.62007027997971,15.36,0.12449899598147357,15.416666666666666,0.19227505550549226,15.964,0.407711382510285,15.0995,1.4550811163905149,0,1,0,0.3000000000000007
14.95,23.5,33.5,14.9,15.25,15.2,13.588485734247644,15.26,0.20736441353421198,15.35,0.20449494325806766,15.931,0.4217178184132419,15.1105,1.4455145490646828,0,1,0,0.34999999999999964
14.4,23.5,33.5,14.05,15.0,14.95,16.566179602286777,15.089999999999998,0.43789268091665406,15.241666666666667,0.3161079600772074,15.89,0.46740708997080904,15.118999999999998,1.4362374070630246,0,1,0,0.9499999999999993
14.15,23.5,33.5,14.1,14.5,14.4,16.45155628582739,14.830000000000002,0.5438290172474756,15.15,0.44619604333838914,15.848000000000003,0.5251782981977052,15.1265,1.4271673987025775,0,1,1,0.40000000000000036
14.0,23.5,33.5,14.0,14.2,14.15,18.266819533891358,14.539999999999997,0.5164784603449917,15.054166666666667,0.5561467813663586,15.804,0.5839555476511312,15.134,1.4172019286370403,0,0,0,0.1999999999999993
13.95,23.5,33.5,13.6,14.15,14.0,17.132797241468996,14.290000000000001,0.40835033978229296,14.941666666666665,0.6331139971073484,15.763,0.639260574126493,15.14125,1.407333962465708,0,0,0,0.5500000000000007
13.9,23.5,33.5,13.7,14.25,13.95,17.235892761741198,14.079999999999998,0.20186629238260137,14.808333333333332,0.6721178648439013,15.728,0.691357729546696,15.15,1.3940198912807213,0,0,0,0.5500000000000007
14.55,23.5,33.5,13.95,14.95,13.9,14.31014643212463,14.11,0.2631539473393858,14.725,0.6326351813858972,15.715,0.7074133681725763,15.162,1.3783068048301466,0,0,0,1.0
15.35,23.5,33.5,14.7,15.5,14.55,16.134156088911624,14.35,0.6174544517616811,14.716666666666667,0.6227991553291332,15.711000000000002,0.7089292011511299,15.1765,1.3648210256882347,0,0,0,0.8000000000000007
15.45,23.5,33.5,15.4,15.85,15.35,16.393505299334088,14.64,0.7402702209330999,14.733333333333333,0.6407855028057013,15.703,0.7095852482187586,15.19125,1.351626950964187,0,0,1,0.4499999999999993
15.55,23.5,33.5,15.5,15.75,15.45,15.518347916822862,14.959999999999999,0.7127411872484749,14.741666666666667,0.651513389708602,15.684000000000001,0.7004692304855542,15.20775,1.3355884169900059,0,0,1,0.25
15.45,23.5,33.5,15.3,15.6,15.55,15.940224297305146,15.27,0.4086563348345281,14.741666666666665,0.651513389708602,15.665,0.6935011734315252,15.223999999999998,1.3184710194561,0,0,0,0.29999999999999893
15.0,23.5,33.5,15.0,15.5,15.45,16.05013806480709,15.36,0.2133072900779471,14.725,0.6411991606640314,15.636,0.6903149236960139,15.238499999999998,1.2997555819707796,0,0,0,0.5
14.85,23.5,33.5,14.65,15.1,15.0,14.527676234940708,15.26,0.3130495168505927,14.716666666666669,0.638653887390253,15.606,0.691245548385773,15.252,1.281407831313135,0,0,0,0.4499999999999993
14.85,23.5,33.5,14.7,15.0,14.85,14.84251978584904,15.139999999999997,0.3361547262799972,14.754166666666668,0.63154152434309,15.582,0.6963285642479692,15.2655,1.2626484688062516,0,0,0,0.3000000000000007
15.0,23.5,33.5,14.9,15.2,14.85,15.743053195166732,15.030000000000001,0.24647515087807656,14.825000000000001,0.6047163121511772,15.561000000000002,0.6977580716340697,15.279750000000002,1.2432440291753983,0,0,0,0.29999999999999893
15.1,23.5,33.5,15.05,15.4,15.0,14.649680190471107,14.959999999999999,0.10839741694507801,14.916666666666666,0.5491039532866794,15.542,0.6971047998979061,15.29425,1.2239052897554341,0,0,0,0.34999999999999964
15.0,23.5,33.5,14.9,15.1,15.1,15.891270455702546,14.959999999999999,0.10839741694507801,15.004166666666668,0.4569952920650401,15.522,0.698040990551185,15.308250000000001,1.2041884347692582,0,0,0,0.1999999999999993
14.35,23.5,33.5,13.95,15.0,15.0,15.755819477955143,14.86,0.29874738492638997,15.041666666666666,0.3679385653593612,15.488,0.7130389118384791,15.316499999999998,1.191817896952954,0,0,0,1.0500000000000007
13.95,23.5,33.5,13.9,14.35,14.35,15.878530627295746,14.680000000000001,0.5057173123399492,14.991666666666665,0.46799054639497273,15.445,0.7397082988224636,15.322250000000002,1.1823524109240717,0,0,0,0.4499999999999993
13.45,23.5,33.5,12.8,13.95,13.95,15.529957104153025,14.37,0.6987488819313527,14.833333333333334,0.6293334617359135,15.393000000000002,0.7862342435395259,15.32475,1.1778312142860743,0,0,0,1.1499999999999986
13.5,23.5,33.5,12.6,14.5,13.45,16.342518463668636,14.05,0.6451743950284202,14.670833333333334,0.7030641808712298,15.342,0.8245196498938698,15.3275,1.1728904938452858,0,0,0,1.9000000000000004
14.15,23.5,33.5,13.9,14.5,13.5,17.18949435288263,13.879999999999999,0.396232255123524,14.554166666666667,0.6586688826486182,15.305,0.8358211164928748,15.33325,1.1642095416134475,0,0,0,0.5999999999999996
14.35,23.5,33.5,14.0,15.0,14.15,14.615627408798025,13.88,0.396232255123524,14.4625,0.5962477367975827,15.271,0.8394659380965827,15.33825,1.1577787767875922,0,0,0,1.0
14.6,23.5,33.5,14.5,14.8,14.35,14.885140554843415,14.01,0.514052526499272,14.429166666666667,0.5742419245219398,15.235999999999999,0.8299889352593486,15.343499999999999,1.1519953194697778,0,0,0,0.3000000000000007
14.6,23.5,33.5,14.3,15.1,14.6,15.304316605679167,14.239999999999998,0.4546977017759215,14.408333333333331,0.5619905100027982,15.208,0.8272995163759039,15.347999999999999,1.147291326095751,0,0,0,0.7999999999999989
15.2,23.5,33.5,14.85,15.6,14.6,15.326387231624134,14.579999999999998,0.3946517452138461,14.4375,0.5951031232253794,15.191,0.8183289344132013,15.3555,1.141351464636997,0,0,0,0.75
14.85,23.5,33.5,13.7,15.1,15.2,16.191838649374372,14.719999999999999,0.32132538026173246,14.424999999999999,0.58367955093672,15.166000000000002,0.8090331846577355,15.360999999999999,1.136214733049111,0,0,0,1.4000000000000004
14.6,23.5,33.5,14.5,14.85,14.85,16.40944357097285,14.77,0.2636285265299476,14.383333333333333,0.5478608538227431,15.136,0.8014680407901802,15.365499999999999,1.1313751804750036,0,0,0,0.34999999999999964
14.6,23.5,33.5,14.5,14.75,14.6,13.932405199115093,14.77,0.2636285265299476,14.35,0.5183014216035214,15.102,0.7870093223522036,15.3705,1.1257291327854504,0,0,0,0.25
14.4,23.5,33.5,14.0,14.7,14.6,17.777766514815013,14.73,0.3074085229793537,14.354166666666666,0.518502359656699,15.061,0.7685322613492429,15.374749999999999,1.120413571120785,0,0,0,0.6999999999999993
14.4,23.5,33.5,14.05,14.6,14.4,14.64585160360112,14.569999999999999,0.1857417562109679,14.391666666666667,0.5026445216565936,15.019,0.7453180392233398,15.3795,1.1142091636229614,0,0,0,0.5499999999999989
14.55,23.5,33.5,14.4,14.65,14.4,15.076298667275047,14.51,0.10246950766120443,14.483333333333333,0.4063883796953257,14.981,0.7188347997889657,15.384500000000001,1.1081855104755756,0,0,0,0.25
14.7,23.5,33.5,14.55,14.9,14.55,14.964784591634597,14.530000000000001,0.13038404810532342,14.583333333333334,0.26571800956266556,14.948000000000002,0.6920805662666516,15.389000000000001,1.1035365715842822,0,0,0,0.34999999999999964
15.15,23.5,33.5,14.65,15.4,14.7,16.234286397372543,14.64,0.3110466203004639,14.666666666666666,0.27413776673673695,14.924000000000001,0.6626508299616527,15.39525,1.0985897481194868,0,0,0,0.75
14.95,23.5,33.5,14.8,15.2,15.15,15.614510584312102,14.75,0.3020761493404446,14.716666666666667,0.26571800956268415,14.895999999999999,0.6299368287083658,15.401,1.0931945718211222,0,0,0,0.3999999999999986
15.0,23.5,33.5,14.7,15.1,14.95,15.627513896995994,14.87,0.24135036772369173,14.75,0.27468990781323216,14.873,0.6036631375803538,15.4065,1.08836133798014,0,0,0,0.40000000000000036
14.7,23.5,33.5,14.55,14.95,15.0,15.707613126642872,14.9,0.1968501968512198,14.758333333333333,0.2712205856134508,14.847999999999999,0.5837038667693752,15.410250000000001,1.084603272535096,1,0,0,0.3999999999999986
14.9,23.5,33.5,14.5,15.2,14.7,15.404868408620807,14.940000000000001,0.16355427233908443,14.733333333333333,0.23868325657572284,14.828999999999999,0.5656033440999363,15.41375,1.0818040197678134,1,0,0,0.6999999999999993
15.0,23.5,33.5,14.6,15.2,14.9,16.02297156383768,14.91,0.12449899598135242,14.745833333333332,0.24905122997369727,14.813999999999998,0.5504209891583084,15.415999999999999,1.0804656543132796,1,0,0,0.5999999999999996
15.1,23.5,33.5,15.0,15.2,15.0,16.01583045097552,14.940000000000001,0.15165750888224253,14.7875,0.26382242650535237,14.802,0.5370896630194415,15.4175,1.0798142172237142,1,0,0,0.1999999999999993
15.15,23.5,33.5,15.0,15.2,15.1,15.047137730889423,14.969999999999999,0.17888543820101807,14.833333333333334,0.2757908737803134,14.8,0.5355714095186241,15.418249999999999,1.0795748453597545,1,0,0,0.1999999999999993
15.15,23.5,33.5,15.05,15.3,15.15,15.771908517167255,15.059999999999999,0.10839741694513887,14.895833333333334,0.2526750818137877,14.8,0.5355714095186241,15.41925,1.0792315046844152,1,0,0,0.25
15.2,23.5,33.5,15.1,15.25,15.15,16.527127789641863,15.12,0.07582875444304503,14.962499999999999,0.21226591384800905,14.798,0.5338500897885426,15.422,1.077961504426292,1,0,0,0.15000000000000036
15.1,23.5,33.5,14.8,15.25,15.2,16.426638687529067,15.14,0.04183300133131078,15.008333333333335,0.1703383442301444,14.79,0.5260557897005214,15.42725,1.0737947257577658,1,0,0,0.4499999999999993
15.2,23.5,33.5,15.0,15.25,15.1,16.611296934437405,15.16,0.041833001331332484,15.049999999999999,0.14770978917492394,14.783,0.5180034276144283,15.43375,1.068424584593921,1,0,0,0.25
14.95,23.5,33.5,14.65,15.15,15.2,15.68087683807143,15.12,0.10368220676848833,15.033333333333331,0.14668044012433626,14.773,0.5096227095826256,15.439,1.0634182109862305,1,0,0,0.5
14.45,23.5,33.5,14.2,14.95,14.95,16.451728216670638,14.979999999999999,0.3134485603737404,14.991666666666667,0.2234373344456046,14.757,0.5068922922261253,15.44425,1.055866329622277,1,0,0,0.75
14.6,23.5,33.5,14.3,14.75,14.45,15.258138228730362,14.86,0.3228776858198144,14.958333333333334,0.2503028468704008,14.74,0.4973398624435795,15.4505,1.0470704525786143,1,0,0,0.4499999999999993
14.65,23.5,33.5,14.6,14.75,14.6,16.58928613810949,14.77,0.30124740662842214,14.954166666666667,0.25535922410057005,14.724,0.4867887275872469,15.45625,1.0394352145884325,1,0,0,0.15000000000000036
14.7,23.5,33.5,14.55,14.8,14.65,14.94984417484323,14.669999999999998,0.18234582528903784,14.9375,0.26553975904989124,14.713999999999999,0.4819221717162691,15.4625,1.031035362923046,0,0,0,0.25
14.8,23.5,33.5,14.7,15.0,14.7,15.331868022892362,14.64,0.12942179105675186,14.920833333333334,0.26752938099745077,14.711000000000002,0.4808888454024916,15.46725,1.0257439694946497,0,0,0,0.3000000000000007
14.95,23.5,33.5,14.6,15.05,14.8,15.689679316915553,14.74,0.13874436925636663,14.908333333333333,0.2618408028946494,14.722000000000001,0.47991921088812467,15.471999999999998,1.021104437046794,1,0,0,0.45000000000000107
15.0,23.5,33.5,14.7,15.15,14.95,15.189352964277408,14.820000000000002,0.1524795068209321,14.895833333333334,0.2526750818137884,14.738999999999999,0.4742652749467292,15.47675,1.0166562284934568,1,0,0,0.45000000000000107
14.7,23.5,33.5,14.2,15.0,15.0,15.596782053501816,14.829999999999998,0.13964240043896312,14.858333333333333,0.2447942859303447,14.753,0.4621831512571731,15.479750000000001,1.0134534409060378,1,0,0,0.8000000000000007
14.4,23.5,33.5,14.2,15.0,14.7,15.609035301511724,14.77,0.23874672772699876,14.791666666666666,0.2521122885947965,14.762,0.4504600822649818,15.4815,1.0112720235067834,1,0,0,0.8000000000000007
14.55,23.5,33.5,14.2,14.75,14.4,15.761720804842874,14.719999999999999,0.2564176280998336,14.745833333333332,0.24069816380791637,14.775,0.43415999120033183,15.4835,1.0090185041456914,0,0,0,0.5500000000000007
14.75,23.5,33.5,14.5,15.05,14.55,14.522462512645776,14.680000000000001,0.2252776065221322,14.708333333333334,0.19403998338334535,14.778999999999998,0.43296439029693273,15.487,1.0052280423293476,0,0,0,0.5500000000000007
15.0,23.5,33.5,14.6,15.1,14.75,15.960072599836513,14.680000000000001,0.2252776065221322,14.7125,0.20014199504779678,14.771999999999998,0.42632267170307964,15.4925,0.9994942188263031,0,0,0,0.5
14.95,23.5,33.5,14.75,15.1,15.0,14.531739786558813,14.73,0.2564176280998352,14.754166666666665,0.19242275112733473,14.762,0.4158296354448229,15.498000000000001,0.9934185432182727,0,0,0,0.34999999999999964
14.95,23.5,33.5,14.9,15.05,14.95,14.974025953317406,14.84,0.18841443681511252,14.783333333333333,0.193453463200175,14.75,0.4010191099318095,15.504000000000001,0.9864071142153927,1,0,0,0.15000000000000036
14.5,23.5,33.5,14.5,14.95,14.95,15.262076772802898,14.830000000000002,0.20796634343170817,14.770833333333334,0.20720908778454736,14.731000000000002,0.38951696931923724,15.507750000000001,0.9811169091637858,1,0,0,0.4499999999999993
14.5,23.5,33.5,14.5,14.65,14.5,15.4753375461034,14.780000000000001,0.256417628099845,14.754166666666668,0.22100836402632829,14.721000000000002,0.3888877389032422,15.511,0.9766644085017304,1,0,0,0.15000000000000036
14.5,23.5,33.5,14.5,14.8,14.5,16.09816851791162,14.680000000000001,0.24647515087801602,14.729166666666666,0.23204460125069137,14.714,0.3896675715612208,15.51,0.9776008989295191,0,0,0,0.3000000000000007
14.4,23.5,33.5,14.25,14.6,14.5,15.595518076062206,14.569999999999999,0.21679483388754922,14.683333333333332,0.23868325657571637,14.705,0.39165400182143634,15.507750000000001,0.9796432729371031,0,0,0,0.34999999999999964
14.35,23.5,33.5,14.2,14.5,14.4,15.896775561127253,14.45,0.07071067812090788,14.629166666666668,0.2339952731972945,14.692,0.3924491387817035,15.5065,0.9809659632756847,0,0,0,0.3000000000000007
14.35,23.5,33.5,14.25,14.5,14.35,13.375610825087728,14.419999999999998,0.0758287544425976,14.600000000000001,0.2458750606597427,14.676999999999998,0.3908663846023772,15.504249999999999,0.9831083090056993,0,0,0,0.25
14.45,23.5,33.5,14.0,14.5,14.35,17.247925591752605,14.41,0.0651920240544406,14.604166666666666,0.24257925914963127,14.665999999999999,0.3893269965003329,15.50375,0.9836213664119828,0,0,0,0.5
14.3,23.5,33.5,14.05,14.5,14.45,15.156833964938526,14.37,0.05700877125768331,14.583333333333334,0.2579053150189757,14.665,0.39021841084596953,15.5055,0.9811513849558944,0,0,0,0.4499999999999993
14.95,23.5,33.5,14.35,15.1,14.3,16.607534254139708,14.479999999999999,0.26832815730057324,14.6,0.27551604473964403,14.685,0.37826807252762706,15.509500000000001,0.9772203168879359,0,0,0,0.75
15.05,23.5,33.5,15.0,15.15,14.95,14.684710101591703,14.620000000000001,0.35284557528802146,14.604166666666666,0.28240713142318985,14.716999999999999,0.33709594104538904,15.51375,0.9733372305226345,0,0,1,0.15000000000000036
15.05,23.5,33.5,14.95,15.25,15.05,14.8933761138088,14.76,0.35777087640045296,14.612499999999999,0.29474565306359934,14.748,0.29101511286917053,15.51825,0.9690716883625243,1,0,1,0.3000000000000007
15.45,23.5,33.5,15.05,15.75,15.05,15.687174417608167,14.959999999999999,0.41593268686214946,14.654166666666667,0.3720082680734957,14.774,0.29454911928803684,15.5255,0.9630613614560142,1,0,1,0.6999999999999993
15.8,23.5,33.5,15.45,16.0,15.45,15.316383046727191,15.26,0.35777087640051974,14.762499999999998,0.4927312562736286,14.802999999999999,0.32204860832231186,15.534,0.9579049585149884,1,0,1,0.5500000000000007
16.05,23.5,33.5,15.5,16.2,15.8,15.869724159416464,15.48,0.44665422868301274,14.891666666666666,0.6074661731446923,14.832,0.3657198660287026,15.5435,0.9535217715627071,1,0,1,0.6999999999999993
16.0,23.5,33.5,15.85,16.5,16.05,15.488993307193882,15.669999999999998,0.4192254763256109,15.016666666666666,0.6705944897603047,14.86,0.3996171637341286,15.552999999999999,0.9485196082506901,1,0,1,0.6500000000000004
16.05,23.5,33.5,16.05,16.15,16.0,16.188172028573778,15.87,0.2564176281000478,15.154166666666669,0.701121936396867,14.877,0.4312073699721009,15.5625,0.9439006793419383,1,0,0,0.09999999999999787
16.1,23.5,33.5,16.05,16.3,16.05,14.93438321228763,16.0,0.1172603939975763,15.299999999999999,0.7006490497453224,14.901999999999997,0.4645559653021885,15.572000000000001,0.9396706361925299,1,0,0,0.25
16.25,23.5,33.5,16.1,16.5,16.1,15.542429415985703,16.09,0.0961769203108299,15.458333333333334,0.6808528519882607,14.935,0.49992346352981276,15.58175,0.9365173577176201,1,0,0,0.3999999999999986
16.5,23.5,33.5,16.2,16.6,16.25,16.444654699607987,16.18,0.20186629238306358,15.629166666666668,0.6617670330717295,14.972999999999999,0.5441910303844684,15.592,0.9352859450429235,1,1,0,0.40000000000000213
16.65,23.5,33.5,16.5,16.95,16.5,15.217457033139853,16.310000000000002,0.2583602136562381,15.825000000000001,0.5746540461244829,15.018000000000002,0.5871724010640463,15.6025,0.9353169725797982,1,1,0,0.4499999999999993
16.7,23.5,33.5,16.35,16.95,16.65,15.967726263027409,16.439999999999998,0.2583602136562635,15.970833333333333,0.5540997339391992,15.063999999999998,0.6265421789797596,15.613249999999999,0.9355147657222095,1,1,0,0.5999999999999979
16.2,23.5,33.5,16.0,16.5,16.7,16.547388021739838,16.46,0.22748626332267302,16.066666666666666,0.47402211941738776,15.097000000000001,0.6421750349477102,15.62025,0.9346363802658448,1,1,0,0.5
16.05,23.5,33.5,15.5,16.5,16.2,14.907434194052001,16.419999999999998,0.28416544476854994,16.150000000000002,0.3509726744090001,15.123999999999999,0.6534242613386889,15.62675,0.9330729139857871,1,1,0,1.0
15.35,23.5,33.5,14.5,16.1,16.05,15.350505272832123,16.19,0.5470374758647552,16.141666666666666,0.3697869984767062,15.128,0.6541983722113426,15.629250000000003,0.9316500397049685,1,1,0,1.6000000000000014
15.5,23.5,33.5,15.3,15.9,15.35,16.5575692583564,15.959999999999999,0.5470374758647325,16.116666666666667,0.40358244248080644,15.139000000000001,0.6557664156059103,15.633000000000003,0.9296003355848443,1,1,0,0.5999999999999996
15.65,23.5,33.5,15.5,15.75,15.5,15.258728819316836,15.75,0.36228441865533645,16.083333333333332,0.42551216910987333,15.152000000000001,0.6593874708656381,15.636999999999999,0.9279338912511602,1,1,0,0.25
15.85,23.5,33.5,15.55,16.2,15.65,15.50346404336429,15.679999999999998,0.27748873851100236,16.070833333333333,0.4303583777891583,15.175,0.6633441868321229,15.642000000000001,0.926364808697862,1,1,0,0.6499999999999986
15.7,23.5,33.5,15.6,16.0,15.85,14.3074597373942,15.61,0.19170289512790203,16.041666666666668,0.4435565626190251,15.191,0.6662176208771693,15.646500000000001,0.9244380338301837,1,1,0,0.40000000000000036
15.55,23.5,33.5,15.5,15.85,15.7,15.952265480642694,15.65,0.13693063937783914,15.995833333333332,0.46488431275146547,15.202,0.6675388852083411,15.6495,0.923139035244321,1,1,0,0.34999999999999964
15.7,23.5,33.5,15.6,15.95,15.55,16.871533326932454,15.690000000000001,0.10839741694536931,15.950000000000001,0.46466018864226627,15.214,0.6710515658885846,15.652249999999999,0.9224625320930024,1,1,0,0.34999999999999964
15.95,23.5,33.5,15.7,16.0,15.7,16.039874724499878,15.75,0.15411035007563523,15.904166666666667,0.4314132870489703,15.23,0.6789848364751263,15.6555,0.9223602834370997,1,1,0,0.3000000000000007
16.1,23.5,33.5,15.75,16.25,15.95,15.233303828391568,15.8,0.2207940216591939,15.858333333333333,0.3697869984766836,15.249,0.6899046074254234,15.65875,0.9227776168452554,1,1,0,0.5
16.15,23.5,33.5,15.95,16.25,16.1,15.502779688376348,15.89,0.2583602136561474,15.8125,0.2788979937343741,15.267999999999999,0.7015114876798723,15.661,0.9234270885887816,1,1,0,0.3000000000000007
16.25,23.5,33.5,16.0,16.4,16.15,16.015520253256334,16.03,0.21389249636316318,15.816666666666668,0.28550858396048245,15.290999999999999,0.7146206357649584,15.662749999999999,0.9242136070504164,1,1,0,0.3999999999999986
16.4,23.5,33.5,16.0,16.65,16.25,16.21946931969322,16.169999999999998,0.1680773631411475,15.845833333333333,0.3264536256452659,15.315,0.731454380124947,15.665999999999999,0.9256636896473327,1,1,0,0.6499999999999986
16.35,23.5,33.5,16.3,16.5,16.4,15.95496488726935,16.25,0.1274754878417415,15.929166666666667,0.31583823055286103,15.343,0.7438873351165671,15.66875,0.9268799651783941,1,1,0,0.1999999999999993
16.7,23.5,33.5,16.2,16.9,16.35,15.932115529771902,16.369999999999997,0.20796634343206422,16.029166666666665,0.3551301511311081,15.388,0.7567087704428933,15.674000000000001,0.9297424942033643,1,1,0,0.6999999999999993
16.6,23.5,33.5,15.9,16.7,16.7,16.201811695967393,16.46,0.18506755523460441,16.108333333333334,0.3685557397915775,15.428000000000003,0.7669951972815414,15.68,0.9318350620761311,1,1,0,0.7999999999999989
16.7,23.5,33.5,16.3,16.8,16.6,15.710563558108273,16.55,0.16583123951934867,16.179166666666667,0.3951169753913537,15.469,0.7792519961278749,15.68625,0.9344729186435773,1,1,0,0.5
16.7,23.5,33.5,16.5,16.9,16.7,15.706587470212087,16.61,0.1516575088827796,16.2625,0.3902941780945969,15.509,0.7902266530971959,15.69125,0.9372181318311225,1,1,0,0.3999999999999986
16.7,23.5,33.5,15.8,16.8,16.7,16.01760116583623,16.68,0.04472135955602016,16.358333333333334,0.33698754585385216,15.546999999999999,0.80104587246662,15.696,0.9399208776707006,1,1,0,1.0
16.1,23.5,33.5,15.85,16.5,16.7,13.794390082687775,16.560000000000002,0.26076809620911107,16.391666666666666,0.28109633849473903,15.57,0.8000637729682657,15.69875,0.9402960816175832,1,1,0,0.6500000000000004
15.9,23.5,33.5,15.75,16.2,16.1,13.660260440643714,16.419999999999998,0.3898717737930092,16.3875,0.2885110680088955,15.588,0.7970967728613713,15.6995,0.9403969812860489,1,1,0,0.4499999999999993
15.9,23.5,33.5,15.9,16.0,15.9,12.54040330489666,16.26,0.4098780306389796,16.370833333333334,0.3114907946497163,15.612,0.7878257343822884,15.69975,0.9404438370007094,1,1,0,0.09999999999999964
16.1,23.5,33.5,15.9,16.3,15.9,14.899246405731226,16.14,0.32863353450382127,16.366666666666667,0.3150276563135696,15.645999999999999,0.7709548810217877,15.7005,0.9407041893492074,1,1,0,0.40000000000000036
16.25,23.5,33.5,16.0,16.5,16.1,13.3429452504206,16.05,0.15000000000154753,16.366666666666667,0.3150276563135696,15.68,0.7590273045019409,15.702749999999998,0.9414812116336413,1,1,0,0.5
16.3,23.5,33.5,16.3,16.5,16.25,12.641746829842827,16.090000000000003,0.18841443681541128,16.358333333333334,0.31538816872180375,15.711000000000002,0.7518880995770612,15.706000000000001,0.9424196378838883,1,1,0,0.1999999999999993
16.35,23.5,33.5,16.05,16.7,16.3,14.311426178007723,16.18,0.18234582528941667,16.358333333333334,0.31538816872180375,15.738000000000001,0.7500721053773408,15.70975,0.943487296625834,1,1,0,0.6499999999999986
16.35,23.5,33.5,16.2,16.55,16.35,16.097688943242296,16.27,0.10368220676899298,16.32916666666667,0.296539383658564,15.765999999999998,0.7461766492169434,15.712749999999998,0.9445692099905456,1,1,0,0.3500000000000014
16.6,23.5,33.5,16.4,16.75,16.35,15.458480147012041,16.37,0.13509256086291038,16.329166666666666,0.296539383658564,15.799,0.7458381123245239,15.716499999999998,0.9466034228761571,1,1,0,0.3500000000000014
16.5,23.5,33.5,16.5,16.7,16.6,14.25124683587917,16.42,0.12549900398212047,16.3125,0.2788979937344214,15.838999999999999,0.728171458840072,15.71975,0.9481785964435288,1,1,0,0.1999999999999993
16.4,23.5,33.5,16.2,16.5,16.5,15.651574112192701,16.440000000000005,0.10839741694572981,16.2875,0.2532740161815282,15.876999999999999,0.7061110798895226,15.722249999999999,0.9493147158071935,1,1,0,0.3000000000000007
16.25,23.5,33.5,16.0,16.4,16.4,16.03781802402675,16.419999999999998,0.13509256086292995,16.25,0.21742292260182688,15.911999999999999,0.6793273984505592,15.7235,0.9498467213028112,1,1,0,0.3999999999999986
16.0,23.5,33.5,15.9,16.1,16.25,15.71344536079583,16.35,0.23452078799223192,16.241666666666667,0.22546248764112814,15.943999999999999,0.6433839111624938,15.722999999999999,0.9496738398049624,1,1,0,0.20000000000000107
16.1,23.5,33.5,15.85,16.2,16.0,14.24397644180953,16.25,0.20615528128206337,16.258333333333333,0.2043096283644441,15.979,0.6011120646648217,15.72125,0.9486493638735761,1,1,0,0.34999999999999964
16.05,23.5,33.5,16.0,16.15,16.1,15.474481406263646,16.16,0.1635542723394196,16.270833333333332,0.18396928267971877,16.013,0.553265814256023,15.718499999999999,0.9468847361307707,1,1,0,0.14999999999999858
16.05,23.5,33.5,16.0,16.15,16.05,15.015716576853178,16.090000000000003,0.09617692031079941,16.266666666666666,0.18869568253156677,16.045,0.5052025255643768,15.715250000000001,0.944611769179388,1,1,0,0.14999999999999858
16.1,23.5,33.5,16.1,16.2,16.05,14.029412335339567,16.060000000000002,0.041833001332281676,16.254166666666666,0.19477064989520093,16.081000000000003,0.43797889241831256,15.7105,0.9402446757366447,0,1,0,0.09999999999999787
16.1,23.5,33.5,15.9,16.2,16.1,16.94042293977099,16.080000000000002,0.02738612788381587,16.2375,0.199003197781506,16.104,0.4064329650777985,15.706,0.9361870705984094,0,1,0,0.29999999999999893
15.75,23.5,33.5,15.45,16.0,16.1,15.846090189150972,16.01,0.14747881203909116,16.1875,0.23943589007192875,16.118000000000002,0.3806224761987202,15.701749999999999,0.934035087791665,0,1,0,0.5500000000000007
15.25,23.5,33.5,15.0,15.75,15.75,14.891025136508642,15.85,0.36571847095880333,16.095833333333335,0.3544896032154795,16.122,0.3700744547259464,15.6985,0.9344725489405619,0,1,0,0.75
15.1,23.5,33.5,15.0,15.4,15.25,15.517290795931414,15.66,0.46824139073818016,15.970833333333333,0.41912155610021484,16.115,0.38601179002811115,15.69425,0.9352555545203458,0,1,1,0.40000000000000036
15.25,23.5,33.5,15.05,15.4,15.1,15.386332582301538,15.49,0.42041646019204193,15.866666666666667,0.4308202184276469,16.104,0.402649389186343,15.688999999999998,0.9347850638396737,0,1,1,0.34999999999999964
15.25,23.5,33.5,15.25,15.35,15.25,16.256447991615968,15.319999999999999,0.24899799196055433,15.770833333333334,0.42930087633759334,16.088,0.42034485356461493,15.68575,0.9351776428133556,0,1,0,0.09999999999999964
15.15,23.5,33.5,15.1,15.3,15.25,15.401864268621562,15.2,0.0707106781213105,15.679166666666667,0.43508532775103315,16.071,0.4406731863215045,15.681500000000002,0.9356736481697295,0,0,0,0.20000000000000107
15.15,23.5,33.5,15.1,15.25,15.15,15.094665321798708,15.180000000000001,0.06708203932777766,15.608333333333334,0.4471288879330239,16.053,0.45952615346047065,15.67675,0.935949756790414,0,0,0,0.15000000000000036
15.15,23.5,33.5,15.15,15.3,15.15,14.900429857429494,15.190000000000001,0.05477225575393552,15.529166666666669,0.4361288036042931,16.034000000000002,0.4768562013171101,15.671000000000001,0.9356340391821133,0,0,0,0.15000000000000036
16.0,23.5,33.5,15.5,16.5,15.15,15.797573669984835,15.34,0.3714835124206581,15.525,0.430908131951344,16.029,0.47585476261347975,15.667250000000001,0.9327863578800297,0,0,0,1.0
16.65,23.5,33.5,15.7,17.0,16.0,16.044158541129875,15.62,0.6833739825310999,15.574999999999998,0.5224505196231742,16.032,0.4793447909087141,15.664499999999999,0.9290481160897455,0,0,1,1.3000000000000007
16.25,23.5,33.5,15.65,16.5,16.65,16.2789978592664,15.84,0.6711929677823196,15.587499999999999,0.537724583102453,16.023999999999997,0.4721034130918263,15.659499999999998,0.9231444787480837,0,0,1,0.8499999999999996
16.2,23.5,33.5,16.0,16.5,16.25,16.0323744595031,16.05,0.5556527692727348,15.595833333333333,0.5470824822860094,16.014,0.46269397476691304,15.6545,0.9174493536881315,1,0,1,0.5
16.15,23.5,33.5,15.9,16.2,16.2,14.397950175074048,16.25,0.2423839928718065,15.629166666666668,0.5690735426723658,16.012999999999998,0.4623376714576372,15.65,0.9127654153819829,1,0,0,0.29999999999999893
16.0,23.5,33.5,15.6,16.1,16.15,16.411831934632644,16.25,0.2423839928718065,15.691666666666668,0.5648142628467634,16.012,0.46231008235251414,15.644250000000001,0.9068718322344997,1,1,0,0.5000000000000018
15.75,23.5,33.5,15.55,16.0,16.0,14.988797634306309,16.07,0.20186629238300657,15.745833333333332,0.5331971890625687,16.02,0.4540071023447566,15.636500000000002,0.8992418638209065,1,1,0,0.4499999999999993
15.6,23.5,33.5,15.55,16.0,15.75,16.013390587111683,15.939999999999998,0.25836021365614353,15.775,0.5127909373755822,16.022000000000002,0.4518849411076789,15.629000000000001,0.8932094466460521,0,1,0,0.4499999999999993
15.8,23.5,33.5,15.65,15.95,15.6,16.15373312504846,15.86,0.21621748310541394,15.820833333333333,0.48545121154227483,16.025,0.44985825431960486,15.621999999999998,0.8862948679557395,0,1,0,0.29999999999999893
15.75,23.5,33.5,15.7,15.95,15.8,13.10501577406918,15.780000000000001,0.14404860291037852,15.870833333333332,0.4387266353961714,16.023,0.45087330226325,15.61425,0.87828890148528,0,1,0,0.25
15.7,23.5,33.5,15.5,15.85,15.75,16.181708837856185,15.719999999999999,0.07582875444332243,15.916666666666666,0.3815836220359122,16.023,0.45087330226325,15.60575,0.8690978615579967,0,1,0,0.34999999999999964
15.55,23.5,33.5,15.5,15.65,15.7,15.295819032083918,15.680000000000001,0.1036822067686707,15.949999999999998,0.32121926807370077,16.023,0.45087330226325,15.59625,0.8591648612424911,0,1,0,0.15000000000000036
15.6,23.5,33.5,15.5,15.85,15.55,16.61539831020873,15.680000000000001,0.1036822067686707,15.916666666666666,0.33597438574804056,16.021,0.4525539769361294,15.586750000000002,0.8484463705611881,0,1,0,0.34999999999999964
15.85,23.5,33.5,15.6,16.0,15.6,12.763116557597762,15.690000000000001,0.11937336386490245,15.850000000000001,0.24401937329941445,16.019000000000002,0.4530948001898433,15.57825,0.8371190350806347,0,1,0,0.40000000000000036
15.7,23.5,33.5,15.6,15.9,15.85,13.106845597025968,15.680000000000001,0.11510864433404341,15.804166666666667,0.21155091084363495,16.011,0.4551620030049544,15.571,0.8296842046205567,0,1,0,0.3000000000000007
15.95,23.5,33.5,15.65,16.0,15.7,14.255184481648843,15.729999999999999,0.16807736314098484,15.783333333333331,0.17880071859385915,16.007,0.45479418982868614,15.565500000000002,0.8234531714845732,0,1,0,0.34999999999999964
16.0,23.5,33.5,15.75,16.15,15.95,16.10553722297469,15.819999999999999,0.16807736314101338,15.770833333333334,0.1544172819657188,16.002,0.4534403635156405,15.544250000000002,0.753854042295516,0,1,0,0.3999999999999986
16.0,23.5,33.5,16.0,16.2,16.0,14.81459749546239,15.9,0.1274754878415632,15.770833333333334,0.1544172819657188,15.994000000000002,0.4497890662093984,15.539750000000002,0.7483868329671873,0,1,0,0.1999999999999993
16.1,23.5,33.5,16.0,16.45,16.0,14.227885736449425,15.95,0.15000000000149946,15.800000000000002,0.1809068067466134,15.989,0.4471325877413745,15.537,0.7452907429031636,0,1,0,0.4499999999999993
16.2,23.5,33.5,16.05,16.5,16.1,14.422065001165517,16.05,0.1000000000022997,15.85,0.2022599587389341,15.979,0.43636836152345543,15.5375,0.7457037753712114,1,1,0,0.4499999999999993
16.15,23.5,33.5,16.1,16.3,16.2,15.278303121645562,16.09,0.08944271910258611,15.879166666666668,0.21894201529306972,15.97,0.42785654662478323,15.5365,0.7447422069238001,1,1,0,0.1999999999999993
16.55,23.5,33.5,16.15,16.65,16.15,16.319991132427415,16.2,0.20916500663465673,15.945833333333335,0.28719516118146243,15.967,0.42313335573384336,15.5375,0.7459732774390309,1,1,0,0.5
16.9,23.5,33.5,16.2,17.25,16.55,17.103453422235585,16.38,0.3402205167248074,16.04583333333333,0.3858039618377235,15.970999999999998,0.4310748313274286,15.539499999999999,0.7490964406448595,1,1,0,1.0500000000000007
16.95,23.5,33.5,16.3,17.05,16.9,15.41477711712155,16.55,0.37583240946000557,16.1625,0.4312376480444366,15.976,0.4410377372903312,15.54125,0.751989613888947,1,1,0,0.75
17.0,23.5,33.5,16.2,17.05,16.95,16.421491192660294,16.71,0.35951356024568826,16.27916666666667,0.4540015685462043,15.994000000000002,0.46397132212561576,15.544,0.7563227621874655,1,1,0,0.8500000000000014
16.5,23.5,33.5,16.4,16.7,17.0,16.51476223196596,16.78,0.23611437906348906,16.333333333333332,0.43658454004470976,16.006,0.4692199345069065,15.545250000000001,0.7577007918364684,1,1,0,0.3000000000000007
16.45,23.5,33.5,16.35,16.5,16.5,15.569118249190916,16.759999999999998,0.2631539473398322,16.395833333333332,0.38873824643635835,16.017,0.4731149491423106,15.546499999999998,0.7589914956388666,1,1,0,0.14999999999999858
16.25,23.5,33.5,16.15,16.45,16.45,16.50228271187347,16.630000000000003,0.3290136775280353,16.420833333333334,0.3664686104214565,16.02,0.474126479293487,15.547749999999999,0.7599473913951573,1,1,0,0.3000000000000007
16.3,23.5,33.5,16.2,16.4,16.25,16.12106134892548,16.5,0.2979093821961793,16.445833333333336,0.34473859222559944,16.021,0.4746738945026779,15.551000000000002,0.7617745746035536,1,1,0,0.1999999999999993
16.45,23.5,33.5,16.3,16.55,16.3,16.33768095922761,16.389999999999997,0.1083974169456927,16.483333333333334,0.315027656313562,16.023999999999997,0.4769417882589505,15.55725,0.7640048787630423,1,1,0,0.25
16.35,23.5,33.5,16.3,16.5,16.45,15.943742382861155,16.36,0.08944271910276108,16.504166666666666,0.295002568042224,16.023999999999997,0.4769417882589505,15.56125,0.7660581983873316,1,1,0,0.1999999999999993
16.4,23.5,33.5,16.3,16.6,16.35,16.52613750307504,16.35,0.07905694150733657,16.520833333333332,0.2816012116881502,16.025,0.47769108795339116,15.563999999999998,0.7680844802781022,1,1,0,0.3000000000000007
16.45,23.5,33.5,16.3,16.6,16.4,16.91757392101688,16.389999999999997,0.06519202405584912,16.54583333333333,0.25801544468686716,16.022000000000002,0.4744664027587508,15.56375,0.767786374641598,1,1,0,0.3000000000000007
16.5,23.5,33.5,16.4,16.6,16.45,16.380006043210628,16.43,0.057008771259362566,16.541666666666668,0.25834555200818987,16.022000000000002,0.4744664027587508,15.564250000000001,0.7683660386473331,1,1,0,0.20000000000000284
16.45,23.5,33.5,16.3,16.5,16.5,15.926111683058329,16.43,0.057008771259362566,16.504166666666666,0.2330219784145575,16.023000000000003,0.4753312486237968,15.56425,0.7683660386473331,1,1,0,0.1999999999999993
16.75,23.5,33.5,16.4,17.0,16.45,16.594944609882877,16.509999999999998,0.13874436925695574,16.4875,0.2035201575899711,16.033,0.4853580626501247,15.56625,0.7709378465975347,1,1,0,0.6000000000000014
16.85,23.5,33.5,16.65,17.0,16.75,15.491634870691128,16.6,0.18708286934008655,16.474999999999998,0.17122552910758967,16.05,0.4988762882922971,15.570249999999998,0.7755221534892635,1,1,0,0.3500000000000014
16.9,23.5,33.5,16.75,17.0,16.85,15.879470500743667,16.69,0.20432816741831963,16.508333333333333,0.21087839379530826,16.066000000000003,0.5131376073545223,15.5745,0.7804777238248349,1,1,0,0.25
16.8,23.5,33.5,16.7,16.9,16.9,15.512336626397877,16.75,0.17677669529815052,16.537499999999998,0.22575630465371585,16.081,0.5235173427529951,15.57825,0.7845649420163167,1,1,0,0.1999999999999993
16.7,23.5,33.5,16.7,16.85,16.8,15.69618114020691,16.8,0.07905694150762767,16.575,0.21051883958015297,16.094,0.5307522578223905,15.58175,0.7880096659738393,1,1,0,0.15000000000000213
16.9,23.5,33.5,16.6,17.0,16.7,15.728011792598934,16.830000000000002,0.08366600265665636,16.625,0.2105188395801534,16.11,0.5428571428570437,15.586000000000002,0.7928252388113929,1,1,0,0.3999999999999986
16.85,23.5,33.5,16.7,17.0,16.9,15.616015176660525,16.830000000000002,0.08366600265665636,16.658333333333335,0.21195339682164857,16.125,0.5528451456799939,15.589749999999999,0.7970311983577797,1,1,0,0.3000000000000007
16.8,23.5,33.5,16.7,16.9,16.85,15.0255154327178,16.81,0.074161984874607,16.695833333333333,0.19123799229484384,16.146,0.5582260532530757,15.5935,0.8009622040153741,1,1,0,0.1999999999999993
16.75,23.5,33.5,16.75,16.8,16.8,16.711234688546046,16.8,0.07905694150762664,16.724999999999998,0.16719612870679287,16.176,0.5493261177782865,15.597000000000001,0.8044886637175879,1,1,0,0.05000000000000071
16.75,23.5,33.5,16.75,16.9,16.75,14.77309715606375,16.81,0.06519202405617858,16.75,0.14301938838681408,16.209,0.5326761469701041,15.60075,0.8081164510714536,1,1,0,0.14999999999999858
16.75,23.5,33.5,16.75,16.8,16.75,15.229079804492503,16.78,0.04472135955600946,16.770833333333332,0.11957943980565944,16.239,0.5196437162485765,15.604250000000002,0.8115804034451176,1,1,0,0.05000000000000071
16.75,23.5,33.5,16.7,16.8,16.75,15.854702987870194,16.759999999999998,0.022360679786969515,16.79583333333333,0.06556860852751965,16.269000000000002,0.5044586914985892,15.60625,0.8139169129621822,1,1,0,0.10000000000000142
16.7,23.5,33.5,16.65,16.8,16.75,14.342544710927921,16.740000000000002,0.022360679786915694,16.791666666666668,0.07017294652667205,16.3,0.4813882984425871,15.609749999999998,0.8171173977516332,1,1,0,0.15000000000000213
16.7,23.5,33.5,16.65,16.75,16.7,14.277041520323499,16.73,0.027386127884967304,16.779166666666665,0.07216878364865398,16.331,0.4550050459463431,15.613,0.8201642193692225,1,1,0,0.10000000000000142
16.7,23.5,33.5,16.7,16.8,16.7,15.218318073364019,16.72,0.027386127884944603,16.7625,0.06440285143314982,16.362000000000002,0.4246919652006878,15.616000000000001,0.8230467970599311,1,1,0,0.10000000000000142
16.95,23.5,33.5,16.75,17.1,16.7,15.105321826686719,16.759999999999998,0.10839741694586488,16.775000000000002,0.08393720596641013,16.381,0.42939088324293173,15.620249999999999,0.8277398163175704,1,1,0,0.3500000000000014
17.1,23.5,33.5,16.8,17.3,16.95,16.19233085073255,16.830000000000002,0.18574175621153396,16.808333333333334,0.1221648166381601,16.39,0.4397355420462119,15.62425,0.8329577000968361,1,1,0,0.5
17.15,23.5,33.5,17.1,17.3,17.1,16.373598041913027,16.919999999999998,0.21389249636337448,16.82916666666667,0.1558821427368609,16.408,0.45213326552667954,15.627749999999999,0.8379008453468839,1,1,0,0.1999999999999993
17.3,23.5,33.5,17.2,17.35,17.15,16.867278162158527,17.04,0.22748626332280228,16.866666666666664,0.20707193889752484,16.43,0.4682795258022874,15.63175,0.8439732768042217,1,1,0,0.15000000000000213
17.45,23.5,33.5,17.25,17.85,17.3,15.456621734617874,17.19,0.19170289512834776,16.920833333333334,0.2649685515930619,16.456,0.48808664336209057,15.63675,0.8517713954166972,1,1,0,0.6000000000000014
17.4,23.5,33.5,17.25,17.85,17.45,15.986208734013598,17.28,0.15247950682174216,16.975,0.29193710406055584,16.484,0.5013695528961947,15.642000000000001,0.859391510805219,1,1,0,0.6000000000000014
17.1,23.5,33.5,16.9,17.4,17.4,16.32502859753197,17.279999999999998,0.15247950682174216,17.004166666666666,0.28481120807021465,16.511,0.4973696116693771,15.64575,0.8641197557405814,1,1,0,0.5
16.95,23.5,33.5,16.85,17.0,17.1,13.87387474456798,17.240000000000002,0.21035683968104446,17.020833333333332,0.27424137786505537,16.538,0.4833513953931176,15.64875,0.8676114832858677,1,1,0,0.14999999999999858
16.9,23.5,33.5,16.85,17.0,16.95,16.1814742183596,17.160000000000004,0.2534758371138891,17.033333333333335,0.2640018365408855,16.56,0.47401885780095654,15.6525,0.8714014300316253,1,1,0,0.14999999999999858
16.95,23.5,33.5,16.85,17.1,16.9,15.90860854939615,17.06,0.2043281674184315,17.054166666666664,0.2444458792427855,16.584,0.4624071887018723,15.6575,0.87597397336331,1,1,0,0.25
17.1,23.5,33.5,16.9,17.15,16.95,16.114920716182677,17.0,0.09354143467238092,17.087500000000002,0.21755354617779965,16.612000000000002,0.4500068026695642,15.66375,0.8817943318702196,1,1,0,0.25
17.1,23.5,33.5,17.0,17.15,17.1,15.721416978818592,17.0,0.09354143467238092,17.120833333333334,0.18022502769052692,16.643,0.4282153282483526,15.670499999999999,0.8876057513609856,1,1,0,0.14999999999999858
16.95,23.5,33.5,16.9,17.1,17.1,14.652195586664515,17.0,0.09354143467238092,17.120833333333334,0.18022502769052692,16.67,0.40292299360475414,15.676750000000002,0.8922034929679299,1,1,0,0.20000000000000284
16.9,23.5,33.5,16.8,17.0,16.95,15.981301914099495,17.0,0.09354143467238092,17.104166666666668,0.19123799229483737,16.691,0.3863341579935176,15.685,0.8958587020675773,1,1,0,0.1999999999999993
16.9,23.5,33.5,16.8,17.0,16.9,16.28171006519352,16.990000000000002,0.10246950766235867,17.083333333333332,0.1992409839791007,16.715,0.3598823503901752,15.69375,0.8991472439659203,1,1,0,0.1999999999999993
16.9,23.5,33.5,16.75,17.1,16.9,14.1546228779251,16.95,0.08660254038168527,17.049999999999997,0.19306145983265988,16.734,0.3433686660373001,15.701749999999999,0.9027370093443896,1,1,0,0.3500000000000014
16.9,23.5,33.5,16.6,16.95,16.9,15.835042979607715,16.91,0.022360679787444212,17.004166666666666,0.1499368553960332,16.752,0.3273206004976055,15.70875,0.9065844773504095,1,1,0,0.34999999999999787
16.95,23.5,33.5,16.9,17.0,16.9,14.666473550683564,16.91,0.022360679787444212,16.966666666666665,0.08348471099361518,16.771,0.30988641763821173,15.71575,0.9107479048732455,1,1,0,0.10000000000000142
17.1,23.5,33.5,17.0,17.2,16.95,15.319188097030331,16.95,0.0866025403816835,16.966666666666665,0.08348471099361518,16.791,0.29772778965794233,15.723999999999998,0.915787822960792,1,1,0,0.1999999999999993
17.25,23.5,33.5,17.1,17.45,17.1,13.977800311203175,17.02,0.15247950682163386,16.991666666666667,0.1164500152880905,16.812,0.2921699253962206,15.733999999999998,0.9214877636150745,1,1,0,0.34999999999999787
17.3,23.5,33.5,17.25,17.45,17.25,13.523286184867027,17.1,0.17677669529826906,17.025000000000002,0.14222261679234854,16.835,0.2841474897272165,15.74325,0.9278856591640268,1,1,0,0.1999999999999993
17.35,23.5,33.5,17.3,17.4,17.3,15.021062414930128,17.19,0.1635542723397536,17.058333333333334,0.16764862244006418,16.851,0.290230379990275,15.752749999999999,0.9345705151236804,1,1,0,0.09999999999999787
17.15,23.5,33.5,17.0,17.35,17.35,15.322871668557339,17.23,0.10368220676948565,17.0625,0.16939061903828195,16.855999999999998,0.2932297281472319,15.7625,0.9389365041331692,1,1,0,0.3500000000000014
17.15,23.5,33.5,17.05,17.3,17.15,14.245148468788315,17.240000000000002,0.08944271910329844,17.066666666666666,0.17100416440079688,16.86,0.29589021681710787,15.773500000000002,0.9422509934583319,1,1,0,0.25
17.3,23.5,33.5,17.25,17.4,17.15,15.757599271770856,17.25,0.09354143467251538,17.095833333333335,0.17895953495554698,16.866,0.301770287010436,15.788,0.9433214067229446,1,1,0,0.14999999999999858
17.35,23.5,33.5,17.15,17.4,17.3,15.431626323820513,17.259999999999998,0.10246950766249181,17.133333333333333,0.18132508893911553,16.883,0.3046593949621247,15.804,0.942536937948232,1,1,0,0.25
17.2,23.5,33.5,17.1,17.3,17.35,14.6229239306629,17.23,0.09082951062617622,17.15833333333333,0.16628744736601478,16.898000000000003,0.3013507008418463,15.82,0.9389130891326242,1,1,0,0.1999999999999993
17.3,23.5,33.5,17.1,17.45,17.2,15.652466599280201,17.259999999999998,0.08215838362938498,17.191666666666666,0.14898647487929664,16.919,0.2917033018778568,15.836750000000002,0.9352595842596809,1,1,0,0.34999999999999787
17.25,23.5,33.5,17.15,17.45,17.3,15.749839763153618,17.28,0.05700877126017341,17.220833333333335,0.11766349038544731,16.938,0.28131614868350197,15.853500000000002,0.9303847747816868,1,1,0,0.3000000000000007
17.2,23.5,33.5,17.0,17.3,17.25,15.061795733646958,17.26,0.06519202405657502,17.241666666666664,0.08211226608986798,16.953000000000003,0.27468163389625183,15.86675,0.9305976560723102,1,1,0,0.3000000000000007
17.1,23.5,33.5,17.05,17.25,17.2,15.181653485962306,17.21,0.07416198487492533,17.241666666666667,0.08211226608986798,16.968,0.2612294323510382,15.875499999999999,0.9339357202977521,1,1,0,0.1999999999999993
17.05,23.5,33.5,17.05,17.2,17.1,14.758326758307156,17.18,0.10368220676946421,17.224999999999998,0.09885710532236142,16.981,0.24823663825338904,15.883500000000002,0.9371199061981365,1,1,0,0.14999999999999858
17.0,23.5,33.5,16.9,17.1,17.05,15.564345302650683,17.119999999999997,0.10368220676943851,17.2,0.1148120994573636,16.992,0.2361165398867239,15.89075,0.9401309314885599,1,1,0,0.20000000000000284
17.0,23.5,33.5,16.9,17.1,17.0,16.130557775110894,17.07,0.08366600265685115,17.17083333333333,0.11766349038544857,17.002,0.22518926280253349,15.898500000000002,0.9428641013251472,1,1,0,0.20000000000000284
16.95,23.5,33.5,16.9,17.0,17.0,15.257358114694867,17.020000000000003,0.057008771259972335,17.154166666666665,0.13392388159173058,17.011999999999997,0.2108195862795953,15.90825,0.943608191781858,1,1,0,0.10000000000000142
17.15,23.5,33.5,16.9,17.25,16.95,16.24995698731487,17.03,0.0758287544442916,17.15416666666667,0.13392388159173058,17.02,0.20824828195855954,15.919749999999999,0.944660975851294,1,1,0,0.3500000000000014
17.45,23.5,33.5,17.2,17.6,17.15,16.065801961605708,17.11,0.20432816741844556,17.166666666666668,0.15423319612803332,17.032,0.21541606632878968,15.932749999999999,0.9477505436372273,1,1,0,0.40000000000000213
17.9,23.5,33.5,17.3,18.05,17.45,16.687271368231908,17.29,0.3927467377338708,17.212500000000002,0.25947937385182324,17.052,0.24701483058822413,15.947249999999999,0.9555602621356222,1,1,1,0.75
18.25,23.5,33.5,17.9,18.4,17.9,16.86074707400641,17.54,0.5343220002962844,17.3,0.3960027548113394,17.081,0.29690409363335496,15.963,0.967411715421884,1,1,1,0.5
18.25,23.5,33.5,18.1,18.35,18.25,15.71669243219679,17.8,0.489897948557297,17.379166666666666,0.4816913069087946,17.112,0.33481033314936937,15.97925,0.9783880381863651,1,1,1,0.25
18.15,23.5,33.5,18.0,18.3,18.25,14.575896205276113,17.999999999999996,0.3391164991572461,17.454166666666666,0.5276269056019965,17.136999999999997,0.3640489426615327,15.99825,0.9834737109861332,1,1,0,0.3000000000000007
18.1,23.5,33.5,18.0,18.25,18.15,14.551238665215907,18.130000000000003,0.14404860291123534,17.52916666666667,0.5516332499262793,17.162,0.3861848980865557,16.019,0.9838208767797975,1,1,0,0.25
18.3,23.5,33.5,18.05,18.35,18.1,16.060286543109992,18.21,0.08215838362994982,17.629166666666666,0.5750329371330523,17.192,0.41469930094467444,16.04325,0.9799456130431122,1,1,0,0.3000000000000007
18.6,23.5,33.5,18.2,19.0,18.3,17.299611198174173,18.28,0.1955760721578508,17.758333333333336,0.6063427373618819,17.229,0.4550274716980512,16.06875,0.9797886847856516,1,1,0,0.8000000000000007
18.7,23.5,33.5,18.1,18.8,18.6,16.204007348522108,18.369999999999997,0.2683281573012817,17.900000000000002,0.6116297156702672,17.268,0.4949500077826071,16.0915,0.9878038938286997,1,1,0,0.6999999999999993
18.7,23.5,33.5,18.3,18.9,18.7,16.81306122723421,18.48,0.2683281573012999,18.041666666666668,0.58029511823072,17.307000000000002,0.5289583525906666,16.11325,0.9971123823395727,1,1,0,0.5999999999999979
18.4,23.5,33.5,18.3,18.75,18.7,15.908694858854327,18.54,0.18165902124782224,18.162499999999998,0.47344242234162615,17.34,0.5447335989981463,16.132250000000003,1.0043110278710172,1,1,0,0.4499999999999993
18.0,23.5,33.5,17.65,18.35,18.4,16.014611263160376,18.48,0.2949576240762588,18.233333333333334,0.35760143718778054,17.366,0.5445874679094298,16.149250000000002,1.0070165585759012,1,1,0,0.7000000000000028
17.9,23.5,33.5,17.6,18.4,18.0,16.933801158412052,18.34,0.3781534080247057,18.270833333333332,0.28401211028379875,17.39,0.5410684818400894,16.16275,1.0123111214110425,1,1,0,0.7999999999999972
17.45,23.5,33.5,17.25,17.85,17.9,14.766125805385613,18.09,0.48010415536701845,18.23333333333333,0.35760143718778054,17.405,0.5318671385422751,16.17575,1.0120626420617969,1,1,0,0.6000000000000014
17.3,23.5,33.5,17.15,17.85,17.45,15.395828777734106,17.81,0.4421538193894226,18.154166666666665,0.4474464586219366,17.412,0.5280460709645965,16.18925,1.008940903240112,1,1,0,0.7000000000000028
17.1,23.5,33.5,17.0,17.45,17.3,16.022905573941365,17.55,0.3872983346215589,18.058333333333334,0.5388680616614498,17.412,0.5280460709645965,16.20175,1.0046297037756544,1,1,0,0.4499999999999993
17.1,23.5,33.5,16.9,17.7,17.1,15.736527863670089,17.37,0.3309078421564209,17.970833333333335,0.6039484977038766,17.411,0.5285994201081747,16.21525,0.9984183157202418,0,1,0,0.8000000000000007
17.75,23.5,33.5,17.5,18.0,17.1,16.847642309111023,17.34,0.27248853186990646,17.941666666666666,0.6055926223480651,17.42,0.5304984179321318,16.232,0.9959092207019729,0,1,0,0.5
17.55,23.5,33.5,17.5,17.6,17.75,16.82910244493398,17.36,0.285919569110998,17.879166666666666,0.6039484977038777,17.422,0.5308022422786914,16.247,0.993036559266583,0,1,0,0.10000000000000142
17.45,23.5,33.5,17.25,17.55,17.55,15.687020538334464,17.39,0.2859195691110024,17.78333333333333,0.5694228870026284,17.423,0.5308070482283586,16.26075,0.990544207308779,0,1,0,0.3000000000000007
17.3,23.5,33.5,17.3,17.5,17.45,15.24816379673703,17.43,0.24647515087859254,17.666666666666668,0.5042245771899756,17.427,0.5290740853179501,16.2715,0.9900955489141996,1,1,0,0.1999999999999993
17.55,23.5,33.5,17.15,17.6,17.3,16.04977408980644,17.52,0.16431676725347744,17.570833333333336,0.38521442277663753,17.439,0.5248216412286794,16.2845,0.9897259912158778,1,1,0,0.45000000000000284
17.55,23.5,33.5,17.35,17.75,17.55,15.961757697457761,17.48,0.10954451150390843,17.5,0.2836451047603902,17.452,0.5192184078997631,16.297250000000002,0.9895204348342597,1,1,0,0.3999999999999986
17.45,23.5,33.5,17.3,17.75,17.55,16.511042802013957,17.46,0.10246950766266102,17.454166666666666,0.23592981750483835,17.462,0.5141428372960003,16.311,0.9863154112412867,0,1,0,0.4499999999999993
17.25,23.5,33.5,17.05,17.5,17.45,15.868248845192442,17.419999999999998,0.13964240043992618,17.400000000000002,0.19540168418364826,17.465,0.5124222190851694,16.32275,0.9834152046942974,0,1,0,0.4499999999999993
17.3,23.5,33.5,17.2,17.4,17.25,14.827039103388016,17.42,0.13964240043992618,17.3875,0.19670582558269573,17.469,0.5102910334068538,16.33425,0.9813151044239865,0,1,0,0.1999999999999993
17.35,23.5,33.5,17.35,17.5,17.3,16.419969122463687,17.380000000000003,0.12041594579050233,17.391666666666666,0.1952077370547814,17.477,0.505097485034008,16.3455,0.9799906419406574,0,1,0,0.14999999999999858
17.3,23.5,33.5,17.3,17.4,17.35,16.0155756527638,17.330000000000002,0.07582875444458405,17.408333333333335,0.1755942292141782,17.485,0.4989018553026384,16.35625,0.9786019345121689,0,1,0,0.09999999999999787
17.25,23.5,33.5,17.1,17.35,17.3,14.31719512932294,17.290000000000003,0.04183300133403917,17.420833333333334,0.15588214273684617,17.492,0.4929461617329748,16.36675,0.9768588452368083,0,1,0,0.25
17.65,23.5,33.5,17.25,17.95,17.25,17.265339392789237,17.37,0.16046806536074487,17.4125,0.13837531308985448,17.507,0.4859253742990593,16.378999999999998,0.9775155668412076,0,1,0,0.6999999999999993
18.0,23.5,33.5,17.6,18.3,17.65,17.02929749638621,17.509999999999998,0.31503968004147087,17.45,0.21742292260181542,17.529,0.48277366142240197,16.3935,0.9799537216023074,0,1,0,0.6999999999999993
18.1,23.5,33.5,18.0,18.2,18.0,16.879985051594776,17.660000000000004,0.3895510236164772,17.504166666666666,0.2871951611814659,17.552,0.4820195609545165,16.408,0.9836533278277124,1,1,0,0.1999999999999993
18.0,23.5,33.5,18.0,18.1,18.1,15.369964373370399,17.8,0.3517811819876901,17.5625,0.31197683480433697,17.57,0.48160022374385647,16.42325,0.9845780350154953,1,1,0,0.10000000000000142
18.1,23.5,33.5,18.0,18.3,18.0,15.935590197256365,17.97,0.18574175621186972,17.60833333333333,0.3482640934518887,17.587,0.48506363983894607,16.4415,0.9816419175397684,1,1,0,0.3000000000000007
18.85,23.5,33.5,18.4,19.2,18.1,16.779535474284614,18.21,0.3612478373647215,17.71666666666667,0.4983305462575227,17.618,0.5149559125174362,16.46275,0.9875607926073576,1,1,0,0.8000000000000007
18.85,23.5,33.5,18.55,19.0,18.85,15.407924582826524,18.380000000000003,0.43098723879101375,17.833333333333336,0.5863342722269159,17.648000000000003,0.5420068528822867,16.48375,0.99345771356561,1,1,0,0.4499999999999993
18.9,23.5,33.5,18.8,19.05,18.85,15.969514548864625,18.540000000000003,0.4491658936303103,17.97083333333333,0.6290173914828323,17.683,0.5651990799708839,16.50475,0.9999321270935152,1,1,0,0.25
19.05,23.5,33.5,18.9,19.2,18.9,14.857799730892646,18.750000000000004,0.37249161064476694,18.116666666666667,0.6613805579424222,17.721,0.5918744006310667,16.526,1.0086430508459823,1,1,0,0.3000000000000007
19.4,23.5,33.5,19.0,19.55,19.05,16.6707789503417,19.009999999999998,0.2329162939786614,18.2875,0.7084313657652275,17.762999999999998,0.6343733851894101,16.54825,1.0226870889521078,1,1,0,0.5500000000000007
20.0,23.5,33.5,19.5,21.0,19.4,16.800454900475977,19.24,0.4761827380331774,18.5125,0.7903178301969761,17.816,0.7058386240956535,16.57325,1.0455081895287317,1,1,0,1.5
20.25,23.5,33.5,20.25,20.75,20.0,16.387687655346884,19.52,0.5880051020193605,18.7625,0.8282305893233427,17.877,0.7794693380624624,16.601,1.0689303346342514,1,1,0,0.5
19.65,23.5,33.5,19.4,20.25,20.25,14.942872583804958,19.669999999999998,0.4751315607290381,18.929166666666667,0.7840623622383418,17.924,0.8140500912231086,16.62725,1.0790233521440327,1,1,0,0.8500000000000014
19.8,23.5,33.5,19.5,20.0,19.65,16.26099189366965,19.82,0.32519225083145187,19.079166666666666,0.7620123875553849,17.975,0.8500450168151038,16.6535,1.0920165984343198,1,1,0,0.5
19.7,23.5,33.5,19.55,19.8,19.8,16.104858525508817,19.880000000000003,0.24647515087901137,19.212500000000002,0.7135458830886106,18.025,0.8766384077595111,16.678250000000002,1.1046791468963821,1,1,0,0.25
19.75,23.5,33.5,19.65,20.0,19.7,15.487453863631389,19.830000000000002,0.24135036772465576,19.358333333333334,0.6152727899562781,18.078000000000003,0.8993852775929624,16.702,1.11937976365314,1,1,0,0.3500000000000014
19.85,23.5,33.5,19.8,20.0,19.75,15.31043530787512,19.75,0.07905694150939002,19.504166666666666,0.48310470036538355,18.134,0.9209821731528023,16.726499999999998,1.1343639884495775,1,1,0,0.1999999999999993
19.9,23.5,33.5,19.75,20.0,19.85,14.995180731147189,19.8,0.07905694150941937,19.591666666666665,0.44763689289284786,18.192,0.9392441598629663,16.75125,1.1493108870428186,1,1,0,0.25
20.0,23.5,33.5,19.9,20.25,19.9,14.195863648877584,19.84,0.11937336386659998,19.6875,0.3943492914109758,18.252,0.9571940284828475,16.77875,1.1609153975640427,1,1,0,0.3500000000000014
20.25,23.5,33.5,20.0,20.5,20.0,14.146827385414031,19.95,0.19039432764879982,19.8,0.3377734582392231,18.318,0.9791062146630446,16.8075,1.1753086839261986,1,1,0,0.5
21.0,23.5,33.5,20.25,21.5,20.25,15.663965528349177,20.2,0.47302219821152514,19.962500000000002,0.4062718525590899,18.395,1.0351599501762718,16.84,1.2007744569577503,1,1,0,1.25
21.25,23.5,33.5,21.0,21.75,21.0,15.97736135099671,20.48,0.6088924371355674,20.116666666666667,0.5109409027085073,18.471,1.1017189722781013,16.87425,1.2282067810367643,1,1,0,0.75
21.25,23.5,33.5,21.0,21.5,21.25,16.786816984592768,20.75,0.5863019699787106,20.220833333333335,0.603948497703875,18.538,1.1662586264090125,16.90875,1.2535922002479023,1,1,0,0.5
21.0,23.5,33.5,20.5,21.5,21.25,17.5390692021481,20.95,0.41079191813001464,20.283333333333335,0.6446751589801185,18.593000000000004,1.216175420349052,16.942,1.27341822267824,1,1,0,1.0
20.75,23.5,33.5,20.5,21.25,21.0,14.633659544934773,21.05,0.20916500663578202,20.375,0.6243178095110762,18.643,1.2526302938461913,16.973499999999998,1.2892862541832553,1,1,0,0.75
21.25,23.5,33.5,20.75,21.5,20.75,14.849193493574411,21.1,0.22360679775210718,20.495833333333334,0.6429542374968329,18.705000000000002,1.3034197563427,17.00825,1.3103547555631232,1,1,0,0.75
21.25,23.5,33.5,21.0,21.75,21.25,16.932238523286394,21.1,0.22360679775210718,20.625,0.6239536696087019,18.768,1.3489133948992986,17.039749999999998,1.3360981358579058,1,1,0,0.75
20.0,23.5,33.5,19.15,21.5,21.25,17.08276507188144,20.85,0.5184110338340865,20.645833333333332,0.5956121119308869,18.802,1.3582687059455494,17.0645,1.3448729180963155,1,1,0,2.3500000000000014
19.65,23.5,33.5,19.5,19.85,20.0,16.021860153179333,20.58,0.7293833011530357,20.629166666666666,0.6221145514706264,18.823,1.3631899114554271,17.0875,1.3495741930373129,1,1,0,0.3500000000000014
19.95,23.5,33.5,19.75,20.25,19.65,17.65108441281796,20.419999999999998,0.769415362467428,20.633333333333333,0.6169327845122546,18.848,1.37231965098871,17.11,1.3596112361876054,1,1,0,0.5
19.95,23.5,33.5,19.8,20.25,19.95,16.33373922764296,20.16,0.6248999919994055,20.629166666666666,0.6217491211871177,18.873,1.3809272986227812,17.13075,1.3711371275743407,1,1,0,0.4499999999999993
20.0,23.5,33.5,20.0,20.5,19.95,16.317258018556615,19.91,0.14747881204034108,20.60833333333333,0.6395429239035757,18.905,1.388261649748795,17.1505,1.3838805500779932,1,1,0,0.5
20.0,23.5,33.5,19.9,20.5,20.0,17.88842889256422,19.91,0.14747881204034108,20.525,0.648950201199095,18.945,1.3904649787545313,17.1705,1.396020816679594,1,1,0,0.6000000000000014
19.95,23.5,33.5,19.85,20.25,20.0,15.590632555502093,19.97,0.0273861278905282,20.416666666666668,0.6249848483011742,18.986,1.3892458679559339,17.19,1.4074818027688218,1,1,0,0.3999999999999986
18.4,23.5,33.5,18.0,19.0,19.95,15.495071556285676,19.66,0.7048049375542196,20.179166666666664,0.7972846911786634,19.005,1.374225199142836,17.2015,1.407927215883646,1,1,0,1.0
18.8,23.5,33.5,18.5,19.0,18.4,15.399138438727777,19.43,0.7710382610485584,19.995833333333334,0.8430082317438271,19.035,1.3524448760881633,17.21425,1.4108105363040342,1,1,0,0.5
19.0,23.5,33.5,18.8,19.1,18.8,17.870171383854405,19.229999999999997,0.7137926869902531,19.849999999999998,0.8520029876174519,19.073,1.3233464846242398,17.22675,1.4155177107500205,1,1,0,0.3000000000000007
19.0,23.5,33.5,18.9,19.05,19.0,15.67600302046942,19.029999999999998,0.5696490147456995,19.662499999999998,0.7583250082792913,19.111,1.2924541597681631,17.2385,1.420451039557026,0,1,0,0.15000000000000213
19.0,23.5,33.5,18.95,19.5,19.0,15.106119944052883,18.839999999999996,0.26076809620950325,19.474999999999998,0.5894913061275503,19.136,1.2775949982650312,17.25,1.4253713260358398,0,1,0,0.5500000000000007
18.95,23.5,33.5,18.65,19.3,19.0,15.906423673809806,18.95,0.08660254038270507,19.3875,0.5823639130927423,19.164,1.2573068074910176,17.26375,1.428452245118,0,1,0,0.6500000000000021
18.9,23.5,33.5,18.7,19.0,18.95,15.66284679273765,18.97,0.04472135955826907,19.325,0.5918000276505871,19.192999999999998,1.233462440383462,17.278000000000002,1.4304973306738695,0,1,0,0.3000000000000007
18.9,23.5,33.5,18.75,19.0,18.9,14.352238403911306,18.95,0.050000000007382334,19.2375,0.5681409076180418,19.225,1.2037462781005008,17.295749999999998,1.4284772218577977,0,1,0,0.25
18.9,23.5,33.5,18.75,19.0,18.9,14.81500245049767,18.93,0.044721359558229354,19.150000000000002,0.5278601743230145,19.252,1.18032164416038,17.312749999999998,1.4272297859170338,0,1,0,0.25
19.0,23.5,33.5,18.9,19.2,18.9,14.589592817147107,18.93,0.044721359558229354,19.066666666666666,0.4554385166234844,19.281,1.1551963345806486,17.3295,1.4272754907980805,0,1,0,0.3000000000000007
19.15,23.5,33.5,19.05,19.3,19.0,15.49923946865894,18.97,0.10954451150441064,18.995833333333334,0.35126934326113235,19.314999999999998,1.1248242493104115,17.346,1.4291593621467813,0,1,0,0.25
19.3,23.5,33.5,19.0,19.4,19.15,16.196232019644864,19.049999999999997,0.1732050807590446,18.941666666666666,0.21408720964431288,19.356,1.0846630248842348,17.364,1.430993610596348,0,1,0,0.3999999999999986
19.4,23.5,33.5,19.0,19.5,19.3,18.480802660610202,19.15,0.20615528128271604,19.025000000000002,0.17516226243621677,19.398,1.043295406930582,17.383249999999997,1.4323635236275838,0,1,0,0.5
19.4,23.5,33.5,19.2,19.55,19.4,14.218840722033724,19.249999999999996,0.17320508075909438,19.075,0.19009566969376337,19.439,1.0005758546039014,17.40175,1.4344065141160036,0,1,0,0.3500000000000014
19.5,23.5,33.5,19.2,19.7,19.4,13.93204926420827,19.35,0.13228756555615137,19.116666666666664,0.22394533965115795,19.483,0.9517765343969005,17.4195,1.4383109685359372,0,1,0,0.5
19.65,23.5,33.5,19.55,19.8,19.5,17.7978019064529,19.45,0.13228756555618343,19.17083333333333,0.26752938099754126,19.531,0.8957319433210579,17.43725,1.4438397778215661,0,1,0,0.25
19.95,23.5,33.5,19.2,20.0,19.65,15.818894285475665,19.580000000000002,0.23075961518600552,19.25,0.34245105821516475,19.577,0.8553081554716597,17.45625,1.451796128072797,1,1,0,0.8000000000000007
19.85,23.5,33.5,19.2,19.95,19.95,13.75342342970647,19.669999999999998,0.23075961518602361,19.325,0.36835012987886717,19.614,0.8251802524173733,17.47425,1.4590643513590351,1,1,0,0.75
19.95,23.5,33.5,19.7,20.0,19.85,16.60961006786133,19.78,0.1987460691455597,19.412499999999998,0.3826492578660199,19.651,0.796900244698174,17.492,1.4674991546314247,1,1,0,0.3000000000000007
20.0,23.5,33.5,19.7,20.5,19.95,15.89201040209145,19.880000000000003,0.13964240044062995,19.504166666666666,0.38046522558408663,19.691,0.7617575006496028,17.51025,1.4758976273889688,1,1,0,0.8000000000000007
20.0,23.5,33.5,20.0,20.25,20.0,15.969259275169808,19.95,0.06123724357634045,19.59583333333333,0.35320502244270313,19.729,0.7273862909943684,17.52675,1.4852108245858766,1,1,0,0.25
20.0,23.5,33.5,19.95,20.25,20.0,15.38022324316676,19.96,0.06519202405838521,19.679166666666664,0.31583823055284277,19.752,0.7171343198125968,17.54375,1.493982380843589,1,1,0,0.3000000000000007
19.95,23.5,33.5,19.9,20.25,20.0,15.109909178442296,19.98,0.027386127890435125,19.745833333333334,0.2758938640897743,19.773999999999997,0.7056795827210842,17.56,1.502410124068739,1,1,0,0.3500000000000014
20.0,23.5,33.5,19.95,20.5,19.95,15.17815264640252,19.99,0.022360679793608805,19.804166666666664,0.24537386440551498,19.796,0.694940901906683,17.5765,1.511014085916778,1,1,0,0.5500000000000007
20.25,23.5,33.5,20.0,20.5,20.0,17.451777453106857,20.04,0.1193733638666418,19.875,0.24073750321565626,19.82,0.6893504780825724,17.59425,1.5214808435488603,1,1,0,0.5
20.0,23.5,33.5,19.95,20.75,20.25,16.075209130937797,20.04,0.1193733638666418,19.925,0.19009566969377859,19.832,0.6871087012598206,17.61375,1.527214904432682,1,1,0,0.8000000000000007
19.9,23.5,33.5,19.5,20.0,20.0,15.09727766727668,20.02,0.13509256086415578,19.958333333333332,0.13623731522812887,19.83,0.6867551623841228,17.63375,1.530846462568835,1,1,0,0.5
19.9,23.5,33.5,19.75,20.25,19.9,15.672433509251135,20.01,0.1431782106356779,19.979166666666668,0.0987612670977353,19.823,0.6841656620009825,17.65375,1.534207417364811,1,1,0,0.5
19.95,23.5,33.5,19.85,20.25,19.9,13.112315061750808,20.0,0.14577379737399138,19.979166666666668,0.0987612670977353,19.828999999999997,0.6839329541075676,17.673,1.53876084061911,1,1,0,0.3999999999999986
19.85,23.5,33.5,19.8,20.0,19.95,15.122572570481008,19.92,0.05700877126219221,19.979166666666668,0.0987612670977353,19.83,0.6839262402049177,17.691000000000003,1.543081170090268,1,1,0,0.1999999999999993
19.75,23.5,33.5,19.7,19.85,19.85,13.720651376444932,19.869999999999997,0.07582875444592117,19.962500000000002,0.11894421916465585,19.831,0.6837688175972826,17.70825,1.5467324733840748,1,1,0,0.15000000000000213
19.7,23.5,33.5,19.55,19.8,19.75,14.433018363602391,19.830000000000002,0.10368220677057242,19.9375,0.1400081166476973,19.83,0.6839262402049177,17.725,1.550085100597767,1,1,0,0.25
19.7,23.5,33.5,19.65,19.85,19.7,16.686727868450284,19.79,0.10839741694713866,19.912499999999998,0.15392589716530616,19.827,0.6841656620009826,17.74175,1.5532489656349178,0,1,0,0.20000000000000284
20.0,23.5,33.5,19.7,20.25,19.7,15.412450900083613,19.8,0.12747548784300763,19.912499999999998,0.15392589716530616,19.828999999999997,0.6845294823781634,17.75875,1.5592843795734053,0,1,0,0.5500000000000007
20.0,23.5,33.5,19.8,20.25,20.0,14.265056983225247,19.83,0.15652475842759053,19.916666666666668,0.15569978883218447,19.828999999999997,0.6845294823781634,17.77625,1.5647172710079813,1,1,0,0.4499999999999993
19.95,23.5,33.5,19.95,20.25,20.0,16.002000053277325,19.869999999999997,0.15652475842760263,19.9125,0.15392589716530616,19.823,0.6820744169107208,17.794,1.5691559040630698,1,1,0,0.3000000000000007
19.95,23.5,33.5,19.9,20.0,19.95,15.630319176214835,19.92,0.1254990039833945,19.8875,0.11306675421649622,19.802,0.6609331683772887,17.8125,1.5726681709372465,1,1,0,0.10000000000000142
19.9,23.5,33.5,19.8,20.0,19.95,13.35109289810107,19.96,0.041833001336598064,19.879166666666666,0.10757309002223711,19.775,0.6272917167946659,17.832,1.5742593376922571,1,1,0,0.1999999999999993
19.8,23.5,33.5,19.75,19.95,19.9,15.32366872815826,19.919999999999998,0.07582875444594887,19.870833333333334,0.10966546927578298,19.746,0.590126240385776,17.8505,1.5755432181189157,1,1,0,0.1999999999999993
20.25,23.5,33.5,19.75,21.25,19.8,15.216718408115783,19.97,0.16807736314218125,19.900000000000002,0.15521246435409736,19.730999999999998,0.5666667667066855,17.8715,1.5794098350761854,1,1,0,1.5
20.75,23.5,33.5,20.0,21.0,20.25,15.219915183769698,20.130000000000003,0.385032466164664,19.96666666666667,0.291027438048259,19.730999999999998,0.5666667667066855,17.895,1.5871183710164134,1,1,0,1.0
21.25,23.5,33.5,20.75,21.75,20.75,16.726218624252937,20.389999999999997,0.6076594440974865,20.083333333333332,0.4672615256291684,19.730999999999998,0.5666667667066855,17.92075,1.5995781282706742,1,1,1,1.0
21.0,23.5,33.5,21.0,21.5,21.25,15.56366656380489,20.610000000000003,0.5845938761233179,20.1875,0.5222873643015465,19.726,0.5539505614130279,17.94525,1.6090478902335466,1,1,1,0.5
20.75,23.5,33.5,20.5,21.0,21.0,16.58931110814389,20.8,0.3708099243560006,20.275000000000002,0.5211438468320194,19.741,0.5714008921867819,17.97025,1.6136049834805506,1,1,0,0.5
20.25,23.5,33.5,19.65,20.75,20.75,15.77308117306034,20.8,0.3708099243560006,20.320833333333336,0.48918221801718137,19.753,0.5757346681964528,17.995250000000002,1.609976727413713,1,1,0,1.1000000000000014
20.75,23.5,33.5,20.25,21.0,20.25,15.184989580395014,20.8,0.3708099243560006,20.383333333333336,0.49236596391729825,19.769000000000002,0.5922018753976593,18.023500000000002,1.6084880850033323,1,1,0,0.75
20.75,23.5,33.5,20.5,21.0,20.75,15.982138575886305,20.7,0.2738612787542137,20.445833333333336,0.48685368967635845,19.785,0.6077937687292776,18.051000000000002,1.6078479015042297,1,1,0,0.5
20.25,23.5,33.5,20.25,21.0,20.75,15.017822283462326,20.55,0.2738612787541867,20.47083333333333,0.4663486470507122,19.79,0.6106202935189423,18.076,1.6029413917942643,1,1,0,0.75
20.25,23.5,33.5,20.0,20.75,20.25,15.040785159387214,20.45,0.27386127875416866,20.495833333333334,0.44336437576438104,19.795,0.6133922073192785,18.1015,1.5967138836154544,1,1,0,0.75
20.5,23.5,33.5,20.0,21.0,20.25,15.411681046068656,20.5,0.2500000000017469,20.545833333333334,0.4019601593403756,19.805999999999997,0.621111577606433,18.12825,1.5918256758865756,1,1,0,1.0
20.5,23.5,33.5,20.25,21.5,20.5,15.90124488348301,20.45,0.2091650066355951,20.604166666666668,0.32784304263783365,19.848,0.5945294829715922,18.155,1.5864691683453052,1,1,0,1.25
20.0,23.5,33.5,20.0,20.75,20.5,14.519697080150243,20.3,0.20916500663555973,20.583333333333332,0.3588702812825969,19.872,0.5752692359909162,18.175,1.5843772455703529,1,1,0,0.75
19.95,23.5,33.5,19.9,20.25,20.0,16.14610966840098,20.24,0.2631539473404262,20.516666666666666,0.39733963794058885,19.891,0.5614022167569471,18.1915,1.5855987408023067,1,1,0,0.3500000000000014
19.95,23.5,33.5,19.95,20.25,19.95,16.367094143974672,20.18,0.2928310092883633,20.40833333333333,0.3540886723389446,19.91,0.5465102646682664,18.21,1.5844168909797065,1,1,0,0.3000000000000007
20.0,23.5,33.5,19.95,20.25,19.95,16.370619425462987,20.080000000000002,0.23611437906411076,20.325,0.31801943908561725,19.93,0.5305945836935414,18.229,1.5829760153983135,1,1,0,0.3000000000000007
19.95,23.5,33.5,19.9,20.25,20.0,16.692386150961408,19.970000000000002,0.027386127890200306,20.258333333333333,0.3043871139708136,19.95,0.5114006377048463,18.248,1.580700499889668,1,1,0,0.3500000000000014
19.9,23.5,33.5,19.8,20.0,19.95,13.017449428687309,19.949999999999996,0.03535533907087111,20.229166666666668,0.32154338978607067,19.97,0.48854218793035836,18.2675,1.5768803085641518,0,1,0,0.1999999999999993
19.85,23.5,33.5,19.7,19.95,19.9,15.647323886772464,19.93,0.05700877126209657,20.15416666666667,0.29268221467633243,19.989,0.463932832928879,18.288,1.5706257754897732,0,1,0,0.25
19.8,23.5,33.5,19.7,19.95,19.85,16.493974091770045,19.9,0.0790569415093381,20.075,0.24073750321565585,20.007,0.4375266755716306,18.308999999999997,1.5625626419602945,0,1,0,0.25
19.9,23.5,33.5,19.85,20.0,19.8,17.026898458167214,19.880000000000003,0.05700877126205124,20.04583333333333,0.23880225114407358,20.025,0.4130832302358326,18.3295,1.5563630940117066,0,1,0,0.14999999999999858
19.95,23.5,33.5,19.9,20.25,19.9,15.765256341559367,19.88,0.05700877126205124,20.020833333333332,0.23106308990211577,20.041,0.39353059160711,18.3505,1.5497040566883291,0,1,0,0.3500000000000014
19.95,23.5,33.5,19.9,20.25,19.95,16.09165937156417,19.89,0.06519202405823768,19.975,0.17516226243623215,20.054,0.37902129604703383,18.37175,1.5422979127777077,0,1,0,0.3500000000000014
19.9,23.5,33.5,19.85,20.0,19.95,15.206369734443172,19.9,0.06123724357619985,19.924999999999997,0.05838742081177807,20.064,0.36784535348657527,18.393500000000003,1.5329489267617429,0,1,0,0.14999999999999858
19.8,23.5,33.5,19.75,19.95,19.9,15.56755870037451,19.9,0.06123724357619985,19.90833333333333,0.0633652232309817,20.072,0.3573085330007293,18.414499999999997,1.5232254689130578,0,1,0,0.1999999999999993
19.7,23.5,33.5,19.65,19.85,19.8,15.068416659072824,19.859999999999996,0.10839741694711792,19.8875,0.08561276455357607,20.076,0.35185224171522833,18.43375,1.514958392880966,0,1,0,0.20000000000000284
19.35,23.5,33.5,18.95,19.7,19.7,15.685326301674728,19.740000000000002,0.238222584993104,19.837500000000002,0.1746750229320845,20.07,0.3616853971763905,18.452,1.5038045553539168,0,1,0,0.75
19.0,23.5,33.5,18.9,20.0,19.35,14.776660308599636,19.55,0.37080992435583554,19.754166666666666,0.29034331820140646,20.051,0.39181550218837974,18.46725,1.4937356420536336,0,1,0,1.1000000000000014
18.9,23.5,33.5,18.8,19.0,19.0,15.893626346221275,19.35,0.40311288741587475,19.666666666666668,0.37254245232971694,20.031999999999996,0.42351300488432686,18.481749999999998,1.4837069688272024,0,1,0,0.1999999999999993
18.9,23.5,33.5,18.5,19.5,18.9,15.084062788841143,19.169999999999998,0.34928498393253116,19.583333333333332,0.4239067936432847,20.011000000000003,0.45268924332309546,18.49625,1.473466646139675,0,1,0,1.0
18.75,23.5,33.5,18.65,19.0,18.9,14.506756432186306,18.98,0.22527760652300322,19.491666666666664,0.47665183278461254,19.986,0.48655809058141414,18.5095,1.4636928412983412,0,1,0,0.3500000000000014
18.75,23.5,33.5,18.6,18.9,18.75,16.24207288511803,18.86,0.10839741694672994,19.404166666666665,0.5101061980933912,19.961000000000002,0.5169859667301859,18.52225,1.4545518356914051,0,1,0,0.29999999999999716
19.0,23.5,33.5,18.6,19.3,18.75,15.852931600745988,18.86,0.10839741694672994,19.329166666666666,0.4965601370397457,19.941000000000003,0.5344928933683312,18.5365,1.4451244490930535,0,1,0,0.6999999999999993
19.0,23.5,33.5,18.8,19.2,19.0,16.894291831148973,18.880000000000003,0.1254990039829994,19.25,0.4631905164674862,19.922,0.5508027536872094,18.54875,1.4385698989868456,0,1,0,0.3999999999999986
19.0,23.5,33.5,18.9,19.15,19.0,15.651271123010764,18.9,0.13693063937894473,19.17083333333333,0.4109071634440799,19.902,0.5658621740318258,18.559250000000002,1.4341323563665784,0,1,0,0.25
19.45,23.5,33.5,19.0,19.5,19.0,15.594573263342363,19.04,0.25347583711418764,19.133333333333333,0.3550501458393862,19.886,0.5671302625445951,18.571749999999998,1.430927041638436,0,1,0,0.5
19.5,23.5,33.5,19.1,19.6,19.45,15.133419273912278,19.19,0.2607680962095455,19.108333333333334,0.3117642854737103,19.875999999999998,0.5694824001509231,18.58425,1.4280444644554926,0,1,0,0.5
19.25,23.5,33.5,19.1,19.7,19.5,15.692499414603446,19.240000000000002,0.23822258499301657,19.070833333333336,0.25624769030733263,19.863,0.5763015438013143,18.598,1.4210976718594983,0,1,0,0.5999999999999979
19.05,23.5,33.5,19.0,19.5,19.25,15.618753999897248,19.25,0.22638462845510485,19.04583333333333,0.24069816380805661,19.846,0.5876136451090884,18.611,1.4132197103594348,0,1,0,0.5
19.1,23.5,33.5,19.0,19.2,19.05,15.616824405079008,19.27,0.2018662923837392,19.054166666666664,0.24069816380805645,19.829,0.596767653826079,18.62525,1.4036295154286884,0,1,0,0.1999999999999993
19.0,23.5,33.5,18.9,19.2,19.1,16.129243383451804,19.18,0.2018662923837212,19.0625,0.2365711501660185,19.811999999999998,0.6081554581063224,18.63875,1.3941049388054219,0,1,0,0.3000000000000007
18.95,23.5,33.5,18.9,19.05,19.0,14.780020243279024,19.07,0.11510864433543257,19.066666666666666,0.23387383286065466,19.796,0.6202237910790175,18.65125,1.3855630125723994,0,1,0,0.15000000000000213
18.8,23.5,33.5,18.6,19.0,18.95,16.372776705787057,18.98,0.11510864433540098,19.070833333333336,0.2280932159260306,19.778000000000002,0.6359277330268535,18.663500000000003,1.3759118493148768,0,1,0,0.3999999999999986
18.6,23.5,33.5,18.5,19.0,18.8,17.148311354611074,18.89,0.19493588689804245,19.058333333333334,0.25030284687050375,19.756,0.6573477941310817,18.674500000000002,1.3664868023161358,0,1,0,0.5
18.5,23.5,33.5,18.45,18.8,18.6,16.73065086052725,18.77,0.21679483388844065,19.01666666666667,0.29797294975860256,19.726,0.6798289100492814,18.684749999999998,1.3573751411710036,0,1,0,0.3500000000000014
18.2,23.5,33.5,17.8,18.6,18.5,16.482683276895706,18.61,0.2880972058189801,18.95,0.3801913393877073,19.69,0.7119246692550377,18.69325,1.348921749744709,0,1,0,0.8000000000000007
18.0,23.5,33.5,17.95,18.5,18.2,16.61130914772961,18.42,0.31937438845450383,18.866666666666667,0.4677476657214269,19.651,0.7497952101359897,18.701,1.3403944518058162,0,1,0,0.5500000000000007
17.95,23.5,33.5,17.85,18.0,18.0,16.372962727770275,18.25,0.2915475947434202,18.741666666666664,0.49718906836025284,19.611,0.7859928077772503,18.707,1.3342891883660783,0,1,0,0.14999999999999858
17.95,23.5,33.5,17.85,18.0,17.95,16.883140194217233,18.119999999999997,0.23611437906375335,18.6125,0.48341822660937117,19.572,0.8190437430694637,18.7125,1.3288521324622244,0,0,0,0.14999999999999858
17.95,23.5,33.5,17.85,18.0,17.95,15.12966451000808,18.009999999999998,0.10839741694640262,18.504166666666666,0.4731222854291112,19.535,0.849744859667079,18.717750000000002,1.3237196098597657,0,0,0,0.14999999999999858
17.95,23.5,33.5,17.9,18.0,17.95,15.514259052189749,17.96,0.02236067978948777,18.4125,0.4642320148765405,19.488999999999997,0.8722063273968093,18.723499999999998,1.3178319907251252,0,0,0,0.10000000000000142
18.05,23.5,33.5,17.85,18.3,17.95,17.18672975045448,17.97,0.04472135955725034,18.325,0.4196860298322218,19.435,0.8761144506354476,18.73025,1.3108543523845357,0,0,0,0.4499999999999993
18.15,23.5,33.5,18.1,18.3,18.05,16.681629524590043,18.01,0.08944271910363687,18.254166666666666,0.3633545309356751,19.373,0.8544726264707135,18.7365,1.3050511647875032,0,0,0,0.1999999999999993
18.15,23.5,33.5,18.1,18.3,18.15,16.193333077894927,18.05,0.10000000000327736,18.1875,0.29008227672971887,19.316,0.8386359186689027,18.743,1.2988305524662371,0,0,0,0.1999999999999993
18.2,23.5,33.5,18.05,18.3,18.15,13.790091206363067,18.1,0.10000000000329856,18.1375,0.21755354617775305,19.265,0.827107697254198,18.75,1.2920611868454268,0,0,0,0.25
18.2,23.5,33.5,18.15,19.0,18.2,16.331528283557986,18.15,0.061237243575000336,18.104166666666668,0.16439743048930378,19.224,0.8280934581979265,18.75725,1.2848302930384217,0,0,0,0.8500000000000014
18.2,23.5,33.5,18.15,18.25,18.2,15.032172809623459,18.18,0.02738612788742605,18.079166666666666,0.11373480584489702,19.173,0.8105308162442849,18.764499999999998,1.2775171231727769,0,0,0,0.10000000000000142
18.25,23.5,33.5,18.15,18.35,18.2,15.64006001130563,18.2,0.03535533906877469,18.083333333333332,0.11934162828784683,19.123,0.7880620767012491,18.772,1.2700120681576135,0,0,0,0.20000000000000284
18.35,23.5,33.5,18.2,18.5,18.25,16.095778567064087,18.240000000000002,0.06519202405717556,18.1125,0.13837531308979034,19.085,0.778358424335912,18.78,1.2622266359103884,0,0,0,0.3000000000000007
18.35,23.5,33.5,18.25,18.5,18.35,13.3599635267252,18.27,0.07582875444495916,18.145833333333332,0.14374588268137872,19.046999999999997,0.7666126127055121,18.78825,1.2539282746991942,0,0,0,0.25
18.5,23.5,33.5,18.3,18.6,18.35,15.511309819498978,18.330000000000002,0.11510864433516214,18.191666666666666,0.1621353717972978,19.006999999999998,0.7410011154250783,18.797250000000002,1.245294636283086,0,0,0,0.3000000000000007
18.55,23.5,33.5,18.4,18.7,18.5,17.917824959807703,18.4,0.12247448714195432,18.241666666666667,0.17298624923447192,18.968,0.7115490431560642,18.8065,1.2364777133770086,0,0,0,0.3000000000000007
18.55,23.5,33.5,18.55,19.0,18.55,15.18902383793524,18.46,0.10246950766296219,18.291666666666668,0.16764862243999548,18.939,0.6980504922968689,18.8145,1.2295624706969455,0,0,0,0.4499999999999993
18.65,23.5,33.5,18.55,19.0,18.55,16.43514483252241,18.52,0.10954451150420651,18.341666666666665,0.17816403745534842,18.913,0.6836882270718988,18.82225,1.2235718523605752,0,0,0,0.4499999999999993
18.9,23.5,33.5,18.65,19.2,18.65,17.00935165272658,18.630000000000003,0.16046806536100952,18.404166666666665,0.22908745187378918,18.892,0.6671107364552442,18.831000000000003,1.2177968409091415,0,0,0,0.5500000000000007
18.65,23.5,33.5,18.3,19.0,18.9,16.102362633555067,18.66,0.1431782106352358,18.445833333333333,0.22407216099573266,18.865,0.6484085698611389,18.83775,1.2130001170318323,0,0,0,0.6999999999999993
18.4,23.5,33.5,18.1,18.7,18.65,16.6550100439416,18.630000000000003,0.18234582529003987,18.462500000000002,0.21119250158856648,18.834,0.6323296737671807,18.8425,1.209393198900746,0,0,0,0.5999999999999979
18.45,23.5,33.5,18.05,18.55,18.4,17.07322244509401,18.609999999999996,0.1981161275633668,18.483333333333334,0.19462473604028738,18.805,0.6154681311068355,18.84775,1.2053721615079442,0,0,0,0.5
18.45,23.5,33.5,18.35,18.55,18.45,16.28273691171699,18.57,0.20796634343253972,18.504166666666666,0.1738054467883465,18.776999999999997,0.5985705762012146,18.8545,1.1993003613705613,0,0,0,0.1999999999999993
18.35,23.5,33.5,18.3,18.5,18.45,15.275566634869497,18.46,0.1140175425129514,18.5125,0.16254370041751168,18.748,0.5829166636275456,18.8615,1.1921930933615308,0,0,0,0.1999999999999993
18.3,23.5,33.5,18.15,18.5,18.35,16.08509724304964,18.39,0.06519202405729882,18.508333333333333,0.16764862243998285,18.715999999999998,0.5619245355681165,18.8685,1.1847047635947365,0,0,0,0.3500000000000014
18.2,23.5,33.5,18.15,18.3,18.3,17.63238959177475,18.35,0.1060660171812083,18.495833333333334,0.18520054650082982,18.680999999999997,0.5374628606058142,18.87475,1.177809881980148,0,0,0,0.15000000000000213
18.2,23.5,33.5,18.0,18.4,18.2,15.362349613561815,18.3,0.10606601718119019,18.470833333333335,0.20389205403088584,18.646,0.5093853839557299,18.88025,1.1720348827280251,0,0,0,0.3999999999999986
18.05,23.5,33.5,18.0,18.25,18.2,16.394969600508507,18.220000000000002,0.11510864433514155,18.429166666666667,0.23496453633111877,18.609,0.4829427227626041,18.885,1.1666965777451523,0,0,0,0.25
18.0,23.5,33.5,17.9,18.1,18.05,16.087059060325192,18.15,0.12247448714188647,18.383333333333333,0.261406452355901,18.573,0.45883726162227656,18.890249999999998,1.1602903975006862,0,0,0,0.20000000000000284
18.0,23.5,33.5,17.95,18.05,18.0,16.110617861852948,18.09,0.10246950766283143,18.32916666666667,0.2683775608196039,18.539,0.43604086121948266,18.89575,1.1533954407371325,0,0,0,0.10000000000000142
18.0,23.5,33.5,17.95,18.5,18.0,17.26041539918553,18.05,0.08660254038225412,18.254166666666666,0.21474967809612647,18.512,0.4264901845892661,18.90125,1.1464324990482466,0,0,0,0.5500000000000007
18.0,23.5,33.5,17.95,18.4,18.0,15.740036689985518,18.01,0.022360679789685835,18.2,0.18586407545682615,18.492,0.4265858767048515,18.90675,1.1394003260552066,0,0,0,0.4499999999999993
18.05,23.5,33.5,17.95,18.15,18.0,17.268952479769577,18.009999999999998,0.022360679789685835,18.17083333333333,0.1789595349554796,18.475,0.42693138577906153,18.9125,1.1321007066731679,0,0,0,0.1999999999999993
17.85,23.5,33.5,17.7,18.5,18.05,14.537682903260963,17.98,0.07582875444483037,18.120833333333334,0.17768502946769682,18.453999999999997,0.4314001882810709,18.917,1.1260331939017068,0,0,0,0.8000000000000007
17.75,23.5,33.5,17.7,18.0,17.85,14.678696249967576,17.93,0.12549900398270222,18.0625,0.17467502293210288,18.433999999999997,0.4404821106422842,18.92025,1.1216922057865284,0,0,0,0.3000000000000007
17.05,23.5,33.5,16.55,17.75,17.75,14.939628461979767,17.740000000000002,0.40373258476451246,17.954166666666666,0.3215433897860737,18.4,0.47947675562391484,18.91925,1.1232767650736875,0,0,0,1.1999999999999993
17.0,23.5,33.5,16.85,17.75,17.05,16.855446350235663,17.54,0.48270073544652653,17.845833333333335,0.40308939530336013,18.36,0.5108016908222792,18.91775,1.1256477476361904,0,0,0,0.8999999999999986
16.9,23.5,33.5,16.8,17.05,17.0,14.24469284373121,17.31,0.4519402615397291,17.7375,0.46861740548899944,18.317999999999998,0.5424585002465673,18.915499999999998,1.1292411958441804,0,0,0,0.25
16.8,23.5,33.5,16.75,17.0,16.9,14.40905892566543,17.1,0.3758324094600951,17.620833333333334,0.5149838185159821,18.273999999999997,0.5742999287508426,18.91375,1.1322581330682207,0,0,0,0.25
16.6,23.5,33.5,16.5,16.85,16.8,15.473948326866553,16.869999999999997,0.17888543820155048,17.5,0.5720775535473277,18.217,0.5962133914658583,18.910999999999998,1.137220449938546,0,0,0,0.3500000000000014
16.2,23.5,33.5,15.95,16.75,16.6,16.450438014237406,16.7,0.3162277660177011,17.349999999999998,0.6585107164172286,18.151,0.6328176382381099,18.905500000000004,1.1476630176187113,0,0,0,0.8000000000000007
16.0,23.5,33.5,15.9,16.65,16.2,17.601530357017257,16.5,0.38729833462142293,17.183333333333334,0.7284271141343023,18.086000000000002,0.6825851221492764,18.89875,1.1607530641264892,0,0,0,0.7499999999999982
16.9,23.5,33.5,16.3,17.6,16.0,16.595571357077493,16.5,0.38729833462142293,17.091666666666665,0.6841827684223181,18.043,0.6883142673315685,18.89725,1.1631506932360551,0,0,0,1.3000000000000007
17.35,23.5,33.5,17.0,18.0,16.9,17.7394680828566,16.61,0.5412947441094714,17.037499999999998,0.6292582213136954,18.008,0.6778838621859886,18.8975,1.162810989363517,0,0,0,1.0
18.25,23.5,33.5,17.5,18.9,17.35,17.45627064912133,16.94,0.910631648912209,17.054166666666667,0.6603918717264703,17.993000000000002,0.663633320195284,18.9025,1.1578305610234327,0,0,1,1.3999999999999986
17.85,23.5,33.5,17.5,18.25,18.25,15.767275107951718,17.27,0.8736418030294792,17.054166666666667,0.6603918717264704,17.971,0.6493395388659464,18.90575,1.1539333814147825,0,0,1,0.75
17.55,23.5,33.5,17.5,19.0,17.85,16.0789598382009,17.580000000000002,0.5094114250786166,17.037499999999998,0.6435431044403273,17.946,0.6407775888459989,18.908,1.1508292836909566,0,0,0,1.5
17.9,23.5,33.5,17.6,18.05,17.55,15.707959801902518,17.78,0.3456877203498026,17.108333333333334,0.690136130620507,17.932000000000002,0.6338061249953152,18.91225,1.14549036590955,0,0,0,0.4499999999999993
17.95,23.5,33.5,17.75,18.1,17.9,16.356545540314695,17.9,0.250000000001308,17.1875,0.72992060589427,17.921000000000003,0.6284975605946401,18.917,1.139474885671032,0,0,0,0.3500000000000014
18.1,23.5,33.5,18.0,18.25,17.95,13.14588652595031,17.869999999999997,0.20186629238347778,17.287499999999998,0.7681515593825128,17.918999999999997,0.6277502753191027,18.9225,1.1328106859713543,0,0,0,0.25
18.1,23.5,33.5,18.0,18.35,18.1,16.275270410785794,17.92,0.2252776065228325,17.395833333333332,0.784641879323203,17.921,0.6281727631855009,18.928250000000002,1.1256441762641614,0,0,0,0.3500000000000014
18.35,23.5,33.5,18.15,18.6,18.1,16.03846796548449,18.080000000000002,0.17535677916941278,17.541666666666668,0.7859080831442609,17.929,0.631089922115591,18.93425,1.1192982535506981,1,0,0,0.45000000000000284
18.45,23.5,33.5,18.35,18.7,18.35,16.753232343001066,18.19,0.2043281674186878,17.729166666666668,0.7004733248224748,17.939,0.6353763146548937,18.93925,1.1148594059227857,1,0,0,0.34999999999999787
18.7,23.5,33.5,18.45,18.95,18.45,16.39944025903805,18.34,0.2534758371140966,17.95416666666667,0.49929875067360124,17.953999999999997,0.6444298223377877,18.94325,1.1125447029580582,1,0,0,0.5
18.6,23.5,33.5,18.3,19.05,18.7,16.50655707906024,18.44,0.2329162939785475,18.095833333333335,0.40533842949345616,17.967,0.6508714723118025,18.945,1.11172372837897,1,0,0,0.75
18.05,23.5,33.5,17.75,18.4,18.6,16.4031543604004,18.43,0.25149552680057796,18.15416666666667,0.3319764047840054,17.967,0.6508714723118025,18.944000000000003,1.112441743717603,1,0,0,0.6499999999999986
17.95,23.5,33.5,17.9,18.05,18.05,13.812607347724816,18.35,0.333541601604197,18.129166666666666,0.3353819622550394,17.963,0.6503382165599012,18.942999999999998,1.1132486753034825,1,0,0,0.15000000000000213
18.0,23.5,33.5,17.8,18.3,17.95,15.505071359472682,18.259999999999998,0.3595135602459029,18.14166666666667,0.32671459141336895,17.96,0.6498037380310528,18.9425,1.1136515834164038,1,0,0,0.5
18.45,23.5,33.5,18.0,19.0,18.0,16.236474153733408,18.21,0.294533529501617,18.216666666666665,0.2782521202510845,17.965,0.6526437600643754,18.94325,1.1132671540475085,1,0,0,1.0
18.3,23.5,33.5,18.0,19.0,18.45,17.0819262800295,18.15,0.21505813167763255,18.25,0.2602446401508676,17.967,0.6535312243683813,18.94175,1.1139338763607807,1,0,0,1.0
18.3,23.5,33.5,18.3,19.0,18.3,16.063681808510754,18.2,0.21505813167764493,18.27916666666667,0.24257925914982764,17.969,0.6544112480944981,18.93975,1.1147289088386636,1,0,0,0.6999999999999993
18.6,23.5,33.5,18.3,19.0,18.3,13.289911340089665,18.330000000000002,0.2224859546144285,18.320833333333336,0.25177400881571227,17.976,0.659331758181634,18.93925,1.1148594059227857,1,0,0,0.6999999999999993
18.65,23.5,33.5,18.4,19.75,18.6,15.401516268157051,18.46,0.16355427234012523,18.366666666666664,0.25790531501916497,17.982,0.6641520602871149,18.9405,1.1143918051910733,1,0,0,1.3500000000000014
19.15,23.5,33.5,18.65,19.75,18.65,14.514043708114935,18.6,0.34820970693064257,18.433333333333334,0.342672208421147,17.998,0.6825791424547282,18.94625,1.1124798851999556,1,0,0,1.1000000000000014
19.25,23.5,33.5,19.15,19.8,19.15,15.541877986354873,18.79,0.3990613987856339,18.5,0.4161511962998567,18.013,0.7018059793511365,18.953000000000003,1.1101930657393384,1,0,0,0.6500000000000021
19.45,23.5,33.5,19.25,19.65,19.25,15.439758459111701,19.020000000000003,0.3768288736293621,18.5625,0.4973223757830821,18.031,0.7269512798429159,18.963,1.1055847267122172,1,0,0,0.3999999999999986
19.6,23.5,33.5,19.5,19.75,19.45,18.151292985393205,19.22,0.363318042492796,18.645833333333332,0.5809312012674519,18.052,0.756803158296866,18.9745,1.1001483454103709,1,0,0,0.25
19.15,23.5,33.5,19.0,19.7,19.6,14.41687189095869,19.32,0.19874606914554965,18.7375,0.5649316129167418,18.062,0.7680853481487356,18.98475,1.0921165368908126,1,0,0,0.6999999999999993
19.15,23.5,33.5,19.05,19.3,19.15,16.359566310152594,19.32,0.19874606914554965,18.8375,0.5170392107514956,18.066999999999997,0.7744392309593618,18.995,1.0839278100902585,1,0,0,0.25
19.15,23.5,33.5,19.0,19.25,19.15,15.971403867604147,19.3,0.2121320343578632,18.933333333333334,0.4499158170416182,18.077,0.7852732528442578,19.002,1.0803619345142461,1,0,0,0.25
19.1,23.5,33.5,19.1,19.2,19.15,15.297933173265289,19.229999999999997,0.20796634343277318,18.9875,0.4248662891267657,18.090999999999998,0.7972970920937649,19.00975,1.0754419157118513,1,0,0,0.09999999999999787
19.1,23.5,33.5,19.05,19.2,19.1,14.853098499102936,19.130000000000003,0.02738612788962957,19.054166666666667,0.3658479150817759,18.104,0.8084906572478695,19.018,1.069730158995693,1,1,0,0.14999999999999858
18.95,23.5,33.5,18.7,19.15,19.1,16.37088351542102,19.089999999999996,0.08215838363053975,19.108333333333334,0.2827087590157551,18.114,0.8159156619080725,19.02625,1.062753812427304,1,1,0,0.4499999999999993
18.95,23.5,33.5,18.85,19.0,18.95,15.640430910196233,19.05,0.09354143467351117,19.1375,0.24038321677911983,18.125999999999998,0.8238312686367415,19.03325,1.0575794575561916,1,1,0,0.14999999999999858
19.0,23.5,33.5,18.95,19.1,18.95,16.595472096574365,19.02,0.07582875444563063,19.166666666666668,0.1922750555056051,18.14,0.8327480938165226,19.040499999999998,1.0523172563632237,1,1,0,0.15000000000000213
19.25,23.5,33.5,19.0,19.6,19.0,14.264482692665666,19.05,0.1274754878428735,19.175,0.1936491673103364,18.160999999999998,0.8474023933919947,19.049500000000002,1.0463263084326102,1,1,0,0.6000000000000014
19.5,23.5,33.5,19.2,19.8,19.25,15.79321016789622,19.13,0.24135036772457266,19.195833333333333,0.21474967809617607,18.186999999999998,0.8683088183829436,19.06075,1.0389509289003673,1,1,0,0.6000000000000014
19.6,23.5,33.5,19.5,19.8,19.5,16.53125779407839,19.259999999999998,0.2902585054753767,19.208333333333332,0.2343592166402461,18.218,0.8906979606706243,19.07225,1.0320699001977003,1,1,0,0.3000000000000007
19.75,23.5,33.5,19.7,20.0,19.6,16.288968672651396,19.42,0.29706901555162946,19.220833333333335,0.2597711696975785,18.253,0.915981128938463,19.08425,1.0258784383889625,1,1,0,0.3000000000000007
20.5,23.5,33.5,19.8,20.75,19.75,16.947551033985345,19.720000000000002,0.4724933861979894,19.333333333333332,0.44941038814171524,18.303,0.9686098812425826,19.100250000000003,1.0228605260633095,1,1,0,0.9499999999999993
20.0,23.5,33.5,19.85,22.0,20.25,14.620512570385488,19.87,0.39937451095538856,19.40416666666667,0.48357491350326365,18.343,0.9967298571645278,19.114,1.0163260269049683,1,1,0,2.1499999999999986
20.5,23.5,33.5,19.85,20.75,20.0,16.731084337975137,20.07,0.4177319714851538,19.51666666666667,0.568624070307728,18.393,1.0408988462685609,19.12825,1.0156758462337914,1,1,0,0.8999999999999986
20.25,23.5,33.5,20.25,20.75,20.5,15.74394038394349,20.2,0.32596012026148985,19.6125,0.5885749353697047,18.437,1.0721335775747451,19.1395,1.015577044673595,1,1,0,0.5
20.25,23.5,33.5,20.25,20.5,20.25,14.578464079055493,20.3,0.20916500663565418,19.708333333333332,0.5911596205507419,18.485,1.09871214034746,19.15025,1.0158974731138015,1,1,0,0.25
20.25,23.5,33.5,20.25,20.5,20.25,17.550887096768374,20.25,0.17677669529915122,19.816666666666666,0.5577280753741999,18.535,1.1212351971584273,19.1615,1.0155537885740205,1,1,0,0.25
20.0,23.5,33.5,20.0,20.5,20.25,16.290409042726743,20.25,0.17677669529915122,19.90416666666667,0.48732028544486666,18.593999999999998,1.1191122575049919,19.171,1.0144602743532218,1,1,0,0.5
20.25,23.5,33.5,19.95,21.0,20.0,16.817920535938732,20.2,0.11180339887894535,20.008333333333336,0.40273684919184893,18.659,1.1190233533336487,19.178,1.01706099390658,1,1,0,1.0500000000000007
20.25,23.5,33.5,20.0,20.75,20.25,17.173341077731916,20.2,0.11180339887894535,20.09166666666667,0.3281029032963983,18.726,1.111821450942314,19.185,1.0196067820240093,1,1,0,0.75
20.25,23.5,33.5,20.25,20.75,20.25,16.984077908613468,20.2,0.11180339887894535,20.15416666666667,0.2717438076014048,18.795,1.0968065890928602,19.19175,1.022175941694237,1,1,0,0.5
20.5,23.5,33.5,20.25,20.75,20.25,17.12971114434867,20.25,0.17677669529915122,20.229166666666668,0.2250841593446618,18.873,1.0760002465669836,19.199,1.0262993969894514,1,1,0,0.5
21.0,23.5,33.5,20.75,21.75,20.5,15.99424309547591,20.45,0.325960120261522,20.333333333333332,0.2682716849943604,18.968999999999998,1.0463683551664984,19.207,1.034080564107522,1,1,0,1.0
21.5,23.5,33.5,21.25,21.75,21.0,16.921038542142007,20.7,0.541987084717825,20.416666666666668,0.4308202184276854,19.078999999999997,1.016551292661719,19.2145,1.0452403488835842,1,1,0,0.5
21.75,23.5,33.5,21.5,22.0,21.5,15.583813904000431,21.0,0.6373774391998452,20.5625,0.555192431832115,19.176,1.0356029496808725,19.222,1.0580113135964544,1,1,0,0.5
21.5,23.5,33.5,21.25,21.75,21.75,15.115293689727126,21.25,0.5000000000009742,20.645833333333332,0.61661035778955,19.259,1.0524359498664984,19.23125,1.0697935448687366,1,1,0,0.5
21.0,23.5,33.5,21.0,21.75,21.5,16.128966449140535,21.35,0.33541019662643395,20.708333333333332,0.6108240831909671,19.314,1.0703346796822863,19.23725,1.0763445197171901,1,1,0,0.75
22.25,23.5,33.5,21.5,23.0,21.0,17.42921380417918,21.6,0.4541475531157296,20.875,0.7346922670565936,19.402,1.126895681751861,19.25,1.0967631682527363,1,1,0,1.5
22.5,23.5,33.5,22.0,23.25,22.25,17.18942927023844,21.8,0.5968668193165219,21.0625,0.8402177748006435,19.500999999999998,1.1771848986944478,19.26375,1.1200540356220166,1,1,0,1.25
22.25,23.5,33.5,21.5,22.75,22.5,15.379470026425055,21.9,0.6274950199013775,21.25,0.8325754129097617,19.588,1.2165340529721262,19.275750000000002,1.1390617833246588,1,1,0,1.25
22.0,23.5,33.5,22.0,23.5,22.25,16.003346869792335,22.0,0.5863019699788143,21.395833333333332,0.7938566201357649,19.668999999999997,1.2398522788902555,19.28625,1.154420578411045,1,1,0,1.5
22.25,23.5,33.5,22.0,22.5,22.0,16.537397981605046,22.25,0.17677669529963574,21.5625,0.7395099728874875,19.752,1.2711861727198965,19.2975,1.1722369415931984,1,1,0,0.5
22.25,23.5,33.5,22.0,22.5,22.25,14.867904721931774,22.25,0.17677669529963574,21.729166666666668,0.6347720898564028,19.835,1.296354779481947,19.3075,1.188816712483043,1,1,0,0.5
22.75,23.5,33.5,22.25,23.0,22.25,17.54635457761553,22.3,0.2738612787545266,21.916666666666668,0.5674237366992703,19.923,1.3420289999603838,19.31625,1.2076279492536963,1,1,0,0.75
22.75,23.5,33.5,22.5,23.25,22.75,16.165618440919665,22.4,0.33541019662656796,22.0625,0.5343326338868278,20.009,1.3828648907693126,19.32375,1.2242415096168477,1,1,0,0.75
23.5,23.5,33.5,23.0,24.0,22.75,16.895597812576934,22.7,0.5123475382990516,22.229166666666668,0.6436608131806065,20.105,1.4548739338050156,19.335,1.2520535894898286,1,1,0,1.0
23.0,23.5,33.5,23.0,23.75,23.5,17.189364183358222,22.85,0.4541475531158466,22.333333333333332,0.6600045913523189,20.192999999999998,1.4945141180261787,19.345,1.273226424340062,1,1,0,0.75
23.25,23.5,33.5,23.25,23.5,23.0,16.591917045754098,23.05,0.3259601202618624,22.479166666666668,0.6524284472553022,20.296999999999997,1.5230008642981911,19.3575,1.2990985471377707,1,1,0,0.25
23.5,23.5,33.5,23.25,24.0,23.25,17.789662953653195,23.2,0.3259601202618819,22.6875,0.5235911833413744,20.408,1.5504561540766841,19.36875,1.325052739065928,1,1,0,0.75
23.0,23.5,33.5,23.0,23.75,23.5,15.046699909028638,23.25,0.25000000000228895,22.75,0.5112373581456389,20.508000000000003,1.553217857959949,19.3775,1.3431919344843857,1,1,0,0.75
22.75,23.5,33.5,22.5,23.25,23.0,16.616079227486505,23.1,0.2850438562767694,22.770833333333332,0.5051814855410183,20.594,1.5559838412675413,19.39125,1.363518187166292,1,1,0,0.75
22.75,23.5,33.5,22.5,23.5,22.75,16.201140095063696,23.05,0.32596012026186155,22.8125,0.47821875937512137,20.683000000000003,1.5493451546260584,19.40675,1.3839412576125456,1,1,0,1.0
23.25,23.5,33.5,22.75,23.5,22.75,15.559129826750702,23.05,0.32596012026186155,22.916666666666668,0.41742355496848393,20.782000000000004,1.5521137660806703,19.42325,1.40987969033021,1,1,0,0.75
23.0,23.5,33.5,23.0,23.5,23.25,16.773613703121747,22.95,0.20916500663619284,22.979166666666668,0.3608439182436622,20.87,1.5506088336850206,19.438499999999998,1.431928716537876,1,1,0,0.5
23.5,23.5,33.5,23.25,23.75,23.0,15.55947953818114,23.05,0.32596012026186155,23.083333333333332,0.307728727448511,20.967,1.560566681480454,19.456,1.4599387334841192,1,1,0,0.5
23.0,23.5,33.5,23.0,23.5,23.5,15.006276838791209,23.1,0.2850438562767694,23.104166666666668,0.2911250382205199,21.044,1.5640619539897853,19.471,1.480818393854379,1,1,0,0.5
23.0,23.5,33.5,23.0,23.75,23.0,16.04424467654708,23.15,0.22360679775251885,23.125,0.2717786532525112,21.119,1.5661889921665426,19.48625,1.5013389124878918,1,1,0,0.75
22.75,23.5,33.5,22.0,23.25,23.0,16.113896948731746,23.05,0.2738612787546412,23.0625,0.2638224265057507,21.185,1.5639513667473797,19.508,1.5169514522694134,1,1,0,1.25
22.75,23.5,33.5,22.5,23.25,22.75,15.912828976814398,23.0,0.306186217849731,23.041666666666668,0.2786602145115512,21.247999999999998,1.5622445913701484,19.52775,1.5333126477920163,1,1,0,0.75
23.0,23.5,33.5,22.5,23.25,22.75,15.741436780432542,22.9,0.13693063938035988,23.020833333333332,0.2709061673629067,21.325,1.5515709616319733,19.54775,1.5523632292337226,1,1,0,0.75
22.75,23.5,33.5,22.0,23.25,23.0,16.435967467342767,22.85,0.1369306393803444,22.958333333333332,0.2343592166404971,21.397,1.5319858394400618,19.5665,1.568279391963002,1,1,0,1.25
23.0,23.5,33.5,23.0,23.25,22.75,17.04502166717025,22.85,0.1369306393803444,22.958333333333332,0.2343592166404971,21.474,1.5133838284602057,19.5865,1.5864193587791051,1,1,0,0.25
23.0,23.5,33.5,23.0,23.25,23.0,14.718351647530305,22.9,0.13693063938035988,22.979166666666668,0.22508415934486528,21.552,1.4888346353536182,19.606749999999998,1.6040047047824957,1,1,0,0.25
23.0,23.5,33.5,23.0,23.5,23.0,16.95962408588574,22.95,0.111803398879991,23.0,0.21320071635586094,21.63,1.4596267345049558,19.62725,1.6210363139533097,1,1,0,0.5
23.0,23.5,33.5,22.75,23.25,23.0,16.66108257103363,22.95,0.111803398879991,22.979166666666668,0.19824036527495678,21.711,1.419697078928577,19.647750000000002,1.6376329398641796,1,1,0,0.5
23.0,23.5,33.5,22.75,23.25,23.0,16.941516467160238,23.0,1.059502949594052e-06,22.979166666666668,0.19824036527495678,21.791999999999998,1.3737465529844652,19.66825,1.6538076782633968,1,1,0,0.5
23.0,23.5,33.5,22.75,23.25,23.0,14.280816294371743,23.0,1.059502949594052e-06,22.9375,0.1130667542171212,21.872,1.3233831104947729,19.68825,1.6697950518177147,1,1,0,0.5
23.0,23.5,33.5,23.0,23.25,23.0,16.77611817007974,23.0,1.059502949594052e-06,22.9375,0.1130667542171212,21.947,1.2772103689410659,19.7075,1.6856753116424743,1,1,0,0.25
22.75,23.5,33.5,22.5,23.25,23.0,16.634284924602206,22.95,0.111803398879991,22.916666666666668,0.12309149097975129,22.011999999999997,1.2320366413846,19.72475,1.6990833879760066,1,1,0,0.75
23.0,23.5,33.5,23.0,23.25,22.75,16.3898922903808,22.95,0.111803398879991,22.9375,0.1130667542171212,22.08,1.1892803517682444,19.74275,1.7146237518920309,1,1,0,0.25
23.0,23.5,33.5,23.0,23.25,23.0,14.615043178767355,22.95,0.111803398879991,22.958333333333332,0.09731236802072953,22.145,1.147412795139106,19.76075,1.7298362944299603,1,1,0,0.25
23.25,23.5,33.5,23.0,23.5,23.0,14.830089213577597,23.0,0.17677669529981255,22.979166666666668,0.12873216263651982,22.2,1.132767966225245,19.7795,1.7472317660289496,1,1,0,0.5
23.25,23.5,33.5,23.25,23.75,23.25,14.881496688193424,23.05,0.20916500663621312,23.020833333333332,0.12873216263652554,22.265,1.0966205043734127,19.7975,1.7643507069414974,1,1,0,0.5
23.5,23.5,33.5,23.25,24.0,23.25,16.71131204814794,23.2,0.20916500663624354,23.0625,0.18844459036139022,22.325,1.0800250375026517,19.815250000000002,1.7836442671841346,1,1,0,0.75
23.75,23.5,33.5,23.5,24.25,23.5,16.225487192685637,23.35,0.2850438562768061,23.125,0.2717786532525078,22.395,1.0559476834597585,19.83475,1.8052143729098584,1,1,0,0.75
23.75,23.5,33.5,23.5,24.75,23.75,15.729133762494012,23.5,0.2500000000023308,23.1875,0.32201425716619153,22.465,1.0264487024569013,19.85375,1.826307871005877,1,1,0,1.25
24.5,23.5,33.5,23.75,25.0,23.75,15.811638559040532,23.75,0.4677071733480118,23.3125,0.4899559349389844,22.55,1.0151907431108216,19.87625,1.855603611040369,1,1,0,1.25
24.5,23.5,33.5,23.75,25.0,24.5,16.381920463690346,24.0,0.4677071733480351,23.4375,0.5850893482662844,22.64,0.9834860944411585,19.89875,1.8841739556034618,1,1,0,1.25
23.75,23.5,33.5,23.5,24.0,24.5,16.96890452622721,24.05,0.41079191813035143,23.5,0.5740604972871557,22.71,0.9331753996599724,19.9175,1.9037436670277497,1,1,0,0.5
24.0,23.5,33.5,23.75,24.25,23.75,16.362147179228938,24.1,0.3791437722041834,23.583333333333332,0.567423736699322,22.785,0.8806450557890214,19.93775,1.9255065084465097,1,1,0,0.5
23.75,23.5,33.5,23.75,24.5,24.0,16.305636977685925,24.1,0.3791437722041834,23.666666666666668,0.5037736384409233,22.855,0.81141410952903,19.956500000000002,1.9442823662208906,1,1,0,0.75
23.5,23.5,33.5,23.0,24.25,23.75,16.177938885218055,23.9,0.379143772204161,23.708333333333332,0.46261771638717036,22.915,0.741637047486175,19.97275,1.9602635289711914,1,1,0,1.25
23.5,23.5,33.5,23.5,24.0,23.5,14.226759573650243,23.7,0.20916500663634893,23.75,0.41286141192254305,22.965,0.6925441119081898,19.99025,1.976067216905375,1,1,0,0.5
23.75,23.5,33.5,23.75,24.25,23.5,14.610447336036142,23.7,0.20916500663634893,23.791666666666668,0.38188130791315905,23.01,0.6680767400622258,20.0095,1.9938560781312717,1,1,0,0.5
24.25,23.5,33.5,23.5,24.75,23.75,12.785213711379622,23.75,0.30618621784983807,23.875,0.361499402740797,23.06,0.6653984535905838,20.03125,2.0162557809889514,1,1,0,1.25
24.5,23.5,33.5,23.75,25.5,24.25,16.757952860888214,23.9,0.4541475531159462,23.958333333333332,0.38188130791316754,23.12,0.6570652128042332,20.054000000000002,2.0408538463373747,1,1,0,1.75
25.0,23.5,33.5,24.75,25.5,24.5,15.72497913419013,24.2,0.5968668193166934,24.0625,0.47821875937516783,23.2,0.6368769464330427,20.07975,2.07054054008614,1,1,0,0.75
24.75,23.5,33.5,24.0,25.5,25.0,16.26712762395846,24.45,0.4808846015430804,24.145833333333332,0.5051814855410676,23.25,0.6585388898065704,20.10475,2.0965609402975645,1,1,0,1.5
24.25,23.5,33.5,24.25,25.0,24.75,16.47734235508508,24.55,0.32596012026205806,24.125,0.4942855266122279,23.285,0.6643433154749432,20.1275,2.1167360742519827,1,1,0,0.75
24.25,23.5,33.5,24.0,24.75,24.25,14.240059734613505,24.55,0.32596012026205806,24.104166666666668,0.482162898413187,23.325,0.660955554404281,20.15025,2.136477267153765,1,1,0,0.75
24.25,23.5,33.5,24.0,24.75,24.25,15.287225677543937,24.5,0.3535533905950429,24.145833333333332,0.47023124549796846,23.37,0.6453127702350858,20.1715,2.156021776211219,1,1,0,0.75
24.75,23.5,33.5,24.25,25.0,24.25,14.214689952300295,24.45,0.27386127875485855,24.208333333333332,0.4981024599479605,23.42,0.6535616704969501,20.19525,2.1801502731617672,1,1,0,0.75
24.75,23.5,33.5,24.75,25.0,24.75,14.891332099349107,24.45,0.27386127875485855,24.291666666666668,0.4981024599479641,23.47,0.6578412437972561,20.21925,2.2037295790973155,1,1,0,0.25
25.0,23.5,33.5,24.75,25.5,24.75,16.160359900927997,24.6,0.33541019662684535,24.416666666666668,0.4687184332807146,23.515,0.684019482954343,20.244500000000002,2.2294104838560176,1,1,0,0.75
25.25,23.5,33.5,25.0,25.75,25.0,15.982058378380426,24.8,0.370809924356504,24.5625,0.42806382276922306,23.565,0.7175105773236574,20.27125,2.2571797089937147,1,1,0,0.75
26.5,23.5,33.5,25.5,27.0,25.25,16.477405191298114,25.25,0.7288689868565649,24.791666666666668,0.6381198709467881,23.625,0.828771527562244,20.30475,2.2994733802835476,1,1,0,1.5
26.75,23.5,33.5,26.5,27.0,26.5,15.341893112581465,25.65,0.9117291264412635,25.0,0.8257228238448836,23.7,0.9340497736158007,20.337249999999997,2.3441952123205976,1,1,0,0.5
26.75,23.5,33.5,26.25,27.25,26.75,16.41861504625495,26.05,0.8551315688251624,25.1875,0.9482340044909401,23.77,1.026237431253611,20.36725,2.3874967310350375,1,1,0,1.0
26.25,23.5,33.5,25.5,26.75,26.75,16.10125473546065,26.3,0.6224949799005652,25.291666666666668,0.9933490948516673,23.825,1.0835622468769515,20.39225,2.4227050867130733,1,1,0,1.25
25.5,23.5,33.5,25.25,26.5,26.25,16.14423122198325,26.35,0.5184110338345526,25.354166666666668,0.9796702444593249,23.875,1.1022356687150152,20.414749999999998,2.449129665430134,1,1,0,1.25
24.25,23.5,33.5,23.0,25.75,25.5,17.611547933933277,25.9,1.0547511554870996,25.354166666666668,0.9796702444593249,23.905,1.0913505020694438,20.43225,2.463996516161855,1,1,0,2.75
24.0,23.5,33.5,24.0,25.75,24.25,17.803373624613414,25.35,1.206751838615266,25.333333333333332,1.0075472768816955,23.93,1.0785950801568929,20.451,2.476837219735038,1,1,1,1.75
24.75,23.5,33.5,24.25,25.0,24.0,14.46151424285175,24.95,0.9253377761667849,25.375,0.9682458365519611,23.96,1.0801549397551389,20.471,2.4953442074325745,1,1,0,0.75
24.75,23.5,33.5,24.5,25.5,24.75,17.40319030047939,24.65,0.5755432216621668,25.375,0.9682458365519611,23.995,1.076760542231186,20.491,2.513555011128523,1,1,0,1.0
25.25,23.5,33.5,25.0,26.0,24.75,15.713819985183076,24.6,0.4873397172417429,25.416666666666668,0.9494815172057643,24.03,1.0887176504718075,20.516,2.5359117179439603,1,1,0,1.0
25.75,23.5,33.5,25.5,26.25,25.25,14.399233979060591,24.9,0.6519202405212522,25.479166666666668,0.9442308879173469,24.085,1.1049632923997479,20.543499999999998,2.562692865643003,1,1,0,0.75
26.0,23.5,33.5,25.75,26.5,25.75,16.81072274629739,25.3,0.5700877125507279,25.541666666666668,0.9524688812224701,24.145,1.1260935727965702,20.570999999999998,2.591570990925095,1,1,0,0.75
26.0,23.5,33.5,25.75,27.0,26.0,16.504248879334018,25.55,0.5419870847182089,25.5,0.9170109546288439,24.21,1.1376667852607714,20.598499999999998,2.619840754299562,1,1,0,1.25
25.25,23.5,33.5,25.0,26.0,26.0,16.163136031563912,25.65,0.3791437722043601,25.375,0.8291561975889745,24.26,1.1270785786487296,20.62475,2.6400376762766573,1,1,0,1.0
25.25,23.5,33.5,25.25,25.5,25.25,15.805711102534191,25.65,0.3791437722043601,25.25,0.7071067811866893,24.305,1.1206434922554775,20.65125,2.659757033052797,1,1,0,0.25
25.25,23.5,33.5,25.0,25.5,25.25,15.983363652180294,25.55,0.4107919181305094,25.166666666666668,0.633652232313079,24.355,1.1055172397329653,20.67775,2.6790678341166427,1,1,0,0.5
24.25,23.5,33.5,24.0,25.0,25.25,15.116546822381816,25.2,0.6224949799004917,25.0625,0.6752524780340319,24.38,1.0882489211047115,20.699,2.690495835193844,1,1,0,1.0
25.0,23.5,33.5,24.75,25.5,24.25,16.33118086638703,25.0,0.4330127018937169,25.125,0.6261353324526968,24.42,1.0731414879041237,20.72425,2.7070769782795425,1,1,0,0.75
25.25,23.5,33.5,25.0,25.5,25.0,15.803891763945856,25.0,0.4330127018937169,25.229166666666668,0.5163060814063388,24.465,1.0594689659427348,20.750999999999998,2.725263160959295,1,1,0,0.5
25.75,23.5,33.5,25.25,26.5,25.25,15.143036651300905,25.1,0.5477225575063577,25.3125,0.5126247076656505,24.52,1.053226335734898,20.780500000000004,2.7473047093157654,1,1,0,1.25
25.75,23.5,33.5,25.5,26.0,25.75,14.77397954821692,25.2,0.6224949799004917,25.395833333333332,0.4938063354898383,24.575,1.043993998731601,20.81025,2.7687655645171034,1,1,0,0.5
25.75,23.5,33.5,25.75,26.0,25.75,15.755747645593454,25.5,0.35355339059516716,25.4375,0.5014184425663477,24.63,1.0316916957608413,20.839499999999997,2.789920794610563,1,1,0,0.25
26.0,23.5,33.5,25.75,26.25,25.75,16.56156926343251,25.7,0.27386127875505867,25.458333333333332,0.5204164998667329,24.69,1.0221525905495634,20.86975,2.812931809397632,1,1,0,0.5
25.75,23.5,33.5,25.75,26.0,26.0,15.749998723817113,25.8,0.11180339888109071,25.4375,0.5014184425663477,24.75,0.9936019816601701,20.89875,2.8332263934394364,1,1,0,0.25
25.25,23.5,33.5,24.75,26.0,25.75,15.369647365985065,25.7,0.27386127875505867,25.375,0.470734435845854,24.795,0.9632136898138072,20.925500000000003,2.848961681615954,1,1,0,1.25
24.75,23.5,33.5,24.5,25.0,25.25,16.327367513736295,25.5,0.5000000000013386,25.333333333333332,0.5037736384409996,24.83,0.9278018789215949,20.95025,2.8606123386891706,1,1,0,0.5
24.5,23.5,33.5,24.5,25.0,24.75,15.643939572215126,25.25,0.6373774392001311,25.270833333333332,0.5585933361146711,24.855,0.9008074609107551,20.97425,2.8701897819519755,1,1,0,0.5
25.0,23.5,33.5,24.75,25.25,24.5,14.259876456260953,25.05,0.4808846015431347,25.25,0.5640760748179453,24.89,0.8706671146251147,21.0025,2.8819039892082614,1,1,0,0.5
24.75,23.5,33.5,24.75,25.0,25.0,14.930619689040396,24.85,0.28504385627703366,25.291666666666668,0.49810245994801516,24.915,0.8475805903527301,21.03125,2.890494895550837,0,1,0,0.25
24.75,23.5,33.5,24.5,25.0,24.75,15.438062306938132,24.75,0.17677669530023946,25.270833333333332,0.5163060814063422,24.935,0.8311689579950146,21.0605,2.898407941088389,0,1,0,0.5
25.0,23.5,33.5,24.75,25.25,24.75,16.065180094045772,24.8,0.20916500663657392,25.25,0.5222329678672869,24.96,0.8134080483134204,21.090999999999998,2.9076392192198015,0,1,0,0.5
25.0,23.5,33.5,24.75,25.5,25.0,13.979499256821699,24.9,0.13693063938098946,25.1875,0.5014184425663406,24.97,0.8107064190932538,21.122249999999998,2.9159270550635643,0,1,0,0.75
25.0,23.5,33.5,24.75,25.25,25.0,16.188759219386927,24.9,0.13693063938098946,25.125,0.47073443584584646,24.98,0.807869458034101,21.153499999999998,2.9238557440577853,0,1,0,0.5
24.75,23.5,33.5,24.75,25.25,25.0,15.62921105275884,24.9,0.13693063938098946,25.041666666666668,0.437364697692983,25.0,0.7889543583704056,21.18225,2.9308354473762925,0,1,0,0.5
24.75,23.5,33.5,24.75,25.25,24.75,16.296702065148303,24.9,0.13693063938098946,24.9375,0.32201425716631604,25.015,0.7765865918838019,21.211,2.937515786336182,0,1,0,0.5
24.75,23.5,33.5,24.5,25.25,24.75,13.7655858003871,24.85,0.13693063938097397,24.854166666666668,0.19824036527516906,25.035,0.7559458192439941,21.23975,2.9438987989043297,0,1,0,0.75
24.5,23.5,33.5,24.25,25.0,24.75,16.656090875581345,24.75,0.17677669530023946,24.791666666666668,0.17943514064184266,25.055,0.727187060121385,21.265,2.9501213670629567,0,1,0,0.75
24.25,23.5,33.5,24.0,24.5,24.5,16.401521252476833,24.6,0.2236067977527982,24.75,0.23836564731179063,25.07,0.7017470909035931,21.28875,2.9549568163395477,0,1,0,0.5
24.0,23.5,33.5,24.0,24.5,24.25,14.909144140082317,24.45,0.32596012026204707,24.708333333333332,0.31682611615675604,25.075,0.6929859968545926,21.3125,2.957575869715775,0,1,0,0.5
24.25,23.5,33.5,23.75,25.0,24.0,16.9685158175846,24.35,0.2850438562769593,24.645833333333332,0.3278430426381592,25.075,0.6929859968545926,21.3385,2.960441490571106,0,1,0,1.25
24.75,23.5,33.5,24.25,25.25,24.25,14.10833016067822,24.35,0.2850438562769593,24.645833333333332,0.3278430426381592,25.08,0.6896464637028004,21.366750000000003,2.9659257433514363,0,1,0,1.0
25.25,23.5,33.5,25.0,25.5,24.75,14.417365027872803,24.5,0.5000000000012529,24.6875,0.3711927947970934,25.085,0.6899608092980104,21.398000000000003,2.9737792140758774,0,1,0,0.5
25.25,23.5,33.5,25.0,25.5,25.25,14.529636634529346,24.7,0.5700877125506827,24.708333333333332,0.3964807305496151,25.095,0.6886284801497013,21.429499999999997,2.9810759499038038,0,1,0,0.5
25.5,23.5,33.5,25.0,26.25,25.25,15.022678552229747,25.0,0.5000000000012953,24.75,0.45226701686685306,25.12,0.6799609832742814,21.463,2.989013551332553,0,1,0,1.25
25.75,23.5,33.5,25.5,26.25,25.5,16.34050301135048,25.3,0.3708099243565648,24.8125,0.5343326338869383,25.15,0.6738557951467643,21.49875,2.997345716499932,1,1,0,0.75
25.25,23.5,33.5,25.0,26.0,25.75,16.757557256856103,25.4,0.22360679775295292,24.854166666666668,0.5483273463799421,25.17,0.6613221142343014,21.5325,3.001409844602327,1,1,0,1.0
25.5,23.5,33.5,25.0,26.0,25.25,15.423507632890365,25.45,0.20916500663670823,24.916666666666668,0.5773502691897916,25.185,0.6601058975029561,21.569000000000003,3.0050650709096787,1,1,0,1.0
25.0,23.5,33.5,24.75,25.75,25.5,15.538884292788925,25.4,0.28504385627711737,24.9375,0.5752963663114004,25.19,0.6576861108522659,21.604,3.0040523719245824,1,1,0,1.0
24.5,23.5,33.5,24.25,25.0,25.0,17.370172698549435,25.2,0.48088460154314905,24.9375,0.5752963663114004,25.18,0.6644009116703464,21.636750000000003,2.9997172291356473,1,1,0,0.75
24.75,23.5,33.5,24.5,25.25,24.5,16.54510050415051,25.0,0.39528470752268713,24.979166666666668,0.5378654501122329,25.17,0.667083203206179,21.670749999999998,2.9962551060955063,0,1,0,0.75
24.75,23.5,33.5,24.5,25.0,24.75,14.964277476320607,24.9,0.3791437722042757,25.041666666666668,0.45016831868947454,25.135,0.6412877669188906,21.70475,2.992400750023815,0,1,0,0.5
24.5,23.5,33.5,24.5,25.0,24.75,15.898084812570938,24.7,0.2091650066365568,25.0625,0.4145780987946582,25.09,0.6034763238679759,21.7375,2.9869386943522067,0,1,0,0.5
24.5,23.5,33.5,24.0,24.75,24.5,17.067503932592288,24.6,0.13693063938090136,25.041666666666668,0.43736469769298014,25.045,0.5594503497875127,21.76975,2.9817404848669917,0,1,0,0.75
24.5,23.5,33.5,24.5,25.5,24.5,16.30559552708397,24.6,0.13693063938090136,24.979166666666668,0.45798885126057404,25.01,0.5368084065157165,21.8015,2.976806955151874,0,1,0,1.0
25.0,23.5,33.5,24.5,25.25,24.5,16.114499291804204,24.65,0.22360679775281128,24.958333333333332,0.4501683186894733,25.0,0.5321308723480935,21.835749999999997,2.973988479277237,0,1,0,0.75
25.25,23.5,33.5,25.0,25.75,25.0,15.669884980709371,24.75,0.3535533905950775,24.9375,0.42806382276925514,25.02,0.5220641918461592,21.871,2.972458840385902,0,1,0,0.75
25.5,23.5,33.5,25.25,26.0,25.25,14.847377804026937,24.95,0.4472135955014028,24.916666666666668,0.3892494720810075,25.05,0.5050762722759263,21.9075,2.9719744126669556,0,1,0,0.75
25.75,23.5,33.5,25.5,26.0,25.5,15.191300187079074,25.2,0.48088460154314905,24.958333333333332,0.45016831868947327,25.07,0.5126959555691476,21.94525,2.9725950859855574,1,1,0,0.5
26.75,23.5,33.5,25.75,27.25,25.75,15.768467392141575,25.65,0.6754628043063149,25.0625,0.6752524780340334,25.11,0.5627918743881866,21.987750000000002,2.9802511508444893,1,1,1,1.5
28.0,23.5,33.5,26.75,28.5,26.75,16.616668576055297,26.25,1.1319231422677967,25.3125,1.0825317547306397,25.165,0.6954847083808907,22.035999999999998,2.9991169554657517,1,1,1,1.75
26.5,23.5,33.5,26.0,28.5,28.0,16.60910222849334,26.5,0.9842509842522001,25.479166666666668,1.0998880797058344,25.18,0.7161404491138301,22.07675,3.0041465376371597,1,1,1,2.5
26.75,23.5,33.5,26.5,28.0,26.5,15.4661481855732,26.75,0.8100925873018753,25.645833333333332,1.1304581398976292,25.195,0.7410864886592418,22.118000000000002,3.0114189713663007,1,1,1,1.5
27.5,23.5,33.5,26.75,28.0,26.75,15.59590586568479,27.1,0.6274950199017333,25.875,1.2083986398235793,25.225,0.8021813373290343,22.162750000000003,3.0246017948793322,1,1,0,1.25
27.5,23.5,33.5,27.5,28.0,27.5,16.239879649854,27.25,0.6123724356970107,26.125,1.2083986398235802,25.27,0.8643152297202357,22.2075,3.0370647939768105,1,1,0,0.5
27.5,23.5,33.5,27.0,28.0,27.5,15.77381514902255,27.15,0.4873397172419673,26.375,1.1505927326225573,25.315,0.9200293917220607,22.25175,3.0494186673105492,1,1,0,1.0
27.5,23.5,33.5,27.0,27.75,27.5,16.368838882804265,27.35,0.3354101966272009,26.625,1.0252494153310074,25.36,0.9704301591960968,22.29475,3.0625243204858257,1,1,0,0.75
27.5,23.5,33.5,27.5,28.25,27.5,16.573816578796603,27.5,1.2289619207689322e-06,26.833333333333332,0.912870929175392,25.425,1.0028657915784027,22.339000000000002,3.0735136948060164,1,1,0,0.75
27.25,23.5,33.5,27.0,27.75,27.5,15.695525227535095,27.45,0.11180339888172529,27.0,0.7687061147859443,25.47,1.0334211066517258,22.383249999999997,3.080218444498453,1,1,0,0.75
27.25,23.5,33.5,26.75,27.75,27.25,16.75888586637033,27.4,0.13693063938177594,27.145833333333332,0.6073258573203576,25.51,1.0630145812733742,22.42725,3.086596886409902,1,1,0,1.0
27.75,23.5,33.5,27.0,28.25,27.25,16.47035693903214,27.45,0.2091650066371192,27.3125,0.4411374759952774,25.55,1.1088696211613427,22.47375,3.0964152457916847,1,1,0,1.25
27.75,23.5,33.5,27.75,28.25,27.75,15.93022283439404,27.5,0.25000000000302103,27.395833333333332,0.41912155610048346,25.59,1.151485287507723,22.52075,3.104836062074957,1,1,0,0.5
27.75,23.5,33.5,27.75,28.25,27.75,15.590886717361528,27.55,0.2738612787553487,27.375,0.3916747259005903,25.63,1.1912092980818016,22.568,3.1121783803882606,1,1,0,0.5
27.5,23.5,33.5,27.5,28.0,27.75,17.056257496785296,27.6,0.2236067977533759,27.458333333333332,0.2786602145117375,25.66,1.2192754623386086,22.6145,3.1160614475203996,1,1,0,0.5
27.0,23.5,33.5,26.75,27.75,27.5,16.763821033209098,27.55,0.32596012026245597,27.479166666666668,0.22508415934510223,25.685,1.2338859306255667,22.6585,3.115543420339285,1,1,0,1.0
26.5,23.5,33.5,24.5,27.5,27.0,16.289524850831846,27.3,0.5419870847183476,27.395833333333332,0.36084391824380874,25.71,1.2375502463515167,22.70075,3.1100238228012445,1,1,0,3.0
26.25,23.5,33.5,26.0,27.0,26.5,15.826137917548401,27.0,0.637377439200249,27.291666666666668,0.48656184010116665,25.74,1.2319720378485126,22.741999999999997,3.1020638291304232,1,1,0,1.0
26.0,23.5,33.5,25.75,26.5,26.25,16.985595260662585,26.65,0.6020797289408082,27.166666666666668,0.6061552956334284,25.77,1.219359149181929,22.781999999999996,3.0921729686970956,1,1,0,0.75
26.0,23.5,33.5,25.75,26.75,26.0,17.026838005378224,26.35,0.41833001326872515,27.041666666666668,0.6811865761414823,25.79,1.2146638066827815,22.822,3.0817286149628274,1,1,0,1.0
26.5,23.5,33.5,26.25,27.0,26.0,16.262230712944117,26.25,0.25000000000280664,26.958333333333332,0.6811865761414809,25.825,1.2092859252382748,22.8645,3.0734950151317144,1,1,0,0.75
26.25,23.5,33.5,26.25,26.75,26.5,15.703277085332653,26.2,0.20916500663686297,26.875,0.7030776499209618,25.855,1.2006482092806274,22.905500000000004,3.063625098427986,1,1,0,0.5
26.25,23.5,33.5,26.0,26.5,26.25,15.838765404708857,26.2,0.20916500663686297,26.791666666666668,0.7137714599014845,25.88,1.1954847023150001,22.9475,3.051524662167813,1,1,0,0.5
26.25,23.5,33.5,26.0,26.5,26.25,16.209014475588116,26.25,0.17677669530060544,26.666666666666668,0.6600045913524077,25.905,1.1897628815379604,22.99,3.0379343683052045,1,1,0,0.5
26.75,23.5,33.5,26.25,27.5,26.25,15.106450013279646,26.4,0.22360679775314507,26.583333333333332,0.567423736699386,25.94,1.1883361717723873,23.0385,3.0200032862971384,1,1,0,1.25
26.75,23.5,33.5,26.75,27.0,26.75,15.177717379650105,26.45,0.27386127875517574,26.5,0.43952453649598955,25.98,1.181101181101685,23.087249999999997,3.0006699314799223,1,1,0,0.25
26.75,23.5,33.5,26.75,27.0,26.75,15.937520687980973,26.55,0.27386127875519123,26.4375,0.3220142571663213,26.02,1.1724298856368718,23.1365,2.9793666909926113,1,1,0,0.25
27.0,23.5,33.5,26.75,27.75,26.75,15.932308214937825,26.7,0.2738612787552145,26.4375,0.3220142571663213,26.065,1.1658512699625383,23.1875,2.9575758697157544,1,1,0,1.0
28.0,23.5,33.5,27.0,28.5,27.0,16.216890751366815,27.05,0.5419870847183271,26.5625,0.5551924318322733,26.135,1.1750054276903716,23.2445,2.939779971597586,1,1,0,1.5
28.0,23.5,33.5,27.5,28.25,28.0,15.743184141379889,27.3,0.6471089552783925,26.708333333333332,0.6811865761414783,26.21,1.1719075675745791,23.3035,2.9160037964143295,1,1,0,0.75
27.75,23.5,33.5,27.75,28.25,28.0,16.837368611755046,27.5,0.5863019699792164,26.854166666666668,0.7027408462370016,26.285,1.147323860475374,23.36225,2.886332798312129,1,1,0,0.5
27.75,23.5,33.5,27.75,28.0,27.75,16.37433357226471,27.7,0.4107919181307335,27.0,0.6908492797079034,26.355,1.127225689514672,23.4165,2.866156312912732,1,1,0,0.25
27.75,23.5,33.5,27.75,28.25,27.75,16.22601697494585,27.85,0.13693063938191388,27.104166666666668,0.7027408462370031,26.415,1.1198692525723384,23.4685,2.8498360615812093,1,1,0,0.5
28.25,23.5,33.5,27.75,28.5,27.75,14.84395106621959,27.9,0.2236067977534313,27.270833333333332,0.718729413407558,26.475,1.1364216126211417,23.5185,2.845539178447496,1,1,0,0.75
28.75,23.5,33.5,28.25,29.25,28.25,15.137533295659564,28.05,0.4472135955016986,27.479166666666668,0.7572252977254222,26.545,1.1668136447747066,23.573,2.8408047907759744,1,1,0,1.0
29.0,23.5,33.5,28.5,29.5,28.75,15.802782121740888,28.3,0.5700877125509534,27.708333333333332,0.7674732252758746,26.615,1.207132290739801,23.63025,2.83418160397686,1,1,0,1.0
29.0,23.5,33.5,28.5,29.5,29.0,16.14788753283081,28.55,0.541987084718446,27.895833333333332,0.7866668271701166,26.68,1.2464643875328065,23.68575,2.830085041870711,1,1,0,1.0
29.25,23.5,33.5,29.0,29.5,29.0,16.05554991623562,28.85,0.3791437722047215,28.104166666666668,0.7866668271701156,26.76,1.2807045254985363,23.74225,2.8277967767419208,1,1,0,0.5
29.25,23.5,33.5,29.25,29.75,29.25,15.701064058223746,29.05,0.20916500663744603,28.3125,0.7239804743727031,26.835,1.3147611717628744,23.798000000000002,2.8259113351927887,1,1,0,0.5
29.25,23.5,33.5,29.0,29.75,29.25,15.993416504192593,29.15,0.13693063938232164,28.5,0.6396021490669828,26.92,1.3309885845658758,23.85375,2.8229183084852343,1,1,0,0.75
29.5,23.5,33.5,29.25,29.75,29.25,16.646627647590094,29.25,0.17677669530133214,28.625,0.6784005253001095,27.02,1.3332865638054945,23.909499999999998,2.8237790975851884,1,1,0,0.5
29.5,23.5,33.5,29.5,29.75,29.5,15.696562287100809,29.35,0.13693063938238462,28.75,0.6908492797078948,27.115,1.3374606612562236,23.96475,2.8245237847382314,1,1,0,0.25
29.75,23.5,33.5,29.5,30.0,29.5,15.701610191228896,29.45,0.2091650066375278,28.916666666666668,0.6685579234216618,27.215,1.3439300425183756,24.02,2.829093290123237,1,1,0,0.5
30.0,23.5,33.5,29.5,30.5,29.75,17.080288609493234,29.6,0.28504385627774853,29.104166666666668,0.6257571171765891,27.325,1.3422586052117802,24.076999999999998,2.8341813491019243,1,1,0,1.0
29.75,23.5,33.5,29.5,30.0,30.0,15.189403589486089,29.7,0.2091650066375785,29.270833333333332,0.48216289841322757,27.43,1.3219497041899622,24.1355,2.8298995400957936,1,1,0,0.5
29.5,23.5,33.5,29.25,30.0,29.75,16.7060601333833,29.7,0.2091650066375785,29.375,0.36149940274086295,27.53,1.2843643707042238,24.19325,2.8208737264190353,1,1,0,0.75
29.5,23.5,33.5,29.5,30.0,29.5,16.000730140626107,29.7,0.2091650066375785,29.4375,0.3038577717530471,27.62,1.2609115588269604,24.250749999999996,2.8111876167524135,1,1,0,0.5
29.75,23.5,33.5,29.5,30.0,29.5,15.63168634145323,29.7,0.2091650066375785,29.5,0.2820380374092032,27.71,1.2488361929150091,24.30725,2.807569620395197,1,1,0,0.5
29.75,23.5,33.5,29.75,30.25,29.75,14.923148988177909,29.65,0.13693063938247751,29.5625,0.24132682479122766,27.795,1.2399493900138332,24.3645,2.8011913743221974,1,1,0,0.5
29.75,23.5,33.5,29.75,30.0,29.75,15.224104671065724,29.65,0.13693063938247751,29.604166666666668,0.2250841593450276,27.875,1.2343406899131486,24.421750000000003,2.793619693598522,1,1,0,0.25
29.5,23.5,33.5,28.75,30.0,29.75,17.55580769747888,29.65,0.13693063938247751,29.625,0.19943100880481462,27.93,1.2444160994503346,24.47625,2.7857856063815825,1,1,0,1.25
28.5,23.5,33.5,28.0,29.25,29.5,16.84475018717557,29.45,0.5419870847185175,29.5625,0.3711927947970841,27.94,1.2469963913338948,24.5255,2.7692859137981745,1,1,0,1.25
29.25,23.5,33.5,28.5,29.5,28.5,16.46691992890405,29.35,0.5184110338348028,29.541666666666668,0.3818813079132217,27.995,1.242826354298351,24.576,2.762850105148081,1,1,0,1.0
29.0,23.5,33.5,29.0,29.5,29.25,16.367670867687245,29.2,0.48088460154350576,29.5,0.4128614119226031,28.04,1.2375502463514976,24.62475,2.7544071469474063,1,1,0,0.5
29.0,23.5,33.5,29.0,29.5,29.25,16.367670867687245,29.05,0.3708099243569996,29.4375,0.42806382276924154,28.07,1.242364434356866,24.6725,2.747016426276029,1,1,0,0.5
28.5,23.5,33.5,28.25,29.0,28.25,15.741815634493893,28.85,0.3354101966273933,29.3125,0.4661861703812402,28.09,1.2410495887080446,24.717,2.7364992491690336,1,1,0,0.75
28.75,23.5,33.5,28.75,29.0,28.5,14.94209495384568,28.9,0.28504385627764534,29.229166666666668,0.47023124549800627,28.115,1.2415119978542613,24.765,2.722519155628291,1,1,0,0.25
28.75,23.5,33.5,28.75,29.25,28.75,14.81179513477974,28.8,0.2091650066373973,29.166666666666668,0.4806876387642902,28.14,1.2414606275656392,24.813000000000002,2.707611827615692,1,1,0,0.5
29.25,23.5,33.5,29.0,29.75,28.75,15.369414830016517,28.85,0.2850438562776379,29.145833333333332,0.47023124549800727,28.175,1.2477019692544304,24.8635,2.695621379777719,1,1,0,0.75
29.25,23.5,33.5,29.25,30.0,29.25,15.317140740530808,28.9,0.3354101966273996,29.104166666666668,0.4324656230866198,28.215,1.2494998999598799,24.914250000000003,2.682079827017014,1,1,0,0.75
29.75,23.5,33.5,29.25,30.5,29.25,15.984221456726896,29.15,0.4183300132690122,29.104166666666668,0.4324656230866198,28.265,1.2600716694873533,24.9675,2.6717663496523842,1,1,0,1.25
29.75,23.5,33.5,29.0,30.25,29.75,16.530741647992034,29.35,0.4183300132690325,29.104166666666668,0.4324656230866198,28.305,1.2750450172123782,25.0215,2.658642444602198,1,1,0,1.25
29.5,23.5,33.5,29.5,30.0,29.75,15.632840465762825,29.5,0.2500000000033634,29.104166666666668,0.4324656230866198,28.34,1.2834901397265408,25.074250000000003,2.6421828263651324,1,1,0,0.5
29.5,23.5,33.5,29.25,30.0,29.5,15.424308465639013,29.55,0.20916500663754942,29.1875,0.4006386946321419,28.375,1.2909121122804592,25.12675,2.6251435830554923,1,1,0,0.75
29.5,23.5,33.5,29.25,29.75,29.5,16.49051408325959,29.6,0.13693063938246405,29.208333333333332,0.4105613304498963,28.415,1.2942277659685038,25.178,2.6098462574328627,1,1,0,0.5
29.5,23.5,33.5,29.25,30.0,29.5,15.815719615733968,29.55,0.11180339888253014,29.25,0.41286141192260645,28.465,1.2867158797115164,25.228,2.5962750665337175,1,1,0,0.75
29.75,23.5,33.5,29.5,30.0,29.5,16.20769875817847,29.55,0.11180339888253014,29.3125,0.42806382276924376,28.53,1.267369121367432,25.27875,2.5848876490653487,1,1,0,0.5
29.5,23.5,33.5,29.25,30.0,29.75,16.540352387262892,29.55,0.11180339888253014,29.395833333333332,0.3447385922258755,28.595,1.230863725277424,25.3275,2.5720020846836844,1,1,0,0.75
29.25,23.5,33.5,29.0,30.5,29.5,15.628803345520906,29.5,0.17677669530139367,29.4375,0.2845450914900667,28.66,1.1756023206536577,25.37125,2.5638795465358455,1,1,0,1.5
29.25,23.5,33.5,29.0,29.75,29.25,15.287799341650889,29.45,0.20916500663752913,29.479166666666668,0.19824036527514644,28.725,1.113747580679357,25.4175,2.5498928443342597,1,1,0,0.75
29.25,23.5,33.5,29.25,29.75,29.25,15.836249980197659,29.4,0.2236067977537208,29.479166666666668,0.19824036527514644,28.78,1.0686153543300487,25.46125,2.540142230319077,1,1,0,0.5
29.25,23.5,33.5,29.25,29.75,29.25,15.577721229900735,29.3,0.11180339888243532,29.479166666666668,0.19824036527514644,28.84,1.0060531085099766,25.50625,2.5270443612087035,1,1,0,0.5
29.5,23.5,33.5,29.25,29.75,29.25,16.16050368305576,29.3,0.11180339888243532,29.458333333333332,0.1794351406418235,28.905,0.9379879682443463,25.5525,2.5149789952865973,1,1,0,0.5
29.25,23.5,33.5,29.0,29.75,29.5,16.742567820222696,29.3,0.11180339888243532,29.416666666666668,0.16283473682029048,28.965,0.857157737965906,25.5975,2.5000992442610936,1,1,0,0.75
29.25,23.5,33.5,29.25,29.75,29.25,15.632629246819144,29.3,0.11180339888243532,29.395833333333332,0.16713948085592456,29.015,0.7960521211526052,25.64375,2.4815193185102977,1,1,0,0.5
29.75,23.5,33.5,29.5,30.0,29.25,15.356969584654077,29.4,0.2236067977537208,29.416666666666668,0.19462473604084754,29.075,0.732360594800164,25.69125,2.4686447643111626,1,1,0,0.5
29.75,23.5,33.5,29.5,30.0,29.75,15.605986036562385,29.5,0.250000000003364,29.4375,0.21650635094652892,29.135,0.6570069735284609,25.73875,2.4547791429582055,1,1,0,0.5
29.5,23.5,33.5,29.5,30.0,29.75,16.11419816562012,29.5,0.250000000003364,29.4375,0.21650635094652892,29.185,0.5820661649742951,25.785,2.437927903427552,1,1,0,0.5
29.5,23.5,33.5,29.5,29.75,29.5,15.2224652666684,29.55,0.20916500663755005,29.416666666666668,0.19462473604084757,29.215,0.5578978401102832,25.83,2.422901620228447,1,1,0,0.25
30.0,23.5,33.5,29.5,30.75,29.5,16.21843869010706,29.7,0.20916500663758048,29.458333333333332,0.25746432527257096,29.255,0.5404316113351716,25.875,2.416312860371164,1,1,0,1.25
30.75,23.5,33.5,30.5,31.25,30.0,15.559584427766593,29.9,0.518411033834848,29.583333333333332,0.4438126822995009,29.315,0.536451873185856,25.92125,2.4206733017215347,1,1,0,0.75
31.25,23.5,33.5,31.0,31.75,30.75,16.705332220141084,30.2,0.7786205751209898,29.75,0.6396021490669717,29.385,0.5560658087611419,25.96875,2.431593959405266,1,1,1,0.75
31.75,23.5,33.5,31.0,32.25,31.25,16.41662129381987,30.65,0.911729126441499,29.958333333333332,0.838243112200567,29.465,0.6018890330974442,26.02,2.4449157583290515,1,1,1,1.25
31.75,23.5,33.5,31.75,32.25,31.75,15.935158024432372,31.1,0.7416198487107913,30.166666666666668,0.9494815172057461,29.535,0.6585582583124638,26.07375,2.4521549209380087,1,1,1,0.5
31.5,23.5,33.5,31.25,31.75,31.75,15.280431470635648,31.4,0.4183300132692401,30.333333333333332,0.9962049198957076,29.59,0.7048664658597295,26.12,2.4668607601665182,1,1,0,0.5
31.25,23.5,33.5,31.0,31.75,31.5,15.366768570313067,31.5,0.2500000000037017,30.5,0.9653072991635097,29.635,0.7374978381149303,26.16375,2.4798937077033396,1,1,0,0.75
30.75,23.5,33.5,30.5,31.25,31.25,15.28483569648903,31.4,0.4183300132692401,30.625,0.88227495199017,29.67,0.7481951071525742,26.20625,2.4853133301950696,1,1,0,0.75
31.0,23.5,33.5,30.5,31.5,30.75,16.273380059301036,31.25,0.3952847075233619,30.729166666666668,0.8424688646347425,29.705,0.7687951081836114,26.25125,2.4902444709555525,1,1,0,1.0
31.25,23.5,33.5,31.0,31.75,31.0,16.043512288901645,31.15,0.28504385627797874,30.854166666666668,0.7938566201358374,29.745,0.7961802944209261,26.29625,2.4988788315106305,1,1,0,0.75
32.0,23.5,33.5,31.25,32.75,31.25,16.418207724862153,31.25,0.46770717334869893,31.0625,0.7317864194124686,29.8,0.8541614816499248,26.345,2.5146005806889242,1,1,0,1.5
32.75,23.5,33.5,32.5,33.5,32.0,15.945657214838187,31.55,0.817771361690941,31.333333333333332,0.7017294652673445,29.865,0.9492343853690962,26.395,2.542028628426076,1,1,0,1.0
32.25,23.5,33.5,32.0,33.0,32.75,15.578064500874829,31.85,0.7202430145457028,31.520833333333332,0.6073258573203043,29.92,1.005647319198904,26.4425,2.5622537876566533,1,1,0,1.0
31.75,23.5,33.5,31.5,32.25,32.25,14.482006221031847,32.0,0.5590169943766417,31.604166666666668,0.5585933361146179,29.96,1.0380023986444022,26.48375,2.5809844714193066,1,1,0,0.75
31.75,23.5,33.5,31.75,32.25,31.75,14.577717741091163,32.1,0.4183300132693124,31.645833333333332,0.5483273463798983,29.995,1.068436297796305,26.5275,2.5957529576376253,1,1,0,0.5
32.0,23.5,33.5,31.75,32.5,31.75,15.624717104580103,32.1,0.4183300132693124,31.666666666666668,0.5573204290228398,30.04,1.1046746681483524,26.57125,2.6139096302809386,1,1,0,0.75
31.5,23.5,33.5,31.25,32.0,32.0,15.318810096731879,31.85,0.2850438562780853,31.645833333333332,0.5585933361146168,30.08,1.1208142084197585,26.61125,2.6278487174699756,1,1,0,0.75
31.0,23.5,33.5,31.0,32.0,31.5,14.900767729400181,31.6,0.37914377220503104,31.604166666666668,0.588317451927586,30.11,1.1250396818397013,26.65125,2.6334838376406684,1,1,0,1.0
30.5,23.5,33.5,30.25,31.25,31.0,15.626876720261972,31.35,0.602079728941142,31.541666666666668,0.6642950239073176,30.125,1.1251417144301026,26.69,2.632809035438094,1,1,0,1.0
29.75,23.5,33.5,29.5,30.5,30.5,16.2845842757792,30.95,0.8732124598296829,31.458333333333332,0.8176555546565762,30.125,1.1251417144301026,26.725,2.626689453939355,1,1,0,1.0
29.5,23.5,33.5,29.25,30.0,29.75,16.83262758893921,30.45,0.8366600265351297,31.333333333333332,0.9904850357581163,30.12,1.1273954089683689,26.75625,2.622314072143888,1,1,0,0.75
29.25,23.5,33.5,29.0,29.75,29.5,16.942398322672855,30.0,0.7288689868568463,31.166666666666668,1.159610697474426,30.115,1.1307506085672476,26.7875,2.614555075190627,0,1,0,0.75
29.0,23.5,33.5,28.75,29.5,29.25,16.54472200550523,29.6,0.575543221662536,30.916666666666668,1.2806840028483517,30.125,1.1183191651320883,26.815,2.6087213602984556,0,1,0,0.75
28.5,23.5,33.5,28.25,29.75,29.0,16.36667308152029,29.2,0.48088460154350676,30.5625,1.3147977722137933,30.11,1.1351975464153565,26.8425,2.5972673598789364,0,1,0,1.5
28.25,23.5,33.5,28.0,29.0,28.5,16.663855950543415,28.9,0.5184110338347672,30.229166666666668,1.3545308368136069,30.095,1.1549472114448265,26.86875,2.584736981555014,0,1,0,1.0
28.5,23.5,33.5,28.25,29.0,28.25,16.941880710717516,28.7,0.4107919181308406,29.958333333333332,1.347697250419422,30.085,1.166726188957671,26.8975,2.5706340750362977,0,1,0,0.75
28.25,23.5,33.5,28.0,28.75,28.5,16.21368770012465,28.5,0.3061862178505073,29.666666666666668,1.302677894557937,30.08,1.174169267775071,26.925,2.555415964919972,0,1,0,0.75
28.25,23.5,33.5,28.25,28.5,28.25,15.99795996248333,28.35,0.1369306393820803,29.354166666666668,1.1304581398976352,30.07,1.1877778944442028,26.95125,2.541823216476339,0,1,0,0.25
28.25,23.5,33.5,28.25,28.5,28.25,16.11405760902985,28.3,0.11180339888206015,29.083333333333332,0.9434784126580439,30.06,1.201147410620573,26.97875,2.525843495611047,0,1,0,0.25
27.25,23.5,33.5,27.0,28.25,28.25,16.72378231731798,28.1,0.48733971724205283,28.770833333333332,0.8690272339423973,30.02,1.260506862742167,27.0,2.5100301305523067,0,1,0,1.25
27.0,23.5,33.5,26.75,27.75,27.25,17.11492623460171,27.8,0.6224949799006722,28.479166666666668,0.8219871524471244,29.975,1.3269671573684052,27.02,2.4938819611561267,0,1,0,1.0
28.5,23.5,33.5,28.0,29.0,27.0,17.447629192716512,27.85,0.6754628043064566,28.375,0.7190587281618326,29.95,1.3429711197829688,27.0475,2.4796141193547725,0,1,0,1.0
28.5,23.5,33.5,28.25,29.0,28.5,16.592887859137285,27.9,0.7202430145454704,28.291666666666668,0.6291528696061032,29.925,1.3583171611239306,27.075,2.4649553799459833,0,1,0,0.75
28.25,23.5,33.5,28.25,28.5,28.5,16.062551333763228,27.9,0.7202430145454704,28.208333333333332,0.5521994589136303,29.9,1.3776643944274536,27.10125,2.4492457945887294,0,1,0,0.25
29.0,23.5,33.5,28.5,29.5,28.25,16.699282865088076,28.25,0.750000000001051,28.208333333333332,0.5521994589136303,29.89,1.3824335242532586,27.13125,2.435465746940743,0,1,0,1.0
28.0,23.5,33.5,27.75,29.25,29.0,16.459903698217513,28.45,0.37080992435693305,28.166666666666668,0.5470305514710212,29.86,1.40712472794692,27.15625,2.418448449318088,0,1,0,1.5
27.75,23.5,33.5,27.5,28.0,28.0,15.721164177593806,28.3,0.48088460154342805,28.125,0.5590169943751865,29.825,1.437694086276347,27.18125,2.3984314257487354,0,1,0,0.5
27.25,23.5,33.5,27.0,28.0,27.75,15.60783669993633,28.05,0.6471089552784446,28.020833333333332,0.5978971990286733,29.775,1.4831106994889056,27.2025,2.3799558186007306,0,1,0,1.0
27.25,23.5,33.5,27.0,28.25,27.25,16.949986908217785,27.85,0.7202430145454678,27.9375,0.6317813919964751,29.73,1.5251630893053003,27.22375,2.36114345808281,0,1,0,1.25
28.5,23.5,33.5,28.0,29.25,27.25,15.429378841793595,27.75,0.5303300858913575,27.958333333333332,0.6469626002025786,29.715,1.533644784991071,27.25,2.3458773845869687,0,1,0,1.25
29.0,23.5,33.5,28.75,29.5,28.5,15.68504878945894,27.95,0.7786205751208679,28.020833333333332,0.7107800878848577,29.71,1.5355980022419582,27.27875,2.3318013261472608,0,1,0,0.75
29.25,23.5,33.5,29.0,29.5,29.0,15.710683799173719,28.25,0.9519716382338168,28.1875,0.7471536899218945,29.71,1.5355980022419582,27.3075,2.3203965070107633,0,1,0,0.5
29.0,23.5,33.5,29.0,29.25,29.25,16.119324995005183,28.6,0.8023403267950623,28.354166666666668,0.6780514640342924,29.705,1.5375321466689773,27.33375,2.3096201339864506,0,1,0,0.25
29.25,23.5,33.5,29.0,29.75,29.0,15.863164819940117,29.0,0.3061862178505779,28.416666666666668,0.7256136379061576,29.7,1.5386185163240456,27.36125,2.29945611605163,0,1,0,0.75
29.0,23.5,33.5,29.0,29.5,29.25,14.811721282290453,29.1,0.13693063938231767,28.458333333333332,0.744932374396829,29.695,1.5405157498415591,27.38375,2.293326222611076,0,1,0,0.5
29.0,23.5,33.5,29.0,29.5,29.0,15.848908292032746,29.1,0.13693063938231767,28.520833333333332,0.7572252977254549,29.69,1.54239411041291,27.40625,2.286957434899965,0,1,0,0.5
29.0,23.5,33.5,28.5,29.25,29.0,15.997305711594718,29.05,0.11180339888235084,28.520833333333332,0.7572252977254549,29.675,1.545442608815531,27.4325,2.2748778199007496,0,1,0,0.75
28.75,23.5,33.5,28.0,29.0,29.0,14.557591225755743,29.0,0.17677669530128026,28.583333333333332,0.7411089152362652,29.655,1.5509131608999775,27.45625,2.2636295037284158,0,1,0,1.0
28.5,23.5,33.5,28.25,29.0,28.75,15.268973026701737,28.85,0.22360679775362105,28.645833333333332,0.6946085664648165,29.635,1.5593774922272683,27.48,2.2494220363209827,0,1,0,0.75
28.25,23.5,33.5,28.0,28.5,28.5,15.849693324025827,28.7,0.32596012026261156,28.729166666666668,0.5585933361147072,29.61,1.5715584361922548,27.50375,2.232198915304466,0,1,0,0.5
28.25,23.5,33.5,28.25,28.75,28.25,16.18279675262896,28.55,0.3259601202625921,28.8125,0.3555565419812917,29.575,1.5821468880953824,27.5275,2.2145858988796494,0,1,0,0.5
28.5,23.5,33.5,28.25,29.0,28.25,16.312749270984845,28.45,0.20916500663733126,28.8125,0.3555565419812917,29.53,1.5800413324481726,27.55125,2.1992885870080165,0,1,0,0.75
28.75,23.5,33.5,28.5,29.25,28.5,14.668819316651307,28.45,0.20916500663733126,28.791666666666668,0.350864732633961,29.48,1.5639758336249843,27.57375,2.188336702869241,0,1,0,0.75
29.5,23.5,33.5,28.75,30.0,28.75,16.622579266637423,28.65,0.5184110338347475,28.8125,0.3861964879086377,29.435,1.5293139051247335,27.59875,2.181595225088661,0,1,0,1.25
29.25,23.5,33.5,29.0,29.75,29.5,15.65778901354744,28.85,0.5184110338347638,28.833333333333332,0.4035824424811197,29.385,1.4925067941593915,27.62,2.176848258769438,0,1,0,0.75
29.5,23.5,33.5,29.25,29.75,29.25,14.342013251782552,29.1,0.45414755311644034,28.854166666666668,0.4324656230866827,29.345,1.4611377311490708,27.64375,2.1712832130922664,0,1,0,0.5
30.0,23.5,33.5,29.5,30.5,29.5,15.239510302011997,29.4,0.45414755311646837,28.9375,0.5448623679427992,29.32,1.4383947969303956,27.6725,2.1641769937554773,1,1,0,1.0
30.0,23.5,33.5,30.0,30.5,30.0,16.414697895118625,29.65,0.33541019662749755,29.020833333333332,0.6257571171766253,29.305,1.4270438261077871,27.70125,2.1566622120730705,1,1,0,0.5
30.0,23.5,33.5,30.0,30.5,30.0,15.801877057557371,29.75,0.35355339059568525,29.104166666666668,0.6863799416086199,29.285,1.4097057878021797,27.73,2.1487345814470715,1,1,0,0.5
30.0,23.5,33.5,29.75,30.25,30.0,16.94628500109436,29.9,0.2236067977538209,29.208333333333332,0.7216878364871877,29.26,1.3850145508701877,27.75625,2.144210022502926,1,1,0,0.5
29.75,23.5,33.5,29.5,30.25,30.0,14.56697428702281,29.95,0.11180339888269236,29.3125,0.700040583239314,29.215,1.3296174837376813,27.78125,2.1381227236540976,1,1,0,0.75
28.25,23.5,33.5,27.75,29.75,29.75,15.548086210667272,29.6,0.7623975340999554,29.3125,0.700040583239314,29.125,1.2343406899131244,27.7975,2.129210283687307,1,1,0,2.0
27.25,23.5,33.5,27.25,28.5,28.25,16.59334182651204,29.05,1.2424773639795799,29.229166666666668,0.8755409583207365,29.025,1.1772178374176936,27.8075,2.1218695534855643,1,1,1,1.25
27.25,23.5,33.5,27.25,27.75,27.25,16.276781829842314,28.5,1.3228756555328993,29.125,1.0307764064045257,28.935,1.1359276529131415,27.81125,2.1202092760788585,0,1,1,0.5
28.25,23.5,33.5,27.25,28.75,27.25,16.448636115065533,28.15,1.0246950765967247,29.083333333333332,1.0570828928823282,28.865,1.0645133984642472,27.81875,2.1190891039907322,0,1,0,1.5
28.5,23.5,33.5,28.25,29.0,28.25,14.817869255288636,27.9,0.6020797289408987,29.0,1.0606601717799309,28.795,0.964537004294163,27.8275,2.118266749042594,0,1,0,0.75
29.0,23.5,33.5,28.5,29.5,28.5,16.683557233180295,28.05,0.7786205751208731,28.979166666666668,1.0577545542184776,28.745,0.8827860581644302,27.84125,2.1169003929964023,0,1,0,1.0
29.5,23.5,33.5,28.75,30.0,29.0,16.621491804430576,28.5,0.8477912478916011,28.979166666666668,1.0577545542184776,28.715,0.8284020762888614,27.86125,2.1135625542796803,0,1,1,1.25
29.75,23.5,33.5,29.25,30.0,29.5,16.92853245657877,29.0,0.6373774392003859,28.958333333333332,1.038099954316418,28.7,0.8017837257370839,27.88875,2.102089397880687,1,1,0,0.75
29.5,23.5,33.5,29.25,30.0,29.75,16.172186124589835,29.25,0.5000000000016634,28.916666666666668,1.0018921492796091,28.695,0.7958598225457505,27.91625,2.0868813589975916,1,1,0,0.75
29.0,23.5,33.5,28.75,29.75,29.5,16.074269251897867,29.35,0.33541019662746135,28.833333333333332,0.9434784126580503,28.685,0.7886471236960052,27.9375,2.076088743854843,1,1,0,1.0
28.0,23.5,33.5,27.75,28.75,29.0,15.137373325562965,29.15,0.6982120021896325,28.666666666666668,0.8940035929696644,28.66,0.7901821024939358,27.95375,2.0636963562386637,1,1,0,1.0
28.5,23.5,33.5,28.0,29.25,28.0,14.878392382135468,28.95,0.7158910531649623,28.5625,0.8265825042691655,28.65,0.788954358370326,27.97,2.055077056594638,1,1,0,1.25
29.0,23.5,33.5,28.5,29.25,28.5,15.504258786862009,28.8,0.5700877125509953,28.625,0.8291561975889986,28.66,0.7901821024939358,27.98625,2.05027843126918,1,1,0,0.75
28.75,23.5,33.5,28.75,29.25,29.0,14.52694009314423,28.65,0.41833001326896607,28.75,0.7071067811867192,28.67,0.7880484808455387,28.0,2.046107961214092,0,1,0,0.5
29.0,23.5,33.5,28.75,29.25,28.75,14.510905709942099,28.65,0.41833001326896607,28.895833333333332,0.5271959844885434,28.68,0.7890190241102298,28.015,2.0423653643278423,0,1,0,0.5
29.0,23.5,33.5,29.0,29.25,29.0,15.554906159946103,28.85,0.22360679775362427,28.958333333333332,0.4865618401011952,28.695,0.787805658206221,28.03375,2.0340502055486316,1,1,0,0.25
28.5,23.5,33.5,28.25,29.0,29.0,15.451473744102435,28.85,0.22360679775362427,28.958333333333332,0.4865618401011952,28.7,0.7857142857140924,28.05,2.024659534626684,1,1,0,0.75
28.5,23.5,33.5,28.5,29.0,28.5,15.020223388403329,28.75,0.2500000000032432,28.916666666666668,0.503773638441033,28.705,0.7835847765497441,28.06625,2.01509340843609,1,1,0,0.5
28.25,23.5,33.5,28.25,28.75,28.5,15.36087938572493,28.65,0.3354101966273732,28.8125,0.5014184425663812,28.725,0.7580351884566255,28.08625,1.9967935194444721,0,1,0,0.5
28.25,23.5,33.5,28.0,28.75,28.25,16.16628573035099,28.5,0.3061862178505106,28.6875,0.428063822769317,28.75,0.7196229171287134,28.1025,1.9847392016311414,0,1,0,0.75
28.75,23.5,33.5,28.25,29.25,28.25,15.191982082603245,28.45,0.20916500663733337,28.625,0.3454246398542358,28.755,0.7187183888343721,28.12,1.9748672113616954,0,1,0,1.0
29.0,23.5,33.5,29.0,29.75,28.75,14.615043178767355,28.55,0.3259601202625934,28.625,0.3454246398542358,28.765,0.7185763987329551,28.13625,1.9686292038395679,0,1,0,0.75
29.25,23.5,33.5,28.75,29.75,29.0,16.122187368453243,28.7,0.4472135955017657,28.729166666666668,0.32784304263824776,28.785,0.7178660269526325,28.15375,1.9628582475560872,0,1,0,1.0
28.5,23.5,33.5,28.25,29.25,29.25,15.078959371762801,28.75,0.3952847075230977,28.729166666666668,0.32784304263824776,28.775,0.7182923343254588,28.1675,1.9555535529592165,0,1,0,1.0
28.5,23.5,33.5,28.25,29.0,28.5,13.394679495953074,28.8,0.3259601202626255,28.6875,0.3220142571663971,28.785,0.7107232590960454,28.18,1.9496101916784387,1,1,0,0.75
28.5,23.5,33.5,28.5,29.0,28.5,13.525293274579292,28.75,0.3535533905955661,28.666666666666668,0.32566947363984156,28.8,0.6961995960575652,28.19375,1.9420688956564691,0,1,0,0.5
28.75,23.5,33.5,28.5,29.0,28.5,15.595889008393058,28.7,0.32596012026261206,28.645833333333332,0.3100281023434333,28.83,0.6593905658765857,28.21125,1.9311480006725175,0,1,0,0.5
28.5,23.5,33.5,28.5,29.0,28.75,15.404745967162468,28.55,0.11180339888216267,28.604166666666668,0.291125038220754,28.855,0.6208330479839851,28.23,1.9155145470338888,0,1,0,0.5
28.5,23.5,33.5,28.5,29.0,28.5,15.019953551733828,28.55,0.11180339888216267,28.604166666666668,0.291125038220754,28.855,0.6208330479839851,28.25,1.8971679501706546,0,1,0,0.5
28.25,23.5,33.5,28.25,28.75,28.5,16.25434717816006,28.5,0.17677669530116125,28.583333333333332,0.3077287274487353,28.84,0.626294577622129,28.26625,1.883056810683164,0,1,0,0.5
28.0,23.5,33.5,27.75,28.5,28.25,14.80166349001634,28.4,0.2850438562775756,28.5625,0.339200262650351,28.815,0.6344891887273904,28.2825,1.8665109336206887,0,1,0,0.75
27.75,23.5,33.5,27.75,28.5,28.0,15.330528114583233,28.2,0.32596012026254745,28.520833333333332,0.40533842949379084,28.79,0.6514505008837874,28.2975,1.8499609530033685,0,1,0,0.75
28.0,23.5,33.5,28.0,28.5,27.75,16.74204284929965,28.1,0.2850438562775314,28.458333333333332,0.4241747781569469,28.765,0.657395137909184,28.3125,1.835193019026709,0,1,0,0.5
28.0,23.5,33.5,28.0,28.25,28.0,15.595366291351997,28.0,0.1767766953010421,28.375,0.40592207044330947,28.745,0.665264256226006,28.3275,1.8201810473755264,0,1,0,0.25
28.0,23.5,33.5,28.0,28.25,28.0,14.155406213707838,27.95,0.11180339888193506,28.270833333333332,0.3100281023434554,28.725,0.6724346565627285,28.3425,1.8049189488891844,0,0,0,0.25
28.0,23.5,33.5,28.0,28.25,28.0,15.457841707228791,27.95,0.11180339888193506,28.229166666666668,0.31002810234345773,28.705,0.678928477492818,28.35875,1.7869532582681384,0,0,0,0.25
28.75,23.5,33.5,28.25,29.5,28.0,15.701367502270463,28.15,0.33541019662730875,28.25,0.3370999312320076,28.705,0.678928477492818,28.37875,1.768651059522678,0,0,0,1.25
28.75,23.5,33.5,28.25,29.25,28.75,14.926446925571787,28.3,0.41079191813080107,28.270833333333332,0.3608439182438761,28.71,0.6783082196288219,28.39875,1.7499277623278529,0,0,0,1.0
28.25,23.5,33.5,28.25,29.0,28.75,15.41451442457398,28.35,0.37914377220467055,28.229166666666668,0.32784304263827513,28.71,0.6783082196288219,28.4175,1.727895210739185,0,0,0,0.75
28.5,23.5,33.5,28.5,29.0,28.25,14.519499256310736,28.45,0.32596012026258,28.229166666666668,0.32784304263827513,28.715,0.6757648727664097,28.43875,1.7023294526399881,0,0,0,0.5
28.75,23.5,33.5,28.5,29.0,28.5,15.834007246871716,28.6,0.22360679775357503,28.25,0.3535533905936424,28.72,0.6750661343260982,28.4625,1.6729727851036367,0,0,0,0.5
29.0,23.5,33.5,28.75,29.25,28.75,15.981267515759143,28.65,0.2850438562776128,28.3125,0.4145780987947371,28.725,0.6762177224555426,28.48625,1.6463751678965102,0,0,0,0.5
28.75,23.5,33.5,28.75,29.0,29.0,15.717588382427559,28.65,0.2850438562776128,28.375,0.41968602983256476,28.71,0.6669302200133405,28.50625,1.6249154403971715,0,0,0,0.25
29.0,23.5,33.5,28.75,29.5,28.75,13.775938823210119,28.8,0.2091650066374037,28.479166666666668,0.40533842949379456,28.705,0.6637286450692104,28.525,1.608707462061199,1,0,0,0.75
29.0,23.5,33.5,29.0,29.5,29.0,15.829906916841859,28.9,0.13693063938225697,28.5625,0.400638694632226,28.695,0.6552184555470727,28.54375,1.5921126060207476,1,1,0,0.5
29.0,23.5,33.5,29.0,29.5,29.0,15.675006710004563,28.95,0.11180339888231446,28.645833333333332,0.3762605077565498,28.675,0.6293217923821184,28.56125,1.5776583810621367,1,1,0,0.5
29.0,23.5,33.5,29.0,29.25,29.0,14.929307310267557,28.95,0.11180339888231446,28.729166666666668,0.32784304263824743,28.655,0.6016346779516458,28.5775,1.5652455777263456,1,1,0,0.25
29.0,23.5,33.5,29.0,29.25,29.0,14.73112145880567,29.0,1.2814402999592473e-06,28.8125,0.2413268247913505,28.635,0.5718971293251146,28.59625,1.547545775456931,1,1,0,0.25
29.0,23.5,33.5,29.0,29.5,29.0,14.314466616324134,29.0,1.2814402999592473e-06,28.833333333333332,0.24618298195914828,28.615,0.5397703593344311,28.61375,1.5320687355832563,1,1,0,0.5
29.75,23.5,33.5,29.0,30.5,29.0,15.410687463918762,29.15,0.3354101966274352,28.916666666666668,0.35887028128296145,28.615,0.5397703593344311,28.6375,1.5124587290349736,1,1,0,1.5
29.75,23.5,33.5,29.75,30.25,29.75,14.488251439054652,29.3,0.4107919181309044,29.041666666666668,0.3667011003118521,28.645,0.5603615815172478,28.66375,1.485608833282351,1,1,0,0.5
29.5,23.5,33.5,29.5,30.0,29.75,14.818566336491232,29.4,0.379143772204788,29.125,0.34542463985419924,28.69,0.5358571238143177,28.6875,1.4604823839980943,1,1,0,0.5
28.25,23.5,33.5,28.0,29.75,29.5,16.02127644314373,29.25,0.6373774392004026,29.083333333333332,0.4174235549686287,28.71,0.49836467264290696,28.705,1.4337900016540523,1,1,1,1.75
27.75,23.5,33.5,27.0,28.0,28.25,14.365249732329342,29.0,0.9354143466943625,28.979166666666668,0.5686740292253383,28.7,0.5125964319428222,28.72125,1.4040003641780048,1,1,1,1.0
28.25,23.5,33.5,27.75,29.0,27.75,15.467299087978853,28.7,0.8732124598295741,28.9375,0.6041993199119393,28.695,0.515796392355591,28.74,1.3720193824901132,1,1,1,1.25
27.75,23.5,33.5,27.5,28.5,28.25,15.509326566678958,28.3,0.7158910531649224,28.833333333333332,0.6935853271666315,28.67,0.5307868629471215,28.75625,1.3404317303081843,0,1,1,1.0
27.75,23.5,33.5,27.5,28.25,27.75,15.243906334795964,27.95,0.27386127875541605,28.729166666666668,0.7572252977254487,28.635,0.5326340015353236,28.77,1.3155811525113614,0,0,0,0.75
27.5,23.5,33.5,27.25,28.0,27.75,15.732771495260879,27.8,0.2738612787553928,28.604166666666668,0.8288706263053149,28.59,0.531555284432256,28.78125,1.2947850319235903,0,0,0,0.75
27.25,23.5,33.5,27.25,27.75,27.5,13.558164978801456,27.7,0.370809924356847,28.458333333333332,0.9034865127870678,28.545,0.5479321051338631,28.79,1.2783076123365977,0,0,0,0.5
27.0,23.5,33.5,27.0,27.75,27.25,14.672306454572755,27.45,0.3259601202624483,28.291666666666668,0.9760386852741961,28.505,0.5857360623126844,28.79625,1.2663695736173637,0,0,0,0.75
27.0,23.5,33.5,26.75,27.25,27.0,15.638623496372498,27.3,0.32596012026242877,28.125,1.0141050689693671,28.485,0.6194344029770446,28.7975,1.2644615713122844,0,0,0,0.5
26.25,23.5,33.5,25.75,27.25,27.0,16.342374637422,27.0,0.46770717334831524,27.833333333333332,1.007547276881737,28.44,0.695393002963877,28.78875,1.2760101673713578,0,0,0,1.5
26.5,23.5,33.5,26.25,26.75,26.25,16.027963153791045,26.8,0.410791918130644,27.5625,0.8733751146611595,28.39,0.7425823667636207,28.78875,1.2760101673713578,0,0,0,0.5
26.5,23.5,33.5,26.25,26.75,26.5,15.457551372526975,26.65,0.3354101966271163,27.3125,0.6752524780341244,28.345,0.7871577649610425,28.7875,1.2781380733990622,0,0,0,0.5
26.75,23.5,33.5,26.5,27.25,26.5,15.798785440666189,26.6,0.2850438562773045,27.1875,0.6227231254011804,28.3,0.8128433340527395,28.78375,1.2830254122742906,0,0,0,0.75
26.5,23.5,33.5,25.75,27.25,26.75,16.052436608938308,26.5,0.1767766953006762,27.083333333333332,0.624621097267651,28.25,0.8451542547283314,28.77875,1.2899830303503472,0,0,0,1.5
24.75,23.5,33.5,24.5,25.75,26.5,16.051774314883538,26.2,0.8177713616906643,26.791666666666668,0.8176555546566987,28.175,0.9784019665571769,28.765,1.3180330251079764,0,0,0,1.25
24.0,23.5,33.5,23.75,25.25,24.75,16.781299006665026,25.7,1.2424773639794657,26.479166666666668,1.0895074644773584,28.085,1.1413047492286754,28.7475,1.3575560919212404,0,0,1,1.5
25.0,23.5,33.5,24.5,26.0,24.0,16.96283886529995,25.4,1.1805718953123256,26.25,1.0871146130093936,28.02,1.2214494567970824,28.735,1.3804176048638324,0,0,0,1.5
24.75,23.5,33.5,24.75,25.25,25.0,15.830080322983084,25.0,0.9185586535444008,26.020833333333332,1.089507464477372,27.95,1.3054047773210975,28.7225,1.4050317866891646,0,0,0,0.5
24.75,23.5,33.5,24.5,25.0,24.75,14.809318102430913,24.65,0.3791437722042551,25.8125,1.071983081617027,27.87,1.3760339340854875,28.71,1.4291122450822864,0,0,0,0.5
24.75,23.5,33.5,24.5,25.0,24.75,16.51707316003151,24.65,0.3791437722042551,25.625,1.0417424214880062,27.785,1.4348167059215324,28.695,1.4547530830564426,0,0,0,0.5
24.5,23.5,33.5,24.0,25.0,24.75,15.603881124676773,24.75,0.1767766953002583,25.416666666666668,0.9904850357582597,27.69,1.4919511946932507,28.67875,1.4832349331218844,0,0,0,1.0
24.0,23.5,33.5,24.0,25.0,24.5,14.88101442861889,24.55,0.32596012026206994,25.229166666666668,1.03054670692403,27.6,1.5754817857222387,28.66,1.5183219380410071,0,0,0,1.0
24.25,23.5,33.5,24.0,24.75,24.0,16.449361572496443,24.45,0.3259601202620569,25.041666666666668,0.9818427325776826,27.515,1.6392896047260659,28.64375,1.5479029216242155,0,0,0,0.75
24.25,23.5,33.5,24.25,24.5,24.25,15.456214746115885,24.35,0.2850438562769705,24.854166666666668,0.8884251473392195,27.43,1.6963646604501534,28.63,1.5745622347670774,0,0,0,0.25
24.5,23.5,33.5,24.25,24.75,24.25,16.88728683193068,24.3,0.2091650066364878,24.666666666666668,0.6600045913526242,27.345,1.7349131013936774,28.62,1.5943839880989938,0,0,0,0.5
24.75,23.5,33.5,24.5,25.0,24.5,16.334101872020693,24.35,0.2850438562769705,24.520833333333332,0.32784304263862885,27.27,1.7647628042039287,28.6125,1.609049080892977,0,0,0,0.5
24.5,23.5,33.5,24.5,25.0,24.75,15.272263615724311,24.45,0.2091650066365182,24.5,0.3198010745341889,27.19,1.7982133990633873,28.605,1.624707163409175,0,0,0,0.5
24.5,23.5,33.5,24.25,25.0,24.5,15.075816719197608,24.5,0.17677669530019754,24.541666666666668,0.2786602145122392,27.115,1.831004241014181,28.5975,1.6401813081537686,0,0,0,0.75
24.0,23.5,33.5,23.5,25.0,24.5,15.890040180898598,24.45,0.2738612787548742,24.458333333333332,0.27866021451224776,27.035,1.8783201896092023,28.585,1.66557669551484,0,0,0,1.5
23.0,23.5,33.5,22.75,24.0,24.0,15.845105258638299,24.15,0.6982120021893276,24.3125,0.4899559349393819,26.94,1.9597740394530074,28.56875,1.7038858743657808,0,0,0,1.25
22.25,23.5,33.5,21.75,23.5,23.0,15.953091400312799,23.65,0.9937303457181871,24.104166666666668,0.7496842769806729,26.825,2.0623260594556516,28.54875,1.753979233989175,0,0,0,1.75
23.5,23.5,33.5,22.5,24.0,22.25,16.4082846534335,23.45,0.8732124598293194,24.0,0.7385489458763526,26.735,2.1076936326181905,28.535,1.7826353930971248,0,0,0,1.5
23.75,23.5,33.5,23.75,24.25,23.5,15.290205143678314,23.3,0.6937218462764154,23.9375,0.7239804743729334,26.65,2.1410706839030462,28.52,1.810140337156191,0,0,0,0.5
23.5,23.5,33.5,23.0,24.25,23.75,16.327764910355754,23.2,0.5968668193166292,23.895833333333332,0.7343699629102322,26.56,2.177435300943656,28.50375,1.840444134047999,0,0,0,1.25
23.5,23.5,33.5,23.0,23.75,23.5,16.456473285441255,23.3,0.5968668193166363,23.833333333333332,0.7334022006234542,26.455,2.1961759436597683,28.4875,1.870115077210217,0,0,0,0.75
23.75,23.5,33.5,23.5,24.5,23.5,15.674056176769595,23.6,0.1369306393806148,23.791666666666668,0.7216878364874065,26.355,2.20336593160807,28.47125,1.8970317829245937,0,0,0,1.0
23.75,23.5,33.5,23.25,24.0,23.75,15.272356808004982,23.65,0.13693063938063027,23.729166666666668,0.6863799416088501,26.265,2.2162491295161972,28.45,1.9259207808916456,0,0,0,0.75
23.5,23.5,33.5,23.25,23.75,23.75,15.102758041512482,23.6,0.1369306393806148,23.625,0.6077155435059505,26.165,2.226126176815167,28.4275,1.9572359625411184,0,0,0,0.5
23.5,23.5,33.5,23.25,23.75,23.5,16.1006748867727,23.6,0.1369306393806148,23.541666666666668,0.5418123347259289,26.06,2.22552447384277,28.40625,1.987466617398973,0,0,0,0.5
23.5,23.5,33.5,23.5,23.75,23.5,15.757699649607456,23.6,0.1369306393806148,23.458333333333332,0.45016831868988266,25.95,2.213133340689878,28.385,2.0170192944465826,0,0,0,0.25
23.5,23.5,33.5,23.5,24.0,23.5,16.059194649105187,23.55,0.11180339888026526,23.416666666666668,0.417423554969035,25.845,2.202092001636884,28.36375,2.0459233733812425,0,0,0,0.5
23.5,23.5,33.5,23.25,24.0,23.5,16.90927208401891,23.5,1.0841554852375435e-06,23.458333333333332,0.3964807305500867,25.735,2.17851873472566,28.34,2.074619296673391,0,0,0,0.75
23.25,23.5,33.5,23.25,24.0,23.5,15.354805151686431,23.45,0.11180339888022733,23.541666666666668,0.14433756729933614,25.62,2.154279082975697,28.3125,2.105381654129883,0,0,0,0.75
23.25,23.5,33.5,23.0,23.75,23.25,17.676299235687353,23.4,0.13693063938055286,23.520833333333332,0.16713948085705008,25.505,2.123417778305569,28.28375,2.1349975433356354,0,0,0,0.75
24.5,23.5,33.5,23.75,25.0,23.25,15.239197279125781,23.6,0.5184110338343351,23.583333333333332,0.32566947364031684,25.415,2.0668730695700583,28.26125,2.1510628289217397,0,0,0,1.25
23.75,23.5,33.5,23.0,24.5,24.5,15.364200303450554,23.65,0.5184110338343392,23.604166666666668,0.32784304263872127,25.31,2.0137030565601446,28.23375,2.173399818568994,0,0,0,1.5
22.5,23.5,33.5,22.5,24.0,23.75,15.510594098510776,23.45,0.7373940601884258,23.520833333333332,0.457988851260974,25.18,1.980156662530249,28.2,2.209646507575627,0,0,0,1.5
22.75,23.5,33.5,22.5,23.5,22.5,15.970500221783842,23.35,0.8023403267947854,23.4375,0.5014184425667029,25.04,1.8961292472953022,28.1675,2.241694609802381,0,0,0,1.0
23.25,23.5,33.5,23.25,23.75,22.75,16.064937566298088,23.35,0.8023403267947854,23.395833333333332,0.49380633549020253,24.91,1.7862570603678392,28.13625,2.2664526191547294,0,0,0,0.5
24.25,23.5,33.5,23.5,24.75,23.25,16.14871224305742,23.3,0.7158910531646271,23.458333333333332,0.5521994589139008,24.805,1.660841008989881,28.11,2.2809347462349465,0,0,0,1.25
24.25,23.5,33.5,23.75,24.5,24.25,16.14729526248501,23.4,0.8215838362584594,23.520833333333332,0.597897199028913,24.725,1.5861727136572137,28.0825,2.2941796028755514,0,0,0,0.75
24.25,23.5,33.5,24.0,24.5,24.25,16.301175336966352,23.75,0.707106781187394,23.583333333333332,0.6336522323133623,24.655,1.5260409628865905,28.05375,2.3060273738060197,0,0,0,0.5
24.0,23.5,33.5,23.75,24.5,24.25,15.998050170402497,24.0,0.4330127018936267,23.625,0.644028514332464,24.57,1.4375077639540736,28.025,2.320571104546304,0,0,0,0.75
23.75,23.5,33.5,23.5,24.0,24.0,16.528150277761693,24.1,0.2236067977527241,23.645833333333332,0.6436608131809756,24.49,1.3664716967280564,27.99625,2.337760479131239,0,0,0,0.5
23.75,23.5,33.5,23.5,24.25,23.75,15.772685731982333,24.0,0.25000000000243805,23.6875,0.6317813919966915,24.41,1.2864680330267326,27.9675,2.354471582364031,0,0,0,0.75
23.5,23.5,33.5,23.5,24.0,23.75,14.59148165198005,23.85,0.28504385627690015,23.708333333333332,0.620056204686515,24.33,1.2126459516616148,27.93625,2.3721051519183916,0,0,0,0.5
23.5,23.5,33.5,23.5,24.0,23.5,15.35549141976838,23.7,0.20916500663637172,23.625,0.5690901829799823,24.255,1.1422878046145373,27.905,2.3891978427198692,0,0,0,0.5
23.75,23.5,33.5,23.5,24.0,23.5,15.761920724846979,23.65,0.13693063938063413,23.625,0.5690901829799823,24.19,1.0732841075455628,27.875,2.4035411480251896,0,0,0,0.5
23.75,23.5,33.5,23.75,24.0,23.75,13.434251602680698,23.65,0.13693063938063413,23.729166666666668,0.44541009363922035,24.125,0.9952053423636045,27.84625,2.4183497503616738,0,0,0,0.25
23.75,23.5,33.5,23.75,24.0,23.75,14.712007070506903,23.65,0.13693063938063413,23.8125,0.32201425716686016,24.075,0.9479435314274692,27.8225,2.435163001570963,0,0,0,0.25
23.75,23.5,33.5,23.6,24.0,23.75,16.194250904571902,23.7,0.11180339888032688,23.854166666666668,0.27090616736370576,24.02,0.8818463932137847,27.795,2.449971797601806,0,0,0,0.3999999999999986
23.75,23.5,33.5,23.75,24.0,23.75,17.127023939814563,23.75,1.0943733767843532e-06,23.8125,0.2413268247919806,23.965,0.8065579422988686,27.76875,2.465074827877275,0,0,0,0.25
23.75,23.5,33.5,23.75,24.0,23.75,16.6337954366738,23.75,1.0943733767843532e-06,23.770833333333332,0.1982403652760647,23.905,0.6996537044296408,27.7425,2.4798066365692457,0,0,0,0.25
23.75,23.5,33.5,23.5,24.0,23.75,16.191011577193247,23.75,1.0943733767843532e-06,23.729166666666668,0.12873216263823473,23.85,0.591176619901394,27.71875,2.4952136971552896,0,0,0,0.5
23.75,23.5,33.5,23.65,23.85,23.75,16.539670366400852,23.75,1.0943733767843532e-06,23.708333333333332,0.09731236802300723,23.83,0.5768492888445701,27.69375,2.5098346133622376,0,0,0,0.20000000000000284
23.75,23.5,33.5,23.55,23.8,23.75,14.81757560197876,23.75,1.0943733767843532e-06,23.708333333333332,0.09731236802300723,23.825,0.5764290139843198,27.66875,2.5241220051701023,0,0,0,0.25
23.6,23.5,33.5,23.5,23.75,23.75,15.064208417947869,23.72,0.06708203933390097,23.69583333333333,0.10103629711090027,23.797000000000004,0.551658908221446,27.640500000000003,2.5379154485757836,0,0,0,0.25
23.65,23.5,33.5,23.5,23.75,23.6,14.386434170782358,23.7,0.07071067812709368,23.708333333333332,0.08211226609327299,23.775,0.5345463459028009,27.6125,2.5509272626824364,0,0,0,0.25
23.4,23.5,33.5,23.3,23.6,23.65,15.306615508560302,23.630000000000003,0.14404860291300212,23.7,0.10660035818037825,23.748,0.5181363779181293,27.58075,2.563674917557528,0,0,0,0.3000000000000007
23.0,23.5,33.5,22.8,23.4,23.4,16.37962887790207,23.48,0.29706901555223764,23.6375,0.22676078705544614,23.713,0.5080786135537391,27.546999999999997,2.579356781648131,0,0,0,0.5999999999999979
22.65,23.5,33.5,22.6,23.0,23.0,16.395924413600238,23.259999999999998,0.42632147494720213,23.54583333333333,0.36021353094982783,23.676,0.5168823337457421,27.51275,2.5986998947964564,0,0,0,0.3999999999999986
22.05,23.5,33.5,21.9,23.0,22.65,16.866838405315217,22.949999999999996,0.6314665470166504,23.404166666666665,0.5545097479816032,23.637000000000004,0.5634089028728635,27.4755,2.6233489184128236,0,0,1,1.1000000000000014
22.15,23.5,33.5,21.9,23.0,22.05,16.915701986072197,22.65,0.5689903338380257,23.270833333333332,0.6482347825702501,23.595,0.5942110186571323,27.43875,2.646228175210034,0,0,0,1.1000000000000014
22.9,23.5,33.5,22.25,23.25,22.15,17.216511286958227,22.549999999999997,0.4315669125420759,23.2,0.6374665766643809,23.568,0.5945123194340494,27.405749999999998,2.661502850763486,0,0,0,1.0
23.0,23.5,33.5,22.5,23.25,22.9,15.63655387254284,22.55,0.4315669125420759,23.1375,0.6150110863750404,23.538,0.5842804750024233,27.372,2.6743929945777016,0,0,0,0.75
23.0,23.5,33.5,22.8,23.1,23.0,16.65444287044247,22.619999999999997,0.4777551674248068,23.075,0.5844577906842225,23.503,0.5621941345279485,27.339499999999997,2.6878639872711947,0,0,0,0.3000000000000007
22.9,23.5,33.5,22.5,23.05,23.0,15.939399633945134,22.79,0.36124783736531724,23.004166666666663,0.5454182437420265,23.471,0.5496835824508466,27.307750000000002,2.70264665321974,0,0,0,0.5500000000000007
22.45,23.5,33.5,22.35,22.9,22.9,16.775683060929634,22.85,0.22912878475024365,22.895833333333332,0.5118852558455804,23.43,0.5478156996800995,27.27375,2.720801765793087,0,0,0,0.5499999999999972
22.3,23.5,33.5,22.2,23.25,22.45,15.54496917837538,22.73,0.33090784215717023,22.787499999999998,0.4862308654806258,23.396,0.5642260366270188,27.239,2.7397509331832453,0,0,0,1.0500000000000007
22.6,23.5,33.5,22.5,23.5,22.3,13.500938159718626,22.65,0.2958039891568556,22.700000000000003,0.4045199174786707,23.388,0.5727270960329037,27.20575,2.7555297418628104,0,0,0,1.0
22.6,23.5,33.5,22.55,23.0,22.6,14.391393880571766,22.57,0.22248595461535084,22.633333333333336,0.33933982252618716,23.395,0.5605436501050922,27.17125,2.7698186609545288,0,0,0,0.4499999999999993
22.85,23.5,33.5,22.8,23.0,22.6,14.053819333757916,22.56,0.20432816741972698,22.620833333333334,0.3271490717579749,23.382,0.5655735755738822,27.13925,2.7826223013298756,0,0,0,0.1999999999999993
22.2,23.5,33.5,22.1,22.8,22.85,15.118206167006031,22.509999999999998,0.2607680962102164,22.583333333333332,0.3485902343952601,23.351,0.5870620382330686,27.104,2.800347071095304,0,0,0,0.6999999999999993
22.25,23.5,33.5,22.2,23.0,22.2,14.391168972066408,22.5,0.2715695122820306,22.599999999999998,0.3247376563553044,23.326,0.6068688457303097,27.0665,2.8149150044736957,0,0,0,0.8000000000000007
22.15,23.5,33.5,21.8,22.5,22.25,16.321477295747247,22.410000000000004,0.30290262461902473,22.599999999999998,0.3247376563553044,23.299,0.6286112000402138,27.028499999999998,2.8297660023648232,0,0,0,0.6999999999999993
21.3,23.5,33.5,21.0,22.0,22.15,14.608639263314704,22.15,0.5533985905304382,22.46666666666667,0.4811602139784067,23.25,0.6856398769149863,26.9875,2.853085035729679,0,0,0,1.0
21.45,23.5,33.5,21.3,21.8,21.3,15.653485610128653,21.869999999999997,0.45634416836534275,22.337500000000002,0.5304907676350775,23.204,0.7272986080735983,26.94725,2.87416668062924,0,0,0,0.5
22.0,23.5,33.5,21.5,22.2,21.45,14.242607338599356,21.830000000000002,0.42807709586131054,22.254166666666666,0.4942663678876449,23.174,0.7455473266843637,26.907249999999998,2.887107007344619,0,0,0,0.6999999999999993
22.3,23.5,33.5,22.15,22.75,22.0,16.895510493796092,21.84,0.4407380174219769,22.204166666666666,0.4514916355485462,23.15,0.7541044154408761,26.865,2.8924133999795085,0,0,0,0.6000000000000014
23.0,23.5,33.5,22.4,24.0,22.3,17.03097260250941,22.01,0.6859300255864791,22.25,0.5036232357993088,23.14,0.7526822784180377,26.82375,2.8883883697264423,0,0,0,1.6000000000000014
23.4,23.5,33.5,22.8,23.75,23.0,15.399794956609362,22.43,0.7791020472320044,22.34166666666667,0.6037132572424561,23.138,0.7518385627842364,26.781999999999996,2.877149797068792,0,0,1,0.9499999999999993
23.5,23.5,33.5,23.25,23.65,23.4,16.907211930551263,22.839999999999996,0.6655824516926,22.416666666666668,0.6886526150701968,23.138,0.7518385627842364,26.74075,2.864678665537035,0,0,0,0.3999999999999986
23.5,23.5,33.5,23.5,23.8,23.5,16.889536364122822,23.139999999999997,0.5128352561994501,22.49166666666667,0.7561365116452308,23.143,0.7534282192965189,26.70075,2.8537222342847937,0,0,0,0.3000000000000007
23.8,23.5,33.5,23.7,24.3,23.5,16.458609779546315,23.439999999999998,0.2880972058198076,22.57083333333333,0.8419291519898148,23.154,0.759016549522242,26.6635,2.8426432864977085,1,0,0,0.6000000000000014
23.75,23.5,33.5,23.55,24.0,23.8,15.534179665302737,23.589999999999996,0.17464249196914586,22.7,0.8969645782003002,23.139,0.7390210016068535,26.6285,2.835159323910905,1,0,0,0.4499999999999993
23.7,23.5,33.5,23.5,23.95,23.75,17.147893659333977,23.65,0.14142135624154445,22.820833333333336,0.9279641287479857,23.138,0.738210743650136,26.592,2.825571672490552,1,0,0,0.4499999999999993
23.5,23.5,33.5,23.05,23.7,23.7,16.853895197885468,23.65,0.14142135624154445,22.933333333333334,0.9210501253101884,23.158,0.7341078161373549,26.55325,2.8144908475877,1,0,0,0.6499999999999986
23.3,23.5,33.5,23.05,23.5,23.5,15.164518593795727,23.610000000000003,0.20736441353615717,23.099999999999998,0.766633727883041,23.169,0.731987091443891,26.50975,2.7970627877637333,1,0,0,0.4499999999999993
23.25,23.5,33.5,23.05,23.45,23.3,14.832587720300372,23.5,0.22638462845605248,23.25,0.5636730193364271,23.169,0.731987091443891,26.462249999999997,2.7711022129963983,1,0,0,0.3999999999999986
23.2,23.5,33.5,23.05,23.4,23.25,15.214030135669066,23.389999999999997,0.2073644135361115,23.349999999999998,0.4062019202324977,23.148000000000003,0.7152108294845062,26.416999999999998,2.749926632186981,1,0,0,0.34999999999999787
23.45,23.5,33.5,23.15,23.65,23.2,16.474587648163318,23.34,0.12942179105997278,23.44583333333333,0.23592981750606415,23.131999999999998,0.6988153240610336,26.375500000000002,2.731608164768205,1,0,0,0.5
23.45,23.5,33.5,23.35,23.75,23.45,16.952720735571315,23.330000000000002,0.11510864433729712,23.48333333333333,0.189896303442618,23.116,0.6816426737621021,26.334,2.712527979616097,1,0,0,0.3999999999999986
23.45,23.5,33.5,23.05,23.6,23.45,15.869288206138108,23.359999999999996,0.12449899598459914,23.4875,0.18844459036260042,23.105,0.6714475681200757,26.29125,2.690063782378685,1,0,0,0.5500000000000007
23.7,23.5,33.5,23.4,24.0,23.45,16.33865995888219,23.449999999999996,0.1767766952999805,23.504166666666666,0.19824036527611252,23.104,0.6705039225864017,26.25225,2.67064019153882,1,0,0,0.6000000000000014
23.85,23.5,33.5,23.6,24.5,23.7,17.9280338970711,23.580000000000002,0.18574175621328493,23.53333333333333,0.22190634115091806,23.105999999999998,0.6726159713370097,26.2165,2.654573705472903,1,0,0,0.8999999999999986
25.5,23.5,33.5,24.0,25.6,23.85,16.51090778001428,23.990000000000002,0.8612490928884847,23.674999999999997,0.6103277807871438,23.146,0.7513823994503415,26.1915,2.6375197253303595,1,0,1,1.6000000000000014
26.0,23.5,33.5,25.5,26.25,25.5,16.177317029866252,24.5,1.1635076278225631,23.862499999999997,0.9083263830707401,23.195999999999998,0.8518790754463605,26.17275,2.6253968233199902,1,0,1,0.75
26.5,23.5,33.5,26.1,27.0,26.0,16.81911680030211,25.110000000000003,1.270039369469051,24.09583333333333,1.1813817667411444,23.250999999999998,0.9690880417447815,26.15775,2.6148402215855007,1,0,1,0.8999999999999986
26.9,23.5,33.5,26.5,27.2,26.5,16.79282429692371,25.75,1.1853269591135605,24.379166666666666,1.4109085295611548,23.314,1.0962384665344853,26.146,2.606140603309865,1,0,1,0.6999999999999993
27.05,23.5,33.5,26.9,27.1,26.9,16.337777296786786,26.389999999999997,0.6426507605235201,24.691666666666666,1.5578005084871938,23.38,1.2158393422332274,26.13625,2.599047648832881,1,0,0,0.20000000000000284
26.85,23.5,33.5,26.5,27.0,27.05,16.946940045806898,26.660000000000004,0.42041646019332196,24.991666666666664,1.6009703496962675,23.441999999999997,1.3104509272203753,26.128,2.5941209140250416,1,0,0,0.5
26.8,23.5,33.5,26.5,26.95,26.85,16.317061339175904,26.82,0.20186629238557152,25.291666666666668,1.5717438684083704,23.503,1.3934398048698051,26.120749999999997,2.5901838155798265,1,0,0,0.4499999999999993
26.9,23.5,33.5,26.8,27.0,26.8,15.770097384121474,26.9,0.09354143467738826,25.579166666666666,1.518889895664603,23.566,1.4737305156142846,26.112750000000002,2.5852645709886746,1,0,0,0.1999999999999993
26.9,23.5,33.5,26.05,27.0,26.9,15.577257627090829,26.9,0.09354143467738826,25.86666666666667,1.4011899704657607,23.629,1.547252007757589,26.105999999999998,2.5814158010068136,1,0,0,0.9499999999999993
26.45,23.5,33.5,25.95,26.85,26.9,16.31372008086703,26.779999999999994,0.18907670401583868,26.116666666666664,1.1811653208387107,23.683000000000003,1.5978496391674166,26.096999999999998,2.5770373703226364,1,1,0,0.9000000000000021
26.1,23.5,33.5,26.0,27.0,26.45,14.29255248517836,26.630000000000003,0.3492849839335763,26.316666666666666,0.9058730929918132,23.73,1.6340134638367245,26.08625,2.572491398914027,1,1,0,1.0
26.05,23.5,33.5,25.9,26.9,26.1,16.175836211984375,26.48,0.4132190702296606,26.5,0.4871064845320947,23.778999999999996,1.666448319030534,26.08025,2.5711625428212916,1,1,0,1.0
26.15,23.5,33.5,26.0,26.5,26.05,14.696754669028143,26.330000000000002,0.35461246453199124,26.55416666666667,0.3928094225253887,23.829,1.699672537488787,26.076,2.57033697417347,1,1,0,0.5
26.15,23.5,33.5,26.05,26.5,26.15,14.78173403910407,26.18,0.1565247584295868,26.566666666666666,0.3755803589927097,23.883999999999997,1.7297351454685437,26.06425,2.56456515018569,1,1,0,0.4499999999999993
26.0,23.5,33.5,26.0,26.15,26.15,16.109690526658362,26.089999999999996,0.06519202406301322,26.525000000000002,0.4098225780200907,23.943999999999996,1.7503539000756112,26.051750000000002,2.558719339983038,1,1,0,0.14999999999999858
26.05,23.5,33.5,26.0,26.2,26.0,15.504720556841905,26.080000000000002,0.06708203933566426,26.454166666666666,0.4125631264834793,24.012000000000004,1.7650391682072737,26.04075,2.5539459935930853,1,1,0,0.1999999999999993
26.5,23.5,33.5,26.15,26.7,26.05,15.409916250593588,26.169999999999998,0.19557607215975933,26.40833333333333,0.3685557397922661,24.101,1.7762460415155628,26.02825,2.545493493041142,1,1,0,0.5500000000000007
26.6,23.5,33.5,26.3,26.65,26.5,15.03223205131209,26.26,0.27248853187142985,26.387500000000003,0.3478015369307628,24.19,1.7879414682470063,26.02125,2.5419665432563026,1,1,0,0.34999999999999787
26.55,23.5,33.5,26.3,26.7,26.6,15.213758440231063,26.339999999999996,0.29025850547650417,26.366666666666664,0.3277563766347417,24.262999999999998,1.8085908935986257,26.01525,2.5392803430899944,1,1,0,0.3999999999999986
26.0,23.5,33.5,25.95,26.5,26.55,16.447399470043365,26.339999999999996,0.29025850547650417,26.291666666666668,0.2960599857326383,24.322999999999997,1.8155847430465446,26.009,2.5377638239461673,1,1,0,0.5500000000000007
26.1,23.5,33.5,26.0,26.5,26.0,16.024817515153423,26.35,0.27838821814411324,26.224999999999998,0.22912878474887685,24.385,1.8224017008287139,26.003249999999998,2.536240231139289,1,1,0,0.5
26.45,23.5,33.5,26.05,26.55,26.1,15.024202509577787,26.339999999999996,0.2724885318714414,26.224999999999998,0.22912878474887688,24.456000000000003,1.8324913341665865,25.993000000000002,2.530234461894792,1,1,0,0.5
26.5,23.5,33.5,26.3,26.55,26.45,15.258516246884932,26.320000000000004,0.25149552680207166,26.25833333333333,0.2382066838754118,24.537,1.8315213370755432,25.980500000000003,2.5214645879609203,1,1,0,0.25
26.6,23.5,33.5,26.4,26.75,26.5,15.51057573995309,26.330000000000002,0.263628526532036,26.30416666666667,0.24721938484455283,24.623,1.8252819183984639,25.96725,2.511138991107928,1,1,0,0.3500000000000014
26.8,23.5,33.5,26.6,27.0,26.6,14.900125675020451,26.49,0.2559296778442583,26.358333333333334,0.27947461531694384,24.706999999999997,1.8269247608022556,25.95625,2.502591307778414,1,1,0,0.3999999999999986
27.0,23.5,33.5,26.8,27.45,26.8,16.58796808409822,26.669999999999998,0.22803508502307634,26.42916666666667,0.32575669485509434,24.795,1.8293315942257113,25.945,2.492748276470867,1,1,0,0.6499999999999986
26.9,23.5,33.5,26.75,27.0,27.0,14.547061290969538,26.76,0.20736441353686744,26.504166666666666,0.3215433897868839,24.875999999999998,1.83111541784485,25.9345,2.484223537227237,1,1,0,0.25
26.9,23.5,33.5,26.7,27.0,26.9,15.218047540602203,26.839999999999996,0.15165750888596258,26.575,0.3056290086192362,24.97,1.811471383000103,25.924,2.475624686405218,1,1,0,0.3000000000000007
26.75,23.5,33.5,26.5,27.0,26.9,16.428487957752324,26.869999999999997,0.09746794345577789,26.59583333333333,0.3085584763603473,25.06,1.7851713460319756,25.912750000000003,2.4666723128527246,1,1,0,0.5
27.0,23.5,33.5,26.75,27.1,26.75,15.848214334112953,26.909999999999997,0.1024695076669261,26.629166666666663,0.32991619688972806,25.156999999999996,1.7553419923775033,25.904,2.459651076287989,1,1,0,0.3500000000000014
27.75,23.5,33.5,26.8,28.1,27.0,16.109488818207275,27.059999999999995,0.3959166578984963,26.729166666666668,0.4599695312707704,25.285999999999998,1.70231055465492,25.90025,2.456242674877359,1,1,0,1.3000000000000007
28.5,23.5,33.5,27.5,28.75,27.75,16.368301765286155,27.380000000000003,0.7353570561309255,26.9375,0.6332186897837007,25.427,1.6697552674152505,25.901500000000002,2.4575077766633915,1,1,0,1.25
28.0,23.5,33.5,27.6,28.5,28.5,16.759970642171158,27.6,0.7202430145454792,27.09583333333333,0.6422468844661953,25.546999999999997,1.6336515377945597,25.90025,2.4563705377227194,1,1,0,0.8999999999999986
28.55,23.5,33.5,28.0,28.75,28.0,15.14298362342228,27.96,0.633837518613083,27.270833333333332,0.7303356430543569,25.671999999999997,1.619182207291052,25.9005,2.4566389896823217,1,1,0,0.75
28.65,23.5,33.5,28.3,30.0,28.55,15.860050177074621,28.29,0.3927467377351706,27.450000000000003,0.7856670587934771,25.785,1.6260396987898484,25.9,2.456066226006925,1,1,0,1.6999999999999993
28.15,23.5,33.5,28.0,28.65,28.65,15.752394521869348,28.369999999999997,0.279732014616894,27.579166666666666,0.7602207613983382,25.88,1.6226081297888628,25.89325,2.4479643758491205,1,1,0,0.6499999999999986
27.95,23.5,33.5,27.5,28.2,28.15,16.94996514671179,28.259999999999998,0.32093613072014177,27.674999999999997,0.7247256534218545,25.968999999999998,1.6114035585697337,25.886750000000003,2.440721727327902,1,1,0,0.6999999999999993
27.6,23.5,33.5,27.2,27.95,27.95,16.67917899008495,28.18,0.43243496621065264,27.724999999999998,0.6939675129942103,26.051,1.5873379718051446,25.87725,2.430262499521843,1,1,0,0.75
27.25,23.5,33.5,26.95,27.75,27.6,15.958267333808672,27.919999999999998,0.5333854141252696,27.754166666666666,0.6627965316933259,26.12,1.5622785557364811,25.8635,2.414548190619388,1,1,0,0.8000000000000007
27.1,23.5,33.5,27.0,27.25,27.25,14.479023448433539,27.609999999999996,0.44637428241505994,27.770833333333332,0.6415387515165616,26.186999999999998,1.5300663584381797,25.849,2.3982351132219506,1,1,0,0.25
27.55,23.5,33.5,27.0,27.7,27.1,15.464919094605753,27.49,0.3305298776231135,27.837500000000002,0.5625126261213276,26.263999999999996,1.498912530973702,25.836750000000002,2.3831352470069516,1,1,0,0.6999999999999993
27.9,23.5,33.5,27.6,28.1,27.55,15.952430719157194,27.48,0.3134485603756214,27.912500000000005,0.4968651728592546,26.351999999999997,1.4620352043556608,25.82625,2.36928597209944,1,1,0,0.5
28.1,23.5,33.5,28.0,28.5,27.9,16.30534678738455,27.580000000000002,0.42219663665353657,27.941666666666666,0.49673174273734577,26.448,1.4143564195889398,25.818,2.3584022783511536,1,1,0,0.5
28.1,23.5,33.5,28.0,28.2,28.1,14.723608218100674,27.75,0.4272001872677172,27.908333333333335,0.4684759299794966,26.545,1.3556476726069695,25.817249999999998,2.3576487174457568,1,1,0,0.1999999999999993
28.05,23.5,33.5,28.0,28.2,28.1,14.979473850116765,27.939999999999998,0.23291629398045277,27.912500000000005,0.46958637505449496,26.642,1.2829875848413115,25.82125,2.36076832257288,1,1,0,0.1999999999999993
28.0,23.5,33.5,27.65,28.1,28.05,16.21950546285303,28.03,0.08366600266294799,27.86666666666667,0.4265790629767885,26.733,1.211324540681375,25.825,2.363643172144514,1,1,0,0.45000000000000284
28.0,23.5,33.5,27.65,28.0,28.0,16.570571626940975,28.05,0.05000000001598022,27.8125,0.3529904711571287,26.824,1.1276777655238872,25.82375,2.362420068574016,1,1,0,0.3500000000000014
27.85,23.5,33.5,27.6,28.0,28.0,16.121200924601695,28.0,0.09354143467786569,27.787499999999998,0.3371841956833702,26.912000000000003,1.0261161170715978,25.820500000000003,2.3591646911990383,1,1,0,0.3999999999999986
27.75,23.5,33.5,27.65,28.0,27.85,16.124634327146172,27.93,0.12549900398643438,27.770833333333332,0.3333428028964836,26.993000000000002,0.9219549991230445,25.81425,2.352345015694673,1,1,0,0.3500000000000014
27.7,23.5,33.5,27.6,27.8,27.75,15.010947333839738,27.860000000000003,0.1387443692608131,27.77916666666667,0.3299161968896899,27.07,0.8078063012925657,25.80525,2.3415913794770984,1,1,0,0.1999999999999993
27.5,23.5,33.5,27.05,27.75,27.7,15.716483261588861,27.76,0.18506755523746332,27.8,0.30000000000076593,27.11,0.7774237937584969,25.794,2.327908889753683,1,1,0,0.6999999999999993
27.3,23.5,33.5,27.05,27.5,27.5,14.057123298922091,27.619999999999997,0.2196588263684349,27.816666666666666,0.26053557891245394,27.136000000000003,0.7611108959397317,25.783,2.3154736211953515,1,1,0,0.4499999999999993
27.5,23.5,33.5,27.3,27.75,27.3,15.79728428029052,27.55,0.18027756377750176,27.8125,0.26553975905092503,27.156000000000002,0.7571859825991974,25.7755,2.307416434676309,1,1,0,0.4499999999999993
27.85,23.5,33.5,27.6,28.0,27.5,14.608820217768509,27.57,0.21095023110097186,27.808333333333334,0.2644319239893363,27.175,0.7625313643598326,25.774749999999997,2.306714023329808,1,1,0,0.3999999999999986
27.85,23.5,33.5,27.65,28.0,27.85,14.388635259685746,27.6,0.24238399287402726,27.787500000000005,0.24874685927757886,27.191,0.7682268213095707,25.7715,2.303310431688024,1,1,0,0.3500000000000014
27.95,23.5,33.5,27.65,28.0,27.85,15.27126124982395,27.689999999999998,0.27703790354672553,27.775000000000002,0.23500483554116985,27.212999999999997,0.7739911142240427,25.76625,2.2971029247147206,1,1,0,0.3500000000000014
28.0,23.5,33.5,27.85,28.1,27.95,15.900685755777221,27.830000000000002,0.19557607216011447,27.770833333333332,0.23007739146005982,27.237,0.7795086102598253,25.7625,2.2928156857548485,1,1,0,0.25
27.95,23.5,33.5,27.9,28.1,28.0,16.478389110166926,27.919999999999998,0.06708203933682126,27.766666666666666,0.22596594004642734,27.258000000000003,0.7843728809222994,25.75725,2.2865589202946763,1,1,0,0.20000000000000284
27.95,23.5,33.5,27.85,28.0,27.95,14.87382189690027,27.939999999999998,0.05477225576501982,27.7625,0.22169286698761148,27.279,0.7886367726548711,25.752,2.2802728391806064,1,1,0,0.14999999999999858
28.0,23.5,33.5,27.85,28.5,27.95,14.998311103476851,27.97,0.027386127904317787,27.775000000000002,0.23110406943528786,27.31,0.7858441451127451,25.749499999999998,2.277517327240048,1,1,0,0.6499999999999986
28.15,23.5,33.5,28.1,28.6,28.0,14.806723587481988,28.01,0.08215838363548296,27.808333333333337,0.25480235953519254,27.351,0.7748265111938276,25.74775,2.2755268731110414,1,1,0,0.5
29.55,23.5,33.5,28.25,30.0,28.15,15.881144841650782,28.32,0.6924593850917361,27.962499999999995,0.5600831918729925,27.421000000000003,0.8120954251759195,25.754250000000003,2.2845492474049123,1,1,0,1.75
29.25,23.5,33.5,28.35,30.0,29.55,15.417601749210096,28.580000000000002,0.7596051605944037,28.10833333333333,0.6494169879537184,27.483,0.8311910559121731,25.75925,2.2911237806786464,1,1,0,1.6499999999999986
28.65,23.5,33.5,28.5,29.0,29.25,14.825801885238574,28.72,0.6741661516285601,28.220833333333335,0.6125425155316061,27.533,0.8245351194855975,25.75875,2.2904786398254715,1,1,0,0.5
28.6,23.5,33.5,28.2,29.5,28.65,15.286812435518964,28.840000000000003,0.5572252686317027,28.3125,0.5760859310905392,27.585000000000004,0.8076957651117254,25.75675,2.2878073014882556,1,1,0,1.3000000000000007
28.15,23.5,33.5,28.0,29.0,28.6,15.039639162507608,28.839999999999996,0.5572252686317027,28.337500000000002,0.5604888288567227,27.627,0.7803851743901772,25.75125,2.28067827729425,1,1,0,1.0
27.95,23.5,33.5,27.8,28.3,28.15,15.482028181141315,28.52,0.5044799302268076,28.34583333333333,0.5532787943188114,27.656,0.7644285580798168,25.7485,2.277676844735548,1,1,0,0.5
27.45,23.5,33.5,27.2,27.9,27.95,15.091515889339814,28.160000000000004,0.4954795656751275,28.304166666666664,0.6024413714719963,27.673000000000002,0.7497761570723028,25.74325,2.2725070691630957,1,1,0,0.6999999999999993
27.2,23.5,33.5,27.0,28.0,27.45,15.950930769248297,27.869999999999997,0.5574495492881737,28.237499999999997,0.6786098758762785,27.686000000000003,0.7354049280247518,25.73675,2.266433440496381,1,1,0,1.0
26.4,23.5,33.5,26.1,27.2,27.2,15.95069435147761,27.43,0.6897463301834597,28.108333333333334,0.8612446947545631,27.694000000000003,0.7186750848268261,25.725,2.256804340022632,0,1,0,1.0999999999999979
26.7,23.5,33.5,26.35,27.2,26.4,16.08843004601357,27.139999999999997,0.6117597567685583,28.004166666666666,0.9528565506208495,27.706,0.6961732132572815,25.715999999999998,2.249258727696719,0,1,0,0.8499999999999979
26.25,23.5,33.5,26.05,26.7,26.7,15.67653190693776,26.8,0.5135659646058105,27.858333333333334,1.0791059711493376,27.701999999999998,0.7040669031288561,25.70475,2.2408753981983285,0,1,0,0.6499999999999986
26.15,23.5,33.5,26.05,26.6,26.25,16.325109901643454,26.54,0.4233792626020722,27.691666666666663,1.1797213332998953,27.694999999999997,0.7178660269527223,25.69425,2.233798045041094,0,1,0,0.5500000000000007
26.2,23.5,33.5,26.05,26.5,26.15,15.569464485544655,26.339999999999996,0.22192341021500278,27.412499999999998,1.0931865431765417,27.686999999999998,0.7323996065491125,25.68525,2.228080260162974,0,1,0,0.4499999999999993
26.35,23.5,33.5,26.0,26.5,26.2,15.937939867183943,26.329999999999995,0.21965882636820122,27.170833333333334,0.9628221617474195,27.678,0.746157503753724,25.67825,2.2237558064980827,0,1,0,0.5
26.1,23.5,33.5,26.05,27.0,26.35,16.418955587693954,26.21,0.0961769203158716,26.958333333333332,0.8849328000512358,27.66,0.773212223685689,25.66875,2.217837902622918,0,1,0,0.9499999999999993
26.15,23.5,33.5,26.05,26.25,26.1,13.36953746852855,26.189999999999998,0.0961769203158628,26.754166666666666,0.7429848687234323,27.645,0.7952184913465085,25.659499999999998,2.2119160501846795,0,1,0,0.1999999999999993
26.45,23.5,33.5,26.2,27.0,26.15,16.315470092466892,26.25,0.14577379737610238,26.612499999999997,0.6011825467742031,27.636,0.8062915864926314,25.651750000000003,2.206382800606762,0,1,0,0.8000000000000007
26.8,23.5,33.5,26.5,27.0,26.45,13.698078585677933,26.370000000000005,0.2797320146165961,26.516666666666666,0.43814346619590305,27.637000000000004,0.8052005707794166,25.64575,2.2015913471392152,0,1,0,0.5
28.35,23.5,33.5,26.9,28.65,26.8,17.15488930734646,26.77,0.9264178322989547,26.59166666666667,0.6420256768209764,27.664,0.8060384353016291,25.64375,2.19893725758907,0,1,1,1.75
28.0,23.5,33.5,27.8,28.3,28.35,16.66022812106168,27.15,0.971467961387058,26.658333333333335,0.7443219407726834,27.669,0.8073571144195775,25.64,2.1942478479173047,0,1,1,0.5
27.65,23.5,33.5,27.4,27.8,28.0,16.294013497697758,27.45,0.8023403267950268,26.7625,0.790892763677115,27.652,0.7984014641513433,25.636999999999997,2.191069356415352,0,1,1,0.40000000000000213
27.45,23.5,33.5,27.0,27.65,27.65,15.829920256843414,27.65,0.5863019699792642,26.825,0.8147782743569548,27.641,0.797297092093687,25.63175,2.1854255562265936,1,1,0,0.6499999999999986
27.65,23.5,33.5,27.4,27.8,27.45,14.45266975710799,27.82,0.3563705936263269,26.941666666666666,0.8251262529660498,27.623,0.7864418709137726,25.62625,2.1789129735330017,1,1,0,0.40000000000000213
27.7,23.5,33.5,27.6,27.8,27.65,15.74427469351232,27.689999999999998,0.1981161275655491,27.070833333333336,0.8111322987411278,27.604,0.7724754800941988,25.61975,2.17072167734645,1,1,0,0.1999999999999993
27.7,23.5,33.5,27.65,28.0,27.7,15.95339799682158,27.630000000000003,0.10368220677417986,27.195833333333336,0.7797022547492513,27.595,0.768595990048212,25.6145,2.164373422392047,1,1,0,0.3500000000000014
27.4,23.5,33.5,27.1,27.9,27.7,14.392798413848794,27.580000000000002,0.1440486029142932,27.28333333333333,0.733712023435485,27.584,0.7673463417278336,25.6065,2.1547324916453174,0,1,0,0.7999999999999972
27.45,23.5,33.5,27.05,27.6,27.4,14.100765437164275,27.579999999999995,0.1440486029142932,27.395833333333332,0.6322608542992741,27.581,0.7675756959280404,25.59875,2.145232165224278,0,1,0,0.5500000000000007
27.55,23.5,33.5,27.2,27.7,27.45,14.350834238810574,27.560000000000002,0.13874436926073097,27.5125,0.4959495025618721,27.587,0.7661066425471886,25.5915,2.1361103875827614,0,1,0,0.5
27.5,23.5,33.5,27.3,27.65,27.55,16.936588354898774,27.52,0.11510864433896723,27.599999999999998,0.36742346141810067,27.595,0.7629995854171632,25.584,2.126695362723214,0,1,0,0.34999999999999787
27.35,23.5,33.5,27.1,27.7,27.5,16.931498407924913,27.45,0.07905694151400694,27.645833333333332,0.2832107578002491,27.590999999999998,0.7637641745234836,25.57575,2.1165534317960226,0,1,0,0.5999999999999979
27.2,23.5,33.5,27.05,27.5,27.35,15.482670247741522,27.410000000000004,0.13874436926068734,27.549999999999997,0.20780235364951347,27.576999999999998,0.7643998579650356,25.566750000000003,2.1057189267544096,0,1,0,0.4499999999999993
27.25,23.5,33.5,27.1,27.35,27.2,16.83724195610368,27.369999999999997,0.15247950682482808,27.487499999999997,0.16939061903966884,27.56,0.7619791630338606,25.554250000000003,2.0881080945612336,0,1,0,0.25
27.3,23.5,33.5,27.1,27.65,27.25,16.10870176626027,27.32,0.11510864433889745,27.458333333333332,0.168998834496179,27.544,0.7588014179194434,25.541999999999998,2.0704819432649533,0,1,0,0.5499999999999972
27.0,23.5,33.5,27.0,27.3,27.3,16.735786312021638,27.22,0.13509256086672825,27.420833333333334,0.21474967809728018,27.523000000000003,0.7590414201812989,25.5295,2.0539469908459944,0,1,0,0.3000000000000007
27.15,23.5,33.5,27.0,27.5,27.0,16.03257055073016,27.18,0.11510864433884715,27.379166666666663,0.21474967809728143,27.506,0.7576575070300605,25.524,2.048089930107643,0,1,0,0.5
27.25,23.5,33.5,27.15,27.5,27.15,14.00414630490325,27.190000000000005,0.11937336386953397,27.341666666666665,0.1916831349985866,27.491,0.7550976420168547,25.5215,2.0456628344280223,0,1,0,0.3500000000000014
27.3,23.5,33.5,27.15,27.35,27.25,15.215288850894497,27.2,0.12747548784581714,27.308333333333334,0.15496822743909192,27.479999999999997,0.7537660547583345,25.516750000000002,2.040391611219514,0,1,0,0.20000000000000284
27.45,23.5,33.5,27.3,28.0,27.3,15.979500143033917,27.23,0.16807736314427232,27.3125,0.15829345590478694,27.473999999999997,0.7527663268617724,25.51525,2.038851272174981,0,1,0,0.6999999999999993
27.5,23.5,33.5,27.4,27.9,27.45,14.991732134401378,27.330000000000002,0.14404860291422672,27.316666666666663,0.16283473682115257,27.47,0.7520719678978741,25.514,2.0375505049693357,0,1,0,0.5
27.55,23.5,33.5,27.55,28.0,27.5,15.491896773178471,27.410000000000004,0.1294217910614276,27.316666666666666,0.16283473682115257,27.471,0.7521459096395972,25.51425,2.0377984567298464,0,1,0,0.4499999999999993
28.1,23.5,33.5,27.6,28.35,27.55,17.018708159277946,27.580000000000002,0.3053686296946084,27.36666666666667,0.2766137225728568,27.487,0.7569278670508767,25.5185,2.042318061744037,1,1,0,0.75
28.15,23.5,33.5,27.35,28.55,28.1,15.389756638393067,27.75,0.3446012188045444,27.433333333333334,0.35696532384070995,27.499999999999996,0.7627153426261817,25.524250000000002,2.0481207068060043,1,1,0,1.1999999999999993
28.15,23.5,33.5,28.0,28.3,28.15,15.892474157078706,27.889999999999997,0.33429029301131286,27.5125,0.40290140910029615,27.506,0.7666944685877732,25.53,2.053890780125054,1,1,0,0.3000000000000007
28.15,23.5,33.5,28.0,28.3,28.15,15.637702395983549,28.02,0.2636285265323177,27.587500000000002,0.43229041164529325,27.512000000000004,0.7706053808928713,25.539499999999997,2.0616173457752276,1,1,0,0.3000000000000007
27.75,23.5,33.5,27.45,28.2,28.15,15.108318350489702,28.059999999999995,0.17464249197032408,27.625,0.4245318276969691,27.508000000000003,0.768802408201851,25.545749999999998,2.066432956404796,1,1,0,0.75
27.85,23.5,33.5,27.55,30.0,27.75,16.47224648200266,28.01,0.19493588690028302,27.695833333333336,0.37926863430839053,27.505,0.7671342111775529,25.5525,2.0717636867820204,1,1,0,2.4499999999999993
27.55,23.5,33.5,27.2,28.0,27.85,14.756845450384674,27.889999999999997,0.2607680962111515,27.729166666666668,0.3427551029620338,27.497,0.7644799486164153,25.5565,2.074857323907392,1,1,0,0.8000000000000007
27.0,23.5,33.5,27.0,27.5,27.55,16.12601431541388,27.660000000000004,0.42778499272597986,27.708333333333332,0.3800916954764351,27.477999999999998,0.7647968918046854,25.559,2.076300585320511,1,1,0,0.5
27.5,23.5,33.5,27.2,27.75,27.0,14.907400636453232,27.53,0.32901367752960425,27.724999999999998,0.36462932610392057,27.467999999999996,0.761092126151373,25.57275,2.0800185874457666,1,1,0,0.5500000000000007
27.45,23.5,33.5,27.15,27.8,27.5,13.296150284129366,27.47,0.30536862969458517,27.725000000000005,0.36462932610392057,27.454,0.7547022659326674,25.59,2.0812153387940033,1,1,0,0.6500000000000021
27.75,23.5,33.5,27.5,28.1,27.45,14.935949893995025,27.45,0.2761340254324815,27.745833333333337,0.3576808718132122,27.417999999999996,0.6930971601941588,25.60375,2.086375626239944,1,1,0,0.6000000000000014
27.5,23.5,33.5,27.25,27.75,27.75,14.855575586438732,27.439999999999998,0.2724885318716097,27.741666666666664,0.36045005538173525,27.382999999999996,0.6409185054373633,25.6175,2.089779808554116,1,1,0,0.5
27.7,23.5,33.5,27.3,28.0,27.5,15.039521550075133,27.580000000000002,0.13509256086683002,27.708333333333332,0.3423404295396963,27.364,0.6161963641433562,25.63225,2.0940325448746604,1,1,0,0.6999999999999993
27.95,23.5,33.5,27.5,28.05,27.7,16.00723123883451,27.669999999999998,0.20186629238574383,27.691666666666666,0.3232177237871578,27.351,0.5961175407994612,25.648249999999997,2.0994757511453925,1,1,0,0.5500000000000007
27.75,23.5,33.5,27.5,28.0,27.95,16.104361872886535,27.73,0.16046806536371103,27.65833333333333,0.2906367096052258,27.343000000000004,0.5878020283136266,25.664499999999997,2.103117989172547,1,1,0,0.5
27.85,23.5,33.5,27.65,28.0,27.75,14.446782866720884,27.75,0.16955824958277396,27.633333333333336,0.25524794837955384,27.340999999999998,0.5858614797622432,25.68375,2.105424541511584,1,1,0,0.3500000000000014
27.8,23.5,33.5,27.5,28.0,27.85,15.041460388572435,27.810000000000002,0.09617692031657163,27.6375,0.2577216609947846,27.348,0.5892714283981096,25.7015,2.1082388634893583,1,1,0,0.5
27.25,23.5,33.5,27.2,28.0,27.8,15.741582510519402,27.72,0.27294688128200145,27.587499999999995,0.2706263778054419,27.348999999999997,0.5890575315790657,25.7165,2.1085320216756065,1,1,0,0.8000000000000007
27.5,23.5,33.5,27.35,27.8,27.25,15.838752182182061,27.630000000000003,0.2514955268022917,27.583333333333332,0.27163924382963583,27.371,0.5732195148847571,25.7315,2.1105044170699148,1,1,0,0.4499999999999993
27.5,23.5,33.5,27.35,27.95,27.5,16.302090889698263,27.580000000000002,0.24647515088048402,27.625,0.20393849340270578,27.386999999999997,0.5652171336425356,25.745250000000002,2.113034431818258,1,1,0,0.5999999999999979
27.6,23.5,33.5,27.5,27.8,27.5,15.546440353104114,27.53,0.1987460691474238,27.633333333333336,0.20037842985703644,27.414,0.5415435234170207,25.760749999999998,2.115222866834879,1,1,0,0.3000000000000007
27.55,23.5,33.5,27.5,27.75,27.6,13.708594388459776,27.48,0.13509256086679142,27.641666666666666,0.19403998338479359,27.442000000000004,0.5101380365414347,25.776,2.1170815220140966,1,1,0,0.25
27.45,23.5,33.5,27.4,27.6,27.55,15.703125664268391,27.52,0.057008771268565496,27.61666666666667,0.1980970071527605,27.467000000000002,0.47762272704256364,25.793249999999997,2.1165931993078013,1,1,0,0.20000000000000284
27.4,23.5,33.5,27.25,27.55,27.45,16.200873169471485,27.5,0.07905694151400995,27.60833333333333,0.20541901006826663,27.487999999999996,0.44977999156937526,25.815250000000002,2.110271586393788,1,1,0,0.3000000000000007
27.55,23.5,33.5,27.5,28.0,27.4,14.700517412510091,27.51,0.08215838363521188,27.59583333333333,0.20389205403209573,27.517,0.4027469454144101,25.84175,2.098520521557087,0,1,0,0.5
27.6,23.5,33.5,27.5,28.0,27.55,14.321485033917183,27.51,0.08215838363521188,27.566666666666666,0.1710041644021649,27.546,0.35121363926816024,25.86225,2.0955534253009866,0,1,0,0.5
27.6,23.5,33.5,27.5,27.65,27.6,14.297196309725194,27.52,0.09082951063146642,27.554166666666664,0.16160886189464682,27.569000000000003,0.31361779676670487,25.881500000000003,2.0937350314470993,0,1,0,0.14999999999999858
27.45,23.5,33.5,27.3,27.6,27.6,15.095861177827793,27.52,0.09082951063146642,27.520833333333332,0.13392388159348495,27.581999999999997,0.2939457120498205,25.90125,2.0897839414900736,0,1,0,0.3000000000000007
27.2,23.5,33.5,27.0,27.5,27.45,15.630237738361075,27.48,0.16807736314432062,27.470833333333335,0.13221596199597743,27.559,0.27713733425981885,25.91975,2.0847911666500187,0,1,0,0.5
27.3,23.5,33.5,27.05,27.5,27.2,14.85663531981717,27.43,0.17888543820429578,27.475000000000005,0.12522706649234897,27.545,0.2720387877502732,25.9375,2.081334552057206,0,1,0,0.4499999999999993
27.65,23.5,33.5,27.2,28.0,27.3,16.15631596002811,27.439999999999998,0.19170289513083455,27.4875,0.13505049560848342,27.545,0.2720387877502732,25.956999999999997,2.0790051254282704,0,1,0,0.8000000000000007
27.9,23.5,33.5,27.5,28.15,27.65,15.214301757308709,27.5,0.2806243040108067,27.520833333333332,0.1802250276918286,27.554000000000002,0.2762430163487481,25.979,2.0761529460219466,0,1,1,0.6499999999999986
28.0,23.5,33.5,27.65,28.15,27.9,15.699013398947525,27.610000000000003,0.35425979168057087,27.554166666666664,0.22709462718749843,27.561,0.2830753126870718,26.0015,2.0735345373024674,1,1,1,0.5
28.5,23.5,33.5,27.7,28.75,28.0,16.258040272298835,27.869999999999997,0.44384682042523405,27.63333333333333,0.3550501458400829,27.576999999999998,0.3122025114618524,26.026500000000002,2.073364888242833,1,1,1,1.0500000000000007
29.2,23.5,33.5,28.65,29.6,28.5,16.966210363345354,28.25,0.6144102863735547,27.77916666666667,0.5682742349086946,27.607,0.38729965195954813,26.055,2.0776327367809597,1,1,1,0.9500000000000028
29.45,23.5,33.5,29.0,29.55,29.2,16.4270719582946,28.609999999999996,0.6967783004669954,27.950000000000003,0.7292586522069076,27.648000000000003,0.465543351627669,26.08475,2.083454788754278,1,1,1,0.5500000000000007
29.3,23.5,33.5,28.95,29.9,29.45,17.333735163803336,28.889999999999997,0.616846820533029,28.09583333333333,0.8122522932434478,27.685,0.5198361201730425,26.115,2.08600866748037,1,1,1,0.9499999999999993
29.1,23.5,33.5,28.95,29.35,29.3,15.258634348259037,29.110000000000003,0.3646916505785836,28.22083333333333,0.843816635977252,27.715999999999998,0.5565418003259349,26.144250000000003,2.0866480146841093,1,1,0,0.40000000000000213
29.0,23.5,33.5,28.95,29.2,29.1,16.817766555680386,29.21,0.17464249197071893,28.337500000000002,0.8469530951918146,27.746,0.5843922361856939,26.16675,2.0930807131734075,1,1,0,0.25
28.9,23.5,33.5,28.75,29.1,29.0,12.302750072044772,29.15,0.22360679775386239,28.458333333333332,0.8115174711988977,27.776999999999997,0.6037476496762761,26.1925,2.0948773965394403,1,1,0,0.3500000000000014
28.3,23.5,33.5,28.0,28.9,28.9,14.148477372050438,28.919999999999998,0.3768288736306087,28.549999999999997,0.7125498387675905,27.799,0.6023330491021134,26.221500000000002,2.0836194711371143,1,1,0,0.8999999999999986
28.2,23.5,33.5,28.05,28.3,28.3,15.410038060667066,28.7,0.41833001326905905,28.625,0.6088364461678228,27.818,0.5996393473902535,26.24875,2.0736043771810757,1,1,0,0.25
28.0,23.5,33.5,27.95,29.0,28.2,14.65746603031843,28.48,0.4438468204253236,28.65416666666667,0.5646633483502738,27.831999999999997,0.5954555793160475,26.2725,2.0662747169796516,1,1,0,1.0500000000000007
28.25,23.5,33.5,28.0,28.4,28.0,14.158959117642132,28.330000000000002,0.33837848631621803,28.683333333333337,0.5301514935007269,27.857,0.5859764221765021,26.2925,2.0659585362165473,1,1,0,0.3999999999999986
28.15,23.5,33.5,28.0,28.3,28.25,15.024083067408407,28.18,0.11510864433934379,28.695833333333336,0.5141004205645893,27.877000000000002,0.5783694532819247,26.311999999999998,2.0649883497059474,1,1,0,0.3000000000000007
28.05,23.5,33.5,27.2,28.3,28.15,16.355891412441217,28.130000000000003,0.10368220677453294,28.658333333333335,0.5451577475349823,27.893,0.5716972582598925,26.331,2.0634018357260353,1,1,0,1.1000000000000014
26.2,23.5,33.5,25.55,26.7,28.05,15.536955032084999,27.73,0.8606683449515277,28.408333333333335,0.8670308092812363,27.871000000000002,0.6145423052140475,26.342,2.0567662573041954,0,1,1,1.1499999999999986
26.65,23.5,33.5,26.2,27.0,26.2,16.34534285077765,27.46,0.9607288899588575,28.174999999999997,0.9352928564215507,27.855,0.6357744754811292,26.3565,2.048607260687585,0,1,1,0.8000000000000007
26.85,23.5,33.5,26.7,28.5,26.65,16.779045051736535,27.18,0.872926113712698,27.97083333333333,0.9347966072735588,27.842000000000002,0.649674957975327,26.372,2.040498510377659,0,1,1,1.8000000000000007
26.8,23.5,33.5,26.5,27.0,26.85,16.067528513907334,26.909999999999997,0.6868405928609136,27.77916666666667,0.9178676705312825,27.827,0.6650310718533731,26.3885,2.030475784033612,0,1,1,0.5
26.85,23.5,33.5,26.7,26.95,26.8,14.651805681055723,26.669999999999998,0.2752271788932009,27.599999999999998,0.8662877959748776,27.802,0.6779290192209458,26.405250000000002,2.0203201242678803,0,1,0,0.25
26.95,23.5,33.5,26.9,27.05,26.85,15.001859266270612,26.820000000000004,0.10954451150798122,27.4375,0.7787300267396421,27.778000000000002,0.686544140709604,26.42125,2.0118395635953203,0,1,0,0.15000000000000213
27.05,23.5,33.5,26.95,27.4,26.95,16.472653425274277,26.9,0.10000000000764153,27.333333333333332,0.7352591792058983,27.756,0.6919832485879704,26.43775,2.0033357702946053,0,1,0,0.4499999999999993
27.15,23.5,33.5,27.05,28.0,27.05,13.97029046835588,26.96,0.1431782106381162,27.245833333333334,0.6833933824321005,27.736,0.6948087389154649,26.45475,1.9948211686700235,0,1,0,0.9499999999999993
27.15,23.5,33.5,27.05,27.4,27.15,14.229605653708807,27.03,0.13038404810995166,27.175,0.6408446131335515,27.723999999999997,0.6997258938544729,26.47175,1.986123832212781,0,1,0,0.34999999999999787
27.2,23.5,33.5,27.1,27.35,27.15,14.120050484945333,27.1,0.10000000000771883,27.087500000000002,0.5452793279182881,27.711,0.7033658147703679,26.489,1.9773285363597717,0,1,0,0.25
27.15,23.5,33.5,27.05,27.7,27.2,15.436066633920923,27.139999999999997,0.054772255764637075,27.004166666666666,0.4329908320121066,27.703000000000003,0.7074970253055165,26.506,1.968256632366173,0,1,0,0.6499999999999986
27.25,23.5,33.5,27.15,27.5,27.15,13.889412294567192,27.18,0.04472135956732636,26.9375,0.29781400541052117,27.708000000000002,0.703298351646298,26.5235,1.9591680497689152,0,1,0,0.3500000000000014
27.2,23.5,33.5,27.15,27.5,27.25,14.82572906000926,27.189999999999998,0.04183300134524003,27.020833333333332,0.19477064989643972,27.702,0.706381986041483,26.54075,1.9497911078679069,0,1,0,0.3500000000000014
27.35,23.5,33.5,27.25,28.0,27.2,15.582823805078664,27.23,0.07582875445076279,27.079166666666666,0.1776850294691276,27.7,0.7072510739705392,26.55875,1.9404931087288804,0,1,0,0.75
27.5,23.5,33.5,27.4,27.6,27.35,13.993657580167481,27.29,0.13874436926073283,27.13333333333333,0.19924098398031637,27.695,0.7077738887178928,26.578249999999997,1.9301793697728284,0,1,0,0.20000000000000284
27.5,23.5,33.5,27.35,27.75,27.5,15.269557254757983,27.359999999999996,0.13874436926075076,27.191666666666663,0.1952077370560287,27.695,0.7077738887178928,26.5975,1.9200001962937367,0,1,0,0.3999999999999986
27.55,23.5,33.5,27.4,28.0,27.5,17.234253151595773,27.419999999999998,0.14404860291432198,27.25,0.18829377433951616,27.691999999999997,0.7080700991469349,26.618250000000003,1.907655678690825,0,1,0,0.6000000000000014
27.15,23.5,33.5,27.0,27.5,27.55,14.715509699631543,27.410000000000004,0.1635542723427525,27.266666666666666,0.16696942198876727,27.676,0.7111531308445679,26.639,1.8905953437391043,0,1,0,0.5
27.1,23.5,33.5,27.1,27.4,27.15,15.738020619473005,27.360000000000003,0.21621748310801192,27.270833333333332,0.16160886189469745,27.662999999999997,0.7156993154977221,26.66125,1.869481409697664,0,1,0,0.29999999999999716
27.5,23.5,33.5,27.2,28.0,27.1,14.146396506004047,27.360000000000003,0.21621748310801192,27.299999999999997,0.16922282244673373,27.656,0.7155446049216492,26.688499999999998,1.8414389037326313,0,1,0,0.8000000000000007
27.55,23.5,33.5,27.25,27.75,27.5,15.983718300612443,27.369999999999997,0.22527760652484777,27.333333333333332,0.17624019422674567,27.651,0.7153912872529108,26.715500000000002,1.8139423043239862,0,1,0,0.5
27.65,23.5,33.5,27.5,28.0,27.55,15.937424850915413,27.389999999999997,0.24849547279893294,27.370833333333334,0.19242275112883592,27.659000000000002,0.7130482137288242,26.739250000000002,1.7947290041929969,0,1,0,0.5
28.1,23.5,33.5,27.8,28.2,27.65,15.540934514654634,27.580000000000002,0.3581200915916029,27.45,0.2721964531205064,27.671,0.7153627594101102,26.764750000000003,1.7774819684712209,0,1,0,0.3999999999999986
28.05,23.5,33.5,27.8,28.5,28.1,16.04264996908517,27.77,0.2841654447704558,27.516666666666666,0.31358146203787046,27.682000000000002,0.7169066201679571,26.79,1.7595111244274761,1,1,0,0.6999999999999993
27.85,23.5,33.5,27.75,28.55,28.05,15.376325502250909,27.839999999999996,0.24083189157915788,27.570833333333336,0.31002810234380285,27.686999999999998,0.717194790378992,26.81475,1.739215134455399,1,1,0,0.8000000000000007
28.2,23.5,33.5,28.0,28.35,27.85,14.365538240863406,27.97,0.2196588263685377,27.64166666666667,0.3495668315178731,27.7,0.7205440121666518,26.8435,1.7140441906311212,1,1,0,0.3500000000000014
28.3,23.5,33.5,28.0,28.45,28.2,15.080964370244512,28.1,0.16955824958288332,27.708333333333332,0.39360416972476053,27.717,0.7245413749962536,26.8735,1.6864067089343553,1,1,0,0.4499999999999993
28.45,23.5,33.5,28.2,29.0,28.3,15.31998809689522,28.169999999999998,0.23075961518778673,27.787500000000005,0.44062197774646134,27.738000000000003,0.7303591512370806,26.90275,1.6624752803539802,1,1,0,0.8000000000000007
28.0,23.5,33.5,27.9,28.45,28.45,13.937463553905387,28.159999999999997,0.23822258499482118,27.825000000000003,0.4377109880861859,27.747000000000003,0.7307676980896594,26.92975,1.6358814068831613,1,1,0,0.5500000000000007
27.9,23.5,33.5,27.7,28.3,28.0,13.126357390703754,28.169999999999998,0.22248595461650095,27.8875,0.382649257866693,27.752999999999997,0.7307676980896596,26.955,1.6113838118039465,1,1,0,0.6000000000000014
27.9,23.5,33.5,27.0,28.0,27.9,15.924972081933554,28.109999999999996,0.25099800796343325,27.954166666666666,0.2919046648031008,27.759,0.7307174277266864,26.9835,1.5768991102854961,1,1,0,1.0
28.45,23.5,33.5,27.85,28.5,27.9,15.446984092900083,28.139999999999997,0.28591956911273764,28.033333333333335,0.28630350499107615,27.779,0.7357551999718025,27.014499999999998,1.5439750792111946,1,1,0,0.6499999999999986
28.25,23.5,33.5,28.0,28.5,28.45,14.973115078000678,28.1,0.2423839928741393,28.09166666666667,0.2475638882962492,27.8,0.7338742593736768,27.045,1.5072104753764506,1,1,0,0.5
28.45,23.5,33.5,27.8,28.55,28.25,16.591593231740323,28.189999999999998,0.2770379035468197,28.158333333333335,0.2244521950867656,27.823,0.7359021951429158,27.08075,1.454119753938115,1,1,0,0.75
28.5,23.5,33.5,28.25,28.55,28.45,15.149195232316444,28.310000000000002,0.24849547279905257,28.191666666666666,0.2438640952870616,27.84,0.7416198487094562,27.116,1.401432863304849,1,1,0,0.3000000000000007
28.6,23.5,33.5,28.4,28.75,28.5,14.920602143910697,28.45,0.12747548784622786,28.237499999999997,0.265539759050965,27.854,0.7493425689990683,27.149,1.3573729430527661,1,1,0,0.3500000000000014
28.7,23.5,33.5,28.5,28.9,28.6,17.00128455267359,28.5,0.16955824958295865,28.308333333333337,0.26614532371209393,27.868000000000002,0.7586077473144819,27.180999999999997,1.317332846756957,1,1,0,0.3999999999999986
28.85,23.5,33.5,28.8,28.95,28.7,14.769213060148411,28.620000000000005,0.16046806536393646,28.362499999999997,0.30535002270201206,27.875,0.7661359446691721,27.210250000000002,1.2886662644785443,1,1,0,0.14999999999999858
28.9,23.5,33.5,28.8,29.0,28.85,15.275566634869497,28.71,0.16733200531174483,28.412499999999998,0.3412044175357905,27.869,0.7566635949470584,27.237750000000002,1.2654224223689998,1,1,0,0.1999999999999993
29.25,23.5,33.5,28.85,29.6,28.9,16.917632362558116,28.860000000000003,0.24849547279912046,28.479166666666668,0.41857894516305727,27.865,0.7486211815526103,27.2665,1.2452332226910425,1,1,0,0.75
29.75,23.5,33.5,28.9,29.85,29.25,16.95989130191567,29.089999999999996,0.42041646019354567,28.625,0.5272139465672658,27.874000000000002,0.7686617047351648,27.29775,1.2285475501231589,1,1,0,0.9500000000000028
30.3,23.5,33.5,29.8,30.95,29.75,15.772869349072854,29.410000000000004,0.6137996415783321,28.825,0.6645230688933214,27.898000000000003,0.8244330148157631,27.33025,1.2215084329458523,1,1,0,1.1499999999999986
30.4,23.5,33.5,29.8,30.6,30.3,15.959287592360306,29.72,0.6505766672742775,29.033333333333335,0.7361859119612298,27.926000000000002,0.8842291696668001,27.3635,1.214047903320467,1,1,0,0.8000000000000007
30.5,23.5,33.5,30.4,30.55,30.4,15.717558530349084,30.04,0.5284411036262444,29.204166666666666,0.8214339826664593,27.958000000000002,0.9469262842243568,27.3975,1.2061270506503805,1,1,0,0.15000000000000213
30.7,23.5,33.5,30.5,31.25,30.5,17.510988220942025,30.329999999999995,0.3563705936265494,29.40833333333333,0.8659816640234013,28.006,1.022434070525468,27.433500000000002,1.196625384803787,1,1,0,0.75
31.2,23.5,33.5,30.8,31.5,30.7,16.172934248325753,30.619999999999997,0.3563705936265711,29.6375,0.9491922403240609,28.066,1.1176432931003069,27.473000000000003,1.1898633847509033,1,1,0,0.6999999999999993
30.0,23.5,33.5,29.8,30.5,31.2,15.460431630671522,30.559999999999995,0.43931765273176987,29.7625,0.8821783472541929,28.105999999999998,1.1505384719817326,27.50675,1.1649474021378627,1,1,0,0.6999999999999993
29.4,23.5,33.5,28.0,29.85,30.0,14.993334747743242,30.360000000000003,0.6877499545632434,29.82916666666667,0.8139293953449311,28.129,1.164881092293772,27.537750000000003,1.1317871479391404,1,1,0,1.8500000000000014
29.0,23.5,33.5,28.65,29.85,29.4,16.532956546750064,30.060000000000002,0.9044335243685573,29.854166666666668,0.7799936868434617,28.146,1.1713780476908828,27.565499999999997,1.0986102458837768,1,1,0,1.2000000000000028
29.3,23.5,33.5,28.7,30.0,29.0,14.595569568892582,29.78,0.8729261137127913,29.891666666666666,0.7369572990388021,28.171,1.1825728609385693,27.594749999999998,1.0658754099078538,1,1,0,1.3000000000000007
29.95,23.5,33.5,29.0,30.0,29.3,16.071056557768838,29.53,0.4324349662107669,29.979166666666668,0.6675798669735223,28.246,1.173901570813776,27.62725,1.037582684238784,1,1,0,1.0
28.75,23.5,33.5,28.6,29.95,29.95,15.837799700491955,29.28,0.45359673720353955,29.9375,0.7299206058946394,28.288,1.1530155670931137,27.6525,1.0023809594853093,1,1,0,1.3499999999999979
28.55,23.5,33.5,28.4,29.95,28.75,15.225497275487509,29.110000000000003,0.5470374758658582,29.837499999999995,0.8328824537824568,28.322,1.1346652837389195,27.676,0.9672652221853315,1,1,0,1.5500000000000007
28.55,23.5,33.5,28.25,29.0,28.55,14.858399050295288,29.02,0.6037383539263388,29.691666666666666,0.8954007059651706,28.357,1.1135533307426457,27.69125,0.956772179001641,1,1,0,0.75
28.6,23.5,33.5,28.55,29.5,28.55,13.99741619494224,28.880000000000003,0.6037383539263332,29.541666666666668,0.916473808913676,28.392000000000003,1.0925237586730945,27.70425,0.9513251469265716,1,1,0,0.9499999999999993
28.5,23.5,33.5,28.25,28.95,28.6,16.18758449276499,28.590000000000003,0.09617692031701325,29.375,0.9081699880932106,28.423000000000002,1.0725808090007096,27.714249999999996,0.9491119560010336,1,1,0,0.6999999999999993
28.45,23.5,33.5,28.1,29.0,28.5,16.408740903851385,28.53,0.05700877126953622,29.1875,0.8394059046300327,28.451,1.0541216480935567,27.722,0.9487579820700823,1,1,0,0.8999999999999986
28.9,23.5,33.5,28.0,29.0,28.45,15.022828062538911,28.6,0.176776695301348,28.995833333333334,0.5512210962673543,28.486,1.0389869477288478,27.73125,0.9511885912792922,1,1,0,1.0
28.85,23.5,33.5,28.5,29.0,28.9,14.669926311652166,28.660000000000004,0.20432816742110865,28.900000000000002,0.4517642184717528,28.52,1.022052756336278,27.74125,0.95238971452903,1,1,0,0.5
28.9,23.5,33.5,28.7,29.0,28.85,15.27549696546704,28.72,0.22527760652508574,28.85833333333333,0.4236386396094914,28.554000000000002,1.0053854982044907,27.75175,0.9535358359554394,1,1,0,0.3000000000000007
28.95,23.5,33.5,28.45,29.1,28.9,15.152509889991883,28.810000000000002,0.2043281674211255,28.854166666666668,0.4223625829966889,28.59,0.9861282774526505,27.761999999999997,0.955350444790175,1,1,0,0.6500000000000021
29.25,23.5,33.5,29.0,29.95,28.95,16.51707316003151,28.97,0.16046806536405547,28.850000000000005,0.41778637429425314,28.63,0.9711133942489384,27.77375,0.9591392904010002,1,1,0,0.9499999999999993
29.4,23.5,33.5,29.0,29.8,29.25,15.037637867473084,29.07,0.24135036772643925,28.804166666666664,0.29958936543086745,28.673999999999996,0.954700508654097,27.788500000000003,0.96136040021131,1,1,0,0.8000000000000007
29.5,23.5,33.5,29.15,29.75,29.4,15.576931259189891,29.2,0.2669269563039575,28.866666666666664,0.35950302396907324,28.717,0.9421864497658382,27.805500000000002,0.9614137151389416,1,1,0,0.6000000000000014
29.4,23.5,33.5,29.0,29.5,29.5,15.470571911503141,29.3,0.21505813168001775,28.9375,0.37484845422763785,28.755,0.9303417190933785,27.82225,0.9598562693382342,1,1,0,0.5
29.45,23.5,33.5,29.4,30.0,29.4,16.393611590229135,29.4,0.09354143467846113,29.0125,0.3802660551873658,28.794,0.9174409840330794,27.83875,0.9593291927169557,1,1,0,0.6000000000000014
30.0,23.5,33.5,29.45,30.25,29.45,15.594708291253683,29.55,0.2549509756829974,29.129166666666663,0.45048374672245073,28.843000000000004,0.9150671883438883,27.857999999999997,0.963888690168185,1,1,0,0.8000000000000007
30.15,23.5,33.5,29.8,30.25,30.0,16.52835597694356,29.7,0.3482097069320726,29.266666666666666,0.4909792318022224,28.903,0.9000232423302268,27.87875,0.9683488186972335,1,1,0,0.4499999999999993
30.15,23.5,33.5,29.8,30.25,30.15,16.52835597694356,29.829999999999995,0.37516662964838304,29.40833333333333,0.4790299541471225,28.964000000000002,0.8784285598122382,27.899250000000002,0.9728277889915224,1,1,0,0.4499999999999993
30.25,23.5,33.5,30.0,30.6,30.15,15.072920142769183,30.0,0.320156211874354,29.520833333333332,0.5065293374499338,29.019000000000002,0.8709536176407803,27.918000000000003,0.9818201741002843,1,1,0,0.6000000000000014
30.3,23.5,33.5,30.0,30.5,30.25,16.50923199083069,30.169999999999998,0.11510864433979266,29.641666666666666,0.5049002301690346,29.074,0.8630888998124854,27.936500000000002,0.9916702067693313,1,1,0,0.5
30.05,23.5,33.5,29.8,30.3,30.3,15.394386371022538,30.18,0.09746794345704315,29.7375,0.45831955902221927,29.122,0.8488984458864971,27.954,0.9979421036362813,1,1,0,0.5
30.0,23.5,33.5,29.5,30.1,30.05,16.859790156680884,30.15,0.12747548784666068,29.825,0.3893467722884245,29.16,0.8447315719039808,27.974,0.9986669506852164,1,1,0,0.6000000000000014
30.2,23.5,33.5,29.55,30.5,30.0,15.48974339616147,30.160000000000004,0.12942179106218737,29.904166666666665,0.35704489998677724,29.202999999999996,0.8417916994756292,27.994500000000002,1.0020806244451557,1,1,0,0.9499999999999993
30.9,23.5,33.5,30.2,31.1,30.2,15.399035818863068,30.29,0.3612478373661895,30.029166666666665,0.42128501113447053,29.264,0.8521904549034343,28.01675,1.0169082799091012,1,1,0,0.9000000000000021
31.3,23.5,33.5,30.6,31.5,30.9,17.41341718982432,30.49,0.5792236183045001,30.179166666666664,0.5237358517657132,29.326,0.8853247991556298,28.04075,1.03736811234077,1,1,0,0.8999999999999986
31.65,23.5,33.5,30.0,32.0,31.3,15.846103315006532,30.809999999999995,0.7039176088163793,30.36666666666667,0.6143486326384735,29.393,0.9316438182490101,28.066,1.0632598967510898,1,1,0,2.0
31.7,23.5,33.5,30.3,32.0,31.65,14.937058143690171,31.15,0.6204836823009788,30.55416666666667,0.6513825622664207,29.458,0.9767898276225578,28.090500000000002,1.0900577413127797,1,1,0,1.6999999999999993
31.45,23.5,33.5,31.0,32.0,31.7,13.752465321322225,31.4,0.32210246817090843,30.674999999999997,0.6733565852574839,29.526999999999997,0.9934073501163957,28.112750000000002,1.1128644454147496,1,1,0,1.0
31.35,23.5,33.5,30.0,31.5,31.45,15.482764634539825,31.49,0.17818529681708883,30.775000000000002,0.6773947419076765,29.596000000000004,0.9978977903572981,28.135,1.1328023684778732,1,1,0,1.5
31.5,23.5,33.5,31.0,31.6,31.35,15.660115607826611,31.53,0.1440486029151123,30.887500000000003,0.6762614475593589,29.668000000000003,1.0028917372950468,28.157999999999998,1.1540995315145666,1,1,0,0.6000000000000014
31.3,23.5,33.5,31.0,31.6,31.5,12.76368929365942,31.459999999999997,0.1557241150297306,30.974999999999998,0.653834841531511,29.725,1.0131910592030344,28.18075,1.1709279649038613,1,1,0,0.6000000000000014
31.55,23.5,33.5,31.0,31.8,31.3,13.715691327653829,31.43,0.10368220677527863,31.079166666666666,0.6358452975565526,29.791,1.0225862570273554,28.2035,1.1918853567002612,1,1,0,0.8000000000000007
31.5,23.5,33.5,31.05,31.7,31.55,14.458311889904989,31.439999999999998,0.10839741695166057,31.2,0.5551412596649251,29.851999999999997,1.0318875116671824,28.22225,1.214006381768149,1,1,0,0.6499999999999986
31.55,23.5,33.5,31.3,31.7,31.5,15.863784006939015,31.48,0.1036822067752916,31.329166666666666,0.41256312648354554,29.912999999999997,1.0404478039061167,28.2375,1.2364618634221636,1,1,0,0.3999999999999986
31.85,23.5,33.5,31.2,32.5,31.55,15.061047769154209,31.55,0.19685019685486282,31.46666666666667,0.24152294577095873,29.978,1.0581153827751066,28.256749999999997,1.2624423714391657,1,1,0,1.3000000000000007
32.8,23.5,33.5,31.7,33.5,31.85,15.24112202182259,31.85,0.5488624600041541,31.625,0.4042389032609829,30.06,1.114423068457493,28.278,1.3025356021905068,1,1,0,1.8000000000000007
32.8,23.5,33.5,32.5,33.4,32.8,15.41241039622369,32.1,0.6528782428614257,31.75,0.5121256947989244,30.139,1.1657217261667372,28.29875,1.3409798927885648,1,1,0,0.8999999999999986
32.7,23.5,33.5,32.5,33.0,32.8,16.182974832814438,32.339999999999996,0.5951890455996622,31.837499999999995,0.5788409264922226,30.215,1.2064558484609929,28.3215,1.3765672657683083,1,1,0,0.5
32.75,23.5,33.5,32.0,32.85,32.7,15.580395623726266,32.58,0.41018288604213254,31.925,0.6329943271328557,30.285,1.2500714265307387,28.345499999999998,1.411458759278723,1,1,0,0.8500000000000014
32.0,23.5,33.5,31.5,32.85,32.75,15.984690078989475,32.61,0.3435112807490552,31.97083333333333,0.6151342548710086,30.33,1.2707462053326677,28.3675,1.4338929510161402,1,1,0,1.3500000000000014
32.0,23.5,33.5,31.5,32.3,32.0,16.361002691547924,32.45,0.41231056256400406,32.025,0.5832900416840952,30.364,1.2924837661318285,28.39125,1.4544804931741173,1,1,0,0.7999999999999972
31.5,23.5,33.5,31.0,32.0,32.0,15.981405102021647,32.19,0.5296225070763422,32.025,0.5832900416840952,30.386,1.3024325749323566,28.413249999999998,1.468064372741011,1,1,0,1.0
31.55,23.5,33.5,31.2,32.3,31.5,14.81279160992393,31.96,0.5017469481738934,32.045833333333334,0.5590000542098557,30.406999999999996,1.3127323895336187,28.433249999999997,1.4834114348094785,1,1,0,1.0999999999999979
31.55,23.5,33.5,31.3,32.3,31.55,14.077029080277287,31.72,0.25641762810267466,32.045833333333334,0.5590000542098557,30.424,1.3220747454864623,28.4515,1.499186630397533,1,1,0,0.9999999999999964
31.5,23.5,33.5,31.3,31.75,31.55,15.914387134876801,31.619999999999997,0.2138924963662721,32.045833333333334,0.5590000542098557,30.43,1.3263422158211737,28.4685,1.514380895774351,1,1,0,0.4499999999999993
31.55,23.5,33.5,31.3,32.0,31.5,16.283627123189124,31.53,0.02738612790794579,32.045833333333334,0.5590000542098557,30.461,1.3341774963762392,28.485750000000003,1.5297335917760095,1,1,0,0.6999999999999993
31.3,23.5,33.5,31.2,32.0,31.55,15.798427570315766,31.49,0.10839741695164112,32.0,0.5977229519378411,30.499000000000002,1.330393911284816,28.502,1.5422919054468658,1,1,0,0.8000000000000007
30.7,23.5,33.5,30.0,31.5,31.3,15.19119912596253,31.32,0.36159369463775093,31.825000000000003,0.64754782203227,30.532999999999998,1.3129111600888133,28.515500000000003,1.5496748726923848,1,1,0,1.5
29.95,23.5,33.5,29.75,30.5,30.7,14.268368664183585,31.0,0.6773108592085045,31.587500000000002,0.7687430709225654,30.546,1.3036385501310535,28.52525,1.5525469227160456,1,1,0,0.75
30.05,23.5,33.5,29.9,30.5,29.95,16.388878304223955,30.709999999999997,0.71885325345424,31.36666666666667,0.800094691366,30.548,1.302781952717557,28.53625,1.5555294264273154,1,1,0,0.6000000000000014
30.6,23.5,33.5,30.05,30.8,30.05,15.361113914752275,30.52,0.5461226968381139,31.1875,0.6961338037531337,30.585,1.276684561427684,28.550499999999996,1.561333906580548,0,1,0,0.75
30.45,23.5,33.5,30.15,30.7,30.6,15.027183936615142,30.35,0.33354160160574436,31.058333333333334,0.6751543033513623,30.623,1.2427015501950531,28.564249999999998,1.5659086136907987,0,1,0,0.5500000000000007
30.8,23.5,33.5,30.3,31.0,30.45,13.908910733052174,30.369999999999997,0.3615936946376782,30.95833333333334,0.6085875351001817,30.668000000000003,1.2063082490958863,28.58075,1.5720124213131064,0,1,0,0.6999999999999993
30.95,23.5,33.5,30.8,31.5,30.8,16.19380600290127,30.570000000000004,0.34749100708038005,30.912499999999998,0.5843119496861077,30.715,1.169303385851301,28.598999999999997,1.5782437284306037,0,1,0,0.6999999999999993
31.55,23.5,33.5,31.0,32.1,30.95,14.958682168635885,30.869999999999997,0.42514703339168747,30.912500000000005,0.5843119496861077,30.776,1.1302988587998029,28.619249999999997,1.590010251696946,1,1,0,1.1000000000000014
32.8,23.5,33.5,31.05,33.3,31.55,16.047791312731825,31.310000000000002,0.9229030284931197,31.016666666666666,0.7851847881331369,30.863000000000003,1.1149178609811372,28.644000000000002,1.6162845910902743,1,1,0,2.2499999999999964
32.9,23.5,33.5,32.8,33.0,32.8,16.72290881659222,31.8,0.9993748045662313,31.133333333333336,0.9501993411275964,30.943,1.1146981837324361,28.669249999999998,1.6430428743442884,1,1,0,0.20000000000000284
32.65,23.5,33.5,31.55,32.85,32.9,14.675823778458621,32.169999999999995,0.870775516423039,31.224999999999998,1.0426147200888674,31.019000000000002,1.0985096583042981,28.69275,1.6661528332712943,1,1,0,1.3000000000000007
32.5,23.5,33.5,31.75,32.7,32.65,16.309054878764492,32.48,0.5415256226641779,31.325,1.1060782480953264,31.090999999999998,1.0745046319498621,28.71525,1.68700470118133,1,1,0,0.9500000000000028
31.5,23.5,33.5,31.05,32.05,32.5,16.404439403259065,32.46999999999999,0.5630275304119915,31.391666666666666,1.0889597482615554,31.142,1.0304229367456392,28.733,1.6975554401434645,1,1,0,0.9999999999999964
31.0,23.5,33.5,30.75,31.5,31.5,16.636008163302233,32.11,0.8173126696692077,31.479166666666668,1.001239761798641,31.177,0.993920807423133,28.748250000000002,1.704172956252675,1,1,0,0.75
30.9,23.5,33.5,30.85,31.5,31.0,15.598162176353192,31.709999999999997,0.8234075540106415,31.549999999999997,0.9175065023304866,31.207000000000004,0.9612921788204186,28.76275,1.7101015096671,1,1,0,0.6499999999999986
30.5,23.5,33.5,30.0,31.0,30.9,15.072806380394201,31.28,0.7694153624680011,31.54166666666666,0.9273210029028696,31.227000000000004,0.9350984887558925,28.7745,1.7139392312567765,1,1,0,1.0
29.95,23.5,33.5,29.8,30.5,30.5,16.44956259626811,30.77,0.5805170109494974,31.5,0.9899494936614394,31.238000000000003,0.9162122559534275,28.776499999999995,1.7150817112839751,0,1,0,0.6999999999999993
29.95,23.5,33.5,29.9,30.2,29.95,16.494660541910168,30.46,0.5017469481738007,31.429166666666664,1.0716296708824788,31.247999999999998,0.8988632276608617,28.78,1.7167662718493923,0,1,0,0.3000000000000007
29.9,23.5,33.5,29.85,30.1,29.95,16.181755755150668,30.24,0.4435651023262671,31.341666666666665,1.1540114489219595,31.246,0.9018031822919692,28.78625,1.718565031161322,0,1,0,0.25
29.9,23.5,33.5,29.0,30.0,29.9,15.410241044489343,30.04,0.2583602136585708,31.204166666666662,1.223158789463967,31.241000000000003,0.9086708166664702,28.792749999999998,1.7203146076357916,0,1,0,1.0
29.75,23.5,33.5,29.4,29.8,29.9,15.881398285285831,29.889999999999997,0.08215838363608496,30.95,1.1774394406355533,31.233,0.9201602566723193,28.800749999999997,1.7210307001483522,0,1,0,0.40000000000000213
28.2,23.5,33.5,27.95,29.5,29.75,15.53977621013307,29.54,0.7528280016057306,30.558333333333334,1.2493331554608849,31.191999999999997,1.0064769835259173,28.802000000000003,1.7205003946640225,0,1,0,1.5500000000000007
28.1,23.5,33.5,28.05,29.0,28.2,16.779974069628675,29.169999999999998,0.9338094023951898,30.179166666666664,1.2472621531932995,31.148000000000003,1.090822569234383,28.80525,1.7185464635077625,0,1,0,0.9499999999999993
27.9,23.5,33.5,27.75,28.2,28.1,16.40250745691291,28.77,0.9705668446849223,29.795833333333334,1.173855019182992,31.105,1.1741801308112456,28.80875,1.7159716580277877,0,1,0,0.4499999999999993
28.1,23.5,33.5,27.75,29.5,27.9,16.403725694438034,28.410000000000004,0.756967634712099,29.5125,1.134805750298076,31.067000000000004,1.2395938274866214,28.817249999999998,1.7081727689380746,0,1,0,1.75
28.85,23.5,33.5,28.5,29.0,28.1,16.99430165812869,28.23,0.36331804249393157,29.333333333333332,1.044756024876447,31.04,1.2731128490949595,28.828000000000003,1.701533745015358,0,1,0,0.5
29.1,23.5,33.5,28.9,29.45,28.85,16.815991588303596,28.410000000000004,0.5296225070761537,29.183333333333337,0.9212968461838772,31.004,1.3022680372397983,28.84225,1.6917409300394408,0,1,0,0.5500000000000007
29.55,23.5,33.5,29.0,29.85,29.1,13.209643218354284,28.7,0.6901086870933046,29.104166666666668,0.8346088722853641,30.969,1.3175770124260429,28.859249999999996,1.6816036667296639,0,1,0,0.8500000000000014
29.5,23.5,33.5,29.4,29.6,29.55,16.216664243637542,29.02,0.5901271049542282,29.066666666666663,0.8026471355726007,30.926,1.3299240426369237,28.875749999999996,1.671539607907294,0,1,0,0.20000000000000284
27.35,23.5,33.5,26.55,29.5,29.5,17.151593288113176,28.870000000000005,0.8976357836013737,28.849999999999998,0.8888194417318231,30.839000000000002,1.4176471596937699,28.880750000000003,1.6654309468399815,0,0,0,2.9499999999999993
27.75,23.5,33.5,27.15,28.6,27.35,16.874696436221775,28.65,1.0289557813636323,28.670833333333334,0.8745020227988342,30.765,1.480287134308764,28.889,1.6556448287582166,0,0,0,1.4500000000000028
27.85,23.5,33.5,27.7,28.5,27.75,16.344107165730907,28.4,1.0440306508918369,28.5,0.8104432008590372,30.695,1.533844376535188,28.8975,1.645847141769004,0,0,0,0.8000000000000007
25.75,23.5,33.5,25.35,27.5,27.85,17.457851212933576,27.639999999999997,1.3390294993022374,28.166666666666668,1.0397406436516063,30.58,1.6807736313971728,28.893999999999995,1.6518115531240312,0,0,0,2.1499999999999986
24.35,23.5,33.5,23.5,26.5,25.75,17.214899672362858,26.610000000000003,1.5192103211871477,27.84583333333333,1.5142442359345625,30.441,1.8938862431626786,28.88175,1.6763217802838826,0,0,0,3.0
24.45,23.5,33.5,24.0,25.0,24.35,17.60497717589725,26.03,1.7079227148795513,27.541666666666668,1.798463148627219,30.299,2.0672739123230492,28.86225,1.704977176787327,0,0,0,1.0
25.1,23.5,33.5,24.55,26.5,24.45,16.263225854055467,25.5,1.4291605927961768,27.308333333333334,1.9249360477374862,30.171,2.186113175553027,28.84775,1.7245660549507227,0,0,0,1.9499999999999993
25.35,23.5,33.5,25.3,25.8,25.1,16.85316666678899,25.000000000000004,0.595818764391907,27.07916666666667,1.9848813032217332,30.047000000000004,2.2801138979785858,28.83625,1.7401910128791565,0,0,0,0.5
25.4,23.5,33.5,25.35,26.0,25.35,16.437225589760533,24.93,0.4982469267356257,26.791666666666668,1.9546952021565258,29.917999999999996,2.357180952073115,28.826,1.7543768668543331,0,0,0,0.6499999999999986
25.4,23.5,33.5,25.35,26.0,25.4,16.306846578316453,25.14,0.4052776825850442,26.48333333333333,1.8462903018724532,29.77,2.404375263589951,28.81475,1.7691081526514278,0,0,0,0.6499999999999986
24.6,23.5,33.5,24.0,25.5,25.4,16.504310047436828,25.169999999999998,0.34205262753194043,26.070833333333336,1.6403240164029358,29.605999999999998,2.4721848553827126,28.79925,1.7923516843243579,0,0,0,1.5
24.45,23.5,33.5,24.35,25.0,24.6,15.83150644777398,25.04,0.4735504197036478,25.650000000000002,1.2912291536644807,29.441,2.535959545483029,28.783,1.81693208762852,0,0,0,0.6499999999999986
24.5,23.5,33.5,24.0,24.8,24.45,16.091464262656324,24.869999999999997,0.4868264577870593,25.412499999999998,1.2096440122465748,29.276,2.584199240439031,28.7685,1.8394566463408972,0,0,0,0.8000000000000007
24.65,23.5,33.5,24.6,25.05,24.5,16.427512380193594,24.72,0.3882653731682634,25.15416666666667,0.9729193027673548,29.129,2.6346414773713818,28.754499999999997,1.8600817915768224,0,0,0,0.4499999999999993
25.35,23.5,33.5,25.0,26.25,24.65,16.51779087860812,24.71,0.36640141921326,24.94583333333333,0.49196190416723695,28.996,2.6545271303405844,28.743499999999997,1.8736959284151904,0,0,0,1.25
26.0,23.5,33.5,26.0,26.5,25.35,15.306075065505453,24.990000000000002,0.670261143138628,24.966666666666665,0.5327174474223817,28.886,2.662591188435547,28.736,1.8816834652287937,0,0,0,0.5
26.45,23.5,33.5,26.05,27.5,26.0,16.59337291262798,25.39,0.8421698166056004,25.141666666666666,0.6448514040720377,28.784000000000002,2.6561334488235153,28.7315,1.886085720939673,0,0,0,1.4499999999999993
26.9,23.5,33.5,26.7,27.0,26.45,16.100115064736695,25.869999999999997,0.8906458330905289,25.345833333333335,0.7797022547491813,28.691,2.6386586341842353,28.73,1.8874286568430143,0,0,0,0.3000000000000007
28.25,23.5,33.5,26.95,29.0,26.9,16.029548659151914,26.589999999999996,1.0905273953466441,25.608333333333334,1.1375478677908515,28.625999999999998,2.607900868279969,28.735,1.8848110151452662,0,0,0,2.0500000000000007
28.75,23.5,33.5,27.9,29.5,28.25,16.63463100315678,27.27,1.180360114541977,25.891666666666666,1.4483271436909153,28.57,2.5736696583291305,28.742250000000002,1.8820502125372267,0,0,0,1.6000000000000014
27.55,23.5,33.5,26.9,28.5,28.75,16.48072291464096,27.580000000000002,0.9431330765069978,26.070833333333336,1.5134936005111668,28.495,2.5469920234164136,28.745,1.879892277465182,0,0,0,1.6000000000000014
26.8,23.5,33.5,26.7,27.5,27.55,16.559262531594033,27.65,0.8463155439914565,26.1875,1.5110389261577666,28.417,2.5377880855869015,28.74325,1.8815467115214144,0,0,0,0.8000000000000007
26.2,23.5,33.5,26.0,26.8,26.8,16.401739656380474,27.51,1.0376656494273833,26.320833333333336,1.4264479618546104,28.342000000000002,2.546954163349621,28.737999999999996,1.8871906215880558,0,0,0,0.8000000000000007
26.35,23.5,33.5,26.0,28.0,26.2,16.134559475356085,27.130000000000003,1.046780779342813,26.479166666666668,1.299730449910531,28.268,2.5500652252562293,28.733249999999998,1.8920175978175042,0,0,0,2.0
27.05,23.5,33.5,26.3,28.0,26.35,16.168199333037652,26.790000000000003,0.5447476480000103,26.691666666666666,1.1461067166983199,28.197,2.5331759931447264,28.73125,1.8935916625347105,0,0,0,1.6999999999999993
27.45,23.5,33.5,26.6,28.0,27.05,16.106124380381427,26.77,0.5106368572689816,26.924999999999997,0.9630680142131207,28.136999999999997,2.514180395521443,28.730999999999998,1.8937583275101217,0,0,0,1.3999999999999986
27.4,23.5,33.5,27.0,27.8,27.45,14.882529319073898,26.889999999999997,0.5845938761238804,27.095833333333335,0.8310612966492232,28.069000000000003,2.486512392398414,28.730249999999998,1.8942580354914649,0,0,0,0.8000000000000007
28.0,23.5,33.5,27.4,28.5,27.4,16.433796578405374,27.25,0.6072478900758282,27.262500000000003,0.7908927636770859,28.01,2.4515093226793025,28.72975,1.894438418663803,0,0,0,1.1000000000000014
28.5,23.5,33.5,28.0,28.75,28.0,15.842434503473314,27.68,0.5707451270063989,27.433333333333337,0.8202918918770367,27.949,2.3990110632576305,28.731499999999997,1.8940617995465119,0,0,0,0.75
28.4,23.5,33.5,28.0,29.0,28.5,16.781242333243387,27.95,0.5147815070508585,27.558333333333334,0.8455319286843437,27.861,2.295921183671709,28.73275,1.8937585762776068,1,0,0,1.0
27.95,23.5,33.5,27.55,29.5,28.4,16.210656691704013,28.05,0.43588989435584974,27.53333333333333,0.827464180310781,27.761999999999997,2.1778935713581378,28.73175,1.8941206144300602,1,0,0,1.9499999999999993
28.2,23.5,33.5,28.0,29.45,27.95,15.571832986912339,28.209999999999997,0.24083189157907248,27.487499999999997,0.7669671677223595,27.673000000000002,2.061904459474258,28.734,1.8932156048987194,1,0,0,1.4499999999999993
27.55,23.5,33.5,27.2,28.5,28.2,16.094673583383685,28.119999999999997,0.38177218337845575,27.487499999999997,0.7669671677223595,27.574,1.9406826066082161,28.7325,1.8940381868550564,1,0,0,1.3000000000000007
27.55,23.5,33.5,27.45,28.0,27.55,15.7439694587779,27.929999999999996,0.38177218337845475,27.55,0.7357741748417511,27.495,1.8561604544469956,28.7325,1.8940381868550564,1,0,0,0.5500000000000007
27.7,23.5,33.5,27.6,28.0,27.55,15.58063528405341,27.79,0.2815137652079429,27.674999999999997,0.600567913047513,27.429000000000002,1.7863453170752137,28.736,1.89146562513151,1,0,0,0.3999999999999986
29.0,23.5,33.5,28.0,29.4,27.7,14.892695239771763,28.0,0.6194755846694467,27.895833333333332,0.5545097479814894,27.391,1.7303323380205922,28.743499999999997,1.8895129121614882,1,0,0,1.3999999999999986
28.5,23.5,33.5,27.85,29.0,29.0,16.088944968424595,28.060000000000002,0.6570768600411623,28.016666666666666,0.5096047190690136,27.351,1.6793612123758421,28.74875,1.8873583510359095,1,0,0,1.1499999999999986
29.5,23.5,33.5,28.5,29.75,28.5,16.583808902180568,28.45,0.8336666000275853,28.1875,0.6314215563461749,27.342,1.66630349784743,28.7575,1.886761270126965,1,0,0,1.25
29.95,23.5,33.5,29.5,30.4,29.5,15.92996939947459,28.93,0.8757853618333413,28.399999999999995,0.7585872035929658,27.342000000000002,1.66630349784743,28.76975,1.8865092161481536,1,0,0,0.8999999999999986
30.45,23.5,33.5,30.0,30.95,29.95,16.397634734080853,29.48,0.7669745758508294,28.604166666666668,0.9473547701925175,27.353,1.6852423673568437,28.7835,1.8886936140724495,1,0,0,0.9499999999999993
28.9,23.5,33.5,28.5,30.45,30.45,15.711314827676429,29.459999999999997,0.7837410286577826,28.6375,0.9503886764708924,27.333,1.6601453710627356,28.78825,1.887781244645959,1,0,0,1.9499999999999993
28.35,23.5,33.5,27.95,30.0,28.9,15.94474188307531,29.43,0.8311137106326412,28.633333333333336,0.9516333645929607,27.305,1.6300823191933407,28.79125,1.8865993807952302,1,0,0,2.0500000000000007
28.3,23.5,33.5,28.0,29.0,28.35,15.855054287310908,29.189999999999998,0.9678584607273696,28.662499999999998,0.9339858379306426,27.307000000000002,1.6312637519945175,28.793499999999998,1.8857393282395123,1,0,0,1.0
28.0,23.5,33.5,27.9,29.0,28.3,17.00098267962347,28.8,0.9778803607811887,28.645833333333332,0.9447121575413958,27.305,1.6303326942306446,28.7945,1.8852628010822745,1,0,0,1.1000000000000014
27.8,23.5,33.5,27.5,28.5,28.0,16.16705732422875,28.27,0.4177319714859514,28.666666666666668,0.920803338329769,27.303,1.6296490795409855,28.79725,1.8833987607404477,1,0,0,1.0
27.1,23.5,33.5,26.9,28.0,27.8,15.373149995797206,27.910000000000004,0.5054700782455207,28.629166666666666,0.9778125711213174,27.282999999999998,1.6257999600823843,28.79525,1.8849949515411277,1,0,0,1.1000000000000014
27.65,23.5,33.5,27.05,28.5,27.1,16.412256764023457,27.77,0.44665422868425847,28.625,0.9822284496354116,27.259,1.6109855647384668,28.796,1.8845067867069578,1,0,0,1.4499999999999993
28.9,23.5,33.5,27.85,29.0,27.65,14.534472160675278,27.889999999999997,0.6561249880941376,28.61666666666667,0.9791771437223887,27.255,1.606563387596999,28.8025,1.8826018427939872,1,0,0,1.1499999999999986
29.2,23.5,33.5,29.0,29.5,28.9,15.993484468979158,28.129999999999995,0.8857200460650863,28.675,0.9923571571128947,27.247999999999998,1.5970943003096059,28.810750000000002,1.8806998957805052,1,0,0,0.5
29.0,23.5,33.5,28.9,29.2,29.2,15.131758188911741,28.369999999999997,0.9351470472613097,28.633333333333336,0.9646792527086493,27.237999999999996,1.5842193725642792,28.818500000000004,1.8782563682637883,1,0,0,0.3000000000000007
28.8,23.5,33.5,28.7,29.0,29.0,15.318187196358664,28.71,0.610737259385375,28.537500000000005,0.8749350625256805,27.267000000000003,1.5995091721639276,28.825499999999998,1.8755501035572537,1,0,0,0.3000000000000007
29.35,23.5,33.5,28.9,29.5,28.8,15.616956461841818,29.05,0.22360679775348863,28.44583333333333,0.6955894600769524,27.299,1.6251684371102562,28.8345,1.8737165791800872,1,0,0,0.6000000000000014
29.0,23.5,33.5,28.9,29.35,29.35,15.7179912982903,29.07,0.21095023110101133,28.454166666666666,0.7020937302533443,27.322,1.6411842414200537,28.8415,1.8716954799988421,1,0,0,0.45000000000000284
28.65,23.5,33.5,28.5,29.3,29.0,15.552532386796921,28.96,0.2631539473417922,28.479166666666668,0.7033873668749238,27.38,1.6357298813978323,28.846749999999997,1.8696671397782785,1,0,0,0.8000000000000007
28.05,23.5,33.5,27.9,28.6,28.65,15.902907992432212,28.77,0.48036444498064124,28.458333333333332,0.7128155866747798,27.454,1.5785500968176711,28.84975,1.8678952327422869,1,0,0,0.7000000000000028
28.55,23.5,33.5,28.1,29.5,28.05,15.819420171838889,28.72,0.48938737213127753,28.504166666666666,0.6981984392753342,27.535999999999998,1.5248967847305117,28.8565,1.8643394427485016,1,0,0,1.3999999999999986
28.75,23.5,33.5,28.2,29.0,28.55,16.403079160562434,28.6,0.3500000000022174,28.583333333333332,0.6641239387803011,27.609,1.492931987187351,28.86375,1.8610726462100315,1,0,0,0.8000000000000007
29.1,23.5,33.5,28.7,29.95,28.75,15.642749938158943,28.619999999999997,0.3801315561770076,28.75,0.4847679857421099,27.683999999999997,1.4711664121521841,28.871000000000002,1.8591439106214602,1,0,0,1.25
29.6,23.5,33.5,29.3,30.0,29.1,15.665413298493512,28.810000000000002,0.5824517147382792,28.912499999999998,0.4023369234863597,27.768,1.4579395581099648,28.879499999999997,1.8585683013147813,1,1,0,0.6999999999999993
29.5,23.5,33.5,29.05,29.75,29.6,15.919327710775315,29.1,0.4568916720641491,28.962499999999995,0.43647607452967524,27.85,1.4371882980603055,28.886999999999997,1.8580278083716244,1,1,0,0.6999999999999993
29.9,23.5,33.5,29.3,30.0,29.5,16.514647890529798,29.369999999999997,0.44944410108664784,29.020833333333332,0.5114410715785768,27.956,1.387173017179793,28.894000000000002,1.8591993197480488,1,1,0,0.6999999999999993
29.65,23.5,33.5,29.3,30.0,29.9,15.743169592647382,29.55,0.2915475947449965,29.075,0.5425109969564277,28.06,1.311837782405584,28.89625,1.8598436843319919,1,1,0,0.6999999999999993
29.95,23.5,33.5,29.65,30.2,29.65,16.691698927693103,29.72,0.1955760721601696,29.17083333333333,0.5890895646266313,28.169,1.2341191190480238,28.89875,1.860927508922951,1,1,0,0.5500000000000007
30.45,23.5,33.5,29.85,30.95,29.95,15.05440668178332,29.889999999999997,0.36297382825984426,29.262500000000003,0.6954805402156585,28.285,1.1673819478837153,28.9045,1.8639477611457487,1,1,0,1.0999999999999979
30.45,23.5,33.5,30.0,30.65,30.45,16.876126652408015,30.079999999999995,0.3563705936263746,29.383333333333336,0.7679172935267552,28.386999999999997,1.1278392742635432,28.91125,1.8671010333785,1,1,0,0.6499999999999986
30.45,23.5,33.5,30.25,31.0,30.45,16.414103046534287,30.189999999999998,0.37148351242231326,29.53333333333333,0.7872083394486252,28.476,1.1110869838649806,28.918499999999998,1.870259904545784,1,1,0,0.75
30.95,23.5,33.5,30.55,31.0,30.45,15.952489726296013,30.45,0.35355339059557644,29.775000000000002,0.7337636478523528,28.566,1.1257849869022925,28.92875,1.8757674308860117,1,1,0,0.4499999999999993
30.95,23.5,33.5,30.65,31.0,30.95,15.510135033427302,30.65,0.2738612787555689,29.974999999999998,0.6956030738604769,28.647000000000002,1.148930736265072,28.941999999999997,1.880656893683064,1,1,0,0.3500000000000014
30.95,23.5,33.5,30.7,31.0,30.95,16.060858516372917,30.75,0.2738612787555754,30.15833333333333,0.630235646165372,28.701000000000004,1.192514493130562,28.95575,1.8852520558453685,1,1,0,0.3000000000000007
30.9,23.5,33.5,30.8,31.0,30.95,16.29089711849858,30.839999999999996,0.21908902300581395,30.308333333333334,0.5664215155993398,28.744,1.232412599873291,28.97025,1.8890127802422176,1,1,0,0.1999999999999993
30.2,23.5,33.5,29.5,30.95,30.9,13.70892818503167,30.79,0.3305298776232494,30.358333333333334,0.5230302152468135,28.796999999999997,1.236989845370987,28.98,1.8903085281660044,1,1,0,1.4499999999999993
29.45,23.5,33.5,29.0,30.0,30.2,14.696961781177214,30.49,0.6627593831864091,30.354166666666668,0.530633555005233,28.85,1.2060646071975647,28.9865,1.889675133601434,1,1,0,1.0
28.65,23.5,33.5,28.35,29.9,29.45,16.84756516573409,30.03,0.9839969512156079,30.25,0.7176350047207273,28.898999999999997,1.144395839180928,28.989500000000003,1.8886568969430877,1,1,0,1.5499999999999972
28.3,23.5,33.5,28.2,29.4,28.65,16.736454681942472,29.5,1.0741275529477814,30.1375,0.9023013505881733,28.938000000000002,1.087571719427224,29.0,1.87888291413381,1,1,0,1.1999999999999993
28.5,23.5,33.5,28.25,29.4,28.3,16.007074812522884,29.02,0.7910436144749343,30.016666666666666,1.0192094381374168,28.967000000000002,1.055046666924116,29.009249999999998,1.871795939114965,1,1,0,1.1499999999999986
28.9,23.5,33.5,28.8,29.5,28.5,15.022199968970607,28.76,0.4435651023260926,29.8875,1.0568230693926524,28.996,1.0321782000868975,29.019500000000004,1.865514802242471,0,1,0,0.6999999999999993
28.65,23.5,33.5,28.6,29.0,28.9,15.934028691835541,28.6,0.22079402166170536,29.737499999999997,1.096715136628283,29.021,1.0075779202156314,29.02875,1.8590295565048527,0,1,0,0.3999999999999986
28.7,23.5,37.0,28.65,29.0,28.65,16.266326069140607,28.609999999999996,0.22472205054589117,29.591666666666665,1.109634119333205,29.035,0.9979187525718866,29.037999999999997,1.8527260914253016,0,1,0,0.3500000000000014
29.0,23.5,35.25,28.8,29.5,28.7,15.004359876715936,28.75,0.20000000000389084,29.429166666666664,1.032749712998006,29.045,0.9949489782836566,29.04825,1.846777564941346,0,1,0,0.6999999999999993
29.65,23.5,35.05,29.0,30.0,29.0,13.757776566746736,28.979999999999997,0.4009364039365417,29.320833333333336,0.9208341903193523,29.07,0.9941153384403579,29.06125,1.8417849484891657,0,1,0,1.0
29.1,23.5,35.05,28.9,30.2,29.65,16.029756228870685,29.02,0.40093640393654384,29.16666666666666,0.764951969179766,29.093000000000004,0.9808893299200274,29.070999999999998,1.8367709814208686,0,1,0,1.3000000000000007
28.1,23.5,35.05,27.9,30.0,29.1,16.925459559898272,28.910000000000004,0.5683308895366866,28.933333333333334,0.5967081414402572,29.090999999999998,0.9828472798508138,29.07575,1.8330027092613992,0,0,0,2.1000000000000014
28.0,23.5,35.05,27.8,28.5,28.1,16.743274488594075,28.770000000000003,0.7032069396710722,28.75,0.5027198750076897,29.1,0.9704301591961637,29.07975,1.829758870759875,0,0,0,0.6999999999999993
27.5,23.5,37.0,27.25,28.0,28.0,17.217784060400714,28.470000000000006,0.8786353054604289,28.587500000000002,0.5669395510510125,29.099,0.9720843374849807,29.081500000000002,1.8280705565699098,0,0,0,0.75
27.5,23.5,37.0,27.4,27.95,27.5,16.364228980497195,28.04,0.6542170893530079,28.491666666666664,0.6469626002027256,29.095,0.978349818493814,29.08275,1.8268970143398477,0,0,0,0.5500000000000007
27.5,23.5,37.0,27.4,28.4,27.5,15.383834975062552,27.720000000000006,0.30331501776454456,28.425,0.7069460568340348,29.065,1.003984409180486,29.08425,1.825465986491674,0,0,0,1.0
26.95,23.5,37.0,26.75,28.4,27.5,16.77203937021617,27.49,0.37148351242214595,28.295833333333334,0.8239203219791071,29.034000000000002,1.0448825732285285,29.08225,1.82759347972532,0,0,0,1.6499999999999986
26.95,23.5,37.0,26.75,27.5,26.95,17.0123534710999,27.28,0.3012474066303054,28.13333333333333,0.8840334561065011,28.983,1.0832024515391117,29.0795,1.8303979164821353,0,0,0,0.75
27.0,23.5,37.0,26.95,27.45,26.95,16.629667056559892,27.18,0.29283100928945227,27.995833333333334,0.9237911839347683,28.924,1.109478642039939,29.076999999999998,1.832905812798844,0,0,0,0.5
27.0,23.5,37.0,26.9,27.25,27.0,16.19146701616946,27.080000000000002,0.23611437906547292,27.854166666666668,0.9362542227928344,28.855,1.1198692525724012,29.074249999999996,1.8356189479598917,0,0,0,0.3500000000000014
27.0,23.5,37.0,26.8,27.3,27.0,15.73873693606936,26.98,0.027386127902064662,27.6875,0.8906394536309713,28.817000000000004,1.1501379686536304,29.0735,1.8364395719724527,0,0,0,0.5
26.7,23.5,37.0,26.45,27.2,27.0,17.27294651758407,26.93,0.13038404810967488,27.441666666666666,0.6825198409817573,28.783999999999995,1.1868944213142383,29.0715,1.8388159151606431,0,0,0,0.75
26.85,23.5,37.0,26.5,27.35,26.7,16.87935936580058,26.910000000000004,0.1341640786554473,27.254166666666666,0.4574923413836176,28.755,1.2163113356809772,29.06825,1.8421787508952772,0,0,0,0.8500000000000014
27.5,23.5,37.0,26.9,28.4,26.85,15.789230546597906,27.01,0.30083217913226845,27.204166666666666,0.3834403671393182,28.745,1.2246719677413003,29.067999999999998,1.8423892069670231,0,0,0,1.5
28.1,23.5,35.05,27.85,28.8,27.5,14.726145727250987,27.23,0.571839138221124,27.212500000000002,0.40290140910024874,28.750999999999998,1.2206760421995346,29.07025,1.840922981719209,0,0,0,0.9499999999999993
29.35,23.5,35.05,28.2,29.95,28.1,15.637912546207785,27.7,1.0776131031133083,27.366666666666664,0.7377278795347586,28.796000000000003,1.1998656387364088,29.076499999999996,1.8397339085504143,0,0,0,1.75
28.3,23.5,35.05,28.0,29.0,29.35,14.925689362503842,28.020000000000003,0.9344784641721299,27.433333333333334,0.7854741860622325,28.809,1.1906819346020487,29.07775,1.8391177799536225,0,0,0,1.0
28.3,23.5,35.25,28.2,28.95,28.3,14.628483575130126,28.310000000000002,0.667457863839742,27.5,0.8246211251237943,28.796999999999997,1.1927677468640345,29.08,1.8378830404437019,0,0,0,0.75
28.15,23.5,37.0,28.0,28.6,28.3,16.226501614528438,28.439999999999998,0.5164784603461364,27.599999999999998,0.8246211251237966,28.776000000000003,1.1947692117675597,29.07975,1.8380067413929313,0,0,0,0.6000000000000014
26.85,23.5,37.0,26.8,27.5,28.15,17.24933003870716,28.190000000000005,0.8898033490617503,27.59166666666667,0.8322568805074254,28.733,1.224853593916649,29.0725,1.8439480666115946,0,0,0,0.6999999999999993
26.4,23.5,35.05,26.1,27.0,26.85,16.98919657160709,27.6,0.906228448020414,27.541666666666668,0.8872412128037129,28.685,1.2684254259610244,29.06225,1.8531007390978669,0,0,0,0.8999999999999986
26.15,23.5,37.0,25.95,26.5,26.4,16.935741091722008,27.169999999999998,0.9966192853850836,27.470833333333335,0.9649442596558909,28.621,1.314095094872232,29.053,1.8630204577860876,0,0,0,0.5500000000000007
27.4,23.5,35.05,26.4,28.0,26.15,14.569471048420292,26.99,0.8042076846197558,27.504166666666666,0.9540483915052559,28.589000000000002,1.3241204242662734,29.050499999999996,1.8649099699392275,0,0,0,1.6000000000000014
27.7,23.5,37.0,27.5,27.9,27.4,14.581908664947719,26.9,0.6528782428611528,27.587499999999995,0.9205050491197656,28.57,1.3300299214065245,29.0495,1.865583490169443,0,0,0,0.3999999999999986
27.5,23.5,37.0,27.05,27.8,27.7,16.597814496786366,27.03,0.7032069396710122,27.641666666666666,0.8918401134055517,28.559,1.3366761242815706,29.04475,1.8683249525014471,0,0,0,0.75
27.5,23.5,37.0,27.0,28.0,27.5,14.638238023292239,27.25,0.6244997998410221,27.641666666666666,0.8918401134055517,28.538,1.3450422950636587,29.041,1.870679343454934,0,0,0,1.0
27.95,23.5,37.0,27.3,28.0,27.5,15.321164711006784,27.610000000000003,0.21908902300545519,27.629166666666666,0.8858633008987484,28.522,1.3472254178609167,29.038500000000003,1.8718068958295924,0,0,0,0.6999999999999993
27.85,23.5,37.0,27.55,28.2,27.95,13.127153884580006,27.7,0.20310096011956036,27.504166666666666,0.7091795302044739,28.497000000000003,1.347878529620586,29.03525,1.8733102771487682,0,0,0,0.6499999999999986
27.7,23.5,37.0,27.5,28.2,27.85,15.477996414487375,27.7,0.20310096011956036,27.454166666666666,0.6679202229629329,28.459,1.3429213510485067,29.030749999999998,1.875440835948861,0,0,0,0.6999999999999993
28.4,23.5,37.0,28.0,28.5,27.7,14.849869084946992,27.880000000000003,0.33652637341149355,27.462500000000002,0.6799481932139942,28.436999999999998,1.3345032707310018,29.02925,1.8758266351999235,0,0,0,0.5
28.0,23.5,37.0,27.85,28.5,28.4,15.593576869024897,27.98,0.26124700955512337,27.450000000000003,0.6674238124722364,28.399,1.318954827404865,29.025,1.8771972050726324,0,0,0,0.6499999999999986
28.0,23.5,37.0,27.8,28.2,28.0,14.945428019520769,27.99,0.2607680962109724,27.545833333333334,0.6559026858717446,28.366,1.3076088162468285,29.020500000000002,1.8785765888030317,0,0,0,0.3999999999999986
28.05,23.5,37.0,28.0,28.2,28.0,14.443639635739085,28.03,0.24899799196277933,27.683333333333337,0.5597618541252847,28.327999999999996,1.2880993750483305,29.0145,1.8797558779806636,0,0,0,0.1999999999999993
28.2,23.5,34.5,28.05,28.4,28.05,16.27119443487987,28.130000000000003,0.17175564037754204,27.854166666666668,0.30335872354684035,28.282999999999998,1.2512283760287284,29.00675,1.8799034877127108,0,0,0,0.34999999999999787
28.2,23.5,37.0,28.0,28.45,28.2,15.24421788733427,28.089999999999996,0.10246950766690656,27.920833333333334,0.28160121168897584,28.238000000000003,1.2115330143656236,28.99625,1.8785080248687587,0,0,0,0.4499999999999993
28.65,23.5,37.0,28.0,28.95,28.2,16.688860541738787,28.22,0.2564176281020916,28.0,0.3411211461696534,28.202,1.1705118364132705,28.9875,1.876010615413614,1,0,0,0.9499999999999993
29.0,23.5,37.0,28.55,29.25,28.65,15.833369339271995,28.419999999999998,0.3946517452153358,28.125,0.40926763859419596,28.163,1.1078942150930413,28.98,1.872929342395724,1,0,0,0.6999999999999993
29.45,23.5,37.0,29.0,29.95,29.0,16.158267930459473,28.7,0.537354631506532,28.287500000000005,0.51262470766592,28.132999999999996,1.0496651555498069,28.97375,1.86924283639282,1,0,0,0.9499999999999993
29.85,23.5,35.05,29.3,30.1,29.45,16.277719980139846,29.03,0.6486524493143713,28.44583333333333,0.6686004151599101,28.111,0.9997596649970388,28.967,1.8635921977181127,1,0,0,0.8000000000000007
29.9,23.5,34.5,29.5,30.0,29.85,17.072198450464192,29.369999999999997,0.5415256226639175,28.616666666666664,0.7583874439572524,28.090999999999998,0.9516736063699114,28.9665,1.8633270481697655,1,0,0,0.5
29.9,23.5,35.05,29.5,29.95,29.9,14.644499397926152,29.619999999999997,0.39465174521538754,28.8,0.7821880731759414,28.085,0.9389665400136441,28.969,1.8642467863458556,1,0,0,0.4499999999999993
30.0,23.5,35.05,29.5,30.05,29.9,17.066466315033054,29.82,0.2138924963657155,28.933333333333334,0.8418954084614052,28.096,0.9583063291077921,28.974,1.8656708279302099,1,0,0,0.5500000000000007
30.05,23.5,35.05,29.5,30.1,30.0,14.989230628333736,29.939999999999998,0.08215838363527812,29.104166666666668,0.8432777859299693,28.124000000000002,0.9945894445776087,28.97775,1.8670825971611311,1,1,0,0.6000000000000014
29.6,23.5,37.0,29.3,30.3,30.05,15.002988364750596,29.890000000000004,0.17464249197019527,29.237499999999997,0.7766843865845188,28.15,1.0160447523487346,28.976,1.8663306110514244,1,1,0,1.0
29.05,23.5,35.05,29.05,29.5,29.6,16.37716225334082,29.72,0.41321907022976695,29.32083333333333,0.6860487437408636,28.160999999999998,1.022865622470784,28.9775,1.8662686148334615,1,1,0,0.4499999999999993
29.0,23.5,35.05,28.75,29.2,29.05,14.31767941985587,29.54,0.5017469481736253,29.3875,0.6008043850467896,28.163,1.0244366296473184,28.97975,1.8660218716904096,1,1,0,0.4499999999999993
29.05,23.5,35.05,28.55,29.5,29.0,14.420482593710341,29.35,0.4623310502243387,29.458333333333332,0.4874951437215152,28.171,1.0298647622728532,28.98225,1.8657781427298064,1,1,0,0.9499999999999993
29.95,23.5,35.05,29.2,30.0,29.05,17.18062127819843,29.330000000000002,0.42514703339143584,29.566666666666666,0.4329252157414649,28.195999999999998,1.057762366739188,28.989,1.8668300060143725,1,1,0,0.8000000000000007
30.05,23.5,37.0,29.3,30.15,29.95,15.63863964845795,29.419999999999998,0.5310367218955215,29.65416666666667,0.41366341902926396,28.217,1.0841440713054848,28.996750000000002,1.8680067407308578,1,1,0,0.8499999999999979
29.95,23.5,37.0,29.3,30.0,30.05,12.843709758862499,29.6,0.5267826876441053,29.69583333333333,0.41640143073206376,28.223000000000003,1.0930303317485488,29.00425,1.8688115798828848,1,1,0,0.6999999999999993
30.15,23.5,37.0,29.9,30.25,29.95,15.440270683455093,29.829999999999995,0.44384682042519313,29.72083333333333,0.43508532775169706,28.243999999999996,1.1199781338972905,29.0105,1.8705506001542778,1,1,0,0.3500000000000014
30.1,23.5,37.0,29.8,30.5,30.15,16.427424311330142,30.04,0.08944271910871517,29.7375,0.44625970832384987,28.284000000000002,1.1500417028817878,29.01675,1.8720992805081778,1,1,0,0.6999999999999993
30.0,23.5,37.0,29.5,30.15,30.1,18.567688554116707,30.05,0.07905694151408083,29.745833333333334,0.4504837467225281,28.324,1.1744838206198738,29.02225,1.8733699614762824,1,1,0,0.6499999999999986
30.0,23.5,37.0,29.0,30.0,30.0,15.589462578203536,30.04,0.08215838363527192,29.745833333333334,0.4504837467225281,28.374000000000002,1.191776242524072,29.0275,1.8746373183567318,1,1,0,1.0
29.9,23.5,37.0,29.3,30.0,30.0,14.1697532463662,30.03,0.09746794345609348,29.73333333333333,0.44330029496461154,28.421999999999997,1.2041238664332607,29.03075,1.8755881991960968,1,1,0,0.6999999999999993
30.05,23.5,37.0,29.5,30.4,29.9,16.117575615763453,30.01,0.07416198488147234,29.770833333333332,0.4499789557375135,28.473000000000003,1.2181958054467534,29.033999999999995,1.8767940161065373,1,1,0,0.8999999999999986
30.0,23.5,37.0,29.35,30.4,30.05,16.441627448662697,29.990000000000002,0.05477225576474827,29.849999999999998,0.3913844889394391,28.534000000000002,1.2167386988274818,29.036499999999997,1.8777506457024633,1,1,0,1.0499999999999972
30.0,23.5,37.0,29.1,30.1,30.0,16.17237557592135,29.990000000000002,0.05477225576474827,29.933333333333334,0.2863035049912423,28.595,1.212151485784554,29.039499999999997,1.8788133082440663,1,1,0,1.0
30.05,23.5,34.5,29.5,30.05,30.0,16.308211833904497,30.0,0.061237243582311696,30.016666666666666,0.0685344416884593,28.656,1.2069797015691308,29.0425,1.8799507504505097,1,1,0,0.5500000000000007
29.8,23.5,35.05,29.5,30.05,30.05,15.500649644160715,29.98,0.10368220677415474,30.004166666666666,0.09159777025522964,28.712,1.1934583600372353,29.0415,1.8794920061026745,1,1,0,0.5500000000000007
29.8,23.5,34.5,29.5,30.0,29.8,14.011078163876332,29.93,0.12041594579438793,29.983333333333334,0.10730867400042042,28.767999999999997,1.1770665717305995,29.039749999999998,1.878617431722782,1,1,0,0.5
29.7,23.5,34.5,29.7,30.25,29.8,16.604261773085767,29.869999999999997,0.14832396974715692,29.962500000000002,0.1350504956089098,28.828000000000003,1.14553970882275,29.0375,1.8775501920366662,1,1,0,0.5500000000000007
29.8,23.5,34.5,29.7,30.05,29.7,14.48318658544984,29.830000000000002,0.1303840481100144,29.933333333333334,0.12851128944853718,28.886999999999997,1.1172035971795549,29.03525,1.876359122149919,1,1,0,0.3500000000000014
30.0,23.5,35.05,29.8,30.15,29.8,15.271214603692457,29.82,0.10954451150812769,29.925,0.11965860528501708,28.936999999999998,1.109780728480199,29.03375,1.8754626732335409,1,1,0,0.34999999999999787
30.0,23.5,35.05,29.7,30.05,30.0,13.911276088626114,29.860000000000003,0.1341640786557832,29.925,0.11965860528501708,28.975,1.113060223538875,29.0335,1.8753298537324947,1,1,0,0.3500000000000014
29.95,23.5,35.05,29.9,30.15,30.0,15.442022083201945,29.889999999999997,0.13416407865578564,29.920833333333334,0.11766349038792968,28.987,1.1203957937683444,29.03325,1.8752036907782523,1,1,0,0.25
30.5,23.5,35.05,30.0,30.6,29.95,15.002378199563006,30.05,0.2645751311094072,29.97083333333333,0.2038920540323876,29.031,1.135956398272149,29.03475,1.876261368014691,1,1,0,0.6000000000000014
30.05,23.5,35.05,30.0,30.5,30.5,15.656488829641976,30.1,0.22638462845688398,29.970833333333335,0.2038920540323876,29.066,1.1399265998568282,29.030500000000004,1.872974886276361,1,1,0,0.5
30.1,23.5,37.0,30.0,30.2,30.05,15.591902719308887,30.119999999999997,0.21965882636844308,29.979166666666668,0.20720908778618494,29.105,1.1413047492287816,29.0245,1.8675824132687135,1,1,0,0.1999999999999993
30.05,23.5,37.0,30.0,30.1,30.1,14.959733676355723,30.130000000000003,0.2138924963657259,29.983333333333334,0.20816659994799933,29.169,1.101292839515121,29.0165,1.8596894834550217,1,1,0,0.10000000000000142
30.15,23.5,37.0,30.0,30.5,30.05,15.160357989749485,30.169999999999998,0.18907670401602314,29.99166666666667,0.21302297500355524,29.243999999999996,1.0345382485703642,29.00875,1.8516625525569037,1,1,0,0.5
30.1,23.5,37.0,30.0,30.45,30.15,16.331512127295913,30.089999999999996,0.04183300134536091,30.016666666666666,0.20597146021917992,29.323,0.9399419217837184,29.002,1.8451678029665386,1,1,0,0.4499999999999993
30.05,23.5,37.0,30.0,30.1,30.1,11.540550359582348,30.089999999999996,0.04183300134536091,30.037499999999998,0.19438130288088612,29.375999999999998,0.90329555359406,28.995500000000003,1.8391348058719597,1,1,0,0.10000000000000142
30.1,23.5,37.0,30.0,30.2,30.05,14.691979211901588,30.090000000000003,0.04183300134536091,30.070833333333336,0.1630091092471561,29.423999999999996,0.8757643891515956,28.988500000000002,1.8322056757334293,1,1,0,0.1999999999999993
30.1,23.5,37.0,30.05,30.2,30.1,14.53339961819363,30.1,0.03535533908140673,30.09583333333333,0.13892171329502595,29.476,0.8354541719743434,28.9825,1.8265542015651,1,1,0,0.14999999999999858
30.25,23.5,37.0,30.1,30.55,30.1,15.714987912070656,30.120000000000005,0.07582875445081355,30.116666666666664,0.14195603246110788,29.531,0.7921096862821412,28.976,1.8196716805853925,1,1,0,0.4499999999999993
30.65,23.5,37.0,30.25,31.0,30.25,14.168840613997498,30.23,0.24647515088049834,30.170833333333334,0.20389205403241198,29.585,0.7739541989296077,28.97175,1.8147329599914255,1,1,0,0.75
30.95,23.5,34.5,30.5,31.2,30.65,16.41089219716341,30.410000000000004,0.3764970119424174,30.254166666666666,0.2911250382213414,29.647,0.7560915882324554,28.96875,1.8109413242560721,1,1,0,0.6999999999999993
30.5,23.5,37.0,30.1,30.95,30.95,13.410396888094457,30.490000000000002,0.33429029301128554,30.254166666666666,0.2911250382213414,29.702999999999996,0.7113087965726238,28.962000000000003,1.8026449021409958,1,1,0,0.8499999999999979
30.6,23.5,37.0,30.5,30.8,30.5,15.49497832403344,30.589999999999996,0.25347583711583743,30.299999999999997,0.29924146528522094,29.747000000000003,0.6969620667216717,28.951,1.7857402783460377,1,1,0,0.3000000000000007
30.6,23.5,34.5,30.5,30.8,30.6,15.574850308094726,30.660000000000004,0.17102631376947935,30.34166666666667,0.3036395390879834,29.799,0.6599698508883569,28.94,1.7686053330575042,1,1,0,0.3000000000000007
30.5,23.5,34.5,30.1,30.8,30.6,15.356541355893729,30.630000000000003,0.1857417562143084,30.379166666666666,0.2919046648033024,29.849,0.6139941168367775,28.929000000000002,1.7518644769865868,1,1,0,0.6999999999999993
30.85,23.5,35.05,30.1,31.15,30.5,15.720211881737578,30.610000000000003,0.14317821063826472,30.4375,0.3112474899506785,29.905,0.5728776269939136,28.919500000000003,1.7361207695987082,1,1,0,1.0499999999999972
31.25,23.5,34.5,31.0,31.6,30.85,15.881727666011244,30.76,0.3029026246198271,30.533333333333335,0.3694795684686151,29.965999999999998,0.5495304117784243,28.915750000000003,1.7302335037172814,1,1,0,0.6000000000000014
31.25,23.5,34.5,30.7,31.7,31.25,16.568935637463753,30.889999999999997,0.35249113464253873,30.633333333333336,0.38866515930967305,30.026999999999997,0.5178655171736493,28.912000000000003,1.7243179410444844,1,1,0,1.0
31.15,23.5,34.5,30.3,31.25,31.25,16.066265475633884,31.0,0.3240370349228435,30.72083333333333,0.37565599189023446,30.076999999999998,0.5026673749070067,28.91025,1.7218540426586544,1,1,0,0.9499999999999993
31.25,23.5,35.05,31.0,31.3,31.15,15.523508092315348,31.15,0.1732050807614877,30.816666666666666,0.3485902343952969,30.122,0.5049914123335145,28.90875,1.7196721486939948,1,1,0,0.3000000000000007
31.3,23.5,35.05,31.0,31.5,31.25,14.978911648947008,31.24,0.05477225576509781,30.90416666666667,0.3243583409347659,30.159000000000002,0.5222293264340319,28.9075,1.7178324983714675,1,1,0,0.5
30.75,23.5,35.05,30.0,31.3,31.3,14.637622909307606,31.139999999999997,0.22472205054598687,30.912499999999998,0.3184657823786966,30.177,0.5268514486831941,28.90375,1.712956372817103,1,1,0,1.3000000000000007
30.95,23.5,35.05,30.8,31.35,30.75,15.660921530484911,31.080000000000002,0.22803508502331535,30.912499999999998,0.3184657823786966,30.198,0.5364242914038782,28.90075,1.7088189631270378,1,1,0,0.5500000000000007
31.8,23.5,35.05,30.3,32.5,30.95,15.949049702031822,31.21,0.3990613987866986,31.020833333333332,0.3804652255849586,30.236,0.5803798896641079,28.903250000000003,1.7127080257317304,1,1,0,2.1999999999999993
31.7,23.5,35.05,31.5,32.5,31.8,16.189001451629018,31.3,0.45689167206417786,31.1125,0.4017716447760894,30.27,0.6150327683322588,28.90825,1.7194262328900896,1,1,0,1.0
31.8,23.5,37.0,30.85,32.0,31.7,14.999015619853987,31.4,0.5086747487359722,31.212500000000002,0.4118279649658426,30.305,0.6510000156744685,28.9175,1.7300023963729447,1,1,0,1.1499999999999986
32.1,23.5,37.0,31.5,32.35,31.8,14.736311503516314,31.669999999999998,0.42953463190017155,31.34583333333333,0.4191215561009959,30.355,0.6905521304709421,28.927749999999996,1.7427718456610992,1,1,0,0.8500000000000014
32.05,23.5,37.0,31.5,32.1,32.1,15.391329844212743,31.889999999999997,0.17464249197037982,31.44583333333333,0.4329908320123035,30.415,0.7050293089869479,28.935,1.7527508888575132,1,1,0,0.6000000000000014
31.95,23.5,37.0,31.7,32.0,32.05,14.917550631725392,31.919999999999998,0.1680773631445515,31.504166666666663,0.450987972695282,30.474,0.7076289815363759,28.9425,1.7624485451696743,1,1,0,0.3000000000000007
31.45,23.5,37.0,31.3,32.0,31.95,13.874346286547253,31.869999999999997,0.2612470095553697,31.520833333333332,0.4443884118726661,30.522,0.6902498808107039,28.945750000000004,1.7664857192972871,1,1,0,0.6999999999999993
32.0,23.5,37.0,31.0,32.2,31.45,16.791937731434892,31.909999999999997,0.2631539473419033,31.59166666666667,0.4476368928936052,30.563,0.7159844086775895,28.951000000000004,1.7740165369481975,1,1,0,1.2000000000000028
32.0,23.5,37.0,31.5,32.0,32.0,14.620601983793357,31.889999999999997,0.2484954727990517,31.65416666666667,0.4479541034397777,30.601999999999997,0.7401709675639148,28.953250000000004,1.7776111624093889,1,1,0,0.5
31.7,23.5,37.0,31.5,32.1,32.0,15.055420131504945,31.82,0.24135036772630125,31.6875,0.4338647673691589,30.636999999999997,0.7500210881389103,28.94775,1.7673212951527375,1,1,0,0.6000000000000014
32.0,23.5,37.0,31.75,32.3,31.7,15.484631660972154,31.829999999999995,0.24899799196303074,31.791666666666668,0.32462099112572934,30.674,0.7708489886257374,28.943250000000003,1.7583303345291736,1,1,0,0.5499999999999972
32.0,23.5,37.0,31.75,32.15,32.0,14.898941863069044,31.939999999999998,0.13416407865605307,31.879166666666666,0.19123799229660696,30.712,0.7886024838605562,28.94,1.7520339938416527,1,1,0,0.3999999999999986
31.9,23.5,34.5,31.75,32.2,32.0,15.178306224739677,31.919999999999998,0.13038404811028984,31.8875,0.18964680089992808,30.75,0.7992981615269915,28.936999999999998,1.746412259145393,1,1,0,0.45000000000000284
32.7,23.5,34.5,32.0,33.45,31.9,16.98114597299274,32.06,0.37815340802594477,31.97083333333333,0.29190466480343535,30.804000000000002,0.8378690170879587,28.942999999999998,1.7572894843073334,1,1,0,1.4500000000000028
32.3,23.5,34.5,32.05,33.0,32.7,16.182628015826943,32.17999999999999,0.3271085446784349,32.012499999999996,0.30085106554080604,30.852000000000004,0.8536213374530467,28.949499999999997,1.7673120009046381,1,1,0,0.9500000000000028
32.95,23.5,34.5,32.3,33.0,32.3,16.446593389910333,32.37,0.44944410108672606,32.083333333333336,0.405268336097336,30.91,0.8955103436087346,28.95975,1.7845420671550662,1,1,0,0.7000000000000028
33.0,23.5,34.5,32.5,33.1,32.95,16.94826192877403,32.57,0.4658325879558737,32.1625,0.48341822661011186,30.97,0.9330113633186179,28.97225,1.8040344060437967,1,1,0,0.6000000000000014
33.5,23.5,35.05,32.35,33.75,33.0,17.01865127276072,32.89,0.43931765273169066,32.291666666666664,0.6115677816201923,31.04,0.9884021324897279,28.99,1.8309661891822269,1,1,0,1.3999999999999986
33.0,23.5,35.05,32.5,33.5,33.5,14.033762967120877,32.95,0.42720018726784986,32.42083333333333,0.5805398480313096,31.099,1.0157680315296362,29.005249999999997,1.8515876489129206,1,1,0,1.0
33.0,23.5,35.05,32.7,33.1,33.0,15.23465949787496,33.089999999999996,0.2302172886681055,32.50416666666666,0.5863827222645673,31.163,1.0329178998135073,29.02075,1.8719784867280673,1,1,0,0.3999999999999986
32.95,23.5,35.05,32.55,33.0,33.0,16.012979660957214,33.089999999999996,0.2302172886681055,32.583333333333336,0.5761681151976494,31.226,1.0440912463057495,29.036000000000005,1.8914988340453223,1,1,0,0.45000000000000284
32.65,23.5,35.05,31.8,32.95,32.95,16.980686025370552,33.019999999999996,0.3053686296948161,32.6625,0.5045812845597767,31.285,1.0394391148448472,29.050500000000003,1.9080429474846912,1,1,0,1.1500000000000021
32.95,23.5,37.0,32.1,33.0,32.65,15.251880209505952,32.910000000000004,0.14747881204323215,32.74166666666667,0.46408920250261887,31.348000000000003,1.0430508626336839,29.074249999999996,1.9268727593310608,1,1,0,0.8999999999999986
33.15,23.5,37.0,32.7,33.5,32.95,14.745546786169596,32.94,0.18165902125048639,32.8375,0.41293021642536815,31.410999999999998,1.0550311921107307,29.099500000000003,1.9470244660392972,1,1,0,0.7999999999999972
33.05,23.5,37.0,32.75,33.25,33.15,15.741363907424365,32.95,0.18708286934320087,32.93333333333334,0.2910274380496049,31.472,1.059946090273357,29.125249999999998,1.9650526959826735,1,1,0,0.5
32.8,23.5,37.0,32.5,33.0,33.05,15.678396332401404,32.92,0.1987460691477529,32.94166666666666,0.28511029232321083,31.529,1.0530369104138475,29.14875,1.9807708609317758,1,1,0,0.5
32.9,23.5,37.0,32.5,33.5,32.8,15.467318258467955,32.97,0.13509256086730514,32.99166666666667,0.20319418984959045,31.576999999999998,1.059852223045243,29.169,1.9983256810732852,1,1,0,1.0
33.55,23.5,37.0,32.75,33.95,32.9,15.329934466729567,33.089999999999996,0.2902585054769159,33.041666666666664,0.25834555200967185,31.647,1.0724476106323744,29.19125,2.0221849811500348,1,1,0,1.2000000000000028
33.3,23.5,37.0,33.0,33.8,33.55,14.125859534106281,33.12,0.3053686296948238,33.06666666666667,0.2682716849957474,31.711,1.0737256328755258,29.21,2.0428081962416296,1,1,0,0.7999999999999972
33.85,23.5,37.0,33.2,34.05,33.3,15.318943524918025,33.279999999999994,0.4396020928086023,33.09583333333333,0.3312910923637285,31.787,1.0881462424224204,29.23175,2.0689021771441434,1,1,0,0.8499999999999943
34.0,23.5,37.0,33.5,34.1,33.85,14.93058690055335,33.519999999999996,0.4396020928086142,33.17916666666667,0.41912155610115626,31.864,1.1060150938188766,29.265,2.091818232444384,1,1,0,0.6000000000000014
34.0,23.5,37.0,33.85,34.1,34.0,14.94319641789981,33.739999999999995,0.3070016286629818,33.262499999999996,0.47583658386702726,31.941999999999997,1.1165435001625243,29.29625,2.115621114709302,1,1,0,0.25
34.1,23.5,37.0,33.85,34.2,34.0,14.420973953700921,33.85,0.32015621187434046,33.35833333333333,0.5208530299313631,32.023,1.1233700210000772,29.3275,2.1401682998674647,1,1,0,0.3500000000000014
34.05,23.5,37.0,33.9,34.25,34.1,13.708260480430527,34.0,0.09354143467860436,33.475,0.5042996944466672,32.102000000000004,1.1242666544037336,29.369,2.1508941695587933,1,1,0,0.3500000000000014
34.0,23.5,34.5,33.95,34.4,34.05,15.206792709351392,34.029999999999994,0.044721359569369824,33.5625,0.4959495025622498,32.18,1.1178057952607205,29.41725,2.1459708506777506,1,1,0,0.44999999999999574
34.25,23.5,34.5,34.15,34.5,34.0,14.110119335309987,34.08,0.10368220677500468,33.65416666666666,0.5141004205649808,32.26,1.1199945335143946,29.46625,2.1438643167284397,1,1,0,0.3500000000000014
34.25,23.5,35.0,34.0,34.5,34.25,15.093941551682144,34.129999999999995,0.1151086443397581,33.75416666666666,0.5024749353021732,32.332,1.1300514707440097,29.511999999999997,2.1478471165750332,1,1,0,0.5
34.4,23.5,35.05,34.1,35.0,34.25,15.862377382850825,34.19,0.1635542723432807,33.887499999999996,0.43386476736941687,32.400999999999996,1.1491119019770857,29.557250000000003,2.1550419873718143,1,1,0,0.8999999999999986
35.0,23.5,35.05,34.5,35.05,34.4,15.885280606162189,34.38,0.3751666296484132,34.0625,0.4227211632022799,32.491,1.1731559563669598,29.60525,2.16884864843026,1,1,0,0.5499999999999972
34.95,23.5,35.05,34.6,35.05,35.0,14.554921380389075,34.57,0.3751666296484242,34.17916666666667,0.4599695312712495,32.577999999999996,1.191216150984968,29.653000000000002,2.1808937359339517,1,1,0,0.44999999999999574
34.95,23.5,35.05,34.5,35.0,35.0,15.177845418951174,34.71,0.3560196623808337,34.31666666666667,0.4179676658521716,32.665,1.20260134708061,29.70475,2.1831849256525997,1,1,0,0.5
34.9,23.5,35.25,34.25,35.05,34.95,15.867529642541385,34.839999999999996,0.2484954727993398,34.40416666666666,0.42128501113499855,32.753,1.2019291466095197,29.756999999999998,2.181840539705473,1,1,0,0.7999999999999972
35.1,23.5,37.0,35.0,35.25,34.9,14.834358239174286,34.980000000000004,0.07582875445221199,34.49583333333333,0.4443884118730238,32.838,1.2148133307514908,29.81,2.182243325032062,1,1,0,0.25
36.5,23.5,37.0,35.0,37.0,35.1,15.941131835799599,35.28,0.6861122357178778,34.704166666666666,0.7020937302537323,32.943000000000005,1.2987438986520088,29.86925,2.2022183738971934,1,1,0,2.0
36.55,23.5,37.0,36.25,36.6,36.5,16.397627172730516,35.599999999999994,0.8477912478917168,34.90833333333334,0.8508907988197849,33.049,1.3719675280265526,29.925250000000002,2.2289608046897005,1,1,0,0.3500000000000014
36.35,23.5,37.0,36.0,36.5,36.55,15.935962196472017,35.879999999999995,0.8097839217975406,35.1,0.8977243958532799,33.153,1.4212817583909256,29.976999999999997,2.257337783617123,1,1,0,0.5
36.4,23.5,37.0,36.2,36.5,36.35,15.051534492992506,36.17999999999999,0.6088924371363247,35.300000000000004,0.8977243958532948,33.256,1.4664492726950578,30.026750000000003,2.2886429099677086,1,1,0,0.29999999999999716
35.85,23.5,37.0,35.05,36.35,36.4,15.3513452016297,36.33,0.2797320146172384,35.43333333333333,0.8448596799403844,33.347,1.4836665145950834,30.071499999999997,2.31455146679892,1,1,0,1.3000000000000043
35.3,23.5,37.0,34.95,35.9,35.85,15.19588769680385,36.089999999999996,0.5140525265007556,35.520833333333336,0.7614156472518079,33.438,1.4604849627882943,30.106749999999998,2.3402136520379178,1,1,0,0.9499999999999957
35.55,23.5,37.0,35.0,36.0,35.3,14.92638107330014,35.89,0.4839938016150655,35.61666666666667,0.6749859706743356,33.53,1.4453655705921518,30.140749999999997,2.3696154380235033,1,1,0,1.0
36.45,23.5,37.0,35.5,36.75,35.55,16.128046080821385,35.91,0.5091659847258102,35.7375,0.684279647779158,33.623000000000005,1.480940476142667,30.18525,2.404036583952839,1,1,0,1.25
36.55,23.5,37.0,36.15,37.0,36.45,14.552579404096724,35.94,0.5481788029482753,35.87083333333333,0.6726671246665861,33.72,1.5109464529471546,30.234,2.4337181265702683,1,1,0,0.8500000000000014
36.4,23.5,37.0,36.2,36.5,36.55,16.476951285462093,36.05,0.5798706752387174,35.99166666666667,0.620422632102837,33.812,1.5315578303659392,30.285,2.455534206889558,1,1,0,0.29999999999999716
36.2,23.5,37.0,35.5,36.5,36.4,15.312876818693482,36.230000000000004,0.4009364039368449,36.1,0.5174236878308308,33.894,1.5476987525263277,30.33425,2.4749172743900094,1,1,0,1.0
35.85,23.5,37.0,35.5,36.25,36.2,15.09544418114855,36.29,0.27703790354716623,36.1625,0.4221831786853064,33.97,1.5486004214471356,30.378249999999998,2.494383527731006,1,1,0,0.75
35.15,25.95,39.95,34.95,35.85,35.85,16.17768453658516,36.03,0.5574495492883654,36.050000000000004,0.4972652484076326,34.034,1.5294203250291825,30.41675,2.5083442530798057,1,1,0,0.8999999999999986
35.55,25.95,39.95,35.05,35.8,35.15,16.16150000431802,35.83,0.500749438343965,35.96666666666666,0.4895885718622679,34.116,1.4976321446925651,30.4575,2.525233209788312,1,1,0,0.75
36.45,25.95,39.95,35.5,36.95,35.55,14.972800790586653,35.84,0.5152669211212754,35.975,0.49749371855448266,34.205,1.5015383268298226,30.499750000000002,2.554430073913014,1,1,0,1.4500000000000028
36.85,25.95,39.95,36.2,37.2,36.45,16.74236429278079,35.97,0.6833739825321152,36.012499999999996,0.5469439891560196,34.302,1.5128011590883002,30.5415,2.5895766616246063,1,1,0,1.0
36.2,25.95,39.95,35.75,37.0,36.85,12.330063042262541,36.04,0.6859300255870178,36.041666666666664,0.5468227788930603,34.391999999999996,1.488505619603758,30.580499999999997,2.61576583518504,1,1,0,1.25
35.95,25.95,39.95,35.75,36.25,36.2,14.74846212412249,36.2,0.4924428900916451,36.09583333333334,0.49656013704097735,34.471,1.463574391686371,30.620500000000003,2.636424362101841,1,1,0,0.5
36.6,25.95,39.95,36.0,37.0,35.95,15.911022402828879,36.41,0.3489269264499627,36.18333333333333,0.48398597525508996,34.563,1.4495886115920182,30.6625,2.664430464187634,1,1,0,1.0
36.4,25.95,39.95,36.0,36.85,36.6,14.856882429430252,36.4,0.34820970693221254,36.17916666666667,0.4816913069100488,34.653,1.4202762737853802,30.706750000000003,2.685881930805935,1,1,0,0.8500000000000014
37.8,25.95,39.95,36.65,38.0,36.4,15.188897222031253,36.589999999999996,0.7179832867148256,36.28333333333333,0.668217892245008,34.755,1.4597403319545665,30.757999999999996,2.722881085731405,1,1,0,1.3500000000000014
38.35,25.95,39.95,37.8,39.0,37.8,14.86177671750704,37.019999999999996,1.0103217309361627,36.44583333333333,0.8970807031031384,34.876,1.5022174086520492,30.81125,2.7665647180564266,1,1,0,1.2000000000000028
39.05,25.95,39.95,38.55,39.25,38.35,15.622158803889679,37.64,1.1332475457735913,36.68333333333333,1.1637192205354736,34.998,1.5878672642824172,30.8615,2.8241720003278545,1,1,0,0.7000000000000028
38.5,25.95,39.95,38.25,39.0,39.05,15.463746209495357,38.019999999999996,1.0090837428092283,36.90416666666667,1.2401353176415486,35.108,1.6363959901976144,30.9115,2.8702980340060065,1,1,0,0.75
38.75,25.95,39.95,38.35,38.9,38.5,15.861615173020457,38.489999999999995,0.46824139073974885,37.20416666666667,1.2123340248793357,35.212999999999994,1.6983728707687846,30.95775,2.921507051980623,1,1,0,0.5499999999999972
38.45,25.95,39.95,38.1,38.9,38.75,14.619752233457,38.62,0.2819574436007969,37.44583333333333,1.139469241145424,35.321999999999996,1.7280743086819697,31.00025,2.9682257762496116,1,1,0,0.7999999999999972
38.75,25.95,40.2,38.45,38.95,38.45,15.816409443413972,38.7,0.2397915761695955,37.637499999999996,1.1501235111545605,35.437,1.7614004748078154,31.04175,3.018097746517883,1,1,0,0.5
38.9,25.95,39.95,38.0,39.05,38.75,16.349453452752446,38.669999999999995,0.18907670401691068,37.80833333333333,1.1745082788005898,35.556000000000004,1.7906970481819313,31.091749999999998,3.064908277788246,1,1,0,1.0499999999999972
39.0,25.95,40.2,38.55,39.25,38.9,16.878242431091355,38.769999999999996,0.20796634343542578,38.041666666666664,1.101823557343286,35.683,1.805507730048653,31.145,3.1092300586781243,1,1,0,0.7000000000000028
39.0,25.95,39.95,38.55,39.0,39.0,16.116033626446292,38.81999999999999,0.23075961518841007,38.29583333333333,0.9106586860211366,35.803999999999995,1.8212700211105577,31.1985,3.1517958109892645,1,1,0,0.45000000000000284
39.0,25.95,40.2,38.7,39.0,39.0,15.510942847085131,38.92999999999999,0.10954451150974112,38.49583333333333,0.7545192127611953,35.92100000000001,1.8351469384532721,31.2535,3.191428178589344,1,1,0,0.29999999999999716
38.75,25.95,39.95,38.1,39.0,39.0,15.400737946584533,38.92999999999999,0.10954451150974112,38.69166666666666,0.3660807991642152,36.035,1.830195985936727,31.308249999999997,3.2256267261387395,1,1,0,0.8999999999999986
38.7,25.95,39.95,38.1,39.0,38.75,15.563840643329382,38.89,0.1516575088873157,38.76666666666667,0.2358093734515843,36.153,1.8074226209197386,31.36625,3.2537451845725816,1,1,0,0.8999999999999986
38.6,25.95,39.95,38.0,38.75,38.7,16.162820515363887,38.809999999999995,0.18165902125108857,38.7875,0.20463381930064956,36.267,1.7775702862191163,31.421,3.282894451531773,1,1,0,0.75
38.0,25.95,39.95,37.5,38.95,38.6,14.220176013101874,38.61,0.3714835124226902,38.699999999999996,0.2891995221951863,36.356,1.7499457717545888,31.4665,3.3107223019762047,1,1,0,1.4500000000000028
37.85,25.95,39.95,37.05,38.0,38.0,16.26354581943967,38.379999999999995,0.4221966366539329,38.645833333333336,0.37746663509191714,36.446999999999996,1.7055255339451545,31.50975,3.337357820734344,1,1,0,0.9500000000000028
37.3,25.95,39.95,37.0,38.0,37.85,14.88610087286477,38.089999999999996,0.5748912940738332,38.525,0.5387274568172783,36.516,1.6676832273962896,31.55125,3.3575364768630482,1,1,0,1.0
35.9,25.95,39.95,35.5,37.7,37.3,15.983638229701603,37.53,1.0220078277595872,38.3125,0.9310612224776164,36.554,1.6304137449101581,31.586750000000002,3.365825432447015,1,1,0,2.200000000000003
36.15,25.95,39.95,35.5,36.9,35.9,15.799555803631891,37.04,0.9665660867223992,38.09583333333333,1.1060696865553443,36.597,1.5895195654598662,31.620749999999997,3.377442453266113,1,1,0,1.3999999999999986
37.55,25.95,39.95,36.3,38.5,36.15,16.553151987966746,36.95,0.8710625695102778,37.983333333333334,1.0853012429184168,36.666000000000004,1.5533847178444828,31.6635,3.398150953017843,1,1,0,2.200000000000003
37.55,25.95,39.95,36.95,38.1,37.55,16.074801958474485,36.89,0.8010930033409632,37.862500000000004,1.0416606060436746,36.736,1.5113867128959741,31.708000000000002,3.416713428613075,1,1,0,1.1499999999999986
37.1,25.95,39.95,36.75,37.5,37.55,14.945007953409112,36.85,0.7802243267175434,37.70416666666667,0.9964615426909574,36.797999999999995,1.4595554257432148,31.75325,3.427933866113937,1,1,0,0.75
37.35,25.95,39.95,37.05,37.5,37.1,15.76495744538072,37.14,0.5835237784373937,37.56666666666667,0.9116252552787385,36.86,1.4142496387895802,31.79725,3.443055050080963,1,1,0,0.45000000000000284
37.4,25.95,39.95,37.0,38.0,37.35,15.940666228139175,37.39,0.1850675552382443,37.45416666666667,0.8321544691987566,36.922999999999995,1.3649104777402181,31.840500000000002,3.4588768255708287,1,1,0,1.0
37.55,25.95,39.95,37.4,38.0,37.4,12.358368749551493,37.39,0.1850675552382443,37.35833333333333,0.7363402540255145,36.986,1.317969991296963,31.882749999999998,3.4767952865854332,1,1,0,0.6000000000000014
38.1,25.95,39.95,37.6,38.4,37.55,14.434904088206485,37.5,0.3724916106462876,37.31666666666667,0.6709333164725827,37.048,1.2953590629786593,31.925250000000002,3.500620897905518,1,1,0,0.7999999999999972
38.6,25.95,39.95,38.2,39.0,38.1,14.976315180122924,37.8,0.5373546315068648,37.36666666666667,0.7447798128966444,37.121,1.2774372463520398,31.970750000000002,3.527972489537473,1,1,0,0.7999999999999972
38.9,25.95,39.95,38.5,39.25,38.6,15.882575955132694,38.11,0.6484597134763966,37.454166666666666,0.8595607581614568,37.2,1.2624886340163797,32.01575,3.558691594790525,1,1,0,0.75
39.45,25.95,39.95,39.05,39.5,38.9,16.011812598783397,38.519999999999996,0.7302396866795915,37.63333333333333,1.0314009301863674,37.291,1.2572926047176478,32.06475,3.593254419620069,1,1,0,0.45000000000000284
39.45,25.95,39.95,39.0,39.75,39.45,15.932705510874705,38.9,0.5777110004162346,37.92916666666667,0.9976012897619958,37.378,1.2530843579597517,32.112249999999996,3.6277839682234463,1,1,0,0.75
39.5,25.95,39.95,38.9,39.95,39.45,14.632158176420557,39.17999999999999,0.4071240597188314,38.208333333333336,0.9201860813139515,37.438,1.281682567596896,32.1575,3.663214359989697,1,1,0,1.0500000000000043
38.75,25.95,41.0,38.5,39.0,39.5,15.177640548199573,39.21,0.35601966238108934,38.30833333333333,0.907251927861041,37.482,1.2883211667016763,32.199,3.690684865152793,1,1,0,0.5
37.6,25.95,41.0,37.4,38.45,38.75,15.95884209021869,38.95,0.8162413858669081,38.3125,0.9035598787833431,37.507000000000005,1.2779930854784596,32.23475,3.7082455911549532,1,1,0,1.0500000000000043
37.35,25.95,41.0,36.95,38.0,37.6,16.646067494539277,38.53,1.0115582039615456,38.333333333333336,0.875508510247998,37.525999999999996,1.2682238906182282,32.26675,3.724680949878861,1,1,0,1.0499999999999972
36.25,25.95,41.0,35.8,37.25,37.35,16.504609037647196,37.89,1.2646145657874872,38.24166666666667,1.0315111010147482,37.534,1.2586614204895268,32.29325,3.734107622468779,1,1,1,1.4500000000000028
37.05,25.95,39.95,36.15,37.3,36.25,15.80153401619598,37.4,0.9096702699340297,38.2125,1.061971793839457,37.568999999999996,1.2189779090932231,32.32375,3.7479674139697954,0,1,0,1.1499999999999986
36.75,25.95,39.95,36.4,37.05,37.05,14.714167117742932,37.0,0.5267826876443717,38.145833333333336,1.1302570772207332,37.593,1.1898812322828358,32.352999999999994,3.7596095969670267,0,1,0,0.6499999999999986
36.8,25.95,39.95,36.5,37.0,36.75,16.65326071276077,36.839999999999996,0.4068169121383951,38.0375,1.1954696680695027,37.6,1.1840349553583074,32.385999999999996,3.7695692408158594,0,1,0,0.5
36.15,25.95,39.95,36.0,36.7,36.8,16.170261159856178,36.6,0.3840572873957786,37.833333333333336,1.2956804694018245,37.592,1.1925944963201893,32.4195,3.77311565669441,0,1,0,0.7000000000000028
36.3,25.95,39.95,36.0,36.4,36.15,15.895527059323111,36.61,0.3731621631433239,37.61666666666667,1.318286307249003,37.59,1.1947162586889217,32.45775,3.773486243468599,0,1,0,0.3999999999999986
36.55,25.95,39.95,36.3,37.0,36.3,15.023933744631718,36.51,0.2815137652083787,37.375,1.2132788033040245,37.597,1.1874088579417421,32.499,3.7728997951602326,0,1,0,0.7000000000000028
36.65,25.95,39.95,36.5,37.0,36.55,15.944944041389503,36.489999999999995,0.263153947342229,37.141666666666666,1.0339318892057199,37.613,1.1686294955884562,32.539750000000005,3.773503555439306,0,1,0,0.5
37.1,25.95,39.95,36.7,37.5,36.65,15.85089584407734,36.55,0.3657184709606587,36.94166666666667,0.7210577247527219,37.652,1.116113884906814,32.580749999999995,3.778302500651671,0,1,0,0.7999999999999972
38.15,25.95,39.95,37.35,38.45,37.1,15.781181456688211,36.95,0.7305819598113765,36.891666666666666,0.5938446894204228,37.704,1.0760301186893801,32.62825,3.7883402761284786,0,1,0,1.1000000000000014
38.4,25.95,39.95,38.15,38.55,38.15,15.532762154576254,37.36999999999999,0.8563001810123964,36.958333333333336,0.7134529777893447,37.743,1.064933168354417,32.67675,3.799870658668735,0,1,0,0.3999999999999986
38.0,25.95,39.95,37.8,38.4,38.4,14.621227653895252,37.66,0.74783019463103,37.012499999999996,0.7684473720676662,37.766,1.0576465981275438,32.72175,3.8093892779358693,0,1,0,0.6000000000000014
38.4,25.95,39.95,38.0,38.9,38.0,15.450323971718372,38.01,0.5366563146017302,37.19166666666666,0.8231959154131399,37.809999999999995,1.0367236460925848,32.765499999999996,3.824150938706335,1,1,0,0.8999999999999986
39.0,25.95,39.95,38.5,39.25,38.4,16.058186504378426,38.39,0.3814446224577566,37.354166666666664,0.9717506071135874,37.871,1.0145417181956304,32.815,3.840504180678304,1,1,0,0.75
39.1,25.95,39.95,38.8,39.25,39.0,14.645546426620083,38.58,0.4604345773309741,37.550000000000004,1.070683723778897,37.921,1.0122257754119501,32.87,3.851391447308426,1,1,0,0.45000000000000284
38.8,25.95,41.0,38.0,39.1,39.1,14.864512696366223,38.660000000000004,0.4560701700418007,37.71666666666667,1.0986217260600335,37.969,0.9953919338838235,32.924,3.8584728929104983,1,1,0,1.1000000000000014
39.0,25.95,39.95,38.4,39.2,38.8,15.733755971329536,38.86,0.2792848008789055,37.95416666666667,1.0353871329860045,37.993,1.0056478265379836,32.981500000000004,3.8629222866844337,1,1,0,0.8000000000000043
39.35,25.95,40.2,39.0,39.6,39.0,16.12614328173609,39.05,0.20000000000495674,38.208333333333336,0.9643257968268515,38.013,1.022692025779022,33.040749999999996,3.869296994761039,1,1,0,0.6000000000000014
39.9,25.95,41.0,39.0,40.2,39.35,16.2198577902183,39.230000000000004,0.42367440328864897,38.487500000000004,0.9246928236897699,38.03,1.0470561258177176,33.10275,3.879401204571217,1,1,0,1.2000000000000028
40.35,25.95,41.0,40.0,41.0,39.9,16.132018378416056,39.480000000000004,0.6408978077681413,38.795833333333334,0.8716385649341021,38.067,1.0955666691401194,33.16975,3.888308391606774,1,1,0,1.0
40.35,25.95,41.0,40.0,40.65,40.35,16.16358523133165,39.79,0.6035312750819357,39.06666666666667,0.7986731420803047,38.099000000000004,1.1384508808742824,33.23675,3.896037406759953,1,1,0,0.6499999999999986
40.5,26.4,43.45,40.3,41.0,40.35,15.018933511149775,40.089999999999996,0.4709033871210157,39.2625,0.8404882239193625,38.14,1.1872193545922896,33.30425,3.9043777050661395,1,1,0,0.7000000000000028
40.75,26.4,43.45,40.45,41.0,40.5,16.027339197187672,40.37,0.30943496893864914,39.458333333333336,0.8933678193262631,38.18,1.2406795373044084,33.373000000000005,3.913858382361881,1,1,0,0.5499999999999972
40.5,27.0,43.45,40.45,40.75,40.75,15.337799120254523,40.489999999999995,0.16355427234428851,39.666666666666664,0.8099756823895038,38.211999999999996,1.2796507814435727,33.4405,3.9198034447181858,1,1,0,0.29999999999999716
40.65,26.4,43.45,40.3,40.85,40.5,16.173397993362883,40.55,0.1541103500809536,39.854166666666664,0.7481669518767542,38.245,1.320994137081709,33.51025,3.923371849678882,1,1,0,0.5500000000000043
40.8,27.5,43.45,40.65,40.9,40.65,16.546065679589653,40.64,0.1387443692626169,40.00416666666667,0.7417602937169949,38.281000000000006,1.3657579939210869,33.58,3.928369308903389,1,1,0,0.25
40.85,27.8,44.25,40.65,41.25,40.8,15.183513903726777,40.709999999999994,0.13874436926263975,40.15,0.7195326766235746,38.318000000000005,1.409977565315862,33.646750000000004,3.937948594530436,1,1,0,0.6000000000000014
40.6,27.3,43.45,40.0,40.95,40.85,16.315781979442235,40.68,0.1440486029161176,40.300000000000004,0.5881403666735745,38.355,1.4453743953928726,33.70925,3.948653092348959,1,1,0,0.9500000000000028
40.1,27.5,43.45,39.6,40.55,40.6,15.579076464254022,40.599999999999994,0.29790938219881496,40.39166666666667,0.4321370433604077,38.383,1.4656129873099506,33.763000000000005,3.9621584392204503,1,1,0,0.9499999999999957
39.4,27.8,45.25,39.0,39.9,40.1,14.657552200035772,40.35,0.6082762530315176,40.395833333333336,0.4212850111360622,38.398999999999994,1.4723814529045494,33.8185,3.9629924673762384,1,1,0,0.8999999999999986
39.0,27.8,45.25,38.65,39.5,39.4,17.029434180896985,39.989999999999995,0.7829431652438382,40.32083333333333,0.5710669174836377,38.419,1.4736422322163536,33.872,3.9603424804948952,1,1,0,0.8500000000000014
38.35,28.0,45.25,38.1,39.0,39.0,15.871158898087346,39.489999999999995,0.8876936408480144,40.15416666666667,0.8055089676543091,38.429,1.4713970176922466,33.923,3.9519534003313277,1,1,0,0.8999999999999986
38.05,28.0,45.25,37.8,39.0,38.35,16.856431326982587,38.980000000000004,0.8205181289904367,39.9625,1.0038845007822752,38.444,1.463454119261633,33.979,3.93051890905905,1,1,0,1.2000000000000028
38.9,28.0,45.25,38.1,39.95,38.05,14.99530367563084,38.739999999999995,0.5378196723828044,39.829166666666666,1.031869074970539,38.504,1.4178109024486334,34.0415,3.908720150647623,1,1,0,1.8500000000000014
39.5,28.55,45.25,39.05,40.1,38.9,16.123918763680493,38.760000000000005,0.5694295391020284,39.725,0.9928150976811196,38.571000000000005,1.3830272179948058,34.10825,3.8872093357055473,1,1,0,1.0500000000000043
41.75,28.55,45.25,40.85,43.45,39.5,15.962704318506434,39.31,1.4719884510423284,39.829166666666666,1.1366734426181007,38.655,1.4458684982687322,34.18,3.8951941785282767,1,1,1,2.6000000000000014
42.75,28.55,45.25,42.05,43.1,41.75,16.78535568200266,40.19,1.9816028865547393,40.00416666666667,1.4046122618226005,38.759,1.548161846203742,34.255250000000004,3.9147042653210704,1,1,1,1.0500000000000043
41.8,28.55,45.25,41.1,42.8,42.75,15.630579732787943,40.94,1.6512873765647644,40.0875,1.4835652695762043,38.853,1.5875603796970477,34.326750000000004,3.9212886223532877,1,1,1,1.6999999999999957
40.35,28.55,45.25,39.25,41.9,41.8,16.445685772409355,41.23,1.2916075255286208,40.045833333333334,1.4671336205703491,38.913,1.5862872195341242,34.391000000000005,3.914137370709192,1,1,0,2.6499999999999986
41.85,26.4,43.45,40.0,42.2,40.35,16.46528885493802,41.7,0.8602325267055486,40.15,1.5519782097820123,39.002,1.6240526280806504,34.460499999999996,3.922591409621006,1,1,0,2.200000000000003
40.85,25.95,43.45,40.0,41.8,41.85,14.486259254906477,41.519999999999996,0.9378166132044121,40.2125,1.5648300808138904,39.068000000000005,1.6308805684572933,34.5255,3.920209171682945,1,1,0,1.7999999999999972
41.1,25.95,43.45,40.3,41.85,40.85,15.58152494845371,41.19,0.6397265040641671,40.354166666666664,1.5615345502155873,39.128,1.6496183850596127,34.5925,3.917477107070371,1,1,0,1.5500000000000043
41.0,25.95,43.45,40.5,41.75,41.1,15.32956050756903,41.03,0.5415256226644741,40.520833333333336,1.5097348252014693,39.176,1.6687475445216666,34.655499999999996,3.918705271518063,1,1,0,1.25
40.5,27.0,43.45,40.2,41.1,41.0,13.819702758399812,41.06,0.4967393682829561,40.699999999999996,1.3475567115750593,39.208,1.678658356411802,34.717999999999996,3.9116982136370377,1,1,0,0.8999999999999986
40.55,26.4,43.45,40.5,41.0,40.5,14.947267767690855,40.8,0.2669269563047594,40.90833333333334,1.0640474471088666,39.23,1.6890705087928153,34.78075,3.9040427361810437,1,1,0,0.5
40.95,26.4,43.45,40.6,41.2,40.55,13.946978197514612,40.82,0.2752271788943185,41.079166666666666,0.8566473585855776,39.26,1.7062908812476028,34.84524999999999,3.898842108425331,1,1,0,0.6000000000000014
41.0,27.0,43.45,41.0,41.5,40.95,16.344769045040888,40.8,0.2524876234632561,41.204166666666666,0.700473324823898,39.29,1.7236944186774348,34.90925,3.8942654576662057,1,1,0,0.5
41.25,27.0,43.45,41.0,41.55,41.0,15.737698840959444,40.85,0.3181980515372918,41.1625,0.6796138609548524,39.34,1.7438521749745335,34.9745,3.890611654383465,1,1,0,0.5499999999999972
41.25,27.8,45.25,41.0,41.8,41.25,16.825116199761894,41.0,0.28722813233063743,41.0375,0.4652101187070196,39.413,1.745922655322248,35.0375,3.8897001925518637,1,1,0,0.7999999999999972
41.45,27.8,44.25,41.25,41.7,41.25,13.599592092741345,41.17999999999999,0.2049390153244739,41.00833333333333,0.4220261373517072,39.495,1.7433327805309027,35.09975,3.8922145506174894,1,1,0,0.45000000000000284
41.6,27.8,44.25,41.3,42.0,41.45,15.422505689236408,41.31,0.2274862633263361,41.112500000000004,0.39836312808810237,39.602000000000004,1.7038360082053896,35.1605,3.8984038416461058,1,1,0,0.7000000000000028
41.95,27.8,45.25,41.45,42.2,41.6,16.015741832873953,41.5,0.29154759474603803,41.12083333333333,0.4158552705720627,39.7,1.6949504838954061,35.221,3.909450474820429,1,1,0,0.75
41.6,27.8,45.25,41.25,41.95,41.95,14.411541478738885,41.57000000000001,0.2564176281034667,41.18333333333334,0.42764329514298927,39.797000000000004,1.6611223768947705,35.2795,3.916958971949795,1,1,0,0.7000000000000028
41.25,28.0,45.25,41.05,41.95,41.6,16.311464379100144,41.57000000000001,0.2564176281034667,41.19583333333333,0.42717801980910514,39.885999999999996,1.6158664826637248,35.33625,3.9208466726781803,1,1,0,0.9000000000000057
41.3,28.0,45.25,41.0,41.4,41.25,14.712863496465562,41.54,0.2815137652091012,41.22083333333334,0.42343741264349044,39.989000000000004,1.534976234609657,35.39275,3.9249792673009125,1,1,0,0.3999999999999986
41.3,28.0,45.25,41.05,41.5,41.3,16.74609617883952,41.48,0.29706901555396037,41.2875,0.3574690069237772,40.089,1.450274076841785,35.449,3.928637801436098,1,1,0,0.45000000000000284
41.15,28.0,45.25,41.0,41.3,41.3,15.492083804396959,41.32,0.16807736314621227,41.3375,0.2780819042234364,40.181,1.3645620512958867,35.506750000000004,3.9271176712082196,1,1,0,0.29999999999999716
40.95,28.0,45.25,40.8,41.25,41.15,16.018916104802035,41.19,0.14747881204489063,41.3375,0.2780819042234364,40.267,1.2696862058101557,35.56625,3.9189397650267384,1,1,0,0.45000000000000284
40.75,25.95,43.45,40.5,41.25,40.95,15.766507888200403,41.089999999999996,0.23822258499597462,41.31666666666667,0.312855857993377,40.34,1.1860584698393444,35.625,3.90806729084173,1,1,0,0.75
40.7,28.55,45.25,40.45,41.0,40.75,15.451668489824536,40.97,0.25641762810336327,41.270833333333336,0.3602135309518032,40.391,1.1440480402358286,35.68325,3.8963785450505104,1,1,0,0.5499999999999972
40.85,28.55,45.25,40.55,41.75,40.7,15.577257627090829,40.879999999999995,0.1788854382059878,41.237500000000004,0.3802660551893183,40.44,1.1089616397186326,35.73775,3.8920112016110138,1,1,0,1.2000000000000028
41.45,28.55,45.25,41.0,42.0,40.85,14.264865589681897,40.940000000000005,0.3008321791334065,41.237500000000004,0.3802660551893183,40.509,1.0603084841840804,35.79475,3.8917720108480633,1,1,0,1.0
42.0,25.95,43.45,41.25,42.45,41.45,15.705077238332539,41.15,0.5623610939620314,41.270833333333336,0.4293008763399164,40.581,1.0361275037763062,35.855,3.894107131520274,1,1,0,1.2000000000000028
41.35,26.4,43.45,41.2,42.0,42.0,16.154331239981726,41.269999999999996,0.5179285665052501,41.22083333333334,0.3744440323136467,40.628,1.0160527866731175,35.911,3.892184412060366,1,1,0,0.7999999999999972
41.4,25.95,43.45,41.25,41.5,41.35,15.010372282167607,41.41,0.4083503397845967,41.204166666666666,0.36021353095178843,40.674,0.9973556874791575,35.9675,3.889422422920639,1,1,0,0.25
41.3,26.4,43.45,41.2,41.5,41.4,16.00342537812508,41.5,0.2850438562786499,41.208333333333336,0.36108002974514614,40.724000000000004,0.9635838715706604,36.024,3.8843713395497916,1,1,0,0.29999999999999716
41.4,26.4,43.45,41.0,42.0,41.3,15.69640984577556,41.489999999999995,0.2880972058215818,41.21666666666666,0.3645254283047437,40.772,0.9353139819857503,36.080999999999996,3.879169211163967,1,1,0,1.0
41.4,26.4,43.45,41.05,41.5,41.4,14.600279761796532,41.37,0.04472135957450771,41.225,0.367732610369604,40.813,0.916448891880312,36.1385,3.872314144561247,1,1,0,0.45000000000000284
41.25,27.8,44.25,41.2,41.45,41.4,15.23763069325572,41.35,0.0707106781341431,41.233333333333334,0.36701085773985104,40.84,0.9088566488524716,36.194500000000005,3.864799883655266,1,1,0,0.25
41.15,27.5,43.45,40.65,41.4,41.25,14.00811324897574,41.3,0.10606601718828487,41.25,0.35738952520918543,40.856,0.9070944868994325,36.25025,3.855403105125755,1,1,0,0.75
41.2,27.5,43.45,40.7,41.5,41.15,15.622684117362047,41.279999999999994,0.11510864434169853,41.2875,0.3220142571690916,40.873,0.9053813042704869,36.30625,3.8454892243211516,1,1,0,0.7999999999999972
41.75,27.8,44.25,41.2,42.4,41.2,14.367613048780322,41.35,0.24238399287533344,41.375,0.2888063207602711,40.897999999999996,0.9121045410903453,36.36475,3.8388250580915244,1,1,0,1.1999999999999957
42.6,27.8,44.25,41.55,42.95,41.75,15.138386037582809,41.589999999999996,0.6137996415787571,41.520833333333336,0.41421246927028543,40.935,0.9429788882438181,36.42875,3.835526987764207,1,1,0,1.4000000000000057
42.6,28.0,45.25,42.3,42.9,42.6,15.837548199792582,41.86,0.7153670386607366,41.61666666666667,0.5166911040183783,40.977,0.9695996438674223,36.49275,3.831151726997327,1,1,0,0.6000000000000014
42.6,28.0,45.25,41.75,42.9,42.6,15.51510009497874,42.15,0.6461423991677471,41.666666666666664,0.5820548760983972,41.016000000000005,0.9950612738799487,36.557249999999996,3.824801362792888,1,1,0,1.1499999999999986
42.8,28.0,45.25,42.5,42.9,42.6,15.914669061506405,42.470000000000006,0.41170377700754424,41.7875,0.6561336476956686,41.056,1.025921188841697,36.62225,3.819849300810535,1,1,0,0.3999999999999986
42.8,28.0,45.25,42.5,42.95,42.8,15.400676474336468,42.68,0.10954451151149928,41.90416666666667,0.7037104044530038,41.095,1.054593934814255,36.68625,3.8155656386981844,1,1,0,0.45000000000000284
42.8,28.55,45.25,42.55,43.0,42.8,15.712275629875997,42.71999999999999,0.1095445115115129,42.02916666666666,0.7196774319531641,41.139,1.0791289949561986,36.75025,3.810196903008648,1,1,0,0.45000000000000284
42.8,28.55,45.25,42.55,43.0,42.8,13.533944411716876,42.76,0.08944271911284297,42.145833333333336,0.7218846336115884,41.193000000000005,1.0935343373387265,36.814499999999995,3.8032866968571617,1,1,0,0.45000000000000284
41.8,28.55,45.25,41.1,42.8,42.8,15.049061873075404,42.6,0.4472135955025151,42.17916666666667,0.692970658351024,41.24100000000001,1.0655404875518881,36.871,3.7929296826974843,1,1,0,1.6999999999999957
41.75,28.55,45.25,41.3,42.55,41.8,14.972171919273556,42.39,0.5616938668013643,42.22083333333333,0.6454238682440364,41.29600000000001,1.017391622869868,36.9295,3.7773930482813434,1,1,0,1.25
41.9,28.55,45.25,41.55,42.15,41.75,15.131570473591662,42.209999999999994,0.5412947441110568,42.28333333333333,0.5634041554926423,41.367,0.9275054320761038,36.9885,3.762308810815226,1,1,0,0.6000000000000014
41.95,26.4,43.45,41.75,42.35,41.9,16.02404878283965,42.04,0.4321458087292305,42.34583333333333,0.4653729361481122,41.445,0.7977807227758255,37.048,3.746089552409492,1,1,0,0.6000000000000014
41.4,25.95,43.45,41.0,41.55,41.95,15.032113564425043,41.760000000000005,0.2162174831095205,42.31666666666667,0.5144870938119929,41.495,0.7083503399319411,37.10425,3.726402395280999,1,1,0,0.5499999999999972
41.05,25.95,43.45,41.0,41.3,41.4,15.049120122657989,41.61,0.37980258029955977,42.1875,0.6205294660078109,41.525999999999996,0.6508424681652313,37.159,3.703345492820532,1,1,0,0.29999999999999716
41.1,25.95,43.45,41.05,41.2,41.05,13.53075885445115,41.48,0.428077095862639,42.06249999999999,0.6782748839400726,41.513000000000005,0.652765701630036,37.21425,3.679101572312886,0,1,0,0.15000000000000568
41.25,26.4,43.45,41.1,41.65,41.1,15.808345322611059,41.35,0.3622844186577426,41.949999999999996,0.6928203230290545,41.483000000000004,0.6287832435323022,37.27,3.6551574356510486,0,1,0,0.5499999999999972
42.1,27.5,43.45,41.3,42.75,41.25,14.999689040959536,41.379999999999995,0.4251470333921913,41.891666666666666,0.6423795724908992,41.489,0.6332850858815986,37.33,3.635306350406344,0,1,0,1.4500000000000028
42.95,27.0,43.45,42.0,43.2,42.1,16.561813118901608,41.69,0.8226481629483002,41.90416666666666,0.6627965316945467,41.541000000000004,0.6444971145104597,37.393499999999996,3.6219088709332388,1,1,1,1.2000000000000028
42.95,27.0,43.45,42.7,43.2,42.95,15.15691241167232,42.07000000000001,0.8892412496067921,41.916666666666664,0.6823533253440925,41.563,0.6733869615607833,37.455,3.6112401299802896,1,1,1,0.5
42.95,27.3,43.45,42.5,43.0,42.95,15.784690844957801,42.44,0.7602631123514294,41.92916666666667,0.7011219363984076,41.605,0.6932068336981237,37.515,3.602295471406354,1,1,1,0.5
43.0,27.5,43.45,42.7,43.2,42.95,14.086759086379908,42.79,0.3863288754446254,42.02916666666667,0.7637998111529276,41.643,0.7166396925789523,37.5775,3.5883842124666008,1,1,0,0.5
43.0,28.0,45.25,42.85,43.25,43.0,13.140598109528346,42.97,0.02738612791766457,42.13333333333333,0.8063197350639671,41.683,0.7355832060761632,37.639500000000005,3.5743172029542674,1,1,0,0.3999999999999986
43.6,27.8,45.25,43.0,44.25,43.0,15.576467289917641,43.1,0.28062430401220056,42.275,0.9049108444293104,41.745,0.763935166604845,37.704499999999996,3.5638476116401367,1,1,0,1.25
44.9,27.8,45.25,43.6,45.25,43.6,16.29755486515544,43.489999999999995,0.832466215532112,42.520833333333336,1.1703648097413697,41.832,0.8659523482200486,37.7765,3.5630251883000263,1,1,0,1.6499999999999986
44.2,27.8,45.25,43.65,45.0,44.9,15.265507387702206,43.739999999999995,0.8173126696695552,42.75416666666666,1.205189221910094,41.897,0.9187619220384663,37.84325,3.5576574554543443,1,1,0,1.3500000000000014
43.85,28.0,45.25,43.6,44.2,44.2,17.053985106988883,43.910000000000004,0.7056911505767848,42.987500000000004,1.1127617158969225,41.95400000000001,0.9498571321144217,37.90625,3.5518730903210574,1,1,0,0.6000000000000014
44.45,28.55,45.25,43.6,44.75,43.85,15.434780180354975,44.2,0.5086747487367593,43.26666666666667,1.0118240354874672,42.018,1.0075105711705816,37.97225,3.550205944553334,1,1,0,1.1499999999999986
44.95,28.0,45.25,44.0,45.25,44.45,15.858741980102616,44.47,0.4671723450745184,43.57500000000001,0.8988629180563901,42.092,1.0830022518679656,38.04125,3.5510506531453667,1,1,0,1.25
44.95,28.0,45.25,44.0,45.0,44.95,14.84634388092074,44.480000000000004,0.47906158268267246,43.8125,0.8488294078545446,42.162,1.1515987112865314,38.10975,3.5515256028977604,1,1,0,1.0
44.6,28.55,45.25,44.0,44.95,44.95,15.626778657027124,44.56,0.45332107826840984,43.949999999999996,0.8298411677174827,42.222,1.1989008571630049,38.17625,3.547891785002545,1,1,0,0.9500000000000028
44.45,28.55,45.25,44.0,45.0,44.6,15.928471615853535,44.68,0.253968501988818,44.07500000000001,0.7767941110174946,42.272,1.2387930268068887,38.244749999999996,3.5360256396297087,1,1,0,1.0
44.35,28.55,45.25,43.65,44.9,44.45,14.482160260643951,44.66,0.27928480087975116,44.19166666666666,0.6930936357240436,42.327000000000005,1.2690270256526464,38.31175,3.524041540817179,1,1,0,1.25
43.7,28.55,45.25,43.6,44.3,44.35,13.328403088418442,44.410000000000004,0.45743852046194766,44.25,0.6079025041467152,42.376000000000005,1.2738836649540664,38.37125,3.513990120980683,1,1,0,0.6999999999999957
42.6,28.55,45.25,42.05,44.0,43.7,15.688112568759593,43.940000000000005,0.8241662453670178,44.21666666666667,0.6883225107391641,42.402,1.264707758450854,38.42575,3.4944750991516647,1,1,0,1.9500000000000028
42.6,31.8,45.25,42.0,42.95,42.6,15.675785162359233,43.54,0.9051243008572497,44.13333333333333,0.8180723832551738,42.42799999999999,1.2549152341485177,38.479749999999996,3.474964652218626,1,1,0,0.9500000000000028
42.45,31.8,45.25,42.25,42.6,42.6,14.37111889822546,43.14,0.8421698166060562,43.92916666666667,0.9099096691776346,42.45400000000001,1.2412896519346606,38.5315,3.456496723271701,1,1,0,0.3500000000000014
42.15,31.8,45.25,42.0,42.45,42.45,14.674426805598129,42.7,0.588430114798888,43.75833333333333,1.037880999777572,42.478,1.2230840910900698,38.582,3.4350398094433148,1,1,0,0.45000000000000284
42.15,31.8,45.25,41.8,42.4,42.15,14.66971352314739,42.39,0.2274862633263791,43.61666666666667,1.1356482596734223,42.50599999999999,1.1984956557012487,38.633,3.411720266357933,0,1,0,0.6000000000000014
41.6,32.5,45.25,41.4,42.0,42.15,15.50862781900857,42.19,0.3830796261904019,43.37916666666666,1.2388518022269879,42.52400000000001,1.1773907505972303,38.68375,3.379675943773702,0,1,0,0.6000000000000014
42.0,31.8,45.25,41.8,42.15,41.6,15.427684922894732,42.06999999999999,0.3094349689388157,43.13333333333333,1.190556274363574,42.547000000000004,1.1550426266540246,38.73375,3.35417289604769,0,1,0,0.3500000000000014
42.5,31.8,45.25,42.1,42.6,42.0,15.808277166051052,42.08,0.3251922508335132,42.92916666666667,1.0528010977945232,42.568000000000005,1.1441849429500215,38.78625,3.3303346803155685,0,1,0,0.5
42.5,32.5,45.25,42.0,42.55,42.5,15.248712598204222,42.15,0.37749172176641765,42.75416666666666,0.9153882269631741,42.578,1.1413007258995547,38.84025,3.302297424353611,0,1,0,0.5499999999999972
42.4,32.5,45.25,42.25,42.8,42.5,16.035605057990093,42.2,0.39370039370335835,42.583333333333336,0.7456947137151767,42.599,1.127824798233431,38.89225,3.2758216488191763,0,1,0,0.5499999999999972
42.45,32.5,45.25,42.2,43.0,42.4,15.551140671925232,42.37,0.21095023110249633,42.425000000000004,0.4965792072701405,42.62,1.1147434957085716,38.9445,3.248562844206931,0,1,0,0.7999999999999972
42.45,33.0,45.25,42.35,43.0,42.45,15.640221288596313,42.459999999999994,0.041833001353064225,42.32083333333333,0.295002568045827,42.643,1.098700995517478,38.99725,3.2191215658587504,0,1,0,0.6499999999999986
42.65,33.0,45.25,42.5,43.0,42.45,16.058388214648634,42.489999999999995,0.09617692031983804,42.324999999999996,0.29962097268857063,42.668,1.0839628730746083,39.047000000000004,3.198129321302828,0,1,0,0.5
43.2,31.5,45.25,42.6,43.9,42.65,15.132642658251648,42.629999999999995,0.33279122584921583,42.375,0.3870048155706237,42.70399999999999,1.0708017213894885,39.1015,3.1753680987898174,0,1,0,1.2999999999999972
42.9,33.5,45.25,42.45,43.5,43.2,14.3137985126023,42.730000000000004,0.3213253802646678,42.4125,0.41567305771630325,42.736999999999995,1.050306563604694,39.15125,3.156394313581884,0,1,0,1.0499999999999972
41.8,33.5,45.25,41.5,43.0,42.9,16.251410857716362,42.6,0.5279678020506782,42.38333333333333,0.44687466889397087,42.75,1.0341613974223023,39.19525,3.1314525243181124,0,1,0,1.5
41.85,31.8,45.25,41.65,42.0,41.8,15.885936707849183,42.480000000000004,0.6290866395038242,42.358333333333334,0.46896081118401056,42.763000000000005,1.0182422830244566,39.237,3.1107337272106736,0,1,0,0.3500000000000014
41.95,31.5,45.25,41.8,42.4,41.85,15.829933596667017,42.339999999999996,0.6589764790963349,42.387499999999996,0.426468052733293,42.76700000000001,1.0145678681999324,39.28175,3.0848274244585276,0,1,0,0.6000000000000014
41.8,31.8,45.25,41.75,42.0,41.95,14.018533847541827,42.059999999999995,0.47355041970436274,42.37083333333333,0.4464294372309776,42.751000000000005,1.023523825032053,39.32575,3.0574153102571695,0,1,0,0.25
41.85,31.8,45.25,41.7,42.05,41.8,15.841999666488821,41.849999999999994,0.06123724358722709,42.31666666666667,0.4682333010845577,42.736,1.0312485003081633,39.37025,3.028786087414318,0,1,0,0.3499999999999943
41.55,31.8,45.25,41.4,41.85,41.85,14.556590868878398,41.8,0.15000000000718988,42.237500000000004,0.5126247076675086,42.715,1.0446779603382121,39.41475,2.9947432902286972,0,1,0,0.45000000000000284
41.65,31.8,45.25,41.15,42.5,41.55,15.067101697278796,41.760000000000005,0.15968719423345504,42.175000000000004,0.5361902647401383,42.69200000000001,1.0553730358968052,39.45825,2.963389584012049,0,1,0,1.3500000000000014
42.1,31.8,45.25,41.3,42.75,41.65,15.719616235979677,41.79,0.2103568396847525,42.145833333333336,0.529347082107221,42.678000000000004,1.0585492575276432,39.503,2.9350919617822093,0,1,0,1.4500000000000028
43.2,31.8,45.25,42.0,44.0,42.1,14.648202700839168,42.07,0.6657702306368083,42.208333333333336,0.6070919255456378,42.68599999999999,1.0609987593522523,39.55375,2.91060242387159,0,1,0,2.0
43.6,31.8,45.25,43.0,44.0,43.2,15.600245580096908,42.42,0.9291124797365659,42.2875,0.7211496503389111,42.702000000000005,1.0687566684360903,39.60775,2.8847419499997526,0,1,0,1.0
42.95,31.8,45.25,42.65,43.7,43.6,15.612042122610953,42.7,0.8038967595420841,42.26666666666667,0.6955486171289474,42.725,1.061297338551458,39.657999999999994,2.854686000386371,0,1,0,1.0500000000000043
42.95,31.8,45.25,42.5,43.5,42.95,16.39710530143346,42.96,0.5493177586809778,42.270833333333336,0.6998241121031064,42.748999999999995,1.0523292919878227,39.705,2.830900029120118,1,1,0,1.0
42.35,31.8,45.25,42.05,42.95,42.95,14.700517412510091,43.010000000000005,0.45469770177811547,42.31666666666667,0.6840166576048469,42.758,1.0468300058866158,39.75025,2.8001682357028326,1,1,0,0.9000000000000057
41.65,32.5,45.25,41.55,42.35,42.35,16.915341596503392,42.7,0.7348469228364942,42.300000000000004,0.6987000917303039,42.751999999999995,1.0524005600414665,39.789249999999996,2.7717521511554906,0,1,0,0.8000000000000043
41.85,32.5,45.25,41.6,42.2,41.65,16.205657801244488,42.35,0.6041522986815665,42.291666666666664,0.7038315053199194,42.761,1.0424798730500116,39.8285,2.7448101324708203,0,1,0,0.6000000000000014
42.0,31.8,45.25,41.65,42.35,41.85,13.08673827229789,42.160000000000004,0.5103920062091458,42.30833333333334,0.6934214687586843,42.78000000000001,1.0190531820053281,39.8685,2.717601800804634,0,1,0,0.7000000000000028
42.45,32.5,45.25,41.85,42.55,42.0,14.71494033956466,42.059999999999995,0.3361547262826818,42.358333333333334,0.6788470618154406,42.806999999999995,0.9911346826661634,39.91025,2.69256046296672,0,1,0,0.6999999999999957
43.1,33.5,45.25,42.5,43.55,42.45,16.237903391072134,42.21,0.578143580784396,42.4875,0.6582086571641038,42.843999999999994,0.9660375621209846,39.9555,2.669527417571079,0,1,0,1.0499999999999972
42.9,33.0,45.25,42.3,43.2,43.1,15.469883785604004,42.459999999999994,0.544747648000644,42.59166666666667,0.6108240831927039,42.86,0.9600701504981992,40.0,2.643808544143908,0,1,0,0.9000000000000057
42.15,33.0,45.25,42.0,43.0,42.9,15.683845345798938,42.519999999999996,0.4724933861994704,42.59583333333333,0.6073258573219521,42.84400000000001,0.9651921665489369,40.039500000000004,2.6163411388371633,0,1,0,1.0
42.5,33.2,45.25,42.4,42.85,42.15,16.081711814063752,42.62,0.37848381735848835,42.5375,0.576874415199037,42.835,0.9662810044660509,40.08075,2.5895017928500743,0,1,0,0.45000000000000284
42.95,31.8,45.25,42.25,43.1,42.5,14.818016049612805,42.71999999999999,0.38826537316926074,42.483333333333334,0.4923659639194976,42.835,0.9662810044660509,40.1235,2.5657137770857283,0,1,0,0.8500000000000014
42.35,31.75,45.25,41.7,42.95,42.95,16.10888344862126,42.57,0.34749100708111597,42.43333333333333,0.4706539615442314,42.821999999999996,0.9683859915196584,40.16025,2.544509793248507,0,1,0,1.25
42.05,31.75,45.25,41.5,42.2,42.35,13.904803580020998,42.39999999999999,0.35355339059642865,42.358333333333334,0.4521832559613582,42.803000000000004,0.9741249343668323,40.19575,2.5208715565296997,0,1,0,0.7000000000000028
42.0,31.75,45.25,41.85,42.2,42.05,15.087964382803799,42.37,0.3850324661664626,42.32916666666667,0.46390552199283835,42.771,0.9736890716051755,40.231,2.4963217161557156,0,1,0,0.3500000000000014
42.85,31.8,45.25,42.0,43.1,42.0,15.110320187911986,42.44,0.4421538193912107,42.42916666666667,0.4324656230888673,42.73,0.924110162175927,40.27075,2.474205001499489,0,1,0,1.1000000000000014
42.8,31.8,45.25,42.1,43.0,42.85,15.243858395019819,42.41,0.4021815510465779,42.50833333333333,0.40273684919449143,42.702000000000005,0.8995441022189062,40.30925,2.453159574300614,0,1,0,0.8999999999999986
41.95,31.8,45.25,41.6,42.75,42.8,14.792106237034965,42.33,0.4535967372041197,42.50416666666667,0.40868877541920695,42.663999999999994,0.8901410115303343,40.3365,2.4408721873899335,0,1,0,1.1499999999999986
41.65,31.8,45.25,41.5,42.0,41.95,15.101929609915226,42.24999999999999,0.5419870847190147,42.4375,0.47774327453744864,42.608000000000004,0.8631551046561452,40.361999999999995,2.4277201497755008,0,1,0,0.5
41.6,31.8,45.25,41.25,41.8,41.65,15.911022402828879,42.17,0.6129845022528786,42.3125,0.48482658568186043,42.541000000000004,0.8057630431043208,40.38825,2.4124570842638673,0,1,0,0.5499999999999972
41.05,31.8,45.25,40.5,41.5,41.6,15.230344026856686,41.809999999999995,0.6416774890879214,42.15833333333333,0.5680242205695178,42.463,0.7549706035634633,40.411500000000004,2.3961794863179806,0,1,0,1.0
40.2,31.8,45.25,39.5,40.8,41.05,15.220209756201173,41.29,0.6904708538397074,41.99583333333333,0.80154916293895,42.375,0.757227084263987,40.43325,2.3742085563071442,0,1,0,1.2999999999999972
40.05,31.8,45.25,39.9,40.7,40.2,14.586637242332607,40.91,0.7561415211467378,41.791666666666664,0.9581785118693196,42.287000000000006,0.7667723233910111,40.457,2.3461935386069164,0,1,0,0.8000000000000043
40.1,31.8,45.25,39.9,40.35,40.05,16.584561843345366,40.599999999999994,0.6919176251564034,41.55416666666667,0.9973734445436157,42.202,0.7689749339085596,40.479749999999996,2.320290104348923,0,1,0,0.45000000000000284
40.5,31.8,45.25,40.05,40.9,40.1,15.935482171559107,40.379999999999995,0.41321907023037785,41.4,1.0061176508116305,42.138000000000005,0.7748969648427657,40.5,2.3025493845604124,0,1,0,0.8500000000000014
40.5,31.8,45.25,40.0,40.6,40.5,16.56470916430896,40.269999999999996,0.21679483389151685,41.270833333333336,1.0145438592915597,42.096000000000004,0.8056458937539062,40.51975,2.285374613299404,0,1,0,0.6000000000000014
40.2,32.5,45.25,40.0,40.5,40.5,15.608502767056224,40.269999999999996,0.21679483389151685,41.12083333333333,1.0298848861838046,42.048,0.8455139724162464,40.53875,2.266671554765655,0,1,0,0.5
40.05,32.5,45.25,39.85,40.3,40.2,15.804671885824028,40.269999999999996,0.21679483389151685,40.8875,0.9130680050358245,42.0,0.8892211680534634,40.558,2.245892062361127,0,1,0,0.44999999999999574
40.05,32.5,45.25,40.0,40.2,40.05,13.519797657900346,40.260000000000005,0.22748626332605162,40.65833333333333,0.7124966772928872,41.958,0.9306219118724974,40.579,2.221148691001012,0,1,0,0.20000000000000284
39.85,32.5,45.25,39.55,40.1,40.05,15.627611888160864,40.13,0.24135036772716353,40.483333333333334,0.6180369705539974,41.912000000000006,0.9766435650027614,40.6025,2.188037084101833,0,0,0,0.5500000000000043
39.7,32.5,45.25,39.6,39.95,39.85,14.796502672713308,39.96999999999999,0.19557607216124667,40.32083333333333,0.5340489990021304,41.873999999999995,1.0248066019638287,40.623250000000006,2.159371753391377,0,0,0,0.3500000000000014
39.25,31.75,45.25,38.55,39.7,39.7,16.611370211953254,39.779999999999994,0.3309078421585111,40.125,0.4459412925099616,41.818999999999996,1.0896493538224994,40.63725,2.1411791560702653,0,0,0,1.1500000000000057
37.95,33.5,45.25,36.05,39.0,39.25,15.139929781323488,39.36,0.8414273587196677,39.86666666666667,0.6916164640428396,41.728,1.214460491623486,40.64275,2.1327984159109805,0,0,0,2.950000000000003
37.55,31.5,45.25,36.75,38.25,37.95,15.638461961167405,38.86,1.0466613587984914,39.645833333333336,0.9502292386905201,41.629000000000005,1.3449865335795284,40.6495,2.1207694512427437,0,0,0,1.5
36.95,31.75,45.25,36.6,38.0,37.55,16.526283781606512,38.28,1.1584472366067606,39.3875,1.2148933735487382,41.52,1.493830851283025,40.6545,2.1107894043569466,0,0,0,1.3999999999999986
37.0,31.75,45.25,36.5,37.5,36.95,17.029080370815088,37.739999999999995,0.9396807968676287,39.12916666666667,1.369382464227954,41.411,1.6182407303070074,40.6565,2.107114712600649,0,0,0,1.0
38.0,31.8,45.25,37.05,38.5,37.0,17.95543857693233,37.489999999999995,0.5017469481738338,38.920833333333334,1.331516280810065,41.321999999999996,1.6810820130778699,40.6645,2.093868711476996,0,0,0,1.4500000000000028
38.05,31.8,45.25,37.0,38.5,38.0,16.010131860831127,37.510000000000005,0.5260703375041742,38.71666666666666,1.2528754805241438,41.23,1.7320213506720232,40.66575,2.0922240426688132,0,0,0,1.5
37.95,31.8,45.25,37.55,38.15,38.05,16.56604543456632,37.589999999999996,0.5628054726117745,38.52916666666667,1.1767556194386308,41.125,1.7688994041609267,40.66375,2.09463863051843,0,0,0,0.6000000000000014
37.9,31.8,45.25,37.6,38.25,37.95,16.240684984504764,37.78,0.4396020928086895,38.35,1.0841838153450412,41.025,1.8074181043913713,40.657999999999994,2.10066058047693,0,0,0,0.6499999999999986
37.9,31.8,45.25,37.5,38.45,37.9,16.104534208884168,37.96,0.06519202406579222,38.17083333333333,0.9466347892635181,40.946999999999996,1.8567694679585085,40.655,2.104183437748788,0,0,0,0.9500000000000028
37.05,31.8,45.25,36.8,37.85,37.9,15.659134983150263,37.769999999999996,0.4071240597186326,37.9375,0.8334280249240497,40.851,1.931703541289045,40.6465,2.115321648920035,0,0,0,1.0500000000000043
36.95,31.8,45.25,36.5,37.2,37.05,15.431328276090534,37.55,0.5037360419919967,37.708333333333336,0.6660034579956046,40.751,2.001797406618093,40.639,2.1257819134888716,0,0,0,0.7000000000000028
36.5,31.8,45.25,36.0,36.95,36.95,16.368410768983903,37.260000000000005,0.6198790204562011,37.479166666666664,0.5503958630495612,40.645,2.083762540821453,40.62775,2.1417229802470765,0,0,0,0.9500000000000028
36.6,31.8,45.25,36.5,37.0,36.5,16.130083607412015,37.0,0.5533985905310214,37.36666666666667,0.5824452113665913,40.54,2.1529287124325296,40.61625,2.157166026020462,0,0,0,0.5
36.95,31.8,45.25,36.5,37.55,36.6,16.318306322443846,36.809999999999995,0.24341322889627048,37.31666666666667,0.5909673630953458,40.448,2.206506149494074,40.606,2.1697182736319687,0,0,0,1.0499999999999972
37.8,32.5,45.25,37.6,38.0,36.95,15.821198045623207,36.96,0.5116150896931353,37.387499999999996,0.5939563038730564,40.371,2.2307473351927265,40.6,2.1758323076821884,0,0,0,0.3999999999999986
37.75,32.5,45.25,37.3,38.2,37.8,16.098015487152445,37.12,0.6210877554756026,37.449999999999996,0.5889127115453033,40.284,2.246708249680794,40.59375,2.1822372083864208,0,0,0,0.9000000000000057
37.7,32.5,45.25,37.4,37.9,37.75,16.085861776900504,37.36,0.5493177586804678,37.425,0.5694894044840857,40.174,2.2356398892231684,40.5885,2.187950728868824,0,0,0,0.5
37.75,32.5,45.25,37.65,38.0,37.7,15.65880261794622,37.589999999999996,0.3595135602473728,37.4,0.5456439065257913,40.056999999999995,2.205559071148764,40.58375,2.193096394707773,0,0,0,0.3500000000000014
37.95,33.0,45.25,37.7,38.0,37.75,14.624483749344995,37.790000000000006,0.09617692031744425,37.4,0.5456439065257913,39.957,2.18496742608701,40.5805,2.1965298694382698,0,0,0,0.29999999999999716
38.0,33.0,45.25,37.75,38.5,37.95,16.068600843586168,37.83,0.13509256086753382,37.40833333333333,0.5546634251083896,39.858,2.1585700103994747,40.5805,2.1965298694382698,0,0,0,0.75
38.05,33.2,45.25,37.8,38.45,38.0,15.298114826267229,37.89,0.15572411502958938,37.420833333333334,0.5682742349095744,39.772,2.142860952377583,40.5815,2.195325721874421,0,0,0,0.6500000000000057
38.65,33.5,45.25,38.2,39.0,38.05,15.45633104544801,38.08,0.33837848631636136,37.55416666666667,0.6545152034266454,39.711999999999996,2.131171949315937,40.588249999999995,2.18724590771176,0,0,0,0.7999999999999972
39.95,33.5,45.25,39.05,40.25,38.65,15.766138276057223,38.519999999999996,0.848233458430971,37.80416666666667,0.9213276816481751,39.674,2.109096914776189,40.6085,2.162227761932165,0,0,0,1.2000000000000028
40.0,33.85,45.25,39.55,40.1,39.95,15.26059279629397,38.92999999999999,0.987800587164118,38.09583333333334,1.0196831801497608,39.634,2.0828855573213882,40.62775,2.1393519042807276,0,0,0,0.5500000000000043
39.35,33.85,45.25,38.0,40.1,40.0,13.862204240336409,39.2,0.8440971508077612,38.324999999999996,0.9602319795481845,39.571999999999996,2.0431108733537684,40.63675,2.130105321551575,0,0,0,2.1000000000000014
38.75,33.95,45.25,38.05,39.55,39.35,12.709272265101712,39.339999999999996,0.6387487769082456,38.475,0.8614206025786961,39.485,1.9815024705552098,40.64275,2.123045346954216,0,0,0,1.5
37.65,34.0,45.25,37.1,38.3,38.75,14.117466029074034,39.14,0.9762171889501727,38.4625,0.8731148523854882,39.38,1.9354111518048787,40.6455,2.1187852663785782,0,0,0,1.1999999999999957
37.95,34.0,45.25,37.15,38.0,37.65,15.73212444602536,38.739999999999995,0.971081870905728,38.479166666666664,0.8600894069109196,39.29600000000001,1.9036173942453736,40.6485,2.1145161723699104,0,0,0,0.8500000000000014
38.15,33.25,45.25,37.8,38.65,37.95,16.057729851894386,38.37,0.6797058187199562,38.51666666666667,0.8323934093206061,39.209,1.8529262571094924,40.65225,2.1093849725238334,0,0,0,0.8500000000000014
39.05,33.25,45.25,38.65,39.5,38.15,15.23022253644128,38.309999999999995,0.5770615218516675,38.625,0.8077747210711707,39.131,1.7725771046238905,40.65975,2.1009491603486445,0,0,0,0.8500000000000014
39.55,33.25,45.25,39.0,40.0,39.05,15.724653131034794,38.47,0.7981227975704999,38.75833333333333,0.8182112789318668,39.075,1.711999964238055,40.667,2.094563674115074,0,0,0,1.0
40.0,33.25,45.25,39.55,40.1,39.55,15.451882666323533,38.94,0.8820430828489971,38.925000000000004,0.8526696045638662,39.034,1.6631492134269046,40.674,2.0899553985281623,0,0,0,0.5500000000000043
39.9,33.25,45.25,38.9,40.0,40.0,15.336488990868736,39.33,0.7571327492598408,39.079166666666666,0.8473108084181812,38.992,1.6124629405645148,40.679,2.086883902402902,1,0,0,1.1000000000000014
38.5,33.25,45.25,38.25,39.5,39.9,15.348218818489695,39.4,0.6254998001612504,39.06666666666666,0.8552865902823539,38.905,1.5144289015860968,40.67425,2.0907728458545267,1,0,0,1.25
38.45,33.25,45.25,38.2,38.65,38.5,15.812412663152184,39.279999999999994,0.7538235867905452,38.94166666666667,0.8234719549612514,38.818000000000005,1.4072610537741317,40.669250000000005,2.0949069461585017,1,0,0,0.44999999999999574
38.0,33.25,45.25,37.75,38.3,38.45,15.592731689178644,38.97,0.9162423260261264,38.775,0.7915749548163644,38.739000000000004,1.3369661818567684,40.661750000000005,2.1017878098145997,1,0,0,0.5499999999999972
37.95,33.25,45.25,37.8,38.0,38.0,14.702661211919619,38.56,0.7900949310062496,38.65833333333334,0.8022222921748116,38.665,1.273443427587344,40.65775,2.106201047325874,0,0,0,0.20000000000000284
37.85,33.25,45.25,37.75,38.0,37.95,14.513148141557027,38.15,0.3020761493427982,38.583333333333336,0.8343024667722118,38.59,1.205683818166212,40.659,2.104450655827284,0,0,0,0.25
37.65,33.25,45.25,37.5,37.95,37.85,15.256743050475785,37.98,0.29495762407805687,38.583333333333336,0.8343024667722118,38.522000000000006,1.159088311685446,40.6605,2.1021859285966533,0,0,0,0.45000000000000284
37.55,33.25,45.25,37.3,37.95,37.65,13.819901901884347,37.8,0.19364916731494294,38.550000000000004,0.8691688820109312,38.469,1.1412439507406584,40.667,2.090457140262435,0,0,0,0.6500000000000057
37.0,33.25,45.25,36.6,37.5,37.55,16.21321499437272,37.6,0.370809924357171,38.45416666666667,0.9743198871139879,38.408,1.1365163385342116,40.66675,2.090894818783072,0,0,0,0.8999999999999986
37.55,33.25,45.25,37.0,37.75,37.0,14.96886384086667,37.519999999999996,0.3154362059145567,38.329166666666666,0.9870659767339744,38.357,1.116070457142484,40.670750000000005,2.084118443353799,0,0,0,0.75
37.45,33.25,45.25,37.2,37.6,37.55,15.375317162566779,37.44,0.2559296778448539,38.15416666666667,0.935768603229134,38.296,1.0792968232387115,40.674,2.078551389644913,0,0,0,0.3999999999999986
37.3,33.25,45.25,37.0,37.65,37.45,15.062112011826027,37.36999999999999,0.2307596151881227,37.92916666666667,0.7596226136398312,38.232,1.0401020358109463,40.67975,2.067534991773747,0,0,0,0.6499999999999986
36.55,33.25,45.25,36.05,37.3,37.3,15.883524679681742,37.17,0.4040420770189284,37.65,0.5584068246535285,38.159,1.0271662027945547,40.681000000000004,2.0649477100459332,0,0,0,1.25
35.95,33.25,45.25,35.55,36.6,36.55,15.77340588271982,36.96,0.6877499545632588,37.4375,0.6779397264718274,38.077,1.0367339807968567,40.678000000000004,2.0714052230280204,0,0,0,1.0500000000000043
35.9,33.25,45.25,35.7,36.8,35.95,14.551765598462305,36.629999999999995,0.7285259089433687,37.225,0.7294144600615255,37.994,1.0416646802702751,40.67425,2.0793974865409908,0,0,0,1.0999999999999943
36.2,33.25,45.25,35.8,37.45,35.9,16.217135322101562,36.38,0.5751086853819527,37.074999999999996,0.7405464812626281,37.92100000000001,1.0368264964176013,40.66975,2.0881268655257696,0,0,0,1.6500000000000057
36.9,33.25,45.25,36.5,37.5,36.2,14.869056091962367,36.3,0.4227883631342739,36.9875,0.6879234233292191,37.865,1.014147374871776,40.6635,2.0975560677331715,0,0,0,1.0
37.5,33.25,45.25,36.8,38.0,36.9,14.443746347879452,36.489999999999995,0.6913754406990184,36.958333333333336,0.6546454048276497,37.83,0.9953975720940578,40.659,2.1033937640468032,0,0,0,1.2000000000000028
37.6,33.25,45.25,37.1,38.4,37.5,15.450343470403284,36.82,0.7596051605944816,36.954166666666666,0.6499854310731986,37.823,0.9957670615241595,40.657,2.1061231620841077,0,0,0,1.2999999999999972
37.8,33.25,45.25,37.8,38.2,37.6,16.81225736670336,37.199999999999996,0.6519202405216257,36.975,0.6743683913663822,37.828,0.99499564146319,40.654,2.109778382702415,0,0,0,0.4000000000000057
38.0,33.25,45.25,37.85,38.5,37.8,13.982973097659864,37.559999999999995,0.41593268686385443,37.05833333333333,0.7366488411399853,37.849000000000004,0.9871361380793294,40.649,2.1148966735271744,0,0,0,0.6499999999999986
38.05,33.25,45.25,37.9,38.5,38.0,14.884213659679952,37.79,0.24083189157956278,37.1,0.7798601273197606,37.87,0.9798479682157114,40.64375,2.1200581762895294,0,0,0,0.6000000000000014
38.9,33.25,45.25,38.05,40.0,38.05,16.564696368404473,38.06999999999999,0.49699094559337287,37.22083333333333,0.9357686032290636,37.888000000000005,0.9904935895908357,40.64425,2.1196329059006205,1,0,0,1.9500000000000028
38.3,33.25,45.25,38.05,38.8,38.9,15.511878360734723,38.209999999999994,0.42485291572707523,37.30416666666667,0.9866053676706603,37.893,0.9919579689911405,40.64075,2.1229369382335426,1,0,0,0.75
38.7,33.2,45.25,38.5,38.95,38.3,16.495682479289055,38.39,0.39749213828929986,37.483333333333334,1.0314009301863736,37.908,0.9984866099273502,40.6375,2.1254189654965177,1,0,0,0.45000000000000284
38.5,33.25,45.25,38.05,38.7,38.7,12.933382093776428,38.489999999999995,0.3324154027746032,37.69583333333333,0.9459142603218655,37.92,1.0019878202038512,40.6305,2.130160243576618,1,0,0,0.6500000000000057
38.1,33.2,45.25,37.5,38.6,38.5,14.543590907899334,38.5,0.31622776601968483,37.87916666666666,0.7614156472520728,37.924,1.0023055055873646,40.61925,2.1375776309033827,1,0,0,1.1000000000000014
37.35,33.25,45.25,37.0,38.5,38.1,16.25464382601532,38.19,0.5200961449595586,37.975,0.5821199501521639,37.93,0.9978548420057981,40.60425,2.1499665622029522,1,0,0,1.5
37.65,33.25,45.25,37.35,38.3,37.35,15.725305031102046,38.06,0.565022123462251,38.0375,0.48902732773768154,37.944,0.9886932212341785,40.59,2.1600821220192445,1,0,0,0.9499999999999957
37.95,33.2,45.25,37.7,38.1,37.65,15.733256507581617,37.91,0.43789268091826516,38.075,0.46048393516711394,37.973,0.9664900730088334,40.576,2.168098766501275,0,0,0,0.3999999999999986
37.95,33.25,45.25,37.75,38.0,37.95,14.537197089262783,37.8,0.30000000000297183,38.104166666666664,0.43820830110012265,38.0,0.9459904646368292,40.56325,2.1760313646631606,0,0,0,0.25
37.95,33.25,45.25,37.9,38.0,37.95,14.264099648983152,37.769999999999996,0.2683281573032962,38.11666666666667,0.43082021842945445,38.02,0.933831256880311,40.54975,2.183851753186859,0,0,0,0.10000000000000142
37.85,33.25,45.25,37.0,38.05,37.95,15.738853837008076,37.870000000000005,0.13038404811090046,38.104166666666664,0.43664960642306705,38.021,0.9336176073397634,40.535,2.192099794155254,0,0,0,1.0499999999999972
36.6,33.25,45.25,35.65,37.8,37.85,14.743848825959072,37.660000000000004,0.5941380311020156,37.98333333333334,0.6165642830662835,37.998,0.9543648384648765,40.51375,2.209560868966085,0,0,0,2.1499999999999986
34.55,33.25,45.25,34.05,36.45,36.6,16.724387860478405,36.980000000000004,1.4737706741558416,37.62083333333333,1.1099668982239965,37.935,1.0712499851166282,40.48350000000001,2.2494282355595376,0,0,1,2.4000000000000057
35.65,33.25,45.25,35.05,36.5,34.55,16.19700858221321,36.519999999999996,1.4541320435234721,37.4,1.2206555615739678,37.893,1.118764351179246,40.46125,2.275102501970007,0,0,1,1.4500000000000028
35.95,33.25,45.25,35.7,36.75,35.65,16.24019832132244,36.11999999999999,1.2184005909395053,37.170833333333334,1.2125214774736,37.853,1.1519464450420551,40.444,2.2961709442075406,0,0,1,1.0499999999999972
36.15,33.25,45.25,35.7,36.8,35.95,14.253572567061402,35.779999999999994,0.769415362467975,36.975,1.167261752993477,37.816,1.1765757996172743,40.429750000000006,2.3139520973959353,0,0,0,1.0999999999999943
37.0,33.25,45.25,36.3,37.5,36.15,16.170270651528707,35.86,0.8876936408478593,36.88333333333333,1.1128042655088661,37.795,1.181673407002314,40.423,2.3220044191626528,0,0,0,1.2000000000000028
37.5,33.25,45.25,37.0,37.75,37.0,15.55809746491806,36.45,0.7721722605751545,36.895833333333336,1.1193460617976911,37.772,1.1758696304247473,40.42025,2.3251524913514863,0,0,0,0.75
37.5,33.25,45.25,37.4,37.7,37.5,15.823778414410558,36.82,0.7353570561310712,36.88333333333333,1.1109646368106492,37.723,1.1335428477808995,40.413250000000005,2.3318500295472115,0,0,0,0.30000000000000426
36.7,33.25,45.25,36.25,37.5,37.5,14.377010854811106,36.97,0.5718391382213723,36.77916666666667,1.0592575301374525,37.657,1.0936276462176502,40.39925,2.3457246338363693,0,0,0,1.25
36.05,33.25,45.25,35.0,37.0,36.7,16.160657027875562,36.949999999999996,0.6082762530312711,36.62083333333333,1.009153185357167,37.591,1.0889374150416908,40.37075,2.363788148194665,0,0,0,2.0
35.1,33.25,45.25,34.9,36.05,36.05,15.528533590974622,36.57000000000001,1.0220078277595284,36.38333333333333,1.0032522870726446,37.518,1.1311796262923508,40.3325,2.386876546501522,0,0,0,1.1499999999999986
35.05,33.25,45.25,34.8,35.5,35.1,16.10055277050993,36.08,1.0515464801908352,36.15,0.9556054720349482,37.466,1.1835367267954113,40.29875,2.413594441520474,0,0,0,0.7000000000000028
35.5,33.25,45.25,35.2,36.0,35.05,14.407511109738847,35.67999999999999,0.6969576744693459,36.05833333333334,0.961257068383094,37.417,1.2134286891587802,40.274499999999996,2.4373248680798874,0,0,0,0.7999999999999972
35.5,33.25,45.25,35.3,35.6,35.5,14.814008177062027,35.44,0.4021815510459284,36.1375,0.8594726184233548,37.364000000000004,1.2383761586061834,40.24275,2.457970306500064,0,0,0,0.30000000000000426
35.65,33.25,45.25,35.3,36.8,35.5,14.916354022374236,35.36,0.26786190472276206,36.137499999999996,0.8594726184233548,37.29600000000001,1.2372550262577744,40.21675,2.47892766115594,0,0,0,1.5
35.4,33.25,45.25,34.9,35.5,35.65,15.454915150611438,35.419999999999995,0.22527760652516804,36.09166666666666,0.8846759379302835,37.212999999999994,1.222067919552807,40.188250000000004,2.5013864371660026,0,0,0,0.6000000000000014
34.95,33.25,45.25,34.5,35.5,35.4,15.892987796663597,35.4,0.26692695630398056,35.99166666666667,0.9433579609170343,37.111999999999995,1.1954232450032098,40.158,2.527961420734392,0,0,0,1.0
34.5,33.25,45.25,34.25,35.4,34.95,14.857376465542341,35.2,0.4703721930574782,35.78333333333334,0.975922252244269,37.004,1.1822600287205567,40.128,2.559290102576016,0,0,0,1.1499999999999986
35.5,33.25,45.25,34.95,35.95,34.5,14.675739168967333,35.2,0.4703721930574782,35.61666666666667,0.8133358171852648,36.944,1.180912825758508,40.10275,2.579934153944882,0,0,0,1.0
36.15,33.25,45.25,34.3,37.0,35.5,15.334520572834183,35.3,0.6194755846695685,35.50416666666667,0.5925516215855683,36.898,1.1657510498404926,40.07875,2.594299110912666,0,0,0,2.700000000000003
35.95,33.25,45.25,35.6,36.15,36.15,15.555116889561296,35.41,0.6868405928610408,35.44166666666667,0.48468984147132704,36.857,1.1622466807605454,40.05350000000001,2.609816749761276,0,0,0,0.5499999999999972
35.5,33.25,45.25,35.0,35.95,35.95,14.717824467537634,35.519999999999996,0.6369850861689841,35.395833333333336,0.44642943723000317,36.808,1.166862179924821,40.024750000000004,2.628176458111727,0,0,0,0.9500000000000028
35.95,33.25,45.25,35.5,36.05,35.5,13.991731041000214,35.81,0.29453352950336964,35.46666666666667,0.4623720134146726,36.77,1.1631677366887372,39.998250000000006,2.6424414699494063,0,0,0,0.5499999999999972
35.4,33.25,45.25,35.1,35.7,35.95,15.23480463923201,35.79,0.32287768582191134,35.49583333333333,0.4443884118733537,36.725,1.1719184515754446,39.967999999999996,2.660307723916065,0,0,0,0.6000000000000014
35.4,33.25,45.25,35.2,35.5,35.4,14.380427129034866,35.64,0.2859195691129129,35.4875,0.445239976153194,36.681999999999995,1.1804426703399513,39.937000000000005,2.67726441047871,0,0,0,0.29999999999999716
35.05,33.25,45.25,34.55,35.5,35.4,15.27249658014401,35.46,0.3228776858219132,35.449999999999996,0.4626995883855615,36.643,1.2017423575283024,39.9025,2.6955889428363413,0,0,0,0.9500000000000028
34.15,33.25,45.25,33.5,34.85,35.05,15.705847741574212,35.19,0.6646427611895862,35.324999999999996,0.5891056395475335,36.575,1.2447952868333734,39.86525,2.7233459204644546,0,0,0,1.3500000000000014
34.5,31.5,45.25,33.9,35.05,34.15,16.360312230142434,34.9,0.5578978401120764,35.25,0.6342497357303183,36.516,1.2720881114393912,39.8315,2.747814618178821,0,0,0,1.1499999999999986
35.35,31.5,45.25,34.85,36.0,34.5,14.916121181963,34.89,0.5470374758658867,35.28333333333333,0.6275252017163385,36.477000000000004,1.277442039102141,39.80175,2.7639976215179014,0,0,0,1.1499999999999986
35.45,31.5,45.25,35.3,35.8,35.35,14.796915020511271,34.9,0.5590169943764877,35.3625,0.5776618230586449,36.455,1.2856051540986555,39.7725,2.778975942038718,0,0,0,0.5
35.1,31.5,45.25,34.9,35.5,35.45,14.750270086801832,34.910000000000004,0.5628054726117382,35.329166666666666,0.580539848031786,36.438,1.2979795916763455,39.74225,2.7967771181739773,0,0,0,0.6000000000000014
35.05,31.5,45.25,34.9,35.4,35.1,15.412835604951898,35.089999999999996,0.3697972417443324,35.237500000000004,0.5231569380400426,36.421,1.3106739970453147,39.71275,2.815030536620939,0,0,0,0.5
35.0,30.0,45.25,34.7,35.1,35.05,14.456838516387228,35.19,0.1981161275659148,35.15833333333334,0.47521924764742096,36.397,1.3257038946637594,39.684,2.833684498880176,0,0,0,0.3999999999999986
34.1,30.0,45.25,34.0,35.0,35.0,13.391781168698524,34.94,0.501746948173798,35.041666666666664,0.5497244488816294,36.341,1.362646359860454,39.651,2.8601005007463765,0,0,0,1.0
34.7,30.0,45.25,34.0,35.05,34.1,16.614461291256013,34.790000000000006,0.41593268686378015,34.9375,0.47535871622611964,36.285,1.3715494738374563,39.62025,2.8801351234175696,0,0,0,1.0499999999999972
35.45,30.0,45.25,35.0,35.9,34.7,16.06378739508598,34.86,0.5017469481737995,34.94166666666667,0.47997790353309405,36.242,1.3631580979476041,39.59025,2.8922035968663153,0,0,0,0.8999999999999986
35.3,27.5,45.25,35.0,35.9,35.45,13.755761615129062,34.910000000000004,0.5366563146015519,34.93333333333334,0.4721004002116749,36.192,1.3506370379059638,39.55675,2.9029342177979385,0,0,0,0.8999999999999986
35.0,27.5,45.25,34.9,35.5,35.3,16.622337710546415,34.910000000000004,0.5366563146015519,34.92916666666667,0.47119689637427653,36.132,1.3352275660206225,39.525,2.917909522226024,0,0,0,0.6000000000000014
35.05,26.05,45.25,35.0,35.5,35.0,14.563667094793276,35.099999999999994,0.2893959225727203,35.00416666666667,0.40252517331560134,36.071999999999996,1.3145248229699633,39.49325,2.931918770340884,0,0,0,0.5
34.75,26.05,45.25,34.5,35.45,35.05,16.554555487800755,35.11,0.27248853187192323,35.025,0.3798923292453043,35.989,1.262298276468618,39.4605,2.948172886184251,0,0,0,0.9500000000000028
34.2,33.25,45.25,34.0,35.0,34.75,14.708164529639689,34.86,0.41743262929689384,34.92916666666667,0.4319397755453942,35.907,1.2421184175695326,39.4245,2.9682617199614922,0,0,0,1.0
34.0,25.5,45.25,33.9,35.0,34.2,14.543977101297234,34.6,0.4756574397628224,34.80833333333334,0.47378233079224,35.812999999999995,1.2036852426051585,39.3875,2.989557831878914,0,0,0,1.1000000000000014
33.85,25.5,45.25,33.25,34.0,34.0,15.017191036918858,34.37,0.5106368572691643,34.704166666666666,0.5370196937882047,35.72,1.171036519760327,39.3505,3.0120986773691287,0,0,0,0.75
33.8,33.25,45.25,33.5,34.0,33.85,14.583348148171147,34.120000000000005,0.3850324661658265,34.6,0.5830951894855776,35.634,1.1503965598427757,39.31375,3.0347855035836746,0,0,0,0.5
33.7,33.2,45.25,33.5,33.9,33.8,15.036281775568703,33.910000000000004,0.1949358869006517,34.49166666666667,0.6215206181528454,35.56100000000001,1.1550814972573389,39.27625,3.0576123698926274,0,0,0,0.3999999999999986
33.5,32.0,45.25,33.2,34.0,33.7,16.11840570288725,33.769999999999996,0.18574175621476943,34.44166666666667,0.6775065693529215,35.478,1.151004884828076,39.235,3.079642183744289,0,0,0,0.7999999999999972
32.95,31.5,45.25,32.0,33.45,33.5,12.855009284423183,33.56,0.3664014192136148,34.295833333333334,0.7950009529256684,35.378,1.1490528486452332,39.18675,3.1021692746432303,0,0,0,1.4500000000000028
32.0,30.0,45.25,31.5,33.0,32.95,16.769316112431135,33.19,0.7419568720631681,34.00833333333333,0.9486433694626415,35.25899999999999,1.1847969773556788,39.13375,3.1339482439049915,0,0,0,1.5
32.2,31.5,45.25,32.0,32.5,32.0,16.912946213005608,32.87,0.7579577824666556,33.75,0.9862693712817268,35.144,1.1972604783677432,39.08175,3.1622982288104153,0,0,0,0.5
32.25,31.5,45.25,32.0,32.95,32.2,16.218565315880404,32.58,0.6270964838059432,33.520833333333336,0.9889062675813999,35.032,1.200882328684652,39.029,3.1878513108200774,0,0,0,0.9500000000000028
32.4,31.0,45.25,32.3,33.0,32.25,16.03253787152913,32.36,0.3595135602474326,33.300000000000004,0.9090454534096729,34.948,1.235361634237956,38.977,3.2107695660118525,0,0,0,0.7000000000000028
31.85,30.0,45.25,31.0,33.2,32.4,15.415383067450954,32.14,0.2162174831085391,33.05833333333334,0.8732992128432656,34.894,1.309877701099179,38.92225,3.238492179313573,0,0,0,2.200000000000003
30.2,27.5,45.25,30.0,31.8,31.85,14.786479229845206,31.779999999999994,0.9059525373891315,32.725,1.1250252522423467,34.785,1.4634405226265408,38.85925,3.28490180015799,0,0,0,1.8000000000000007
30.3,30.0,45.25,30.1,31.0,30.2,16.352661795350258,31.4,1.0694624818112224,32.41666666666667,1.2445030649978341,34.672,1.5847538919211779,38.80175,3.333458288068,0,0,0,0.8999999999999986
30.45,28.0,45.25,30.1,30.55,30.3,15.464188606439953,31.04,1.0132867313854625,32.13333333333333,1.2751708144643683,34.558,1.678506381718439,38.74525,3.378693205424205,0,0,0,0.4499999999999993
29.45,27.5,45.25,28.0,30.5,30.45,15.74693066008803,30.45,0.8724964183318237,31.770833333333332,1.3728633536808723,34.407000000000004,1.790223164745663,38.683,3.434507271939135,0,0,0,2.5
28.05,27.5,45.25,27.5,29.45,29.45,15.162180384405946,29.689999999999998,0.994610476519272,31.3,1.600994009415059,34.218,1.948829057120633,38.6135,3.507918930951573,0,0,0,1.9499999999999993
27.8,25.5,45.25,27.5,28.5,28.05,14.769559780619295,29.21,1.2366284809925399,30.825000000000003,1.7293587881590364,34.024,2.092923938475798,38.545500000000004,3.5846097255377583,0,0,0,1.0
26.65,25.5,45.25,26.05,28.0,27.8,15.558272516528099,28.479999999999997,1.4847558721897516,30.3,1.9657291036895097,33.823,2.3027536754494755,38.4735,3.677467414255678,0,0,0,1.9499999999999993
26.35,25.5,45.25,25.5,26.9,26.65,16.844880730107192,27.660000000000004,1.2361229712297988,29.82916666666667,2.185848944017322,33.629,2.5105306781066106,38.399750000000004,3.771236343067635,0,0,0,1.3999999999999986
26.55,25.5,45.25,26.5,27.0,26.35,15.873881796686558,27.080000000000002,0.7839005038919247,29.35833333333333,2.2366607957293243,33.458,2.692854490335971,38.32625,3.8576652711476758,0,0,0,0.5
26.85,25.5,45.25,26.55,27.25,26.55,16.560021320349,26.839999999999996,0.5661271941905144,28.90833333333333,2.143259341764689,33.294000000000004,2.8396183991975716,38.25,3.932684201041751,0,0,0,0.6999999999999993
26.45,25.5,45.25,26.3,27.0,26.85,15.451454267444138,26.57,0.19235384062200628,28.412499999999998,1.9407267851365473,33.113,2.981042311894663,38.1675,4.005977788280755,0,0,0,0.6999999999999993
26.25,25.5,45.25,26.0,26.8,26.45,14.757586378630036,26.49,0.23021728866885668,27.94583333333333,1.6969837323556627,32.928000000000004,3.113944280103931,38.083999999999996,4.079168675775114,0,0,0,0.8000000000000007
26.0,25.5,45.25,25.95,26.45,26.25,16.815229922496766,26.419999999999998,0.319374388456624,27.59583333333333,1.6212310604957294,32.735,3.2383582701292397,37.999249999999996,4.152974587826591,0,0,0,0.5
26.0,12.15,21.15,25.95,26.4,26.0,15.846103315006532,26.309999999999995,0.35601966238123284,27.237499999999997,1.4335469361631525,32.547000000000004,3.351369047090469,37.914249999999996,4.223481789903445,0,0,0,0.4499999999999993
26.2,12.15,21.15,26.05,26.85,26.0,15.798441336928455,26.18,0.1890767040173159,26.88333333333333,1.0382094142704168,32.372,3.4503203045633013,37.83025,4.2883911822685405,0,0,0,0.8000000000000007
26.35,12.15,21.15,26.3,27.05,26.2,15.48758537210326,26.159999999999997,0.15572411503056502,26.625,0.6573016465416625,32.209,3.5391064535834573,37.744,4.344862269474291,0,0,0,0.75
26.4,12.15,21.15,26.3,26.85,26.35,16.13663287012009,26.189999999999998,0.18841443681961206,26.487499999999997,0.48106179909277347,32.027,3.5998754230146144,37.6515,4.388458223327096,0,0,0,0.5500000000000007
26.45,12.15,21.15,26.35,27.0,26.4,16.155719031362324,26.279999999999994,0.1823458252937227,26.375,0.24725768671020257,31.833,3.634354362559218,37.56275,4.434600131820624,0,0,0,0.6499999999999986
26.6,12.15,21.15,26.55,27.9,26.45,16.21356045517131,26.4,0.1457737973781478,26.370833333333334,0.24257925915175432,31.646000000000004,3.6586609572356052,37.476499999999994,4.479228750689431,0,0,0,1.3499999999999979
26.7,12.15,21.15,26.6,28.0,26.6,16.311233582622954,26.5,0.14577379737813562,26.399999999999995,0.2602446401526665,31.470000000000006,3.6810740446843955,37.387750000000004,4.516058720759121,0,0,0,1.3999999999999986
26.5,12.15,21.15,26.4,27.4,26.7,16.645973122092094,26.53,0.12041594579639706,26.395833333333332,0.25801544468866133,31.281000000000002,3.688950544863557,37.295500000000004,4.549126565898182,0,0,0,1.0
26.35,12.15,21.15,26.2,27.3,26.5,15.522039064324444,26.52,0.1350925608686163,26.354166666666668,0.21474967809833928,31.1,3.7047129388366686,37.2025,4.581862182047181,0,0,0,1.1000000000000014
25.7,12.15,21.15,25.45,26.7,26.35,16.733708279956467,26.369999999999997,0.3962322551257587,26.291666666666668,0.2827087590173955,30.906000000000002,3.7288401654659307,37.108,4.623241048111432,0,0,0,1.25
25.05,12.15,21.15,24.5,25.8,25.7,15.302939241956445,26.059999999999995,0.6776798654247081,26.191666666666666,0.45718174888774815,30.706,3.769989444038725,37.010999999999996,4.671686233182223,0,0,0,1.3000000000000007
24.3,12.15,21.15,24.1,25.5,25.05,16.72223679378765,25.58,0.9182864476850684,26.05,0.7135060680133077,30.509,3.8429990680111863,36.91075,4.72819214311441,0,0,0,1.3999999999999986
24.3,12.15,21.15,24.1,25.5,25.05,16.72223679378765,25.139999999999997,0.894007829944499,25.908333333333335,0.8748592960469034,30.305,3.897163411131406,36.81375,4.786843195298932,0,0,0,1.3999999999999986
24.3,12.15,21.15,24.1,25.5,25.05,16.72223679378765,24.73,0.6320601237240665,25.75,0.9825754655269154,30.084,3.91848627583123,36.72225,4.850166286067968,0,0,0,1.3999999999999986
23.45,12.15,21.15,23.3,24.0,24.0,17.236709926134207,24.279999999999998,0.5663479495876153,25.508333333333336,1.1618624025353101,29.844,3.950479691875218,36.6265,4.922040242699317,0,0,0,0.6999999999999993
23.5,12.15,21.15,23.35,23.8,23.45,13.127949744558622,23.97,0.4522167621861268,25.26666666666667,1.2572215638490034,29.612,3.9760451071231198,36.53175,4.991281789984709,0,0,0,0.4499999999999993
23.1,12.15,21.15,23.0,24.0,23.5,17.403054745336195,23.729999999999997,0.5426785420505478,24.987499999999997,1.3397973048870795,29.373,4.001571247520122,36.436499999999995,5.064755819142269,0,0,0,1.0
23.15,12.15,21.15,23.0,24.0,23.1,15.336576386248328,23.499999999999996,0.48088460154398,24.700000000000003,1.3324618363973497,29.136,4.012404744879913,36.3415,5.134757190659843,0,0,0,1.0
23.15,12.15,21.15,23.0,24.0,23.1,15.336576386248328,23.27,0.18907670401748605,24.40416666666667,1.238851802226412,28.917,4.034704171943984,36.249249999999996,5.205062469756549,0,0,0,1.0
23.15,12.15,21.15,23.0,24.0,23.1,15.336576386248328,23.209999999999997,0.16355427234443368,24.125,1.092432648225931,28.686000000000003,4.027482628954563,36.155,5.270656896497894,0,0,0,1.0
24.95,12.15,21.15,24.5,26.5,24.9,15.961991514376205,23.499999999999996,0.8108637370126446,24.008333333333336,0.8890325010254758,28.476,3.940400891238557,36.06725,5.310432506352041,0,0,0,2.0
25.05,12.15,21.15,24.9,26.45,24.95,16.534942474241078,23.889999999999997,1.0139033484519642,23.954166666666666,0.7909885452955067,28.271000000000004,3.843575211721947,35.98,5.3474339875546,0,0,0,1.5500000000000007
25.05,12.15,21.15,24.9,26.45,24.95,16.534942474241078,24.27,1.0232301793839438,23.954166666666666,0.7909885452955067,28.072000000000003,3.744372103434665,35.893249999999995,5.3833721229885905,0,0,0,1.5500000000000007
27.6,12.15,21.15,27.2,28.0,26.55,16.723362040333985,25.16,1.5860327865470134,24.229166666666668,1.3193418354576325,27.923000000000002,3.606728547635194,35.819,5.3948806926974795,0,0,0,0.8000000000000007
27.75,12.15,21.15,27.5,28.7,27.6,16.24051689127172,26.079999999999995,1.4575664650375526,24.516666666666666,1.6664242247910779,27.783,3.469570490385697,35.7455,5.404214319589678,0,0,0,1.1999999999999993
27.95,12.15,21.15,27.8,28.0,27.75,15.625404761059277,26.68,1.4931510305397966,24.82083333333333,1.9347842648512548,27.658,3.3439766135301965,35.672,5.409798573238462,0,0,0,0.1999999999999993
28.2,12.15,21.15,28.0,28.7,27.95,15.404276469306286,27.309999999999995,1.283257573522185,25.216666666666665,2.107058843435049,27.542,3.2177023111632703,35.597,5.408885858580639,0,0,0,0.6999999999999993
29.5,12.15,21.15,28.35,30.0,28.2,16.095983059748615,28.2,0.7607562027364838,25.716666666666665,2.359442666599592,27.455,3.10033326055938,35.53,5.400956085098607,1,0,0,1.6499999999999986
30.0,12.15,21.15,29.95,30.5,29.5,15.612639087955444,28.68,1.005360631814289,26.291666666666668,2.5003484605637167,27.379,2.986091739640824,35.471,5.3965682376596,1,0,0,0.5500000000000007
32.05,12.15,21.15,30.25,32.5,30.0,14.843664973983648,29.54,1.6459799512758375,27.03333333333333,2.7872545414419596,27.346,2.9232676712116463,35.422,5.382830605418585,1,0,0,2.25
31.45,12.15,21.15,29.5,33.0,32.05,14.761632288041,30.24,1.5416711711652382,27.724999999999998,2.765740078499634,27.305,2.8486167427260054,35.369499999999995,5.3700308103883785,1,0,0,3.5
30.0,12.15,21.15,29.0,31.7,31.45,15.001217859013366,30.6,1.0902981243687393,28.295833333333334,2.421068352958663,27.246000000000002,2.758434930410044,35.3105,5.363843663290249,1,0,0,2.6999999999999993
28.9,12.15,21.15,28.5,29.8,30.0,14.800655858428643,30.479999999999997,1.2612493805754648,28.625,2.1814819816731594,27.184,2.6832138816527498,35.24575,5.362668224862285,1,0,0,1.3000000000000007
28.15,12.15,21.15,28.0,29.0,28.9,16.001696769418494,30.109999999999996,1.649014857423061,28.883333333333336,1.882736564073158,27.103,2.588148223052524,35.17875,5.367214912511264,1,0,0,1.0
28.55,12.15,21.15,28.2,29.5,28.15,15.146054601646293,29.409999999999997,1.3320097597247575,29.175,1.4581276911290753,27.029,2.488977537800132,35.11325,5.367779075044942,1,0,0,1.3000000000000007
29.0,11.5,21.15,28.95,30.0,28.55,15.709962135816681,28.919999999999998,0.6897463301837944,29.291666666666668,1.374249106261909,26.961,2.383452520686638,35.04775,5.362018149041566,1,0,0,1.0500000000000007
29.5,12.15,21.15,29.0,30.0,29.0,14.654445402760901,28.82,0.5057173123416019,29.4375,1.285783277370138,26.914,2.3070221109491564,34.97925,5.344830963429627,1,0,0,1.0
29.0,12.15,21.15,28.9,29.0,29.5,14.735036451056464,28.839999999999996,0.5116150896934268,29.525000000000002,1.2087747365152137,26.89,2.2782019404856966,34.90625,5.326167830277159,1,0,0,0.10000000000000142
29.55,12.15,21.15,29.0,29.95,29.0,13.250054498797146,29.119999999999997,0.41321907023032123,29.637500000000003,1.1348057502983306,26.875,2.2576683384701908,34.83925,5.308727235581702,1,0,0,0.9499999999999993
29.55,12.15,21.15,29.0,29.95,29.0,13.250054498797146,29.32,0.2928310092903592,29.641666666666666,1.1343466949057024,26.857,2.232025939795169,34.77225000000001,5.2903764376230065,1,0,0,0.9499999999999993
29.95,12.15,21.15,29.5,30.4,30.0,14.427231282245353,29.509999999999998,0.3380088756260819,29.637500000000003,1.1330018454615367,26.866999999999997,2.2449628422905903,34.71025,5.273757677186765,1,0,0,0.8999999999999986
29.15,12.15,21.15,28.8,30.0,29.95,14.914822934846764,29.439999999999998,0.3748332962825064,29.395833333333332,0.8440859320040326,26.889,2.262116807103411,34.64775,5.265163069482189,1,0,0,1.1999999999999993
29.75,12.15,21.15,29.5,30.1,29.15,15.953527682436714,29.589999999999996,0.2966479394872106,29.254166666666666,0.5642607123628232,26.928,2.2947179809826386,34.58725,5.251489373568362,1,0,0,0.6000000000000014
29.6,12.15,21.15,29.55,30.0,29.75,15.746916165761036,29.6,0.29580398915837436,29.220833333333335,0.5267647108597047,26.987,2.325146692760971,34.52525,5.23671086090319,1,0,0,0.4499999999999993
30.0,12.15,21.15,29.6,30.45,29.6,15.275287928131979,29.689999999999998,0.3416869912683343,29.3125,0.5604888288572568,27.06,2.3617487467673777,34.463,5.215991163632602,1,0,0,0.8499999999999979
30.1,12.15,21.15,30.0,30.5,30.0,14.032958721303237,29.72,0.3751666296487557,29.474999999999998,0.4678286399577259,27.131,2.3991684358697296,34.397999999999996,5.188748554110795,1,0,0,0.5
30.0,12.15,21.15,29.95,30.6,30.1,16.358033465839622,29.889999999999997,0.20736441353810814,29.59583333333333,0.3875671984758229,27.194000000000003,2.43276193086069,34.3335,5.162643916740065,1,0,0,0.6500000000000021
30.45,12.15,21.15,30.0,31.1,30.0,14.521377004612757,30.029999999999994,0.30331501776535946,29.716666666666665,0.4102844541710094,27.273999999999997,2.473228906609724,34.275,5.139865375707806,1,0,0,1.1000000000000014
31.8,12.15,21.15,31.1,32.5,30.45,14.697458675391621,30.47,0.7661592523764179,29.90833333333333,0.7201115233501567,27.385,2.5496948596942253,34.2215,5.109419594529574,1,0,0,1.3999999999999986
31.15,12.15,21.15,30.85,31.95,31.8,14.10264322952302,30.7,0.7623975341001475,30.087500000000002,0.7407382680942471,27.487999999999996,2.5962013066189473,34.1625,5.076143211090033,1,0,0,1.0999999999999979
31.15,12.15,21.15,30.9,31.8,31.15,15.442061405281436,30.909999999999997,0.6976747093036846,30.22083333333333,0.7782434572734719,27.590999999999998,2.6377883825319537,34.106500000000004,5.047060714841305,1,0,0,0.9000000000000021
31.1,12.15,21.15,31.0,31.5,31.15,14.695676993833764,31.129999999999995,0.47775516742571694,30.350000000000005,0.7853777319349423,27.688999999999997,2.6758040942902634,34.05175,5.019775910181664,1,0,0,0.5
31.1,12.15,21.15,30.9,31.8,31.1,15.84011318486164,31.26,0.30290262462047324,30.44583333333333,0.8021160461655453,27.784000000000002,2.7113788946224777,33.99725,4.992142563506156,1,0,0,0.9000000000000021
31.05,12.15,21.15,30.5,31.15,31.1,14.481903514773197,31.109999999999996,0.041833001350301366,30.604166666666668,0.704678628665628,27.877,2.7425076042162218,33.93825,4.9565929331571175,1,0,0,0.6499999999999986
31.25,12.15,21.15,30.7,31.3,31.05,15.63883345313671,31.130000000000003,0.07582875445353082,30.729166666666668,0.6716527557030701,27.973000000000003,2.775350869526179,33.8805,4.919974644498741,1,0,0,0.6000000000000014
30.1,12.15,21.15,29.8,31.3,31.25,15.016890303216583,30.919999999999998,0.46448896650187443,30.770833333333332,0.6076999608567929,28.042999999999996,2.7841389318489225,33.82125,4.893589893701418,1,0,0,1.5
29.8,12.15,21.15,29.15,30.0,30.1,14.765468534066263,30.660000000000004,0.6608706378724858,30.754166666666663,0.6329793667956196,28.105,2.7881353947740704,33.762,4.870006758634294,1,0,0,0.8500000000000014
29.1,12.15,21.15,28.05,29.8,29.8,15.085355649815813,30.259999999999998,0.8926085368189094,30.670833333333334,0.7764892826444604,28.156999999999996,2.7818289755086876,33.6995,4.8490764545745755,1,0,0,1.75
28.45,12.15,21.15,28.0,29.0,29.1,14.294226747390526,29.74,1.0591269989958738,30.541666666666668,0.9960908440991061,28.199,2.769817094086539,33.6365,4.834927649601637,1,0,0,1.0
28.05,12.15,21.15,28.0,29.0,28.45,15.332636012931319,29.1,0.86818776771043,30.34166666666667,1.2297141821163426,28.246,2.746386122651729,33.57575,4.82837087057499,1,0,0,1.0
28.25,12.15,21.15,28.0,29.0,28.05,14.378948176250473,28.73,0.7164146843846976,30.045833333333334,1.2732310961657802,28.31,2.707397274136199,33.516749999999995,4.820950607640005,1,0,0,1.0
28.2,12.15,21.15,28.1,29.0,28.25,15.463842399394299,28.409999999999997,0.4114000486169532,29.799999999999997,1.3244209712519637,28.388,2.6449713551167,33.45725,4.812719739811145,1,0,0,0.8999999999999986
27.95,12.15,21.15,27.5,28.5,28.2,16.314624225122852,28.18,0.19235384062200267,29.53333333333333,1.3498035771810564,28.461000000000002,2.5793981658439824,33.3945,4.8022366805142385,0,0,0,1.0
27.85,12.15,21.15,27.75,28.5,27.95,16.476392349142454,28.059999999999995,0.16733200531290074,29.2625,1.332824239930579,28.531999999999996,2.510463003072548,33.33125,4.791474415340475,0,0,0,0.75
28.05,12.15,21.15,27.95,29.8,27.85,15.864608993666783,28.060000000000002,0.16733200531290074,29.008333333333336,1.2380030351952207,28.624000000000002,2.402384869504594,33.2705,4.7809614842169434,0,0,0,1.8500000000000014
29.05,12.15,21.15,28.0,30.6,28.05,15.269860918510174,28.22,0.48166378315380404,28.84166666666667,1.0599814177907394,28.735,2.2862108835542156,33.2155,4.76582629260177,0,0,0,2.6000000000000014
31.05,12.15,21.15,30.15,31.85,29.05,15.816625761914603,28.79,1.352035502493195,28.825,1.0194695590449188,28.894000000000002,2.1592383388782594,33.170500000000004,4.743406399556635,0,0,0,1.7000000000000028
29.85,12.15,21.15,29.5,30.9,31.05,15.353173374970467,29.169999999999998,1.3236313686227072,28.804166666666664,0.9932632932400294,29.028000000000002,1.9973237195848943,33.1205,4.72531456505189,1,0,0,1.3999999999999986
29.9,12.15,21.15,29.7,30.0,29.85,14.937579248274298,29.580000000000002,1.1133283433030958,28.8125,1.0027518953546892,29.163,1.811381533864304,33.0715,4.707522340139517,1,0,0,0.3000000000000007
29.25,12.15,21.15,28.8,29.95,29.9,14.961197572023732,29.82,0.7807048097725628,28.825,1.00758487122839,29.285,1.590027916582068,33.0215,4.69465779466867,1,0,0,1.1499999999999986
28.65,12.15,21.15,28.4,29.0,29.25,16.392859719116974,29.74,0.8919080670125227,28.84166666666667,1.0024590976320684,29.359,1.4653720708825306,32.975,4.691653017881766,1,0,0,0.6000000000000014
28.2,12.15,21.15,27.85,28.95,28.65,15.341827914338577,29.169999999999998,0.7438077708669201,28.854166666666668,0.9925766133323877,29.421999999999997,1.338563043120596,32.92825,4.69242032216825,0,0,0,1.0999999999999979
26.85,12.15,21.15,26.6,28.0,28.2,16.787247277176334,28.57,1.1546644534244637,28.7375,1.1411965411162104,29.458,1.2390895274930558,32.87775,4.7032563761928925,0,0,0,1.3999999999999986
26.55,12.15,21.15,26.4,27.0,26.85,16.417192402374123,27.9,1.1618950038630933,28.600000000000005,1.3001748134214877,29.437,1.2794613822118805,32.825500000000005,4.715261733570948,0,0,0,0.6000000000000014
26.8,12.15,21.15,26.6,28.0,26.55,14.1048170603151,27.409999999999997,0.9469688484855352,28.504166666666666,1.3916076924543148,29.418000000000003,1.3116728686245749,32.7695,4.720003912569509,0,0,0,1.3999999999999986
27.55,12.15,21.15,27.05,28.0,26.8,15.492906326441588,27.189999999999998,0.6758328195656257,28.479166666666668,1.4070372375597746,29.41,1.3219882984446558,32.717,4.71936947496211,0,0,0,0.9499999999999993
27.5,12.15,21.15,27.4,28.0,27.55,15.64629857444703,27.05,0.4486089611254169,28.433333333333334,1.4310411552012896,29.396,1.3386651895810338,32.66475,4.718989749807907,0,0,0,0.6000000000000014
27.5,12.15,21.15,27.4,28.0,27.5,16.073202986659147,27.179999999999996,0.4698403984354951,28.304166666666664,1.4402427720441076,29.355999999999998,1.365113436267352,32.61275,4.718311376831954,0,0,0,0.6000000000000014
27.4,12.15,21.15,26.8,28.0,27.5,16.417288791125156,27.35,0.31224989992315977,28.0,1.1671643959930313,29.304000000000002,1.3893854169145439,32.56025,4.717601217114131,0,0,0,1.1999999999999993
27.05,12.15,21.15,26.2,27.95,27.4,15.786615075242647,27.4,0.2031009601208782,27.766666666666666,1.0362373660455053,29.204,1.367473463533935,32.51025,4.722767206621331,0,0,0,1.75
26.25,12.15,21.15,25.95,26.95,27.05,15.363690110312257,27.139999999999997,0.5308012810855158,27.462499999999995,0.876492234058398,29.1,1.3907126348218635,32.45675,4.732815191371468,0,0,0,1.0
25.95,12.15,21.15,25.75,26.5,26.25,15.12559886287518,26.829999999999995,0.6951618516590417,27.1875,0.7766843865848458,29.019000000000002,1.4537386706176212,32.404,4.746298107856415,0,0,0,0.75
25.15,12.15,21.15,24.7,26.0,25.95,14.867625402171331,26.359999999999996,0.8947066558386773,26.895833333333332,0.8327005173027038,28.944000000000003,1.5533255963137202,32.34675,4.7644519041789435,0,0,0,1.3000000000000007
24.95,12.15,21.15,24.85,25.05,25.15,15.328790151025348,25.869999999999997,0.8526429498928794,26.625,0.8960773099769811,28.88,1.649644364889704,32.28675,4.781718950135886,0,0,0,0.1999999999999993
24.75,12.15,21.15,24.5,24.8,24.95,13.290249577302026,25.41,0.654217089353399,26.45,1.0414151211435767,28.804000000000002,1.7496600252854102,32.2215,4.7951281547106435,0,0,0,0.3000000000000007
24.45,12.15,21.15,23.9,25.0,24.75,16.155324092394043,25.05,0.5656854249510372,26.275000000000002,1.1890599801375337,28.713,1.854443367720282,32.155,4.810272195309017,0,0,0,1.1000000000000014
23.7,12.15,21.15,23.65,24.45,24.45,16.171759727818912,24.599999999999998,0.5656854249510395,26.016666666666666,1.3852031904341378,28.597,1.9812748421155781,32.085,4.830995506925867,0,0,0,0.8000000000000007
23.65,12.15,21.15,23.6,24.3,23.7,17.512737598826916,24.3,0.5979130371567759,25.691666666666666,1.4487978297596202,28.49,2.0999757044270257,32.0145,4.850751353498298,0,0,0,0.6999999999999993
24.75,12.15,21.15,24.0,26.0,23.65,16.856120638102066,24.259999999999998,0.5481788029484909,25.462500000000002,1.3509466377998987,28.394000000000002,2.159403734783291,31.9485,4.8593791350220545,0,0,0,2.0
25.95,12.15,21.15,25.5,26.5,24.75,16.064832101102088,24.5,0.9394147114038813,25.333333333333332,1.2045997700737114,28.322000000000003,2.179991574595239,31.88825,4.858673479190095,0,0,0,1.0
25.95,12.15,21.15,25.5,26.5,24.75,16.064832101102088,24.799999999999997,1.1379806676749988,25.212500000000002,1.039913676487855,28.242000000000004,2.192388502738254,31.827749999999995,4.85689609068144,0,0,0,1.0
25.85,12.15,21.15,25.25,26.0,26.35,15.175255840576822,25.229999999999997,1.018331969449076,25.1125,0.8947130062972125,28.176,2.2140608180722032,31.76375,4.85087656560875,0,0,0,0.75
25.55,12.15,21.15,25.15,26.0,25.85,13.22672519452875,25.610000000000003,0.5079370039700081,25.05416666666667,0.8346088722856961,28.092,2.232719582637726,31.691750000000003,4.835603347688806,0,0,0,0.8500000000000014
25.5,12.15,21.15,25.25,25.5,25.55,13.693005013797503,25.76,0.21908902300668892,25.01666666666667,0.8000946913663075,28.01,2.251416787496378,31.61925,4.819082872931238,0,0,0,0.25
25.5,12.15,21.15,25.3,25.5,25.5,14.095035198857973,25.669999999999998,0.21389249636681432,25.045833333333334,0.8116924891673748,27.92,2.2601697606460625,31.55,4.806930716639378,0,0,0,0.1999999999999993
25.45,12.15,21.15,25.25,25.5,25.5,13.670601542103528,25.57,0.16046806536513808,25.087500000000002,0.8191250875732845,27.826999999999998,2.2643017124266063,31.4835,4.79881452592926,0,0,0,0.25
24.95,12.15,21.15,24.55,25.5,25.45,14.587053398250964,25.389999999999997,0.24849547279987866,25.104166666666668,0.8136501183878407,27.726,2.2779833544750514,31.42,4.800832214288171,0,0,0,0.9499999999999993
24.55,12.15,21.15,24.35,25.5,24.95,13.440382104831567,25.189999999999998,0.42632147494823786,25.1125,0.8068245838420772,27.607999999999997,2.286793495223392,31.353,4.802746387674446,0,0,0,1.1499999999999986
24.4,12.15,21.15,24.25,25.0,24.55,14.35737020597616,24.969999999999995,0.5032395056054803,25.170833333333334,0.7155602805861624,27.46,2.2491041300382686,31.284249999999997,4.80337396469627,0,0,0,0.75
24.95,12.15,21.15,24.5,25.25,24.4,15.187351215753711,24.86,0.40987803064088685,25.279166666666665,0.541655011530572,27.336000000000002,2.2121196779080123,31.21375,4.792283206274863,0,0,0,0.75
25.3,12.15,21.15,25.0,25.5,24.95,12.124325569579169,24.83,0.35812009159226654,25.325,0.5154433219888015,27.219,2.160378132056858,31.1425,4.7736155876749065,0,0,0,0.5
24.85,12.15,21.15,24.6,25.5,25.3,15.489049583386947,24.81,0.352491134643205,25.233333333333334,0.4914419106223884,27.094,2.111500095444306,31.066750000000003,4.752511310484151,0,0,0,0.8999999999999986
25.1,12.15,21.15,24.8,25.5,24.85,14.831610787061908,24.919999999999998,0.3365263734123241,25.162499999999998,0.4369964634776124,26.974,2.0487487470579486,30.99275,4.7294474628669345,0,0,0,0.6999999999999993
25.0,12.15,21.15,24.95,25.1,25.1,16.354329232769707,25.04,0.17102631377085498,25.091666666666665,0.3806891677277836,26.853,1.9806309549211636,30.925250000000002,4.718087716011466,0,0,0,0.15000000000000213
24.8,12.15,21.15,24.4,25.1,25.0,14.811351938009004,25.01,0.20124611798006942,25.029166666666665,0.3595820385187109,26.724,1.8966737802193365,30.857,4.707406331713644,0,0,0,0.7000000000000028
24.8,12.15,21.15,24.5,25.0,24.8,14.264291189164716,24.91,0.13416407865763486,24.97083333333333,0.33197640478558404,26.618000000000002,1.8517162474916524,30.791,4.69928295610149,0,0,0,0.5
24.8,12.15,21.15,24.5,25.0,24.8,15.789355583918237,24.9,0.14142135624456598,24.912499999999998,0.2892977390495989,26.517999999999997,1.8109294039587858,30.725250000000003,4.69060055915296,0,0,0,0.5
24.95,12.15,21.15,24.55,25.1,24.8,13.001553014011936,24.869999999999997,0.09746794345862368,24.870833333333334,0.23592981750704228,26.435,1.7850927489766608,30.660749999999997,4.680819618292656,0,0,0,0.5500000000000007
25.0,12.15,21.15,24.95,25.5,24.95,15.439975201432139,24.869999999999997,0.09746794345862368,24.875,0.23788843833178747,26.366,1.7722475065548453,30.5975,4.671359733395878,0,0,0,0.5500000000000007
25.15,12.15,21.15,25.05,25.6,25.0,14.417255462905873,24.939999999999998,0.14747881204447982,24.924999999999997,0.2261335084355967,26.308000000000003,1.763442829310031,30.535500000000003,4.660896860877436,0,0,0,0.5500000000000007
25.5,12.15,21.15,25.3,26.0,25.15,15.249499483303094,25.08,0.2659887215692551,25.016666666666666,0.21672493389254308,26.253,1.7444199667534854,30.478,4.651672417680064,0,0,0,0.6999999999999993
25.25,12.15,21.15,24.95,26.0,25.5,15.862493601093837,25.169999999999998,0.2196588263695405,25.041666666666668,0.22546248764343044,26.194000000000003,1.7270252825395112,30.4165,4.638995488866863,0,0,0,1.0500000000000007
25.1,12.15,21.15,24.9,26.0,25.25,14.571163413579592,25.2,0.1903943276519626,25.025000000000002,0.21159566931711435,26.136999999999997,1.7148751962681061,30.35475,4.627082167459379,0,0,0,1.1000000000000014
25.05,12.15,21.15,25.0,25.45,25.1,15.968806584315452,25.21,0.17818529681778617,25.041666666666668,0.20430962836698355,26.081,1.7034745405212681,30.293499999999998,4.615748413538579,0,0,0,0.4499999999999993
25.25,12.15,21.15,25.05,25.5,25.05,16.832000933575568,25.229999999999997,0.1753567791733235,25.05416666666667,0.21262251370530896,26.025,1.6833291237234544,30.237,4.607932967302614,0,0,0,0.4499999999999993
25.25,12.15,21.15,25.05,25.5,25.25,15.572005650740955,25.18,0.09746794345857328,25.075000000000003,0.2189852631013715,25.949,1.6288687072033106,30.1835,4.603382823216414,0,0,0,0.4499999999999993
25.25,12.15,21.15,25.05,25.5,25.25,16.33521316210838,25.18,0.09746794345857328,25.1125,0.20574145293444843,25.833,1.4554825975726382,30.13025,4.598519254517628,0,0,0,0.4499999999999993
25.25,12.15,21.15,25.05,25.5,25.25,16.33521316210838,25.21,0.08944271911141036,25.150000000000002,0.1834021909285625,25.741,1.3369432848624632,30.0755,4.591068973736569,0,0,0,0.4499999999999993
25.25,12.15,21.15,25.05,25.5,25.25,16.33521316210838,25.25,1.4287241103967066e-06,25.1875,0.14790199458098588,25.647999999999996,1.1960376760156999,30.01725,4.577933739594657,0,0,0,0.4499999999999993
25.0,12.15,21.15,24.8,25.35,25.0,15.204052641063376,25.2,0.11180339888412599,25.191666666666666,0.14115325864207467,25.563,1.0802404305316282,29.95475,4.5605573512751585,0,0,0,0.5500000000000007
24.85,12.15,21.15,24.4,25.0,25.0,13.981280048659029,25.119999999999997,0.1857417562155739,25.179166666666664,0.16439743049253805,25.487000000000002,0.9883923248159895,29.891000000000005,4.54222722248701,0,0,0,0.6000000000000014
24.65,12.15,21.15,24.5,24.95,24.85,13.120563759062184,25.0,0.25980762113927786,25.137500000000003,0.2247473328816097,25.416,0.9142544637516677,29.82525,4.522298181423588,0,0,0,0.4499999999999993
24.7,12.15,21.15,24.45,25.0,24.65,13.428083285529102,24.89,0.243413228896982,25.070833333333336,0.22609162798179167,25.373,0.8958071266535661,29.75875,4.499213883038368,0,0,0,0.5500000000000007
24.45,12.15,21.15,24.25,24.8,24.7,14.844451530768369,24.729999999999997,0.20796634343580828,25.004166666666666,0.27998241286942155,25.331,0.8886983143213467,29.690749999999998,4.475985833692468,0,0,0,0.5500000000000007
24.35,12.15,21.15,24.2,24.7,24.45,15.13331219036211,24.599999999999998,0.20000000000516327,24.941666666666666,0.3349581611156837,25.281999999999996,0.8734613293544266,29.618000000000002,4.4436789276520505,0,0,0,0.5
24.5,12.15,21.15,24.4,24.8,24.35,12.687266554396556,24.529999999999998,0.14404860291605684,24.895833333333332,0.3557695457708536,25.221,0.8164813756202546,29.549,4.415240166586842,0,0,0,0.40000000000000213
24.35,12.15,21.15,24.2,24.5,24.5,15.478565253394455,24.47,0.14404860291606542,24.820833333333336,0.3689409495345464,25.158,0.7563580838600564,29.477250000000005,4.382258651877864,0,0,0,0.3000000000000007
23.65,12.15,21.15,23.0,24.5,24.35,15.140647608539279,24.259999999999998,0.34713109915719237,24.6875,0.4739222222351463,25.081,0.7074595250555917,29.403000000000002,4.354330253873448,0,0,0,1.5
23.85,12.15,21.15,23.5,24.4,23.65,14.792783871109146,24.139999999999997,0.3681032463889527,24.570833333333336,0.4947259725138884,25.01,0.6453918284615506,29.331750000000003,4.327811711308768,0,0,0,0.8999999999999986
24.1,12.15,21.15,23.9,25.0,23.85,15.095277333776524,24.09,0.3489269264503503,24.474999999999998,0.4614699832660501,24.951,0.5873227044680956,29.265499999999996,4.305811166202438,0,0,0,1.1000000000000014
24.1,12.15,21.15,24.05,24.5,24.1,15.706285606245093,24.009999999999998,0.2678619047234819,24.379166666666666,0.40139435003926777,24.907999999999998,0.5686862769864389,29.19775,4.2797445607213245,0,0,0,0.4499999999999993
24.3,12.15,21.15,24.1,25.0,24.1,14.045431888153933,24.0,0.2524876234631945,24.320833333333336,0.35062174214048314,24.875,0.5546878143862676,29.129500000000004,4.248192610070776,0,0,0,0.8999999999999986
24.75,12.15,21.15,24.5,25.0,24.3,13.683693124244087,24.22,0.3365263734123672,24.3125,0.3378575547087092,24.867000000000004,0.5535239610985662,29.063500000000005,4.212859322163554,0,0,0,0.5
25.0,12.15,21.15,24.65,25.1,24.75,14.31331233847311,24.45,0.40620192023434437,24.34166666666667,0.38188130791432423,24.868000000000002,0.5537220993109713,28.99875,4.1749385019391045,0,0,0,0.45000000000000284
24.8,12.15,21.15,24.55,25.1,25.0,14.889078847312925,24.59,0.3748332962825764,24.349999999999998,0.391384488940019,24.869,0.553549769161562,28.9335,4.137720556904955,0,0,0,0.5500000000000007
24.95,12.15,21.15,24.75,25.3,24.8,15.342870576470863,24.759999999999998,0.2770379035476063,24.39166666666667,0.4279089396204317,24.879,0.5503329233569945,28.87525,4.111168748652648,0,0,0,0.5500000000000007
24.9,12.15,21.15,24.8,25.0,24.95,12.485222169100776,24.88,0.10368220677650601,24.4375,0.45182709887051803,24.903,0.52337308657892,28.826999999999998,4.100848177986252,0,0,0,0.1999999999999993
24.8,12.15,21.15,24.6,25.0,24.9,13.711483597171213,24.889999999999997,0.08944271911142662,24.462500000000002,0.4637421893496857,24.926,0.49148255517450495,28.772750000000002,4.081856526263965,0,0,0,0.3999999999999986
24.75,12.15,21.15,24.5,25.0,24.8,14.84216164543913,24.839999999999996,0.08215838363824329,24.495833333333337,0.4692636075111245,24.926,0.49148255517450495,28.71675,4.059662700732328,0,0,0,0.5
24.7,12.15,21.15,24.5,25.0,24.75,13.999498226023698,24.819999999999997,0.10368220677652487,24.583333333333332,0.38807996676855266,24.901,0.46963837586133883,28.659499999999998,4.0349708423346975,0,0,0,0.5
24.6,12.15,21.15,24.3,24.8,24.7,13.344548069159607,24.75,0.11180339888417645,24.645833333333332,0.3122195711467818,24.874000000000002,0.44632741711141727,28.5975,4.001296115387338,0,0,0,0.5
24.45,12.15,21.15,24.3,24.7,24.6,11.938853113303086,24.659999999999997,0.1387443692625399,24.675,0.27010099121544334,24.846,0.4273601931555158,28.532249999999998,3.961599270674126,0,0,0,0.3999999999999986
24.0,12.15,21.15,23.9,24.5,24.45,15.011280107410666,24.5,0.3020761493432907,24.666666666666668,0.2902454551641492,24.815,0.43144867502834555,28.46475,3.9228546852908392,0,0,0,0.6000000000000014
24.15,12.15,21.15,24.0,24.5,24.0,16.451649418703497,24.38,0.29706901555375603,24.654166666666665,0.310028102344682,24.788,0.42994541656416185,28.401999999999997,3.890704810133601,0,0,0,0.5
24.05,12.15,21.15,24.0,24.4,24.15,13.263691049905828,24.249999999999996,0.26220221204651484,24.59583333333333,0.35320502244420204,24.759,0.42984216372329737,28.342,3.864610208067596,0,0,0,0.3999999999999986
23.9,12.15,21.15,23.8,24.0,24.05,14.44827111963284,24.11,0.2103568396846033,24.504166666666663,0.3804652255854815,24.728,0.434853951555822,28.285999999999998,3.8472993856486966,0,0,0,0.1999999999999993
23.9,12.15,21.15,23.8,24.0,23.9,12.540045332306379,23.999999999999996,0.10606601718788554,24.42916666666667,0.4047773424621517,24.706999999999997,0.449036383235732,28.23025,3.8295364188653256,0,0,0,0.1999999999999993
23.5,12.15,21.15,23.4,23.9,23.9,14.52078441229546,23.9,0.24748737341954924,24.308333333333334,0.4491574604116593,24.686,0.4800127549326144,28.17025,3.809015018948028,0,0,0,0.5
23.35,12.15,21.15,23.15,23.9,23.5,15.133660169982582,23.740000000000002,0.29874738492933817,24.179166666666664,0.48498281756610945,24.665,0.5145088801518788,28.109499999999997,3.788359551369307,0,0,0,0.75
22.95,12.15,21.15,22.8,23.5,23.35,15.530677098294577,23.52,0.4009364039372494,24.024999999999995,0.5582032865291469,24.625000000000004,0.5669692069528031,28.046000000000003,3.767713140826487,0,0,0,0.6999999999999993
22.65,12.15,21.15,22.5,22.85,22.95,13.444013449324087,23.27,0.48554093545462446,23.849999999999998,0.6342497357301481,24.572,0.6236135642776354,27.98225,3.750483712521394,0,0,0,0.3500000000000014
22.25,12.15,21.15,22.15,22.5,22.65,14.915322460141624,22.939999999999998,0.5103920062091256,23.645833333333332,0.72377116340093,24.52,0.7032722351513165,27.91875,3.7394153383735196,0,0,0,0.3500000000000014
22.0,12.15,21.15,21.5,22.35,22.25,14.692228930865003,22.639999999999997,0.5389805191305137,23.429166666666664,0.7975696986743326,24.458,0.783201175709464,27.85625,3.733321158413528,0,0,0,0.8500000000000014
21.55,12.15,21.15,21.0,22.0,22.0,14.471890533057879,22.279999999999998,0.5472659317025149,23.1875,0.8936963588485894,24.388999999999996,0.8804156022317491,27.7865,3.720085743594808,0,0,0,1.0
21.55,12.15,21.15,21.0,22.0,22.0,14.471890533057879,22.0,0.47169905660520456,22.98333333333333,0.9679719505082494,24.324,0.9653295937087116,27.713500000000003,3.6983281228849156,0,0,0,1.0
20.6,12.15,21.15,20.5,21.5,21.1,17.860918712823928,21.589999999999996,0.629880941132739,22.6875,1.1109220167382496,24.24,1.0968414764631322,27.636749999999996,3.685795351667089,0,0,0,1.0
21.75,12.15,21.15,21.0,22.05,20.6,18.49309722419705,21.49,0.5308012810857479,22.495833333333334,1.0512888914729328,24.179000000000002,1.1486500506139965,27.567999999999998,3.666574675258245,0,0,0,1.0500000000000007
22.55,12.15,21.15,21.8,23.65,21.75,14.711190744264153,21.599999999999998,0.6946221994741202,22.38333333333333,0.955209004577165,24.131,1.1657917516277472,27.500999999999998,3.6349329689061793,0,0,0,1.8499999999999979
23.0,12.15,21.15,22.5,23.0,22.55,14.637359173158268,21.889999999999997,0.9309940923562543,22.308333333333334,0.8554194434565309,24.090999999999998,1.1696715917953577,27.439,3.6051546011913764,0,0,0,0.5
23.05,12.15,21.15,22.85,23.5,23.0,15.904642619521606,22.189999999999998,1.0304125387446663,22.270833333333332,0.8069184743476143,24.048999999999996,1.168571865176317,27.37725,3.5737414676901778,0,0,0,0.6499999999999986
23.55,12.15,21.15,23.0,24.95,23.05,16.374310353260977,22.78,0.6760177512478481,22.287499999999998,0.8328824537827886,24.01,1.1515739007895303,27.319750000000003,3.5420443004897706,0,0,0,1.9499999999999993
23.25,12.15,21.15,23.0,23.95,23.55,14.080947788339607,23.080000000000002,0.36674241642081706,22.3125,0.8586789536582355,23.97,1.142321302954513,27.26525,3.5202115539298235,0,0,0,0.9499999999999993
23.25,12.15,21.15,23.0,23.5,23.25,13.341661143156038,23.22,0.21679483389179824,22.3625,0.8967428434472081,23.933000000000003,1.1349103174134292,27.209,3.4938091694541265,0,0,0,0.5
23.05,12.15,21.15,23.0,24.0,23.25,13.65004729817705,23.229999999999997,0.20493901532449083,22.429166666666664,0.9171245412938638,23.893,1.129972457674107,27.1475,3.4578573767854976,0,0,0,1.0
23.4,12.15,21.15,23.0,23.6,23.05,14.47830213391997,23.3,0.1870828693444915,22.545833333333334,0.9461544976030014,23.855999999999998,1.114818553919554,27.087249999999997,3.417208143349452,0,0,0,0.6000000000000014
24.0,12.15,21.15,23.05,24.45,23.4,15.803124735290822,23.389999999999997,0.3629738282606106,22.75,0.9756116962292093,23.831,1.0967898427609974,27.031750000000002,3.3763111263044143,0,0,0,1.3999999999999986
24.0,12.15,21.15,23.75,24.25,24.0,14.550903199435302,23.54,0.4378926809186875,22.954166666666666,0.9578523166997679,23.805999999999997,1.0778682665335406,26.9765,3.3345944808563672,0,0,0,0.5
24.5,12.15,21.15,24.1,24.8,24.0,14.37335391893577,23.79,0.5683308895371979,23.27916666666667,0.7180967057360237,23.791,1.06247160826413,26.924,3.289995341445429,0,0,0,0.6999999999999993
24.45,12.15,21.15,24.25,24.95,24.5,16.062551333763228,24.069999999999997,0.44384682042584034,23.504166666666666,0.6103122648342484,23.775,1.0459469881599333,26.875749999999996,3.2547992300043873,1,0,0,0.6999999999999993
24.0,12.15,21.15,23.5,24.5,24.45,15.09749967975969,24.189999999999998,0.2607680962121731,23.625,0.5441841265944939,23.755,1.0315062297634636,26.82225,3.213217432549997,1,0,0,1.0
24.0,12.15,21.15,23.7,24.3,24.0,13.936577971918341,24.189999999999998,0.2607680962121731,23.708333333333332,0.5155902766096166,23.737999999999996,1.0200320123027842,26.765,3.1602906806065527,1,0,0,0.6000000000000014
24.1,12.15,21.15,23.95,24.3,24.0,13.922480677514441,24.21,0.2459674775292868,23.795833333333334,0.48169130690989437,23.727000000000004,1.0129372323765733,26.709,3.1070747605807916,1,0,0,0.3500000000000014
24.1,12.15,21.15,23.95,24.3,24.0,13.922480677514441,24.13,0.18574175621578642,23.841666666666665,0.48233962635529093,23.715,1.0046956082844898,26.6545,3.056092810490325,1,0,0,0.3500000000000014
23.75,12.15,21.15,23.55,24.0,23.9,12.874160958936733,23.99,0.1431782106402122,23.88333333333333,0.44687466889276206,23.701,0.999106233243563,26.598,3.0041129260333763,1,0,0,0.4499999999999993
23.7,12.15,21.15,23.5,23.9,23.75,13.985760376978394,23.93,0.19235384062226737,23.92083333333333,0.40589874091925127,23.688000000000002,0.9947084487221377,26.542749999999998,2.954637771249717,1,0,0,0.3999999999999986
23.7,12.15,21.15,23.5,23.7,23.7,15.063490965367253,23.869999999999997,0.2109502311023627,23.975000000000005,0.3115211943776849,23.672000000000004,0.9877907735167989,26.49025,2.9108560341861316,1,0,0,0.1999999999999993
23.6,12.15,21.15,23.5,23.7,23.7,16.54597441909243,23.77,0.1923538406222908,23.991666666666664,0.28190370159105993,23.656999999999996,0.9829677055753661,26.438249999999996,2.868613630011976,1,0,0,0.1999999999999993
23.65,12.15,21.15,23.5,23.7,23.6,12.232719445013917,23.68,0.05700877127381966,23.962500000000002,0.2985761666204658,23.657000000000004,0.9829677055753661,26.387250000000005,2.826543237039424,1,0,0,0.1999999999999993
23.5,12.15,21.15,23.2,23.65,23.65,13.55648202375727,23.63,0.0836660026662759,23.920833333333334,0.3264536256469133,23.65,0.9828114607324014,26.335750000000004,2.7843215817957008,0,0,0,0.4499999999999993
23.45,12.15,21.15,23.0,23.6,23.5,14.265184558573015,23.579999999999995,0.10368220677703521,23.833333333333332,0.2964435660962037,23.636999999999997,0.9810349595385237,26.2845,2.742103280696972,0,0,0,0.6000000000000014
23.5,12.15,21.15,23.2,23.6,23.45,16.231460139195818,23.54,0.08215838363890778,23.754166666666666,0.23784862769841095,23.625,0.9789232944038817,26.234500000000004,2.7007322197160013,0,0,0,0.40000000000000213
23.4,12.15,21.15,23.25,23.6,23.5,13.785155468770409,23.499999999999996,0.0935414346808948,23.704166666666666,0.24444587924494904,23.607,0.9745229078678459,26.186749999999996,2.665598245710848,0,0,0,0.3500000000000014
23.35,12.15,21.15,23.2,23.5,23.4,13.288048987671853,23.439999999999998,0.0651920240686191,23.650000000000002,0.2449489742804589,23.578999999999997,0.9610310152356771,26.1435,2.640862267818412,0,0,0,0.3000000000000007
23.0,12.15,21.15,22.9,23.5,23.35,16.004949460998027,23.339999999999996,0.1981161275670645,23.558333333333334,0.26614532371316135,23.538999999999998,0.9421149676366026,26.0975,2.6148337476094468,0,0,0,0.6000000000000014
23.3,12.15,21.15,23.05,23.5,23.0,15.135478400431296,23.31,0.18841443681992978,23.49166666666667,0.21302297500466705,23.509,0.9248656824708462,26.05275,2.5854307568549464,0,0,0,0.4499999999999993
23.35,12.15,21.15,23.0,23.55,23.3,14.555923407908427,23.279999999999998,0.16046806536558414,23.458333333333332,0.19981051630305655,23.476999999999997,0.901371404118904,26.0075,2.5527733957500685,0,0,0,0.5500000000000007
23.5,12.15,21.15,23.0,23.6,23.35,14.897044844172578,23.3,0.18371173071464994,23.441666666666666,0.1856601652771774,23.449,0.8776993348801166,25.96575,2.5248691567669517,0,0,0,0.6000000000000014
23.0,12.15,21.15,22.8,23.6,23.5,15.343955528061516,23.229999999999997,0.22248595461776263,23.38333333333333,0.20597146022033044,23.413,0.8578455453004675,25.92975,2.515505171698781,0,0,0,0.8000000000000007
22.55,12.15,21.15,22.0,23.0,23.0,14.843199899461384,23.139999999999997,0.37649701194323376,23.295833333333334,0.30485341733636506,23.369,0.8441811634564668,25.891,2.507525156814862,0,0,0,1.0
20.95,12.15,21.15,20.85,22.0,22.55,17.17252617545123,22.669999999999998,1.0287127879064297,23.070833333333336,0.7256527886655075,23.294,0.8889135767546787,25.8435,2.5107072718706633,0,0,1,1.1499999999999986
20.95,12.15,21.15,20.85,22.0,22.55,17.17252617545123,22.189999999999998,1.1807836380989762,22.858333333333334,0.9324535897141251,23.221,0.9284664775854975,25.801,2.521271115965142,0,0,1,1.1499999999999986
20.6,12.15,21.15,20.0,21.0,20.95,14.182027609078421,21.609999999999996,1.0847810839069305,22.620833333333337,1.1134423145721786,23.144000000000002,0.9825331691965672,25.76375,2.54281892353517,0,0,1,1.0
19.6,12.15,21.15,19.3,20.8,20.6,14.987125756048174,20.93,1.0610136662655867,22.295833333333334,1.3725322207404684,23.056000000000004,1.094915894636,25.72275,2.575716700279676,0,0,0,1.5
19.1,12.15,21.15,18.9,19.85,19.6,15.093579470087837,20.24,0.843652772177267,21.9375,1.6004438304878188,22.955,1.2179461634829674,25.685,2.6170536580753088,0,0,0,0.9500000000000028
18.0,12.15,21.15,17.75,19.1,19.1,16.63840621016912,19.65,1.1853269591139943,21.491666666666664,1.8901458978482546,22.834,1.3946486647034824,25.64325,2.6724101138451863,0,0,0,1.3500000000000014
17.0,12.15,21.15,16.45,18.0,18.0,17.492664055985177,18.860000000000003,1.3992855319778317,20.991666666666664,2.2197290306922697,22.695999999999998,1.6115286189813514,25.595499999999998,2.7405763157979566,0,0,0,1.5500000000000007
16.35,12.15,21.15,16.05,17.25,17.0,18.173857798131433,18.009999999999998,1.3685759021707702,20.4125,2.4567277756474035,22.545,1.8346786962210497,25.543000000000003,2.8159588279309333,0,0,0,1.1999999999999993
17.95,12.15,21.15,17.0,17.95,16.35,16.56410117794804,17.68,1.0515464801912267,19.962500000000002,2.3625030062513215,22.434,1.9405564108454807,25.500500000000002,2.865901552486034,0,0,0,0.9499999999999993
18.95,12.15,21.15,18.0,19.7,17.95,17.429326995553225,17.65,1.0018732454769708,19.583333333333332,2.0928811517027417,22.346,1.9971111789844138,25.464000000000002,2.9025597782527766,0,0,0,1.6999999999999993
19.1,12.15,21.15,18.95,20.0,18.95,15.552620404878002,17.869999999999997,1.199270611664668,19.258333333333336,1.795807406829954,22.268999999999995,2.046946207282993,25.429500000000004,2.936959893679956,0,0,0,1.0500000000000007
19.0,12.15,21.15,18.55,19.4,19.1,15.979270384765027,18.27,1.1697221892409009,18.962500000000002,1.4664621930474195,22.195999999999998,2.097540834172349,25.394500000000004,2.9716321674616166,0,0,0,0.8499999999999979
18.9,12.15,21.15,18.5,19.4,19.0,17.18657173838883,18.78,0.46984039843600206,18.791666666666668,1.3266213636246504,22.129,2.148660949882751,25.357999999999997,3.0063184717803946,0,0,0,0.8999999999999986
18.85,12.15,21.15,18.75,19.0,18.9,14.667711094854335,18.96,0.09617692032131196,18.616666666666667,1.1416362526367227,22.066,2.1981309314589885,25.320500000000003,3.040464912545658,0,0,0,0.25
18.5,12.15,21.15,18.4,18.9,18.85,15.544720814955976,18.869999999999997,0.22803508502530248,18.441666666666666,0.955803644093122,22.005,2.254343879387224,25.281,3.077461265263164,0,0,0,0.5
18.5,12.15,21.15,18.0,18.85,18.5,16.128065882603565,18.75,0.2345207879965088,18.35,0.8847187534625665,21.943999999999996,2.3075439722080042,25.24125,3.113418993105866,0,0,0,0.8500000000000014
18.0,12.15,21.15,17.8,18.5,18.5,16.535904329446545,18.55,0.360555127549886,18.258333333333336,0.8564815269821592,21.892,2.3669786131484303,25.19825,3.1536864346570486,0,0,0,0.6999999999999993
18.1,12.15,21.15,18.0,18.5,18.0,14.348489573225686,18.389999999999997,0.3435112807500262,18.26666666666667,0.8542230210536677,21.819000000000003,2.426971952277752,25.155249999999995,3.191510399583942,0,0,0,0.5
18.15,12.15,21.15,18.1,19.0,18.1,15.047662864219712,18.25,0.23452078799656675,18.3625,0.7583250082800268,21.730999999999998,2.4791351767279295,25.1135,3.228234850697123,0,0,0,0.8999999999999986
18.0,12.15,21.15,17.95,19.0,18.15,16.4754764157469,18.15,0.20615528128703425,18.5,0.4451761653355914,21.631,2.5272775139768653,25.07175,3.2659372572572343,0,0,0,1.0500000000000007
18.05,12.15,21.15,18.0,18.5,18.0,16.996892219933134,18.06,0.06519202407151818,18.508333333333333,0.43475872793566195,21.531000000000002,2.5685676545340193,25.033500000000004,3.303128218847999,0,0,0,0.5
18.6,12.15,21.15,18.25,19.45,18.05,15.291417306345254,18.18,0.2413503677281937,18.479166666666668,0.4136634190299016,21.432,2.58450563701361,25.00125,3.3343063644722286,0,0,0,1.1999999999999993
18.6,12.15,21.15,18.25,19.45,18.05,15.291417306345254,18.279999999999998,0.29706901555451437,18.4375,0.36811868145673843,21.338999999999995,2.6013593385311626,24.97275,3.3645536171552943,0,0,0,1.1999999999999993
18.35,12.15,21.15,18.2,19.0,18.45,14.883079619844345,18.32,0.28853076092944696,18.383333333333333,0.3228659539863395,21.241,2.6201279373655186,24.942999999999998,3.3966841649735593,0,0,0,0.8000000000000007
17.85,12.15,21.15,17.25,18.4,18.35,14.587238300860975,18.29,0.33429029301271523,18.29583333333333,0.3122195711468882,21.136999999999997,2.649890448255385,24.910749999999997,3.433243033362169,0,0,0,1.1499999999999986
17.8,12.15,21.15,17.5,18.0,17.85,14.778723424612583,18.24,0.39274673773633034,18.208333333333332,0.28906851447657417,21.025,2.670554669894998,24.8825,3.4683882909332158,0,0,0,0.5
17.05,12.15,21.15,16.8,17.7,17.8,15.056548195511166,17.93,0.5964478183400003,18.087500000000002,0.4264680527320757,20.886000000000003,2.69332205156929,24.850250000000003,3.5110324953518024,0,0,0,0.8999999999999986
16.85,12.15,21.15,16.75,17.5,17.05,14.629148660101508,17.58,0.6180614856165705,17.95,0.5338539126025867,20.743000000000002,2.7143422926434084,24.819000000000003,3.5542371910227764,0,0,0,0.75
16.7,12.15,21.15,16.65,17.4,16.85,15.389756638393067,17.25,0.5396758286254606,17.841666666666665,0.6434400916295497,20.587,2.718151570310915,24.786749999999998,3.598444937377243,0,0,0,0.75
16.5,12.15,21.15,16.4,17.5,16.7,15.933764195670937,16.979999999999997,0.5007494383447566,17.708333333333332,0.7430995691682664,20.428,2.720090784799478,24.7535,3.644078662224739,0,0,0,1.1000000000000014
16.7,12.15,21.15,16.55,16.8,16.5,13.595363761890303,16.759999999999998,0.20432816742338566,17.587500000000002,0.7816430829298013,20.282,2.720364621419233,24.72125,3.6866335963679084,0,0,0,0.25
16.5,12.15,21.15,16.45,17.0,16.7,16.383769892939704,16.65,0.15000000000868144,17.462500000000002,0.8282305893240155,20.132,2.7179441510382962,24.679000000000002,3.7321378948708333,0,0,0,0.5500000000000007
16.7,12.15,21.15,16.55,17.0,16.5,14.259684068529824,16.619999999999997,0.10954451151292653,17.35,0.8328483437201888,19.984,2.6988742929191067,24.637249999999998,3.77443129431132,0,0,0,0.4499999999999993
16.7,12.15,21.15,16.6,16.8,16.7,13.331328487993112,16.619999999999997,0.10954451151292653,17.191666666666666,0.7501010033006319,19.836,2.6713147416543053,24.5955,3.81579693922597,0,0,0,0.1999999999999993
16.5,12.15,21.15,16.35,16.8,16.7,16.15810461105564,16.619999999999997,0.10954451151292653,17.016666666666666,0.6264377402626238,19.691,2.6512163169352454,24.54,3.852425327572472,0,0,0,0.4499999999999993
16.5,12.15,21.15,16.45,16.8,16.5,13.751293051962497,16.58,0.1095445115129352,16.8625,0.47869377191877893,19.546999999999997,2.6244223854293867,24.48375,3.8872938795554695,0,0,0,0.3500000000000014
16.05,12.15,21.15,15.95,16.7,16.5,16.367390340940336,16.49,0.2655183609519532,16.712500000000002,0.4194829067936033,19.394000000000002,2.6002480258464535,24.42425,3.924862694842471,0,0,0,0.75
16.25,12.15,21.15,15.95,16.5,16.05,16.6111625783774,16.4,0.25248762346423287,16.583333333333332,0.26400183654299264,19.247,2.565139332652006,24.364500000000003,3.9579148804647506,0,0,0,0.5500000000000007
15.75,12.15,21.15,15.65,16.2,16.25,15.670542278198168,16.209999999999997,0.318982758158847,16.474999999999998,0.3165869118083961,19.089000000000002,2.5314811748807307,24.29575,3.9875710718134045,0,0,0,0.5499999999999989
15.95,12.15,21.15,15.7,16.0,15.75,13.258817245434486,16.099999999999998,0.28722813233148103,16.4,0.3261343839044595,18.938,2.4877979772301084,24.2255,4.010269449211072,0,0,0,0.3000000000000007
15.6,12.15,21.15,15.25,16.0,15.95,15.19049141202836,15.919999999999998,0.25396850198920273,16.308333333333334,0.38366257270950344,18.781,2.4445668620140375,24.143250000000002,4.017670383950089,0,0,0,0.75
15.3,12.15,21.15,14.9,15.7,15.6,15.716169423618437,15.77,0.3581200915930948,16.208333333333332,0.4747407586039917,18.617,2.3960982314366612,24.0625,4.03234644334974,0,0,0,0.7999999999999989
14.7,12.15,21.15,14.0,15.7,15.3,16.743750672684282,15.459999999999999,0.4865696250308495,16.041666666666668,0.6163799497269113,18.442999999999998,2.357251296206963,23.986000000000004,4.0641438614587075,0,0,0,1.6999999999999993
13.25,12.15,21.15,13.25,14.75,14.7,17.544439732471552,14.959999999999999,1.0603065594452792,15.770833333333334,0.9946352308385983,18.241,2.360920998081828,23.90775,4.119341245756937,0,0,0,1.5
13.0,12.15,21.15,12.7,14.5,13.25,16.940400969137904,14.37,1.1851160280760331,15.4625,1.2268075717825224,18.041,2.373077954807187,23.832000000000004,4.179791175568001,0,0,0,1.8000000000000007
14.3,12.15,21.15,14.1,14.3,13.0,14.013788301690724,14.11,0.9710818709062204,15.262500000000001,1.2021051610333142,17.861,2.3064304517091894,23.760749999999998,4.220221949615856,0,0,0,0.20000000000000107
15.5,12.15,21.15,15.2,15.7,14.3,16.715381554887976,14.149999999999997,1.0344080432801765,15.179166666666667,1.1416611369037069,17.704,2.1893722891295107,23.69325,4.243898006425707,0,0,0,0.5
14.85,12.15,21.15,14.45,16.5,15.5,15.8009849051312,14.179999999999998,1.0562906796913065,15.041666666666666,1.0649014750277443,17.531,2.0599655733204227,23.62,4.26952211558586,0,0,0,2.0500000000000007
15.0,12.15,21.15,14.8,15.5,14.85,14.557686445668585,14.529999999999998,0.9562949335862375,14.954166666666666,1.0165579922051995,17.371,1.9333034539093943,23.55,4.295559820425464,0,0,0,0.6999999999999993
15.05,12.15,21.15,14.9,15.45,15.0,14.636083466958954,14.939999999999998,0.4321458087297475,14.854166666666666,0.9330931779779523,17.221,1.8103187790090145,23.4775,4.316099200847587,0,0,0,0.5499999999999989
15.3,12.15,21.15,14.95,15.45,15.05,14.822884731374792,15.139999999999997,0.25836021366046,14.816666666666668,0.9023538243081483,17.108,1.7480706565834807,23.40625,4.332937244331607,0,0,0,0.5
15.25,12.15,21.15,15.0,15.35,15.3,15.972017417750614,15.089999999999998,0.18506755524046034,14.758333333333335,0.843109324663445,16.994,1.676811843703316,23.33275,4.346036135139595,0,0,0,0.34999999999999964
15.05,12.15,21.15,15.0,15.35,15.25,16.94688329224425,15.13,0.13509256087097835,14.712499999999999,0.8073877630984494,16.883000000000003,1.6158213302926205,23.262249999999998,4.365515555789329,0,0,0,0.34999999999999964
15.05,12.15,21.15,14.95,15.3,15.05,16.31018608650044,15.14,0.12449899599064455,14.691666666666668,0.7939639713991472,16.792,1.587558772815325,23.18875,4.379461651766792,0,0,0,0.3500000000000014
15.25,12.15,21.15,14.95,15.65,15.05,13.003807293022762,15.179999999999998,0.12041594579903808,14.737499999999999,0.8101977873004665,16.715,1.5665590135252447,23.116999999999997,4.391430210817639,0,0,0,0.7000000000000011
15.9,12.15,21.15,15.3,16.75,15.25,16.577929050799973,15.3,0.350000000003817,14.958333333333334,0.7245165577302957,16.673,1.5595397672756959,23.0465,4.39355543916136,0,0,0,1.4499999999999993
16.6,12.15,21.15,16.0,17.3,15.9,16.197100989981777,15.569999999999999,0.6732384421604732,15.258333333333333,0.5684241907301024,16.665,1.558853909192304,22.979,4.3883450023096335,0,0,0,1.3000000000000007
16.95,12.15,21.15,16.7,17.25,16.6,16.122784739976645,15.95,0.8253787009625605,15.479166666666666,0.6682604056040419,16.677,1.5586889441097096,22.91375,4.380438292645823,0,0,0,0.5500000000000007
16.95,12.15,21.15,16.75,17.25,16.95,14.604104727151608,16.330000000000002,0.7404390589391052,15.600000000000001,0.7920055096234083,16.657,1.5484030614850812,22.84625,4.367720613119711,0,0,0,0.5
17.0,12.15,21.15,16.9,17.2,16.95,15.193949395090227,16.68,0.46448896650255783,15.779166666666669,0.8481151115416751,16.618,1.5136373274941786,22.772250000000003,4.340549421895697,1,0,0,0.3000000000000007
16.95,12.15,21.15,16.85,17.0,17.0,14.159526412674156,16.889999999999997,0.16355427234593115,15.941666666666668,0.8717363376763331,16.575,1.4716452683708847,22.70125,4.318906191497363,1,0,0,0.14999999999999858
16.7,12.15,21.15,16.5,16.95,16.95,14.366460909216352,16.91,0.11937336387405083,16.079166666666666,0.8481151115416726,16.529,1.4296456675323166,22.629,4.297671918562128,1,0,0,0.4499999999999993
16.6,12.15,21.15,16.45,16.85,16.7,13.250582434527955,16.839999999999996,0.17818529681937637,16.1875,0.8221714596676347,16.483,1.3882013763228067,22.5565,4.276302910565864,1,0,0,0.40000000000000213
15.75,12.15,21.15,15.45,16.8,16.6,15.49712046976553,16.6,0.5037360419928468,16.229166666666668,0.7820306705609884,16.421,1.3490015203997587,22.479750000000003,4.259913349615303,1,0,0,1.3500000000000014
15.05,12.15,21.15,14.9,16.0,15.75,15.95699935609467,16.21,0.7900949310067973,16.229166666666668,0.7820306705609884,16.352,1.3285698924722467,22.399749999999997,4.248379819762393,0,0,0,1.0999999999999996
14.95,12.15,21.15,14.75,15.8,15.05,15.147032157312047,15.809999999999997,0.8271940522045931,16.220833333333335,0.7961436409158821,16.281,1.3061038024817115,22.318250000000003,4.2340690999575825,0,0,0,1.0500000000000007
14.85,12.15,21.15,14.75,15.8,14.95,14.678316543341225,15.439999999999998,0.7385797181094758,16.1875,0.8472213942708199,16.218,1.2974370339800307,22.241999999999997,4.230540552557523,0,0,0,1.0500000000000007
14.9,12.15,21.15,14.75,15.45,14.85,16.4478094578998,15.1,0.3708099243584075,16.104166666666668,0.9237911839351222,16.154,1.281534475636508,22.1675,4.227969058757241,0,0,0,0.6999999999999993
16.05,12.15,21.15,15.45,16.3,14.9,13.07569306476112,15.16,0.5029910536010409,16.058333333333334,0.9105026916578861,16.112000000000002,1.2487773612454804,22.102249999999998,4.221136982451845,0,0,0,0.8500000000000014
16.25,12.15,21.15,15.9,16.5,16.05,14.1697532463662,15.4,0.6892024376064505,16.0,0.8696916904080101,16.077,1.218949447311939,22.04125,4.2170938262262485,0,0,0,0.5999999999999996
16.8,12.15,21.15,16.4,17.0,16.25,14.733520211645494,15.77,0.8621194812800924,15.987499999999999,0.8557625520292717,16.052,1.1901363324409349,21.985,4.211568776333649,0,0,0,0.6000000000000014
17.45,12.15,21.15,17.0,17.8,16.8,15.423046863489482,16.29,0.9482879309590675,16.025,0.9121652561606148,16.029,1.150336685408215,21.930999999999997,4.200058506412262,1,0,0,0.8000000000000007
17.5,12.15,21.15,17.4,17.8,17.45,16.06481100672807,16.809999999999995,0.6665208173812756,16.070833333333333,0.9745531221436278,16.007,1.1099738000217547,21.8775,4.187933582143081,1,0,0,0.40000000000000213
17.5,12.15,21.15,17.45,17.8,17.5,15.957774422392829,17.099999999999998,0.5601339125625135,16.1375,1.046232418121507,15.99,1.0794461920969907,21.825249999999997,4.176964820664031,1,0,0,0.3500000000000014
17.4,12.15,21.15,17.2,17.8,17.5,13.672795409164552,17.33,0.2991655060373409,16.204166666666666,1.1023648821213579,15.981000000000002,1.0654064089945068,21.773000000000003,4.166569030681811,1,0,0,0.6000000000000014
17.45,12.15,21.15,17.2,17.6,17.4,12.70594146211558,17.459999999999997,0.04183300135744753,16.34583333333333,1.1470234865899553,15.973999999999998,1.0543031357445807,21.72,4.15372025536128,1,0,0,0.40000000000000213
17.5,12.15,21.15,17.4,17.6,17.45,14.301941639712446,17.47,0.04472135957874852,16.55,1.1129404133364278,15.982999999999999,1.0655366569700822,21.66225,4.131529391528628,1,0,0,0.20000000000000284
17.75,12.15,21.15,17.6,18.0,17.5,13.055156766746023,17.52,0.13509256087057148,16.78333333333333,1.0379904828202107,16.000999999999998,1.0878498733459574,21.59575,4.0864581410055525,1,0,0,0.3999999999999986
17.8,12.15,21.15,17.6,18.0,17.75,16.58218815638465,17.58,0.18234582529514023,17.029166666666665,0.8750216447545555,16.023,1.1131042271091254,21.535500000000003,4.052840650294929,1,0,0,0.3999999999999986
17.7,12.15,21.15,17.6,17.9,17.8,14.668393222830082,17.639999999999997,0.15572411503220115,17.2625,0.5788409264926797,16.046999999999997,1.1362941017686954,21.4745,4.017974657928843,1,0,0,0.29999999999999716
17.85,12.15,21.15,17.6,18.45,17.7,16.72022896433157,17.72,0.13509256087052948,17.4125,0.4563317174651796,16.07,1.1611482705160825,21.4175,3.9878639702509595,1,0,0,0.8499999999999979
18.9,12.15,21.15,18.2,19.2,17.85,14.96532312002695,18.0,0.5062114182854233,17.633333333333336,0.4830458915407677,16.118,1.2270239423507927,21.36875,3.958492040369409,1,0,0,1.0
19.55,12.15,21.15,19.0,20.0,18.9,14.852070476902126,18.36,0.824166245367109,17.8625,0.6684870978568557,16.175,1.3174747799933053,21.3255,3.9306359849559693,1,0,0,1.0
19.7,12.15,21.15,19.4,20.0,19.55,15.327159440782914,18.74,0.9323357764252618,18.05,0.8366600265347213,16.235,1.4071337925741543,21.289749999999998,3.912611028816141,1,0,0,0.6000000000000014
19.7,12.15,21.15,19.4,19.8,19.7,15.447081908654798,19.139999999999997,0.793252797034131,18.233333333333334,0.9398581453253535,16.299,1.4897777535934957,21.255499999999998,3.896280245149642,1,0,0,0.40000000000000213
19.4,12.15,21.15,19.3,19.65,19.7,12.987919568654783,19.45,0.33166247903924323,18.39166666666667,0.9647970425609796,16.357,1.5528778418912341,21.218500000000002,3.8784590980019384,1,0,0,0.34999999999999787
19.2,12.15,21.15,19.0,19.5,19.4,13.74347842975489,19.509999999999998,0.21330729008276575,18.541666666666668,0.9361024937414484,16.42,1.6032492517588615,21.176750000000002,3.854830805651611,1,0,0,0.5
19.3,12.15,21.15,19.0,19.5,19.2,12.658106404454157,19.46,0.23021728866976066,18.695833333333336,0.8912346730380966,16.480999999999998,1.653872697023331,21.13575,3.830771264366896,1,0,0,0.5
18.55,12.15,21.15,18.0,19.4,19.3,15.345472485440514,19.229999999999997,0.4236744032892101,18.783333333333335,0.8110972739936123,16.537,1.6758735157571918,21.090999999999998,3.80826184649335,1,0,0,1.3999999999999986
18.15,12.15,21.15,18.0,18.55,18.55,14.17010403715747,18.919999999999998,0.5438290172494337,18.816666666666666,0.7720496137306769,16.581000000000003,1.6889765648861854,21.04475,3.787367914011003,1,0,0,0.5500000000000007
18.05,12.15,21.15,18.0,18.2,18.15,15.175178819762422,18.65,0.5798706752393145,18.837500000000002,0.7450213541791267,16.63,1.6954621307285924,20.999750000000002,3.7690804281507457,1,0,0,0.1999999999999993
18.0,12.15,21.15,17.85,18.1,18.05,13.785155468770409,18.41,0.5424481542069345,18.8625,0.7074682774778281,16.683999999999997,1.6952346174389288,20.958500000000004,3.7564554486494455,1,0,0,0.25
17.85,12.15,21.15,17.6,18.05,18.0,13.75533689694973,18.119999999999997,0.2636285265340654,18.8625,0.7074682774778281,16.747,1.6784471078582124,20.917999999999996,3.7460197972792013,1,0,0,0.4499999999999993
16.8,12.15,21.15,16.5,17.7,17.85,15.937424850915413,17.77,0.5529466520402662,18.6875,0.9239551838802907,16.817999999999998,1.6007893461078166,20.87625,3.7451474046977435,1,0,0,1.1999999999999993
16.15,12.15,21.15,16.0,16.5,16.8,15.675427149538239,17.369999999999997,0.8519096196208611,18.404166666666665,1.1330687079655744,16.881,1.5066820554870155,20.83225,3.74873813777754,1,0,0,0.5
17.25,12.15,21.15,16.55,17.7,16.15,13.572930587291571,17.21,0.7627253765298279,18.2,1.0985527669708273,16.94,1.4606051303958998,20.79475,3.746862665842331,1,0,0,1.1499999999999986
16.6,12.15,21.15,16.5,17.7,17.25,19.155381975813604,16.93,0.648652449315179,17.941666666666666,1.0780523965457558,16.962,1.4466908051530343,20.7555,3.7494950748844302,0,0,0,1.1999999999999993
16.9,12.15,21.15,16.6,17.3,16.6,13.233548695912376,16.74,0.40527768258638375,17.73333333333333,1.0100255022288267,17.003,1.4143005049731816,20.721499999999995,3.7534891975039146,0,0,0,0.6999999999999993
17.35,12.15,21.15,16.6,17.6,16.9,15.183004544365033,16.85,0.49117206761234383,17.579166666666666,0.901125138453364,17.05,1.3851250588201336,20.69,3.7552241667726385,0,0,0,1.0
16.9,12.15,21.15,16.75,17.5,17.35,13.76073858841726,16.999999999999996,0.3020761493441302,17.379166666666666,0.7356068408079852,17.087,1.3549911514132533,20.65075,3.7535995371009303,0,0,0,0.75
16.8,12.15,21.15,16.7,16.9,16.9,14.376839734353865,16.91,0.2747726332853785,17.233333333333334,0.6509899221869414,17.117,1.3310119673176901,20.605,3.7444364088738644,0,0,0,0.1999999999999993
16.8,12.15,21.15,16.75,17.0,16.8,13.300343858683068,16.95,0.22912878475342086,17.120833333333334,0.5921679481270169,17.148,1.304425747450692,20.559250000000002,3.734687589942707,0,0,0,0.25
16.75,12.15,21.15,16.65,17.0,16.8,13.304186476655628,16.919999999999998,0.24647515088255978,17.0125,0.521416340366394,17.182,1.2703350032208887,20.51375,3.725327335454043,0,0,0,0.3500000000000014
16.4,12.15,21.15,16.0,16.95,16.75,15.308190134557766,16.729999999999997,0.19235384062344218,16.879166666666666,0.44489954603448423,17.209,1.2380320954594868,20.468,3.7193472167293926,0,0,0,0.9499999999999993
16.35,12.15,21.15,16.1,16.5,16.4,12.63818293027894,16.619999999999997,0.22527760652713222,16.754166666666666,0.3473656269537376,17.230999999999998,1.2120100524941992,20.42225,3.7134100918226056,0,0,0,0.3999999999999986
16.15,12.15,21.15,16.0,16.6,16.35,14.027553525137577,16.49,0.2770379035485937,16.7,0.3878847063956381,17.236,1.2069120658498407,20.3755,3.708014510225105,0,0,0,0.6000000000000014
16.05,12.15,21.15,16.0,16.3,16.15,15.460103429563928,16.339999999999996,0.27018512172694964,16.691666666666666,0.4016066219436173,17.225,1.215304194724242,20.3285,3.7029409403931806,0,0,0,0.3000000000000007
15.9,12.15,21.15,15.5,16.2,16.05,15.50767084609093,16.169999999999998,0.2079663434371386,16.57916666666667,0.4196634654619219,17.203999999999997,1.2291460450247773,20.28325,3.7014776266516525,0,0,0,0.6999999999999993
15.9,12.15,21.15,15.8,16.0,15.9,14.843521897166534,16.07,0.1890767040188129,16.520833333333332,0.46292466171649166,17.183,1.24247161508252,20.24,3.701907697797828,0,0,0,0.1999999999999993
15.0,12.15,21.15,15.0,15.95,15.9,17.24829707416972,15.8,0.4596194077741141,16.3625,0.6197965208629471,17.143,1.2801072180860353,20.192999999999998,3.708492359152057,0,0,0,0.9499999999999993
15.95,12.15,21.15,15.6,16.3,15.0,15.764729654979364,15.76,0.4292435206297575,16.245833333333334,0.5441667246749938,17.123,1.2909500535715455,20.148,3.7050822083800004,0,0,0,0.7000000000000011
16.0,12.15,21.15,15.95,16.25,15.95,14.269893441146872,15.75,0.4213074886619384,16.170833333333334,0.5065293374505137,17.109,1.2993989976531803,20.101499999999998,3.6984510882612818,0,0,0,0.3000000000000007
15.95,12.15,21.15,15.85,16.25,16.0,13.790808970333627,15.759999999999996,0.4263214749489273,16.099999999999998,0.46855677835940135,17.096,1.307819497000539,20.057000000000002,3.694570374381308,0,0,0,0.40000000000000036
15.9,12.15,21.15,15.8,16.0,15.95,13.835118068187139,15.76,0.4263214749489273,16.025,0.4153311931472121,17.099,1.304837545600299,20.011000000000003,3.688734581678399,0,0,0,0.1999999999999993
15.55,12.15,21.15,15.2,15.95,15.9,15.17843418867245,15.87,0.1823458252953009,15.925000000000002,0.3664944499160511,17.108999999999998,1.2906528169409464,19.96375,3.6850299409677683,0,0,0,0.75
15.75,12.15,21.15,15.7,16.0,15.55,13.163315283485712,15.829999999999998,0.18234582529530555,15.870833333333335,0.33673454161436844,17.125,1.2681035977765882,19.918499999999998,3.6809072442406494,0,0,0,0.3000000000000007
15.5,12.15,21.15,15.3,15.75,15.75,13.41741969316595,15.729999999999999,0.2018662923883775,15.800000000000002,0.31550824798496446,17.137999999999998,1.2474692749069152,19.872,3.6776714557832917,0,0,0,0.4499999999999993
15.45,12.15,21.15,15.4,15.5,15.5,15.089448041419114,15.629999999999999,0.1890767040188552,15.741666666666667,0.30956959368520165,17.149,1.2296295277481972,19.82525,3.6741388677617746,0,0,0,0.09999999999999964
15.45,12.15,21.15,15.35,15.5,15.45,14.235864935380423,15.539999999999997,0.12449899599047773,15.691666666666665,0.30363953908879737,17.136999999999997,1.2434239265932354,19.77775,3.6689574378703704,0,0,0,0.15000000000000036
15.5,12.15,21.15,15.4,15.7,15.45,15.567766780796957,15.529999999999998,0.12549900399061859,15.658333333333331,0.3006306502668608,17.122,1.25877167208713,19.73025,3.662498040543465,0,0,0,0.29999999999999893
15.4,12.15,21.15,15.2,15.7,15.5,14.219375052440284,15.459999999999997,0.04183300135825111,15.616666666666667,0.29873470545537906,17.094,1.2814468863160222,19.6815,3.6548766554883865,0,0,0,0.5
15.1,12.15,21.15,14.9,15.4,15.4,14.83117628797277,15.379999999999999,0.16046806536704486,15.624999999999998,0.2808267016590911,17.046999999999997,1.3108810715215609,19.6295,3.645649262163514,0,0,0,0.5
15.1,12.15,21.15,15.0,15.3,15.1,13.595986697657116,15.309999999999999,0.19493588690296243,15.554166666666667,0.29806827568660366,16.999,1.3376223956967197,19.57875,3.637653578239164,0,0,0,0.3000000000000007
15.1,12.15,21.15,15.05,15.4,15.1,16.222653934914327,15.239999999999998,0.19493588690296845,15.479166666666666,0.28877352980534765,16.951,1.36211457757746,19.52875,3.630099731107778,0,0,0,0.34999999999999964
15.1,12.15,21.15,15.05,15.3,15.1,16.976163916030085,15.159999999999997,0.13416407865986102,15.408333333333333,0.26614532371323396,16.905,1.3852815966585479,19.479,3.622224669700758,0,0,0,0.25
15.25,12.15,21.15,15.2,15.45,15.1,14.133455796185842,15.129999999999999,0.06708203934474742,15.354166666666666,0.21894201529559135,16.861,1.4024501155230618,19.429000000000002,3.611164847772637,0,0,0,0.25
15.5,12.15,21.15,15.3,16.2,15.25,15.965492223518496,15.209999999999997,0.1746424919733097,15.35,0.21532216877211052,16.821,1.4123395700838113,19.38025,3.597975063879868,0,0,0,0.8999999999999986
15.75,12.15,21.15,15.5,16.0,15.5,16.130459008713,15.339999999999998,0.28151376520987936,15.35,0.21532216877211052,16.781000000000002,1.4138126914590365,19.33275,3.5827707390149244,0,0,0,0.5
15.35,12.15,21.15,15.25,16.0,15.75,14.32575661381322,15.389999999999997,0.24849547280109807,15.337499999999999,0.21011360563708434,16.732,1.4202169998034253,19.28325,3.5689696917743454,0,0,0,0.75
15.3,12.15,21.15,14.9,15.75,15.35,15.897897881565006,15.429999999999998,0.20186629238840165,15.325000000000001,0.20725478391495444,16.684,1.4273723539198597,19.2335,3.554698603370456,0,0,0,0.8499999999999996
15.5,12.15,21.15,15.25,15.95,15.3,16.534705162210045,15.479999999999999,0.1753567791750234,15.329166666666667,0.2104738521178615,16.637,1.4268850761039547,19.186,3.540700751128946,0,0,0,0.6999999999999993
15.75,12.15,21.15,15.5,16.0,15.5,14.359345915854863,15.529999999999998,0.21389249636823635,15.350000000000001,0.2393172105675148,16.574,1.3940924924663505,19.1405,3.525988902236269,0,0,0,0.5
15.6,12.15,21.15,15.45,16.0,15.75,14.184865470240377,15.5,0.18371173071591568,15.366666666666667,0.249848438909134,16.495,1.3325688709850547,19.09525,3.512975222238291,0,0,0,0.5500000000000007
15.4,12.15,21.15,15.2,15.7,15.6,13.748623681597737,15.51,0.17464249197327855,15.391666666666667,0.23532698077329883,16.409000000000002,1.258185038790696,19.04875,3.4999405504642205,0,0,0,0.5
15.0,12.15,21.15,14.95,15.5,15.4,17.30351238131754,15.45,0.2828427124792842,15.383333333333333,0.24802248187662393,16.315,1.180463848645603,19.0015,3.490431680549383,0,0,0,0.5500000000000007
14.95,12.15,21.15,14.85,15.3,15.0,14.057123298922091,15.339999999999998,0.3560196623820706,15.370833333333332,0.2666785035272117,16.226000000000003,1.1086966055983511,18.9545,3.481325593713854,0,0,0,0.45000000000000107
15.0,12.15,21.15,14.9,15.3,14.95,15.930512395675736,15.189999999999998,0.29240383034879946,15.362499999999999,0.27726341266219895,16.142,1.0354610527860184,18.907,3.4700732038677358,0,0,0,0.40000000000000036
14.95,12.15,21.15,14.8,15.0,15.0,14.575849455572614,15.059999999999999,0.19170289513373234,15.3375,0.30085106554149454,16.055,0.9433575511902922,18.86,3.459623530801331,0,0,0,0.1999999999999993
14.9,12.15,21.15,14.8,14.95,14.95,12.610540589969192,14.959999999999999,0.04183300135848324,15.2875,0.3205995803337556,15.981999999999998,0.8858156624010931,18.81625,3.454066635010879,0,0,0,0.14999999999999858
14.7,12.15,21.15,14.65,14.9,14.9,14.97261217071455,14.9,0.11726039400693401,15.200000000000001,0.3261343839044365,15.913,0.8470121556605409,18.7705,3.447649370354304,0,0,0,0.25
14.6,12.15,21.15,14.5,14.85,14.7,14.6838711757199,14.829999999999998,0.17175564038093283,15.137500000000001,0.36439551439360685,15.844000000000001,0.8090457972456159,18.723000000000003,3.4392861828053936,0,0,0,0.34999999999999964
14.6,12.15,21.15,14.5,14.7,14.6,14.635511069951669,14.749999999999996,0.16583123952581277,15.079166666666666,0.39106982248915206,15.776000000000002,0.7658688543352515,18.6755,3.430241615059843,0,0,0,0.1999999999999993
14.65,12.15,21.15,14.6,14.9,14.6,14.467680002710251,14.689999999999998,0.12449899599061036,15.008333333333333,0.38484550225662234,15.712,0.7214328146975434,18.62725,3.4185784076346195,0,0,0,0.3000000000000007
14.65,12.15,21.15,14.6,14.9,14.6,14.467680002710251,14.639999999999997,0.04183300135864131,14.916666666666666,0.31718458444122494,15.669,0.7193314640011306,18.57675,3.4022379476990947,0,0,0,0.3000000000000007
14.65,12.15,21.15,14.55,15.0,14.7,13.261953131042814,14.629999999999999,0.02738612792405185,14.8375,0.24038321678142038,15.639,0.7300608026117903,18.525,3.3827043090123894,0,0,0,0.4499999999999993
14.5,12.15,21.15,14.25,14.7,14.65,14.72522008111412,14.61,0.06519202407253032,14.762500000000001,0.1823146630546461,15.583999999999998,0.7095155001111136,18.473499999999998,3.3650506055465774,0,0,0,0.4499999999999993
14.0,12.15,21.15,13.85,14.65,14.5,17.691562305835177,14.49,0.28151376520994265,14.679166666666667,0.27090616736472567,15.532,0.7285546216548596,18.41875,3.3481842281493543,0,0,0,0.8000000000000007
14.0,12.15,21.15,13.8,14.0,14.0,13.603679033736336,14.36,0.33429029301295066,14.600000000000001,0.3190896140887002,15.473999999999998,0.732847396203608,18.36425,3.3308229229758006,0,0,0,0.1999999999999993
13.9,12.15,21.15,13.8,14.4,14.0,15.502872196153081,14.209999999999999,0.3398529093632871,14.508333333333333,0.350216383329806,15.405,0.7148033838413017,18.309749999999998,3.314122732326698,0,0,0,0.5999999999999996
14.0,12.15,21.15,13.85,14.35,13.9,14.32311158831263,14.079999999999998,0.23874672773191258,14.429166666666665,0.3486717219650381,15.346999999999998,0.7086499092482147,18.256,3.2962730591384526,0,0,0,0.5
13.95,12.15,21.15,13.85,14.0,14.0,13.711039646491281,13.969999999999999,0.04472135958018625,14.350000000000001,0.33978602892944443,15.29,0.7039973330190306,18.20225,3.2782644074457443,0,0,0,0.15000000000000036
13.95,12.15,21.15,13.8,14.2,13.95,14.352706021135388,13.959999999999999,0.04183300135898317,14.2875,0.338529574377733,15.233000000000002,0.6945568253738602,18.149,3.260267738797412,0,0,0,0.3999999999999986
13.8,12.15,21.15,13.65,14.0,13.95,13.131523296954867,13.919999999999998,0.07582875445833313,14.220833333333333,0.34997294267865536,15.174000000000001,0.688331315574079,18.09575,3.2437678069533757,0,0,0,0.34999999999999964
13.8,12.15,21.15,13.65,13.95,13.8,16.211558762345188,13.899999999999997,0.09354143468379644,14.154166666666667,0.3473656269537562,15.121999999999998,0.6920215874891186,18.04475,3.230629936472474,0,0,0,0.29999999999999893
13.8,12.15,21.15,13.7,13.8,13.8,15.66502009004755,13.859999999999996,0.0821583836422347,14.083333333333334,0.3228659539863596,15.071000000000002,0.6936365277672433,17.993000000000002,3.2152003931075877,0,0,0,0.10000000000000142
13.6,12.15,21.15,13.0,13.9,13.8,16.297270679286274,13.789999999999997,0.1244989959907617,13.995833333333332,0.2965393836604249,15.02,0.7063126439618237,17.94075,3.201154304607877,0,0,0,0.9000000000000004
13.0,12.15,21.15,12.7,13.75,13.6,14.192851188029296,13.599999999999998,0.34641016151769555,13.858333333333333,0.344326307536479,14.959000000000001,0.7461253656219041,17.88625,3.191961234116182,0,0,0,1.0500000000000007
12.5,12.15,21.15,12.3,13.0,13.0,15.901530539184634,13.339999999999998,0.5727128425334351,13.691666666666665,0.4675046588663126,14.891000000000002,0.8107498418885911,17.82925,3.185812919379673,0,0,0,0.6999999999999993
12.45,12.15,21.15,12.4,12.7,12.5,15.74507367655116,13.069999999999999,0.6180614856167139,13.5625,0.5760859310911024,14.822000000000001,0.86791798728508,17.773999999999997,3.1827896174179857,0,0,0,0.29999999999999893
12.5,12.15,21.15,12.5,13.3,12.45,18.093725490837574,12.809999999999999,0.4954795656762758,13.4375,0.6325004491563003,14.772,0.9274256667500955,17.719749999999998,3.179736792226553,0,0,0,0.8000000000000007
12.5,12.15,21.15,12.45,13.0,12.5,16.513894255263942,12.589999999999998,0.23021728867042307,13.320833333333335,0.6675798669739699,14.703,0.9655499648872629,17.6675,3.179218599675498,0,0,0,0.5500000000000007
12.45,12.15,21.15,12.35,12.5,12.5,14.665020683772532,12.479999999999999,0.027386127925754025,13.191666666666668,0.6741436768010236,14.632,0.9982004215750293,17.616500000000002,3.180701504432872,0,0,0,0.15000000000000036
12.3,12.15,21.15,12.2,12.5,12.45,13.607133690528558,12.439999999999998,0.08215838364261778,13.054166666666667,0.6736799662828075,14.559,1.0327143746417717,17.56675,3.185674898714798,0,0,0,0.3000000000000007
12.1,12.15,21.15,11.95,12.5,12.3,13.466521714418468,12.37,0.17175564038124383,12.9,0.6616096074940134,14.482999999999999,1.0711242424933942,17.51725,3.193348919883425,0,0,0,0.5500000000000007
11.65,12.15,21.15,11.5,12.0,12.1,15.588545988010802,12.2,0.34460121880628874,12.720833333333333,0.6863799416092634,14.405,1.1321034242794281,17.46775,3.207222915804003,0,0,0,0.5
11.95,12.15,21.15,11.5,12.05,11.65,15.14969576565833,12.09,0.31104662030439306,12.566666666666668,0.6271629240751136,14.329,1.166981541570921,17.41975,3.2176409844830687,0,0,0,0.5500000000000007
12.0,12.15,21.15,11.8,12.3,11.95,16.356766113473366,11.999999999999998,0.23717082451850996,12.416666666666666,0.5096047190696772,14.259,1.1998167377068572,17.37675,3.2323579049400126,0,0,0,0.5
12.45,12.15,21.15,12.15,13.15,12.0,12.825845046623398,12.029999999999998,0.2885307609299019,12.320833333333333,0.3499729426786828,14.198999999999998,1.2139701270573526,17.33025,3.236020951025725,0,0,0,1.0
13.3,12.15,21.15,12.95,13.75,12.45,16.666563877932248,12.27,0.6428452379871668,12.345833333333333,0.408688775417959,14.156,1.2068106051632879,17.284000000000002,3.2271335508116064,0,0,0,0.8000000000000007
13.5,12.15,21.15,13.3,14.3,13.3,17.894738115196375,12.639999999999999,0.724051103170736,12.429166666666667,0.5276269056030657,14.116000000000001,1.1944360807595746,17.2365,3.212458904181552,0,0,0,1.0
13.3,12.15,21.15,13.0,14.0,13.5,14.448483546499054,12.91,0.6503845016624761,12.5,0.5846521887578083,14.073999999999998,1.1852512004478832,17.187749999999998,3.1977398484227924,0,0,0,1.0
13.5,12.15,21.15,13.45,13.95,13.3,15.618309039144508,13.209999999999999,0.4364630568590357,12.583333333333334,0.6520364369823426,14.042,1.1785653679497345,17.1375,3.1761507232947084,0,0,0,0.5
13.5,12.15,21.15,13.3,14.0,13.5,15.180326142834849,13.419999999999998,0.10954451151346506,12.666666666666666,0.7023769168576413,14.01,1.17094937934117,17.08875,3.156625151842757,0,0,0,0.6999999999999993
13.45,12.15,21.15,13.05,13.55,13.5,15.774717765133106,13.449999999999998,0.08660254039416092,12.75,0.7329888998298945,13.977,1.1628259911586787,17.03975,3.13650213866167,0,0,0,0.5
13.4,12.15,21.15,13.05,13.5,13.45,14.713393297586542,13.429999999999998,0.08366600266968181,12.841666666666667,0.7403418538804704,13.943,1.1541411684601541,16.9915,3.1177483096961423,0,0,0,0.4499999999999993
13.45,12.15,21.15,13.3,13.8,13.4,15.344974310375394,13.459999999999999,0.0418330013592359,12.954166666666666,0.7196774319524797,13.907,1.1405337991215558,16.94175,3.094271646545138,0,0,0,0.5
13.7,12.15,21.15,13.45,14.0,13.45,14.99751409552497,13.5,0.117260394007183,13.125,0.6180982563853121,13.870999999999999,1.1173990389492778,16.890249999999998,3.061750154329675,0,0,0,0.5500000000000007
13.6,12.15,21.15,13.45,13.7,13.7,13.693908865509865,13.52,0.1254990039909433,13.262500000000001,0.5063797532944635,13.828,1.0844993201980688,16.83825,3.028528414807526,0,0,0,0.25
13.7,12.15,21.15,13.65,13.75,13.6,12.299112067295642,13.569999999999999,0.13964240044741524,13.404166666666667,0.32714907175876473,13.795,1.0621142757226008,16.78425,2.987232368534159,0,0,0,0.09999999999999964
13.45,12.15,21.15,13.35,13.8,13.7,14.824781849091856,13.579999999999998,0.12549900399093153,13.487499999999999,0.12990381057192046,13.758,1.0406218705903147,16.72925,2.946368506207595,0,0,0,0.45000000000000107
14.05,12.15,21.15,14.0,14.4,13.45,14.008855302238091,13.699999999999998,0.22079402166433268,13.549999999999999,0.19540168418650614,13.729000000000001,1.010863946516647,16.6795,2.9067206392035647,0,0,0,0.40000000000000036
14.5,12.15,21.15,14.0,14.55,14.05,14.494964918285843,13.86,0.4204164601947711,13.633333333333333,0.3352972448818309,13.704,0.9746710591113547,16.632,2.863796896310335,1,0,0,0.5500000000000007
14.8,12.15,21.15,14.5,15.2,14.5,15.899877574552441,14.099999999999998,0.5556527692747417,13.758333333333333,0.4571817488879607,13.687999999999999,0.9491435451962028,16.5855,2.8170496255772552,1,0,0,0.6999999999999993
14.6,12.15,21.15,14.3,15.1,14.8,17.904559472965644,14.279999999999998,0.5392123885842014,13.85,0.5081159495458886,13.672,0.9261595049295175,16.538,2.7693959212875927,1,0,0,0.7999999999999989
14.55,12.15,21.15,14.4,14.9,14.6,14.037694448951777,14.5,0.2761340254345128,13.9375,0.5322016876755816,13.663,0.9151117919886043,16.492,2.725053316522373,1,0,0,0.5
14.55,12.15,21.15,14.4,14.6,14.55,14.8801181861929,14.6,0.11726039400694127,14.029166666666667,0.5353241725329331,13.655,0.9053272043513523,16.44625,2.679866012832323,1,0,0,0.1999999999999993
14.5,12.15,21.15,14.35,14.55,14.55,14.385869007754522,14.6,0.11726039400694127,14.120833333333332,0.5114410715791884,13.645,0.8928428570284906,16.40025,2.6332837587832243,1,0,0,0.20000000000000107
14.45,12.15,21.15,14.35,14.5,14.5,16.51551521362388,14.529999999999998,0.05700877127834522,14.204166666666666,0.4721605723286344,13.635,0.8806450557889784,16.3545,2.5866403483007527,1,0,0,0.15000000000000036
14.4,12.15,21.15,14.2,14.45,14.45,15.736893941390134,14.49,0.06519202407249503,14.262500000000001,0.44676870159890275,13.625,0.8687458706405228,16.30825,2.5377738112537895,1,0,0,0.25
14.1,12.15,21.15,13.7,14.45,14.4,13.532087403432866,14.4,0.17677669530419898,14.304166666666665,0.4002603319521301,13.613,0.8576671015858742,16.26125,2.4905168758804646,1,0,0,0.75
13.85,12.15,21.15,13.5,14.0,14.1,15.583199475248776,14.26,0.27703790354874036,14.316666666666668,0.3815836220373674,13.597999999999999,0.8465391730028965,16.21325,2.4433350914982785,1,0,0,0.5
13.5,12.15,21.15,13.4,13.9,13.85,16.259447719716498,14.059999999999999,0.3959166578999821,14.320833333333335,0.3713968309796165,13.575999999999999,0.8341707357168471,16.163249999999998,2.395318284890303,1,0,0,0.5
13.5,12.15,21.15,13.5,13.8,13.5,15.748263240228074,13.87,0.38987177379582283,14.275,0.436150516139061,13.552999999999999,0.8196819940857707,16.11375,2.3468193888151623,1,0,0,0.3000000000000007
13.55,12.15,21.15,13.5,13.8,13.5,15.577549550215462,13.7,0.26692695630585866,14.195833333333333,0.47599576647074027,13.530999999999999,0.8042546302036031,16.06475,2.2967466476119576,1,0,0,0.3000000000000007
13.55,12.15,21.15,13.5,13.8,13.55,14.369511181760489,13.589999999999998,0.14747881204673288,14.091666666666667,0.46847592998018206,13.509,0.7878989109507656,16.0175,2.250085146350985,1,0,0,0.3000000000000007
13.6,12.15,21.15,13.5,14.0,13.55,16.468696253382774,13.539999999999997,0.041833001359193184,14.008333333333333,0.4586706747546532,13.491000000000001,0.7749713622094356,15.969000000000001,2.196219684941105,1,0,0,0.5
13.7,12.15,21.15,13.6,14.1,13.6,15.476116946996509,13.579999999999998,0.07582875445842452,13.9375,0.4322904116460393,13.485,0.772106183878567,15.92075,2.1384919162530394,1,0,0,0.5
13.9,12.15,21.15,13.8,14.0,13.7,12.890938127295817,13.66,0.14747881204672025,13.883333333333333,0.3869069264022971,13.482999999999999,0.77087347753519,15.872750000000002,2.0742910485926416,1,0,0,0.1999999999999993
13.75,12.15,21.15,13.65,13.95,13.9,12.081081821061819,13.7,0.13693063938618616,13.820833333333333,0.33538196225671474,13.48,0.7695081917320354,15.826500000000001,2.0169066194442413,1,0,0,0.29999999999999893
13.65,12.15,21.15,13.6,13.9,13.75,14.326356781518088,13.719999999999999,0.11510864434397952,13.754166666666665,0.2725788737693134,13.473000000000003,0.7662664586905361,15.782,1.9653406369114976,1,0,0,0.3000000000000007
13.6,12.15,21.15,13.55,13.8,13.65,13.816011432505675,13.719999999999999,0.11510864434397952,13.6875,0.18355702606897836,13.466,0.7634133873595936,15.74525,1.93672908151246,1,0,0,0.25
13.6,12.15,21.15,13.55,14.0,13.6,15.542233782210793,13.7,0.12747548785044843,13.645833333333334,0.13048568945528702,13.458999999999998,0.7604838685242199,15.708499999999999,1.906976809707984,1,0,0,0.4499999999999993
13.6,12.15,21.15,13.55,14.0,13.6,15.542233782210793,13.639999999999997,0.06519202407283307,13.625,0.11381803660076113,13.455,0.7591785302655595,15.673499999999999,1.8808069876048796,1,0,0,0.4499999999999993
13.65,12.15,21.15,13.6,14.1,13.85,14.60050784827514,13.62,0.027386127924806443,13.637499999999998,0.10686652678252953,13.452,0.7580829742964919,15.64375,1.865381106062378,1,0,0,0.5
13.8,12.15,21.15,13.6,14.1,13.65,15.305737140214816,13.649999999999997,0.08660254039410398,13.6625,0.1068665267825279,13.452,0.7580829742964919,15.617250000000002,1.8536436853021492,1,0,0,0.5
13.9,12.15,21.15,13.85,14.0,13.8,16.18183081824358,13.709999999999999,0.1341640786600849,13.691666666666668,0.12029005349904352,13.458,0.7604617286991996,15.596750000000002,1.8498273551115052,1,0,0,0.15000000000000036
13.9,12.15,21.15,13.8,14.1,13.9,12.995213862920007,13.77,0.13964240044737974,13.720833333333333,0.12515142343970428,13.475999999999999,0.7600510186956252,15.58125,1.850997541053245,1,0,0,0.29999999999999893
13.9,12.15,21.15,13.65,14.1,13.9,12.916816590886972,13.829999999999998,0.10954451151337145,13.745833333333335,0.1287321626404011,13.503999999999998,0.749070171912372,15.568999999999999,1.853989044434907,1,0,0,0.4499999999999993
13.9,12.15,21.15,13.8,14.1,13.9,14.7100876457122,13.879999999999999,0.0447213595801887,13.762499999999998,0.13505049561086793,13.533,0.7353750951807503,15.54875,1.8499656217097054,1,0,0,0.29999999999999893
14.0,12.15,21.15,13.85,14.2,13.9,15.492906326441588,13.919999999999998,0.04472135958016487,13.770833333333334,0.146873992585734,13.562999999999999,0.7228634951724395,15.524000000000001,1.837301659209754,1,0,0,0.34999999999999964
13.95,12.15,21.15,13.9,14.0,14.0,14.058222199269018,13.929999999999998,0.04472135958015901,13.787500000000001,0.15539539013056836,13.592,0.7082862329277322,15.498249999999999,1.8229647390168404,1,0,0,0.09999999999999964
13.95,12.15,21.15,13.75,14.0,13.95,16.28606478606587,13.939999999999998,0.041833001358943314,13.8125,0.1553953901305671,13.622,0.6904715927596302,15.472999999999999,1.8091395550505462,1,0,0,0.25
13.9,12.15,21.15,13.8,13.95,13.95,14.896196797461547,13.939999999999998,0.041833001358943314,13.8375,0.14162209637949041,13.654000000000002,0.6645421931905238,15.448000000000002,1.7960442295144372,1,0,0,0.14999999999999858
13.8,12.15,21.15,13.7,13.95,13.9,12.6647656754269,13.919999999999998,0.07582875445830803,13.854166666666666,0.12146517146857812,13.687999999999999,0.6257697300939875,15.422749999999999,1.7834301367768997,1,0,0,0.25
13.6,12.15,21.15,13.4,13.95,13.8,14.463870078637107,13.839999999999998,0.14747881204668925,13.854166666666666,0.12146517146857812,13.727,0.5526568481766946,15.398249999999997,1.774578848048165,1,0,0,0.5499999999999989
13.45,12.15,21.15,13.2,13.5,13.6,14.599321230084065,13.739999999999998,0.21035683968606347,13.8375,0.15972277119267367,13.757,0.49156248175512013,15.373,1.7661305403133123,0,0,0,0.3000000000000007
13.1,12.15,21.15,12.95,13.5,13.45,13.740788089353964,13.569999999999999,0.3154362059160576,13.779166666666667,0.26667850352724115,13.778999999999998,0.43237479018039404,15.3485,1.7634900726063538,0,0,0,0.5500000000000007
13.1,12.15,21.15,13.0,13.45,13.1,15.40839237142146,13.409999999999997,0.3090307428116597,13.7125,0.32691742076724156,13.792,0.400173431789357,15.3235,1.7597246672485087,0,0,0,0.4499999999999993
13.55,12.15,21.15,13.5,13.7,13.1,15.573489330282381,13.36,0.243413228898367,13.683333333333332,0.3242707435964911,13.797,0.39543440334245844,15.3005,1.7526433016201077,0,0,0,0.1999999999999993
13.6,12.15,21.15,13.5,13.9,13.55,14.985730385783588,13.36,0.243413228898367,13.658333333333331,0.31754264805603644,13.799,0.3941524101776457,15.2785,1.746191188942945,0,0,0,0.40000000000000036
13.6,12.15,21.15,13.5,13.9,13.55,14.985730385783588,13.389999999999997,0.2655183609521706,13.633333333333335,0.3084663922579282,13.805,0.38864626380194983,15.25625,1.739035554784401,0,0,0,0.40000000000000036
13.5,12.15,21.15,13.4,13.75,13.5,15.647451976927615,13.469999999999999,0.21095023110374336,13.591666666666669,0.28749176536489285,13.805,0.38864626380194983,15.23075,1.7271092813859572,0,0,0,0.34999999999999964
13.45,12.15,21.15,13.35,13.5,13.5,15.84049604584382,13.539999999999997,0.06519202407287873,13.549999999999999,0.2662876093816589,13.804,0.38951042007474784,15.205,1.7149724934431474,0,0,0,0.15000000000000036
13.45,12.15,21.15,13.4,13.5,13.45,15.867979204810183,13.52,0.07582875445845032,13.508333333333333,0.23532698077334133,13.803999999999998,0.38951042007474784,15.1805,1.7047877452286206,0,0,0,0.09999999999999964
13.15,12.15,21.15,13.0,13.45,13.45,14.1697532463662,13.429999999999998,0.1680773631478226,13.445833333333333,0.2210083640290713,13.799000000000001,0.39634683842109564,15.157,1.7001924218620266,0,0,0,0.4499999999999993
13.2,12.15,21.15,13.0,13.4,13.15,14.428423887583973,13.349999999999998,0.16201851746862028,13.39583333333333,0.20052015692803446,13.793999999999999,0.4023705267737608,15.133999999999999,1.6953658385827668,0,0,0,0.40000000000000036
13.05,12.15,21.15,12.95,13.2,13.2,15.404092692733974,13.26,0.1816590212533764,13.35,0.21213203435858252,13.781,0.4157474213596681,15.114,1.696242966383445,0,0,0,0.25
13.2,12.15,21.15,13.0,13.45,13.05,12.398348658581329,13.209999999999997,0.14747881204680763,13.329166666666666,0.21368874277553784,13.773,0.42308512194123454,15.09575,1.6971064459676681,0,0,0,0.4499999999999993
13.2,12.15,21.15,13.0,13.3,13.2,16.910028827305766,13.16,0.06519202407304465,13.3375,0.20574145293463955,13.763,0.4306864478090716,15.07825,1.6985256502103225,0,0,0,0.3000000000000007
13.0,12.15,21.15,12.95,13.35,13.2,14.103918117186875,13.129999999999999,0.0974679434621557,13.329166666666666,0.21790149289798755,13.754000000000001,0.4419160507587752,15.06075,1.701830801780758,0,0,0,0.40000000000000036
13.05,12.15,21.15,13.0,13.45,13.0,16.477879826223777,13.099999999999998,0.09354143468401331,13.2875,0.2196329582843795,13.733999999999998,0.4507861613505566,15.0425,1.7037333378297357,0,0,0,0.4499999999999993
13.1,12.15,21.15,12.95,13.5,13.05,16.280333625992085,13.11,0.0894427191153256,13.245833333333335,0.20165038752502085,13.706,0.44568681233994345,15.0255,1.7060783294831314,0,0,0,0.5500000000000007
13.4,12.15,21.15,13.1,13.5,13.1,13.082792683014759,13.149999999999997,0.15811388301708654,13.229166666666666,0.1764013158781329,13.677999999999999,0.41871523614439043,15.008999999999999,1.7057599729819641,0,0,0,0.40000000000000036
13.5,12.15,21.15,13.35,13.6,13.4,13.11029282045951,13.209999999999999,0.22472205054853342,13.229166666666666,0.1764013158781329,13.655999999999999,0.3976512675851851,14.993,1.7048264327577292,0,0,0,0.25
13.4,12.15,21.15,13.0,13.9,13.5,15.328636008477098,13.289999999999997,0.20124611798177175,13.225,0.1712255291108616,13.633,0.37764171552674203,14.9775,1.7051484999950812,0,0,0,0.9000000000000004
13.4,12.15,21.15,13.3,13.5,13.4,16.762147173190243,13.36,0.15165750889002952,13.220833333333333,0.16577412526438925,13.61,0.35499353256520355,14.962,1.7053289224277652,0,0,0,0.1999999999999993
13.4,12.15,21.15,13.35,13.7,13.4,14.404130764263108,13.419999999999998,0.04472135958047223,13.241666666666667,0.17166740217877527,13.588,0.33205605624600726,14.94875,1.7071269282764343,0,0,0,0.34999999999999964
13.75,12.15,21.15,13.35,14.0,13.4,14.523842366314419,13.489999999999998,0.1516575088900046,13.287500000000001,0.22474733288178345,13.574000000000002,0.30892175880160866,14.93625,1.7067037310641953,0,0,0,0.6500000000000004
13.65,12.15,21.15,13.5,13.8,13.75,15.437627945035581,13.52,0.168077363147808,13.3375,0.23367129205014353,13.559000000000001,0.28530148750990425,14.925749999999999,1.708131435959443,0,0,0,0.3000000000000007
13.5,12.15,21.15,13.3,13.6,13.65,16.426278709738014,13.539999999999997,0.1557241150327046,13.362500000000002,0.2336712920501426,13.547,0.27449582726068283,14.913499999999999,1.709533642951263,0,0,0,0.29999999999999893
13.25,12.15,21.15,13.15,13.45,13.5,15.527180276745632,13.51,0.198116127568456,13.366666666666667,0.23094010767825396,13.535,0.2740940550618721,14.90175,1.712864255359058,0,0,0,0.29999999999999893
13.5,12.15,21.15,13.3,13.9,13.25,16.23606542473361,13.529999999999998,0.18907670401908222,13.408333333333333,0.20207259421911444,13.535,0.2740940550618721,14.89275,1.7154881039149399,0,0,0,0.5999999999999996
13.5,12.15,21.15,13.4,14.8,13.5,14.601829724930518,13.479999999999999,0.14404860291832902,13.445833333333335,0.16849377293022003,13.535,0.2740940550618721,14.88675,1.7182619293312804,0,0,0,1.4000000000000004
13.5,12.15,21.15,13.5,13.8,13.5,16.12755090878801,13.449999999999998,0.11180339888717172,13.479166666666666,0.12873216264041495,13.534,0.27412941975527283,14.888,1.7171558230409159,0,0,0,0.3000000000000007
13.75,12.15,21.15,13.6,13.9,13.5,14.250146690872656,13.499999999999996,0.17677669530433468,13.508333333333335,0.14745312558074983,13.538,0.27582159273751716,14.89175,1.713827723204532,0,0,0,0.3000000000000007
13.9,12.15,21.15,13.75,13.9,13.75,13.832663599775557,13.629999999999999,0.18574175621737607,13.541666666666666,0.1856601652773277,13.543999999999999,0.2804224218812229,14.88975,1.7147548977322655,1,0,0,0.15000000000000036
13.9,12.15,21.15,13.8,14.1,13.9,16.147489488137566,13.709999999999999,0.20124611798171677,13.583333333333334,0.20597146022046245,13.548,0.28409541369315683,14.88175,1.7156256275686022,1,0,0,0.29999999999999893
14.15,12.15,21.15,14.0,14.25,13.9,14.359578095892951,13.839999999999998,0.23822258499710802,13.645833333333334,0.2535729528663276,13.553000000000003,0.29249280472548406,14.878250000000001,1.7164045737541982,1,0,0,0.25
14.5,12.15,21.15,14.2,14.7,14.15,16.963521803650163,14.039999999999997,0.29453352950503625,13.737499999999999,0.3405376764647551,13.568000000000001,0.32067530784436615,14.87575,1.716590472931475,1,0,0,0.5
14.6,12.15,21.15,14.5,14.65,14.5,17.430557798053567,14.209999999999999,0.3286335345071852,13.808333333333332,0.42202613735071504,13.586999999999998,0.35222470796043664,14.8735,1.716655843910617,1,0,0,0.15000000000000036
15.0,12.15,21.15,14.6,15.2,14.6,17.56309988428399,14.429999999999998,0.4236744032894528,13.920833333333333,0.539552985575584,13.615,0.4049754338730607,14.872,1.716412350452021,1,0,1,0.5999999999999996
15.0,12.15,21.15,14.6,15.2,14.6,17.56309988428399,14.65,0.36055512755009084,14.045833333333333,0.60319540529649,13.642999999999999,0.449831034037818,14.870750000000001,1.7162267064815513,1,0,0,0.5999999999999996
14.6,12.15,21.15,14.3,15.4,15.2,16.046363423717246,14.739999999999998,0.24083189158136328,14.158333333333331,0.5660201302779663,13.663,0.4696731386216562,14.8685,1.716285503536213,1,0,0,1.0999999999999996
14.8,12.15,21.15,14.55,15.0,14.6,15.143328254380286,14.799999999999997,0.20000000000663565,14.266666666666666,0.5528164800430221,13.686000000000002,0.49641983548311835,14.867250000000002,1.7162436888442736,1,0,0,0.4499999999999993
15.4,12.15,21.15,14.9,15.85,14.8,15.475166376763443,14.959999999999999,0.29664793948828533,14.424999999999999,0.5844577906846683,13.718,0.5523382577916108,14.868000000000002,1.7164445547549885,1,0,0,0.9499999999999993
16.15,12.15,21.15,15.7,16.85,15.4,15.633668663371333,15.189999999999998,0.6127805479962887,14.645833333333334,0.693626285721292,13.763,0.6504166639428608,14.86925,1.7172907075891868,1,0,0,1.1500000000000021
16.75,12.15,21.15,16.3,17.2,16.15,16.84950159175855,15.539999999999997,0.9065042746742076,14.895833333333334,0.8616734071602469,13.82,0.7755182598936284,14.87,1.718082956444898,1,1,1,0.8999999999999986
17.6,12.15,21.15,16.8,18.15,16.75,18.46493971489661,16.139999999999997,1.1007951671417235,15.204166666666667,1.1015399001017785,13.894,0.9419714454703536,14.87325,1.722646070707774,1,1,1,1.3499999999999979
19.25,12.15,21.15,18.0,19.35,17.6,15.485761497994737,17.03,1.480118238521005,15.65,1.5264337522477283,14.001000000000001,1.2087474542530159,14.884750000000002,1.7441229203547672,1,1,1,1.3500000000000014
19.3,12.15,21.15,18.15,21.15,19.25,15.762191980939948,17.81,1.4332655022718153,16.07916666666667,1.770780302236546,14.107000000000001,1.422200436518194,14.89625,1.76559054920372,1,1,1,3.0
17.75,12.15,21.15,17.4,19.5,19.3,16.42660930644383,18.130000000000003,1.1127668219364104,16.35,1.755769709480245,14.183,1.5123171166208438,14.900249999999998,1.7711641793610111,1,1,0,2.1000000000000014
17.55,12.15,21.15,16.5,18.2,17.75,15.870569879502018,18.29,0.9023580220746358,16.595833333333335,1.6939005999247152,14.255,1.5849499444873674,14.9045,1.7765161972228911,1,1,0,1.6999999999999993
18.0,12.15,21.15,17.5,18.0,17.55,16.638643916291905,18.369999999999997,0.8415759026982919,16.845833333333335,1.657964021615295,14.337,1.669987473984523,14.9115,1.7859636279617557,1,1,0,0.5
17.7,12.15,21.15,17.5,17.85,18.0,15.755431521888168,18.06,0.711863751010308,17.070833333333336,1.5653141324776942,14.415,1.7342365843829244,14.92125,1.7958595421065588,1,1,0,0.3500000000000014
17.55,12.15,21.15,17.0,18.05,17.7,15.500223090325287,17.71,0.1850675552399437,17.316666666666666,1.3602027478109924,14.494000000000002,1.7855611362897892,14.93375,1.8054352438119443,1,1,0,1.0500000000000007
16.8,12.15,21.15,16.5,17.5,17.55,15.654360493725529,17.52,0.44243643611540867,17.483333333333334,1.126203060435546,14.561,1.8082940997029007,14.943,1.8102516552337926,1,1,0,1.0
16.65,12.15,21.15,16.3,17.0,16.8,15.963031337228017,17.339999999999996,0.5867282164703848,17.587500000000002,0.9617987409967189,14.632,1.8194179378727093,14.952,1.8142570499288084,1,1,0,0.6999999999999993
16.65,12.15,21.15,16.5,16.75,16.65,15.22478899979408,17.069999999999997,0.513078941297088,17.629166666666666,0.9028888820527075,14.703,1.827661883167562,14.96075,1.8182207155216499,1,1,0,0.25
16.95,12.15,21.15,16.5,17.2,16.65,15.140408390048993,16.919999999999998,0.3734969879430796,17.645833333333332,0.8868889274864266,14.770999999999999,1.8470354073266428,14.96525,1.8220398137567888,1,1,0,0.6999999999999993
17.05,12.15,21.15,17.0,17.3,16.95,15.490024534533818,16.819999999999997,0.17888543820714226,17.599999999999998,0.9035284369430169,14.84,1.8667334779102653,14.969249999999999,1.8257488138175195,1,1,0,0.3000000000000007
16.95,12.15,21.15,16.9,17.5,17.05,13.75480574543265,16.849999999999998,0.18708286934553625,17.408333333333335,0.7531248035339351,14.907,1.8813805721179317,14.97,1.826535287307419,1,1,0,0.6000000000000014
16.75,12.15,21.15,16.0,16.95,16.95,16.17840973044383,16.869999999999997,0.1643167672593315,17.195833333333333,0.48169130690991024,14.972000000000001,1.8879088961069979,14.966499999999998,1.8224252850523917,1,1,0,0.9499999999999993
16.35,12.15,21.15,16.3,16.9,16.75,14.061120636221625,16.809999999999995,0.2792848008799644,17.079166666666666,0.504280916181949,15.03,1.8847400080539307,14.96075,1.8161951330478878,1,1,0,0.5999999999999979
16.0,12.15,21.15,15.9,16.5,16.35,16.26202290636004,16.619999999999997,0.4381780460070719,16.95,0.567290209521764,15.081000000000001,1.8755921513930733,14.95325,1.808738403018266,1,1,0,0.5999999999999996
16.1,12.15,21.15,16.0,16.3,16.0,12.963135497046782,16.43,0.41018288604303044,16.791666666666668,0.5098276595334054,15.14,1.8599429440447885,14.94675,1.8022255748416647,1,1,0,0.3000000000000007
16.25,12.15,21.15,16.05,17.0,16.1,15.53150445120291,16.29,0.29025850547848037,16.67083333333333,0.4423379689659802,15.201,1.8449735908734213,14.940750000000001,1.7958360372997935,1,1,0,0.9499999999999993
16.35,12.15,21.15,16.2,16.8,16.25,13.72383486540229,16.209999999999997,0.155724115032346,16.570833333333336,0.35191575266073044,15.266999999999998,1.8253769529629014,14.935,1.7894301611149404,1,1,0,0.6000000000000014
16.35,12.15,21.15,16.2,16.5,16.35,14.952093098797924,16.21,0.155724115032346,16.533333333333335,0.34924160257731207,15.33,1.8068463901369667,14.927999999999999,1.7810817671591717,1,1,0,0.3000000000000007
16.3,12.15,21.15,16.2,16.5,16.35,14.408395869316161,16.27,0.10368220677918824,16.504166666666666,0.35320502244427526,15.392000000000001,1.7853245288936574,14.920499999999999,1.7720625775899614,1,1,0,0.3000000000000007
16.0,12.15,21.15,15.75,16.3,16.3,15.379407232746852,16.25,0.14577379738006502,16.45,0.3777926319137888,15.452,1.7534211457278859,14.912,1.7627157553534152,1,1,0,0.5500000000000007
15.95,12.15,21.15,15.75,16.0,16.0,13.331003865890963,16.19,0.198116127568175,16.366666666666667,0.36762958960425457,15.51,1.7199905078048416,14.9025,1.7518887868835589,1,1,0,0.25
16.0,12.15,21.15,15.9,16.2,15.95,14.456680526107515,16.119999999999997,0.1890767040188057,16.27916666666667,0.31076030907767116,15.568,1.6856162199078155,14.888,1.730506940568888,1,1,0,0.29999999999999893
15.95,12.15,21.15,15.85,16.0,16.0,14.210117596682611,16.04,0.14747881204641453,16.195833333333333,0.24069816381038012,15.619000000000002,1.6570163129023445,14.87,1.7002290711761967,1,1,0,0.15000000000000036
15.75,12.15,21.15,15.7,15.95,15.95,13.708483098171186,15.929999999999998,0.10368220677932738,16.1125,0.20127434917904574,15.664000000000001,1.6286040096991525,14.85025,1.6664476217030375,1,1,0,0.25
15.65,12.15,21.15,15.5,15.85,15.75,15.426826905034833,15.859999999999996,0.15165750888972596,16.054166666666667,0.22609162798191013,15.709000000000001,1.5955195558379163,14.83,1.63145894568561,1,1,0,0.34999999999999964
15.95,12.15,21.15,15.75,17.0,15.65,15.849065347741123,15.86,0.15165750888972596,16.05,0.22763607319418452,15.76,1.5605794318987123,14.812750000000001,1.6008477457351913,1,1,0,1.25
16.5,12.15,21.15,16.0,17.4,15.95,14.839148191324986,15.959999999999997,0.328633534507099,16.083333333333332,0.26227443411237084,15.822000000000001,1.5261048189319608,14.799249999999999,1.5748372931831145,1,1,0,1.3999999999999986
17.35,12.15,21.15,16.55,17.85,16.5,14.097301059143222,16.24,0.7021395872635338,16.175,0.45050476740610607,15.893999999999998,1.511204412219014,14.7895,1.552713543038119,1,1,0,1.3000000000000007
17.35,12.15,21.15,17.05,17.75,17.35,14.68307354372095,16.559999999999995,0.7829431652441821,16.258333333333333,0.5640089189074442,15.968,1.4895130008133042,14.783499999999998,1.5403787141202951,1,1,0,0.6999999999999993
17.25,12.15,21.15,17.0,17.35,17.35,15.5600388222143,16.880000000000003,0.630079360082959,16.333333333333332,0.6329344836609417,16.043,1.4567580023981483,14.778999999999998,1.5317851772184146,1,1,0,0.3500000000000014
17.25,12.15,21.15,17.0,17.35,17.25,13.173058392858724,17.139999999999997,0.3612478373672679,16.4125,0.6856068977066228,16.123,1.4093061688472985,14.775,1.5242264699376575,1,1,0,0.3500000000000014
17.4,12.15,21.15,17.25,17.8,17.25,13.411895237942732,17.32,0.06708203934371276,16.52916666666667,0.7269044995845266,16.201,1.368504695659044,14.772,1.5184265196174982,1,1,0,0.5500000000000007
17.95,12.15,21.15,17.5,18.15,17.4,15.563649154185622,17.44,0.2924038303485457,16.695833333333333,0.8069184743476265,16.29,1.3335161439302083,14.7725,1.519461273877815,1,1,0,0.6499999999999986
18.3,12.15,21.15,18.0,18.45,17.95,15.58993751664433,17.63,0.47249338619972814,16.8875,0.8949669877107109,16.386,1.3009431429638039,14.78,1.5331594468441816,1,1,0,0.4499999999999993
18.9,12.15,21.15,18.4,19.05,18.3,16.620548379664854,17.959999999999997,0.6739807118920061,17.133333333333333,1.011599393700097,16.489,1.291822395703401,14.79375,1.5576439615828759,1,1,0,0.6500000000000021
18.0,12.15,21.15,17.85,18.7,18.9,16.419695495332487,18.109999999999996,0.5481788029488569,17.320833333333333,0.9377095725358202,16.571,1.2536920983842423,14.7975,1.5644748826017554,1,1,0,0.8499999999999979
17.75,12.15,21.15,17.5,18.0,18.0,15.946880311179104,18.179999999999996,0.44805133634711436,17.495833333333334,0.780285010089751,16.648000000000003,1.2035220422254507,14.80325,1.5732218765529036,1,1,0,0.5
17.8,12.15,21.15,17.7,18.0,17.75,13.56165132297918,18.15,0.47169905660541367,17.650000000000002,0.6116297156711504,16.721,1.1587770647170932,14.807749999999999,1.5805197407036986,1,1,0,0.3000000000000007
18.5,12.15,21.15,17.7,18.7,17.8,17.246066106855384,18.189999999999998,0.49547956567595586,17.816666666666666,0.5378126293082799,16.801,1.1402420974584346,14.8135,1.5918661814671513,1,1,0,1.0
18.35,12.15,21.15,18.05,18.75,18.5,16.717805451928335,18.08,0.33279122584954635,17.9,0.5364021557827046,16.876,1.115578005212713,14.82075,1.6046671683267666,1,1,0,0.6999999999999993
18.05,12.15,21.15,18.0,18.35,18.35,16.256012500892485,18.089999999999996,0.3305298776244637,17.958333333333332,0.5084885505708714,16.937,1.094084744693721,14.827,1.6148170703997982,1,1,0,0.3500000000000014
17.9,11.5,21.15,17.85,18.2,18.05,16.370005535253433,18.119999999999997,0.29706901555436627,18.0125,0.45831955902282523,16.995,1.0658066792580734,14.8325,1.623421150273734,1,1,0,0.34999999999999787
18.0,12.15,21.15,17.95,18.5,17.9,15.735546114022656,18.16,0.2534758371175388,18.075,0.3910940365891602,17.063,1.0172396623275917,14.83875,1.633217048385178,1,1,0,0.5500000000000007
18.0,12.15,21.15,18.0,18.15,18.0,15.003201834640413,18.06,0.1710263137720184,18.125,0.33063300170920445,17.127,0.971597149238447,14.84675,1.644780670720015,1,1,0,0.14999999999999858
18.05,12.15,21.15,18.0,18.2,18.0,15.515666485974306,17.999999999999996,0.061237243589578286,18.133333333333333,0.3270622218642101,17.18,0.9474455452555616,14.855250000000002,1.6569360648847893,1,1,0,0.1999999999999993
18.35,12.15,21.15,18.0,18.7,18.05,15.403765895412192,18.06,0.1710263137720184,18.1375,0.3296864901982467,17.224,0.9497174660425306,14.86625,1.6728014709782042,1,1,0,0.6999999999999993
18.35,12.15,21.15,18.25,18.35,18.35,14.994442746653803,18.15,0.18371173071537417,18.09166666666667,0.24010729924884172,17.256,0.9603166994619181,14.87775,1.6888095886255134,1,1,0,0.10000000000000142
18.1,12.15,21.15,18.0,18.35,18.35,12.50729143185074,18.17,0.1680773631469644,18.1,0.2383656473136165,17.266,0.9665550017607369,14.88875,1.7026098611238831,1,1,0,0.3500000000000014
18.05,12.15,21.15,18.0,18.15,18.1,16.023191498713647,18.18,0.15652475843276614,18.125,0.21266704664411468,17.242,0.930512257428463,14.8995,1.7157633781642367,1,1,0,0.14999999999999858
18.1,12.15,21.15,18.0,18.2,18.05,15.926898946294761,18.189999999999998,0.1474788120457817,18.150000000000002,0.18708286934152238,17.218000000000004,0.8909843215369234,14.915,1.7306140891684796,1,1,0,0.1999999999999993
18.1,12.15,21.15,18.0,18.25,18.1,15.857068621992761,18.14,0.11937336387334897,18.116666666666667,0.15125735644868787,17.225,0.8966064137761968,14.92575,1.7437035147170188,1,1,0,0.25
18.2,12.15,21.15,18.1,18.35,18.1,12.39380039582335,18.11,0.054772255772802196,18.104166666666668,0.13561029281071993,17.238,0.906076989115277,14.936750000000002,1.7573998431042994,1,1,0,0.25
18.3,12.15,21.15,18.1,18.45,18.2,14.038734906014339,18.15,0.10000000001219105,18.125,0.1453835053829045,17.244,0.9121985104400819,14.9485,1.7720038766023534,1,1,0,0.34999999999999787
18.5,12.15,21.15,18.05,18.7,18.3,15.228909498591065,18.24,0.16733200531407985,18.175,0.16306719195462283,17.26,0.9272518095789694,14.9615,1.788480096416139,1,1,0,0.6499999999999986
18.7,12.15,21.15,18.5,18.8,18.5,15.681542426303388,18.36,0.2408318915808744,18.233333333333334,0.21248885889046346,17.283,0.9486085405821701,14.977250000000002,1.807458010521764,1,1,0,0.3000000000000007
18.15,12.15,21.15,18.05,18.55,18.7,14.94095982509264,18.369999999999997,0.2280350850251376,18.245833333333334,0.20165038752488137,17.31,0.9537787361600968,14.98925,1.8205338930597232,1,1,0,0.5
18.1,12.15,21.15,17.95,18.3,18.15,14.582698315549798,18.35,0.25000000000484623,18.25,0.19771421064750264,17.339000000000002,0.9553442589252099,15.002250000000002,1.8334366329205296,1,1,0,0.3500000000000014
18.05,12.15,21.15,17.95,18.5,18.1,14.677598926103489,18.299999999999997,0.2850438562790419,18.225,0.2028210137964505,17.367,0.9552545338756224,15.015249999999998,1.845803317511096,1,1,0,0.5500000000000007
17.85,11.5,21.15,17.6,18.05,18.05,16.547088530891568,18.169999999999998,0.3174114049659177,18.183333333333334,0.22495790852316686,17.385,0.9557158872504923,15.027249999999999,1.8564149102761942,1,1,0,0.4499999999999993
17.2,11.5,21.15,16.95,17.8,17.85,15.148087900374701,17.869999999999997,0.39147158262441567,18.108333333333334,0.36296339242888187,17.388,0.9548779171888063,15.03575,1.8624724037617741,1,1,0,0.8500000000000014
17.3,12.15,21.15,16.8,17.6,17.2,15.693142019218254,17.7,0.4227883631351278,18.04583333333333,0.43193977554519,17.395,0.9528823085133288,15.04525,1.8691733419916814,1,1,0,0.8000000000000007
17.45,11.5,21.15,17.3,17.8,17.3,14.122775380599858,17.57,0.3650342449722942,17.991666666666667,0.464089202502976,17.409000000000002,0.9483438840679687,15.057,1.8768896006064426,1,1,0,0.5
17.4,11.5,21.15,17.3,17.7,17.45,15.440428238174666,17.439999999999998,0.24849547280082487,17.933333333333334,0.49236596391840887,17.43,0.9359596188743448,15.068500000000002,1.8841864405397508,1,1,0,0.3999999999999986
17.35,11.5,21.15,17.3,17.5,17.4,15.749637413029689,17.339999999999996,0.09617692032143188,17.8625,0.5112929244049023,17.457,0.9130577691450111,15.07975,1.891079943913436,0,1,0,0.1999999999999993
17.2,11.5,21.15,17.1,17.8,17.35,15.430433599534942,17.339999999999996,0.09617692032143188,17.770833333333332,0.5241696174711503,17.479,0.8927194179493475,15.09025,1.897013637591021,0,1,0,0.6999999999999993
17.3,11.5,21.15,17.1,17.5,17.2,14.590560714824633,17.339999999999996,0.09617692032143188,17.670833333333334,0.48545121154338966,17.5,0.875400782848859,15.1005,1.9034086720577394,0,1,0,0.3999999999999986
17.3,11.5,21.15,17.2,17.5,17.3,15.429418664177803,17.309999999999995,0.07416198488793337,17.554166666666667,0.37017092694130266,17.519000000000002,0.860107373458514,15.109499999999999,1.9095527509191774,0,1,0,0.3000000000000007
17.3,11.5,21.15,17.2,17.5,17.3,14.689895791873594,17.29,0.054772255773522675,17.483333333333334,0.3242707435964343,17.538,0.8441007774247897,15.117249999999999,1.9153020249386132,0,1,0,0.3000000000000007
17.1,11.5,21.15,16.9,17.3,17.3,14.313008359569338,17.24,0.0894427191141079,17.400000000000002,0.27633971188504014,17.554,0.8275757564436127,15.126,1.9203614086152572,0,1,0,0.40000000000000213
17.05,11.5,21.15,17.0,17.2,17.1,15.701686019451317,17.21,0.12449899599004041,17.316666666666666,0.20375267241492487,17.575,0.8002072435645781,15.134750000000002,1.9251391485309086,0,1,0,0.1999999999999993
17.05,11.5,21.15,17.05,17.15,17.05,15.615304497553618,17.16,0.1294217910652336,17.25,0.13142574813863844,17.597,0.7691374707942351,15.1425,1.929731345376064,0,1,0,0.09999999999999787
17.0,11.5,21.15,16.95,17.15,17.05,16.22790036651401,17.1,0.1172603940064116,17.23333333333333,0.14974726182911083,17.617,0.7391811520259207,15.14875,1.9337289041834824,0,1,0,0.1999999999999993
17.0,11.5,21.15,16.95,17.15,17.0,13.741649786023293,17.04,0.041833001357121036,17.208333333333332,0.1621353718007059,17.637999999999998,0.7049793744270199,15.155749999999998,1.9379000802687962,0,1,0,0.1999999999999993
16.75,11.5,21.15,16.6,17.0,17.0,13.951963553547483,16.97,0.12549900399027916,17.15,0.19069251785193886,17.658,0.6632757299025184,15.1625,1.9411035948216222,0,1,0,0.3999999999999986
16.45,11.5,21.15,16.3,16.9,16.75,13.831876895817885,16.85,0.25248762346413073,17.070833333333336,0.2615151076252166,17.674,0.6222277291626794,15.16975,1.9432003436025742,0,1,0,0.5999999999999979
16.4,11.5,21.15,16.3,16.45,16.45,12.977339917490127,16.72,0.2885307609295377,16.991666666666664,0.3088345639332916,17.683,0.5996265844811225,15.177,1.9450803809720791,0,1,0,0.14999999999999858
16.2,11.5,21.15,16.2,16.45,16.4,15.527848140658353,16.56,0.3150396800445855,16.908333333333335,0.37527767497469533,17.677,0.6130560782687099,15.183,1.9463820321498178,0,1,0,0.25
16.15,11.5,21.15,16.0,16.3,16.2,15.73422582708219,16.389999999999997,0.23822258499691595,16.8125,0.4112757314427975,17.653000000000002,0.6485785084573958,15.189,1.9475094261195238,0,1,0,0.3000000000000007
15.95,11.5,21.15,15.55,16.2,16.15,15.467778239988643,16.229999999999997,0.20186629238837828,16.7,0.44873559738973035,17.625,0.690773745409525,15.19425,1.9481416057567986,0,1,0,0.6499999999999986
15.55,11.5,21.15,15.05,15.95,15.95,16.87437728929504,16.049999999999997,0.32210246817224103,16.554166666666667,0.5154249497152436,17.591,0.7489918394150668,15.198500000000001,1.9479851077202242,0,1,0,0.8999999999999986
15.1,11.5,21.15,15.05,15.5,15.55,17.05907513200075,15.789999999999997,0.46287147244421806,16.3875,0.6328596713628126,17.548000000000002,0.826657888915529,15.200999999999999,1.9475339386545567,0,1,0,0.4499999999999993
15.3,11.5,21.15,15.2,16.0,15.1,15.064724665265885,15.609999999999996,0.43789268091930733,16.241666666666664,0.6670264180865154,17.506,0.8855783305795085,15.204500000000001,1.947077374299186,0,1,0,0.8000000000000007
16.0,11.5,21.15,15.6,16.5,15.3,15.551687018808105,15.580000000000002,0.39465174521684554,16.15416666666667,0.6184505320614945,17.467,0.9082731990330781,15.21125,1.9474854132120323,0,1,0,0.9000000000000004
15.9,11.5,21.15,15.7,16.0,16.0,13.69153451013396,15.569999999999999,0.3834057902571416,16.0625,0.5604888288572865,17.419,0.9265852384329123,15.2175,1.947680942884808,0,1,0,0.3000000000000007
15.35,11.5,21.15,15.1,15.8,15.9,14.45472992420301,15.530000000000001,0.396232255126596,15.925000000000002,0.5096790433928124,17.348,0.9465813892797333,15.221000000000002,1.9472849285518279,0,1,0,0.7000000000000011
15.05,11.5,21.15,14.95,15.35,15.35,16.499152007850327,15.52,0.41018288604317554,15.783333333333333,0.4955865823518081,17.288999999999998,0.9957711604991202,15.22375,1.946649857018313,0,1,0,0.40000000000000036
14.4,11.5,21.15,14.2,15.0,15.05,16.334383837865865,15.339999999999998,0.6551717332140701,15.612499999999999,0.5893467107362442,17.222,1.0737669720214935,15.22575,1.9455914442244724,0,1,0,0.8000000000000007
14.85,11.5,21.15,14.5,15.0,14.4,15.266328049478298,15.11,0.560580056729415,15.483333333333333,0.5706190152870354,17.163,1.1213516807125472,15.23,1.9438280110862918,0,1,0,0.5
14.7,11.5,21.15,14.5,14.95,14.85,14.987683359433769,14.87,0.3581200915932815,15.358333333333334,0.5636058153999131,17.087,1.157090386817477,15.234000000000002,1.9418995518169844,0,1,0,0.4499999999999993
14.75,11.5,21.15,14.65,14.9,14.7,16.02080261659659,14.75,0.23717082451851784,15.241666666666665,0.5286489354673696,17.015,1.1884757001285398,15.23775,1.9402280437642676,0,1,0,0.25
14.8,11.5,21.15,14.75,15.0,14.75,14.312156726724892,14.7,0.17677669530455373,15.145833333333334,0.49149971485043203,16.95,1.2191917697510386,15.242,1.9383231109421182,0,0,0,0.25
14.8,11.5,21.15,14.7,15.0,14.8,15.925202531586722,14.779999999999998,0.0570087712794266,15.083333333333334,0.4830458915407724,16.888,1.2483687315036411,15.24625,1.9364069294656747,0,0,0,0.3000000000000007
14.65,11.5,21.15,14.55,15.0,14.8,15.519294731236592,14.74,0.06519202407345907,15.045833333333334,0.49884335915273365,16.821,1.277037787304732,15.250500000000002,1.9341482355251869,0,0,0,0.4499999999999993
14.6,11.5,21.15,14.55,14.75,14.65,15.724312195881952,14.719999999999999,0.09082951063832032,14.987500000000002,0.5072765965975877,16.753,1.3032302880433475,15.2545,1.9319593902117622,0,0,0,0.1999999999999993
14.75,11.5,21.15,14.6,15.0,14.6,12.917062200011113,14.719999999999999,0.09082951063832032,14.883333333333335,0.3967672396069627,16.687,1.3196632996677093,15.25925,1.9295316528882742,0,0,0,0.40000000000000036
14.85,11.5,21.15,14.7,15.2,14.75,14.941024724315527,14.729999999999999,0.10368220678012005,14.795833333333334,0.23496453633350725,16.617,1.3224748753448705,15.2655,1.92615161663134,0,0,0,0.5
14.95,11.5,21.15,14.85,15.2,14.85,16.073924408129052,14.76,0.14317821064251418,14.762499999999998,0.16804355496335807,16.549,1.318954827404923,15.275249999999998,1.9195502869214882,0,0,0,0.34999999999999964
15.0,11.5,21.15,14.95,15.2,14.95,14.750937420565304,14.829999999999998,0.1604680653674882,14.758333333333333,0.16072751268659663,16.487000000000002,1.3174190135044002,15.287749999999999,1.9095008260073834,0,0,0,0.25
15.0,11.5,21.15,14.9,15.15,15.0,16.45556745926983,14.91,0.10839741695619634,14.808333333333332,0.12939252004467197,16.426,1.3141785670609958,15.3005,1.8989417179685824,0,0,0,0.25
15.05,11.5,21.15,15.0,15.15,15.0,13.023428837534802,14.969999999999999,0.07582875445877238,14.825000000000001,0.14693845341501205,16.365000000000002,1.3056490293165075,15.31325,1.888576326284238,0,0,0,0.15000000000000036
15.0,11.5,21.15,15.0,15.2,15.05,14.740880350156523,15.0,0.03535533909843566,14.85,0.14924050145256737,16.303,1.2951404462490677,15.325750000000001,1.8781069902522682,0,0,0,0.1999999999999993
14.9,11.5,21.15,14.8,15.1,15.0,13.062615496138552,14.989999999999998,0.05477225577577117,14.862499999999999,0.1463572838861838,16.237000000000002,1.2804977507969086,15.338,1.8672140858003714,0,0,0,0.29999999999999893
14.8,11.5,21.15,14.5,14.95,14.9,15.83150644777398,14.95,0.10000000001385509,14.862499999999999,0.1463572838861838,16.167,1.2609362410850313,15.3505,1.8551029038627096,0,0,0,0.4499999999999993
14.55,11.5,21.15,14.4,14.85,14.8,16.695439141913397,14.86,0.19811612756860847,14.841666666666667,0.17166740217869983,16.088,1.2352625103142094,15.36275,1.8415704837811466,0,0,0,0.4499999999999993
14.5,11.5,21.15,14.4,14.75,14.55,17.16284295531229,14.75,0.21794494718344273,14.829166666666666,0.19123799229770297,16.004,1.1962031770632973,15.377,1.823636270266473,0,0,0,0.34999999999999964
14.5,11.5,21.15,14.4,14.9,14.5,17.38813146692046,14.65,0.18708286934619384,14.820833333333333,0.20389205403363897,15.931000000000001,1.1737298823556832,15.38975,1.8084065107271805,0,0,0,0.5
14.7,11.5,21.15,14.5,14.95,14.5,15.798496401484089,14.61,0.1341640786604575,14.816666666666665,0.20597146022041282,15.863,1.143607343060557,15.403249999999998,1.7929865984472135,0,0,0,0.4499999999999993
14.7,11.5,21.15,14.5,15.0,14.7,16.47965073760622,14.589999999999998,0.10246950767331463,14.804166666666667,0.2083030281014615,15.796000000000001,1.1105174377702565,15.4145,1.7813846881107485,0,0,0,0.5
14.7,11.5,21.15,14.5,15.0,14.7,16.696112580365615,14.62,0.10954451151385078,14.783333333333333,0.2048650701578574,15.732999999999999,1.0805615509104955,15.421499999999998,1.7757757877168667,0,0,0,0.5
14.9,11.5,21.15,14.75,14.9,14.7,16.00350388029475,14.699999999999998,0.14142135624720698,14.775,0.19713862220458794,15.687000000000001,1.0656898695019825,15.4285,1.7709159966912422,0,0,0,0.15000000000000036
14.8,11.5,21.15,14.7,15.0,14.9,14.482930102982344,14.76,0.08944271911560411,14.758333333333335,0.18443196988656416,15.637,1.0469494071942798,15.436000000000002,1.7650228122147436,0,0,0,0.3000000000000007
14.85,11.5,21.15,14.7,15.0,14.8,13.288895941483888,14.789999999999997,0.08944271911558542,14.741666666666667,0.16353111093462094,15.585,1.0192659423450041,15.44275,1.7601564393414082,0,0,0,0.3000000000000007
15.15,11.5,21.15,14.9,15.65,14.85,14.004643034363973,14.879999999999999,0.16807736314798516,14.754166666666668,0.18884617758632496,15.54,0.9866455228475207,15.451,1.7548637364959683,0,0,0,0.75
15.3,11.5,21.15,15.2,15.5,15.15,16.250789280257123,15.0,0.21505813168249838,14.7875,0.24413576699934728,15.498999999999999,0.9518773073055251,15.460249999999998,1.7491297010386408,0,0,0,0.3000000000000007
15.0,11.5,21.15,14.9,15.45,15.3,14.281820498934758,15.02,0.2079663434375012,14.804166666666667,0.25177400881790446,15.455,0.9220236173875136,15.468250000000001,1.7433086539148246,0,0,0,0.5499999999999989
15.3,11.5,21.15,15.0,15.5,15.0,12.009455390434104,15.12,0.1955760721631211,14.866666666666667,0.27496556258402044,15.415,0.8829016401176255,15.4775,1.7374441894800638,0,0,0,0.5
15.45,11.5,21.15,15.05,15.55,15.3,13.737009411474498,15.239999999999998,0.17102631377288546,14.945833333333333,0.2957719740055609,15.378,0.8400170066305277,15.48625,1.7328480166315696,0,0,0,0.5
15.3,11.5,21.15,15.2,15.5,15.45,15.045326824594058,15.27,0.16431676725988228,15.012500000000001,0.27561913774626434,15.338,0.7929253509913998,15.494750000000002,1.727710873326116,0,0,0,0.3000000000000007
15.25,11.5,21.15,15.1,15.4,15.3,16.33748022616586,15.26,0.16355427234633574,15.058333333333335,0.26443192399051824,15.301000000000002,0.7510869674365241,15.5025,1.7230899409850498,0,0,0,0.3000000000000007
15.2,11.5,21.15,15.1,15.3,15.25,13.493652413400904,15.3,0.09354143468396854,15.1,0.24120907566445868,15.264,0.7074703426393328,15.51125,1.7170475236558556,1,0,0,0.20000000000000107
15.0,11.5,21.15,14.9,15.25,15.2,15.55843003678159,15.239999999999998,0.16355427234634187,15.125,0.20943647333910229,15.222999999999999,0.6596388931738942,15.515999999999998,1.714296667828202,1,0,0,0.34999999999999964
15.0,11.5,21.15,14.95,15.3,15.0,14.442571887555717,15.149999999999997,0.14142135624703475,15.133333333333333,0.20150945537900872,15.183,0.6083274158690207,15.5185,1.7131717770523436,0,0,0,0.3500000000000014
15.0,11.5,21.15,14.95,15.2,15.0,14.104742179244925,15.089999999999998,0.12449899599095872,15.149999999999999,0.17837651700620738,15.142999999999999,0.5493047553823212,15.5195,1.712808604772628,0,0,0,0.25
15.1,11.5,21.15,14.95,15.2,15.0,15.24316300987913,15.059999999999999,0.08944271911541936,15.170833333333333,0.152938391243779,15.11,0.49795500165515305,15.521999999999998,1.7118243816373455,0,0,0,0.25
15.05,11.5,21.15,15.0,15.1,15.1,12.634280498992874,15.029999999999998,0.04472135958088539,15.1625,0.15685111643962404,15.082,0.45889841479564086,15.5245,1.7107624883242933,0,0,0,0.09999999999999964
15.05,11.5,21.15,14.95,15.1,15.05,13.281247408656547,15.039999999999997,0.04183300135971401,15.141666666666667,0.15349464505867963,15.055,0.4176281423779185,15.527000000000001,1.7096962614841575,0,0,0,0.15000000000000036
15.0,11.5,21.15,14.95,15.1,15.05,12.678264503855369,15.039999999999997,0.04183300135971401,15.141666666666667,0.15349464505867963,15.030999999999999,0.38357741415908125,15.5295,1.7085521655813742,1,0,0,0.15000000000000036
15.0,11.5,21.15,14.95,15.0,15.0,15.815421896034595,15.039999999999997,0.04183300135971401,15.116666666666667,0.14974726182914572,15.008,0.34793267000534256,15.532250000000001,1.707248053765377,1,0,0,0.05000000000000071
15.0,12.15,21.15,14.9,15.1,15.0,17.088302472682972,15.02,0.02738612792572055,15.079166666666667,0.10966546928089982,14.989,0.32028208230370897,15.535250000000001,1.705774978974282,1,0,0,0.1999999999999993
15.0,12.15,21.15,14.95,15.1,15.0,14.85423164329885,15.01,0.02236067983682457,15.054166666666667,0.08649312462355456,14.978,0.3098979423839052,15.539750000000002,1.703154754592398,1,0,0,0.15000000000000036
15.0,12.15,21.15,14.95,15.1,15.0,12.334470257826283,15.0,1.6631355757940343e-06,15.033333333333333,0.0615457454984841,14.975999999999999,0.30941683132968795,15.545500000000002,1.6993583625066677,1,0,0,0.15000000000000036
14.95,12.15,21.15,14.9,15.0,15.0,15.546829940431588,14.989999999999998,0.022360679836872233,15.012500000000001,0.037688918086623655,14.969000000000001,0.3058761253866218,15.552750000000001,1.6936713229701603,1,0,0,0.09999999999999964
14.9,12.15,21.15,14.85,15.0,14.95,12.955129822091815,14.969999999999999,0.04472135958095696,15.004166666666668,0.04981024600568043,14.947000000000001,0.2673394998184194,15.559750000000001,1.6880283278661612,1,0,0,0.15000000000000036
15.0,11.5,21.15,14.9,15.3,14.9,16.125210381134785,14.969999999999999,0.04472135958095696,15.004166666666668,0.04981024600568043,14.929,0.22948255902759734,15.567,1.6824578216431685,1,0,0,0.40000000000000036
15.3,11.5,21.15,15.0,15.5,15.0,16.501287951385272,15.029999999999998,0.1565247584338109,15.029166666666667,0.0987612671034212,14.927999999999999,0.22771267251601354,15.575749999999998,1.67645517304711,1,0,0,0.5
15.5,11.5,21.15,15.2,15.95,15.3,12.977339917490127,15.129999999999999,0.25884358211621156,15.0625,0.16804355496335252,14.937000000000001,0.24113041606341737,15.585249999999998,1.6705759658839758,1,0,1,0.75
15.35,11.5,21.15,15.2,15.5,15.5,12.323415584358154,15.209999999999999,0.2509980079656872,15.0875,0.18723466074128126,14.956,0.23531134390701794,15.5935,1.665284845931976,1,0,1,0.3000000000000007
15.55,11.5,21.15,15.4,15.6,15.35,13.449219527306578,15.339999999999998,0.21621748311070757,15.129166666666665,0.22908745187623117,14.97,0.2492846909514439,15.60175,1.6609343612140544,1,0,0,0.1999999999999993
15.55,11.5,21.15,15.4,15.95,15.55,15.549040628287853,15.45,0.1172603940071706,15.174999999999999,0.25450486689611773,14.987,0.25927882714171474,15.610750000000001,1.6557185622220532,1,0,0,0.5499999999999989
15.85,11.5,21.15,15.5,16.3,15.55,13.07527386630434,15.559999999999999,0.18165902125329256,15.245833333333332,0.3129466505040252,15.009,0.28422648342027323,15.621749999999999,1.6499244500749128,1,0,0,0.8000000000000007
15.85,11.5,21.15,15.6,16.15,15.85,16.932867412315783,15.63,0.21679483389300586,15.316666666666665,0.3466287858106949,15.03,0.30639443699309254,15.633,1.6437290610471307,1,0,0,0.5499999999999989
16.15,11.5,21.15,15.9,16.25,15.85,15.393705657005663,15.789999999999997,0.25099800796555477,15.4125,0.40515148682166663,15.057,0.343007407547653,15.64575,1.63775935841644,1,0,0,0.34999999999999964
16.15,11.5,21.15,15.6,16.3,16.15,15.333491079063581,15.909999999999997,0.2509980079655267,15.508333333333333,0.4337119558037786,15.087,0.3711276253334234,15.658500000000002,1.6316676889723614,1,0,0,0.7000000000000011
16.5,11.5,21.15,16.1,16.7,16.15,15.383438947918261,16.1,0.2692582403616298,15.637500000000001,0.48058912710545737,15.125,0.4149317622776717,15.67275,1.6264753449526732,1,0,0,0.5999999999999979
16.75,11.5,21.15,16.5,17.0,16.5,15.184480972319712,16.28,0.34928498393521223,15.791666666666666,0.5177895910571539,15.165,0.4706974850675316,15.6875,1.6227787292235263,1,1,0,0.5
17.4,11.5,21.15,16.9,17.65,16.75,16.31699577078522,16.589999999999996,0.5188930525672759,15.991666666666665,0.6345482764554531,15.216,0.5646418406062289,15.705,1.6222773867616507,1,1,0,0.75
17.35,11.5,21.15,16.85,17.5,17.4,15.946939646732474,16.829999999999995,0.5415256226648536,16.1625,0.7036027417391769,15.264000000000001,0.6387200210624779,15.72225,1.62133000726642,1,1,0,0.6499999999999986
16.75,11.5,21.15,16.5,17.2,17.35,14.694847221902894,16.95,0.401559460108391,16.26666666666667,0.688982561243778,15.299000000000001,0.6710857787562726,15.736500000000001,1.617754119747502,1,1,0,0.6999999999999993
16.7,11.5,21.15,16.25,16.8,16.75,15.434859394534515,16.99,0.3524911346438909,16.379166666666666,0.6336970646121328,15.333,0.6981469642370481,15.750499999999999,1.6138921865942482,1,1,0,0.5500000000000007
16.45,11.5,21.15,16.3,16.7,16.7,14.252474979126433,16.93,0.42219663665470536,16.454166666666666,0.5773994730827295,15.360999999999999,0.7144492669896026,15.76275,1.6098315831573398,1,1,0,0.3999999999999986
16.35,11.8,21.15,16.2,16.45,16.45,13.67475427139274,16.72,0.3898717737956572,16.520833333333332,0.5051814855419722,15.388,0.7259448452653202,15.774750000000001,1.6051894290130644,1,1,0,0.25
15.7,12.15,21.15,15.1,16.5,16.35,16.16478847438836,16.389999999999997,0.42041646019466705,16.508333333333333,0.5247654598769328,15.403999999999998,0.7237825809521394,15.783499999999998,1.599953752472384,1,1,0,1.4000000000000004
15.65,12.15,21.15,15.5,15.9,15.7,15.15458253780064,16.169999999999998,0.4698403984361507,16.491666666666667,0.5501377238043003,15.421000000000001,0.7192747197343486,15.79225,1.5943768769109614,1,1,0,0.40000000000000036
15.4,12.95,21.15,15.15,15.7,15.65,13.423209916766195,15.909999999999997,0.46287147244421034,16.429166666666667,0.6293786016727034,15.437999999999999,0.7082286037022149,15.80025,1.5883329136940492,1,1,0,0.5499999999999989
15.3,12.95,21.15,15.2,15.5,15.4,15.480799552274389,15.679999999999998,0.41018288604316305,16.35833333333333,0.7067317008389834,15.453999999999999,0.6955279891373309,15.80875,1.581031066636121,1,1,0,0.3000000000000007
15.3,12.95,21.15,15.2,15.5,15.3,14.910784279814974,15.469999999999999,0.1923538406237915,16.258333333333333,0.767177036974957,15.47,0.6822082990298912,15.818,1.5725506598802008,0,1,0,0.3000000000000007
15.25,12.95,21.15,15.15,15.5,15.3,14.922190548365116,15.379999999999999,0.16046806536733127,16.133333333333333,0.8012301148676135,15.481000000000002,0.6739231773574377,15.82875,1.5611846222094687,0,1,0,0.34999999999999964
15.15,12.95,21.15,15.1,15.3,15.25,14.770483781253295,15.279999999999998,0.09082951063804191,15.945833333333333,0.7386899747451274,15.49,0.6662413609348804,15.839,1.5498675579662882,0,1,0,0.20000000000000107
15.0,12.95,21.15,14.9,15.25,15.15,14.764462459224632,15.2,0.1274754878506291,15.75,0.6371099519786003,15.496000000000002,0.6603060514887071,15.84625,1.5424800357878945,0,0,0,0.34999999999999964
14.9,12.95,21.15,14.5,15.0,15.0,16.31169512232261,15.12,0.16807736314794322,15.595833333333333,0.5956121119318137,15.495999999999999,0.6603060514887071,15.85275,1.5356909424928165,0,0,0,0.5
14.8,12.95,21.15,14.6,15.0,14.9,15.153428681735205,15.02,0.1823458252957213,15.4375,0.5235911833423278,15.495999999999999,0.6603060514887071,15.85875,1.5291755382013437,0,0,0,0.40000000000000036
14.9,12.95,21.15,14.85,15.3,14.8,15.92349108593359,14.95,0.13228756556376123,15.308333333333335,0.43475872793567594,15.497,0.6593449129899073,15.86575,1.5215089169710156,0,0,0,0.45000000000000107
14.9,12.95,21.15,14.85,15.0,14.9,16.131811260482067,14.9,0.07071067813840201,15.1875,0.2993363872441359,15.492,0.662967971030425,15.873,1.5133728844661474,0,0,0,0.15000000000000036
14.85,12.95,21.15,14.7,15.0,14.9,16.663676320070625,14.87,0.044721359581260764,15.116666666666667,0.26571800956495445,15.483000000000002,0.6686576562221077,15.88,1.5053255545315865,0,0,0,0.3000000000000007
14.65,12.95,21.15,14.55,14.85,14.85,16.274928530469804,14.819999999999999,0.10368220678015327,15.033333333333333,0.23868325657825243,15.476,0.6756131002463183,15.8875,1.4953592365152113,0,0,0,0.29999999999999893
14.4,12.95,21.15,14.1,14.7,14.65,15.834976618652673,14.739999999999998,0.21621748311089922,14.950000000000001,0.2713602101220237,15.458,0.6921837670350907,15.893500000000001,1.4869052377101397,0,0,0,0.5999999999999996
14.4,12.95,21.15,14.2,15.0,14.4,17.790403211485724,14.639999999999997,0.238222584997359,14.875,0.28959218975093853,15.437000000000001,0.7081745720440289,15.900249999999998,1.4769629430612257,0,0,0,0.8000000000000007
15.0,12.95,21.15,14.55,15.7,14.4,15.69168791900476,14.659999999999997,0.2678619047248442,14.85,0.26111648393566816,15.431,0.7106256226102117,15.90925,1.4658686132998016,0,0,0,1.1499999999999986
15.35,12.95,21.15,15.15,15.8,15.0,16.383616543413893,14.76,0.41140004861789825,14.858333333333334,0.2762026046021044,15.433,0.7102464361050657,15.92,1.4537337130791559,0,0,0,0.6500000000000004
15.25,12.95,21.15,15.1,15.5,15.35,15.813321809511505,14.879999999999999,0.45634416836724706,14.866666666666667,0.287096225028038,15.434000000000001,0.7099468218084123,15.93125,1.4396610912951489,0,0,0,0.40000000000000036
15.4,12.95,21.15,15.1,15.65,15.25,14.342898860173655,15.079999999999998,0.41018288604325054,14.9,0.32473765635609947,15.442,0.7072049034828253,15.943,1.4255479419063957,0,0,0,0.5500000000000007
15.95,12.95,21.15,15.4,16.05,15.4,15.926463000155783,15.389999999999997,0.348926926451274,14.987499999999999,0.44421790312373705,15.461000000000002,0.7078488539228909,15.957250000000002,1.4111579540777763,0,0,0,0.6500000000000004
16.25,12.95,21.15,15.6,16.65,15.95,13.961687532127032,15.639999999999997,0.4364630568589996,15.108333333333334,0.5684241907300938,15.486,0.7132878744495013,15.9715,1.3995468577490953,1,0,0,1.049999999999999
16.55,12.95,21.15,16.25,16.7,16.25,14.633747790571856,15.879999999999999,0.551815186455278,15.245833333333332,0.6981984392757972,15.515,0.726625552728162,15.986749999999999,1.3890588033977076,1,0,0,0.4499999999999993
17.6,12.95,21.15,16.65,17.95,16.55,17.269537584889015,16.35,0.8177713616914055,15.470833333333333,0.9618775043291253,15.565999999999999,0.7807923761755357,16.00775,1.381482867089016,1,0,1,1.3000000000000007
17.0,12.95,21.15,16.6,17.5,17.6,17.64133932881461,16.669999999999998,0.6486524493151747,15.65,1.0333088951172156,15.605,0.8028806554767285,16.025750000000002,1.3707458401511352,1,0,0,0.8999999999999986
17.0,12.95,21.15,16.25,17.2,17.0,15.270841356288782,16.880000000000003,0.5130789412970949,15.845833333333333,1.049124815638712,15.645,0.821723549520582,16.04375,1.3596845767461616,1,0,0,0.9499999999999993
17.1,12.95,21.15,17.0,17.3,17.0,14.50369594918159,17.05,0.374165738680769,16.070833333333333,0.9991947515455776,15.687000000000001,0.8415128504966485,16.0605,1.3518978842528813,1,1,0,0.3000000000000007
17.25,12.95,21.15,17.1,17.5,17.1,14.204033623399939,17.189999999999998,0.25099800796521615,16.308333333333334,0.8997053389698023,15.732000000000001,0.8638877478100413,16.078500000000002,1.3435824571255968,1,1,0,0.3999999999999986
17.6,12.95,21.15,17.25,17.7,17.25,16.42112935677196,17.189999999999998,0.25099800796521615,16.525,0.8685149289558844,15.784,0.8965603204264897,16.099,1.3352954992629664,1,1,0,0.4499999999999993
17.6,12.95,21.15,17.45,17.7,17.6,16.688261363646212,17.31,0.2792848008798375,16.712500000000002,0.8339732391614374,15.835999999999999,0.925105620004146,16.12075,1.3240363661905772,1,1,0,0.25
17.6,12.95,21.15,17.4,17.7,17.6,16.563281411331943,17.43,0.2387467277314472,16.908333333333335,0.728583099813867,15.889,0.9489139871990698,16.14125,1.3149644844928543,1,1,0,0.3000000000000007
17.5,12.95,21.15,17.15,17.7,17.6,12.180759965737863,17.51,0.15165750888915044,17.083333333333332,0.5678241298371238,15.940999999999999,0.9647189502965232,16.16125,1.304971528790932,1,1,0,0.5500000000000007
17.2,12.95,21.15,17.05,17.5,17.5,12.04238244212355,17.5,0.1732050807640009,17.1875,0.44165237255431944,15.985,0.9710739899088826,16.179750000000002,1.2932283772321724,1,1,0,0.4499999999999993
17.1,12.95,21.15,17.05,17.5,17.2,12.55638086482189,17.4,0.23452078799645207,17.258333333333333,0.3322330324934998,16.021,0.978497911732731,16.1965,1.2832562029510026,1,1,0,0.4499999999999993
17.15,12.95,21.15,17.05,17.5,17.1,13.748409823827307,17.31,0.2247220505479792,17.308333333333334,0.25120919689991095,16.054000000000002,0.9883422525437623,16.21275,1.274577449933726,1,1,0,0.4499999999999993
17.05,12.95,21.15,17.0,17.35,17.15,14.033521761283492,17.2,0.17677669530371506,17.2625,0.24320305769822542,16.088,0.9928602261000513,16.2285,1.26528355016246,1,1,0,0.3500000000000014
