DATE,CODE,NAME,12m Low,12m High,Day Low,Day High,Day Price,Previous,Change,Change%,Volume
2013-01-02,KCB,KCB Group Plc,33.75,55.5,30.0,30.5,30.25,29.75,0.1,2e-06,144500.0
2013-01-03,KCB,KCB Group Plc,33.75,55.5,30.25,31.5,31.0,30.25,0.05,9.8e-07,790400.0
2013-01-04,KCB,KCB Group Plc,33.75,55.5,31.0,31.5,31.0,31.0,0.1,1.94e-06,5264700.0
2013-01-07,KCB,KCB Group Plc,33.75,55.5,30.25,31.5,31.0,31.0,0.1,1.8999999999999998e-06,2037700.0
2013-01-08,KCB,KCB Group Plc,33.75,55.5,30.25,31.25,31.0,31.0,0.25,4.669999999999999e-06,637600.0
2013-01-09,KCB,KCB Group Plc,33.75,55.5,31.0,32.0,31.25,31.0,0.2,3.5699999999999895e-06,1659000.0
2013-01-10,KCB,KCB Group Plc,33.75,55.5,31.5,32.25,31.75,31.25,-0.2,3.4500000000000004e-06,1527700.0
2013-01-11,KCB,KCB Group Plc,33.75,55.5,31.5,33.25,32.75,31.75,0.0,0.0,3564900.0
2013-01-14,KCB,KCB Group Plc,33.75,55.5,33.0,35.0,33.25,32.75,0.0,0.0,447800.0
2013-01-15,KCB,KCB Group Plc,33.75,55.5,33.5,35.0,34.25,33.25,0.05,8.9e-07,1116600.0
2013-01-16,KCB,KCB Group Plc,33.75,55.5,33.25,35.0,34.5,34.25,0.1,1.77e-06,2421500.0
2013-01-17,KCB,KCB Group Plc,33.75,55.5,31.75,34.0,32.75,34.5,0.0,0.0,681200.0
2013-01-18,KCB,KCB Group Plc,33.75,55.5,32.5,33.25,32.75,32.75,0.0,0.0,896500.0
2013-01-21,KCB,KCB Group Plc,33.75,55.5,32.75,33.25,32.75,32.75,0.0,0.0,964600.0
2013-01-22,KCB,KCB Group Plc,33.75,55.5,33.0,33.5,33.0,32.75,-0.1,1.74e-06,2667500.0
2013-01-23,KCB,KCB Group Plc,33.75,55.5,32.75,33.25,33.0,33.0,-0.05,8.800000000000002e-07,703600.0
2013-01-24,KCB,KCB Group Plc,33.75,55.5,32.75,33.25,32.75,33.0,0.0,0.0,660900.0
2013-01-25,KCB,KCB Group Plc,33.75,55.5,33.0,33.5,33.25,32.75,-0.05,8.9e-07,791900.0
2013-01-28,KCB,KCB Group Plc,33.75,55.5,33.25,34.0,33.5,33.25,-0.15,2.7e-06,732500.0
2013-01-29,KCB,KCB Group Plc,33.75,55.5,33.5,34.0,33.5,33.5,-0.1,1.85e-06,1282800.0
2013-01-30,KCB,KCB Group Plc,33.75,55.5,33.5,34.0,33.5,33.5,0.0,0.0,2921700.0
2013-01-31,KCB,KCB Group Plc,33.75,55.5,33.5,33.75,33.5,33.5,0.15,2.83e-06,2170700.0
2013-02-01,KCB,KCB Group Plc,33.75,55.5,33.5,34.0,33.5,33.5,0.05,9.2e-07,4395100.0
2013-02-04,KCB,KCB Group Plc,33.75,55.5,33.75,34.0,33.75,33.5,-0.05,9.100000000000001e-07,432500.0
2013-02-05,KCB,KCB Group Plc,33.75,55.5,33.75,34.5,34.25,33.75,-0.05,9.2e-07,346700.0
2013-02-06,KCB,KCB Group Plc,33.75,55.5,34.25,35.0,34.75,34.25,0.0,0.0,4716400.0
2013-02-07,KCB,KCB Group Plc,33.75,55.5,34.75,35.5,34.75,34.75,0.0,0.0,16468500.0
2013-02-08,KCB,KCB Group Plc,33.75,55.5,35.0,36.0,35.5,34.75,0.15,2.7799999999999996e-06,1472500.0
2013-02-11,KCB,KCB Group Plc,33.75,55.5,35.75,37.5,36.75,35.5,0.1,1.8e-06,2248800.0
2013-02-12,KCB,KCB Group Plc,33.75,55.5,37.0,39.0,38.25,36.75,0.0,0.0,996000.0
2013-02-13,KCB,KCB Group Plc,33.75,55.5,38.25,39.0,38.5,38.25,0.05,8.800000000000002e-07,1746800.0
2013-02-14,KCB,KCB Group Plc,33.75,55.5,36.0,38.25,37.0,38.5,-0.1,1.7500000000000002e-06,4161300.0
2013-02-15,KCB,KCB Group Plc,33.75,55.5,36.5,38.0,37.0,37.0,-0.05,8.9e-07,1820800.0
2013-02-18,KCB,KCB Group Plc,33.75,55.5,37.0,38.0,37.25,37.0,0.0,0.0,5277600.0
2013-02-19,KCB,KCB Group Plc,33.75,55.5,36.25,37.5,36.75,37.25,0.1,1.8e-06,2303900.0
2013-02-20,KCB,KCB Group Plc,33.75,55.5,35.5,37.0,36.5,36.75,0.05,8.800000000000002e-07,1647300.0
2013-02-21,KCB,KCB Group Plc,33.75,55.5,35.75,36.75,36.25,36.5,0.0,0.0,2615400.0
2013-02-22,KCB,KCB Group Plc,33.75,55.5,36.25,36.75,36.5,36.25,-0.05,8.800000000000002e-07,1242000.0
2013-02-25,KCB,KCB Group Plc,33.75,55.5,36.5,38.5,37.0,36.5,0.0,0.0,3253900.0
2013-02-26,KCB,KCB Group Plc,33.75,55.5,38.5,39.5,39.25,37.0,0.0,0.0,8451400.0
2013-02-27,KCB,KCB Group Plc,33.75,55.5,37.25,39.0,38.5,39.25,0.05,8.800000000000002e-07,1038200.0
2013-02-28,KCB,KCB Group Plc,33.75,55.5,37.5,38.75,38.25,38.5,0.05,8.800000000000002e-07,348100.0
2013-03-01,KCB,KCB Group Plc,33.75,55.5,35.0,37.5,35.75,38.25,0.05,8.7e-07,9172100.0
2013-03-05,KCB,KCB Group Plc,33.75,55.5,35.5,36.0,35.5,35.75,0.15,2.59e-06,971600.0
2013-03-06,KCB,KCB Group Plc,33.75,55.5,35.5,36.0,35.5,35.5,-0.05,8.4e-07,2775300.0
2013-03-07,KCB,KCB Group Plc,33.75,55.5,35.75,37.5,36.0,35.5,0.05,8.5e-07,926100.0
2013-03-08,KCB,KCB Group Plc,33.75,55.5,37.5,38.5,38.25,36.0,0.0,0.0,738400.0
2013-03-11,KCB,KCB Group Plc,33.75,55.5,38.0,40.0,39.5,38.25,0.2,3.36e-06,2533300.0
2013-03-12,KCB,KCB Group Plc,33.75,55.5,39.25,42.0,40.25,39.5,0.1,1.6299999999999999e-06,2119100.0
2013-03-13,KCB,KCB Group Plc,33.75,55.5,39.5,40.0,39.75,40.25,0.0,0.0,3323600.0
2013-03-14,KCB,KCB Group Plc,33.75,55.5,39.0,39.75,39.25,39.75,0.05,8.000000000000001e-07,3188000.0
2013-03-15,KCB,KCB Group Plc,33.75,55.5,38.0,39.25,38.5,39.25,-0.2,3.17e-06,1750400.0
2013-03-18,KCB,KCB Group Plc,33.75,55.5,38.25,39.25,38.5,38.5,-0.15,2.46e-06,451400.0
2013-03-19,KCB,KCB Group Plc,33.75,55.5,38.5,39.0,38.75,38.5,0.0,0.0,1208400.0
2013-03-20,KCB,KCB Group Plc,33.75,55.5,38.25,39.0,38.5,38.75,0.0,0.0,704700.0
2013-03-21,KCB,KCB Group Plc,33.75,55.5,38.25,38.75,38.5,38.5,-0.15,2.52e-06,1049500.0
2013-03-22,KCB,KCB Group Plc,33.75,55.5,38.0,38.75,38.5,38.5,0.0,0.0,848300.0
2013-03-25,KCB,KCB Group Plc,33.75,55.5,38.5,39.5,39.0,38.5,0.0,0.0,5522600.0
2013-03-26,KCB,KCB Group Plc,33.75,55.5,39.25,40.25,40.0,39.0,0.0,0.0,687600.0
2013-03-27,KCB,KCB Group Plc,33.75,55.5,40.0,41.75,40.75,40.0,0.15,2.59e-06,6146800.0
2013-03-28,KCB,KCB Group Plc,33.75,55.5,41.0,41.75,41.5,40.75,0.05,8.4e-07,1184000.0
2013-04-02,KCB,KCB Group Plc,33.75,55.5,41.75,44.0,42.5,41.5,0.0,0.0,2609200.0
2013-04-03,KCB,KCB Group Plc,33.75,55.5,42.0,42.5,42.0,42.5,0.15,2.5e-06,2096100.0
2013-04-04,KCB,KCB Group Plc,33.75,55.5,42.25,42.75,42.25,42.0,0.1,1.6299999999999999e-06,1630000.0
2013-04-05,KCB,KCB Group Plc,33.75,55.5,42.25,42.75,42.5,42.25,0.05,8.000000000000001e-07,1061900.0
2013-04-08,KCB,KCB Group Plc,33.75,55.5,41.75,42.75,42.25,42.5,0.05,7.900000000000001e-07,338300.0
2013-04-10,KCB,KCB Group Plc,33.75,55.5,41.75,42.75,42.25,42.25,0.05,7.900000000000001e-07,806900.0
2013-04-11,KCB,KCB Group Plc,33.75,55.5,42.0,42.75,42.25,42.25,0.1,1.5599999999999999e-06,1520500.0
2013-04-12,KCB,KCB Group Plc,33.75,55.5,42.0,42.5,42.0,42.25,0.0,0.0,2160600.0
2013-04-15,KCB,KCB Group Plc,33.75,55.5,42.0,42.5,42.0,42.0,-0.1,1.54e-06,399600.0
2013-04-16,KCB,KCB Group Plc,33.75,55.5,41.75,42.5,42.0,42.0,0.0,0.0,2654700.0
2013-04-17,KCB,KCB Group Plc,33.75,55.5,41.25,42.0,41.75,42.0,0.05,7.799999999999999e-07,9715100.0
2013-04-18,KCB,KCB Group Plc,33.75,55.5,40.0,41.75,41.0,41.75,0.1,1.55e-06,5338300.0
2013-04-19,KCB,KCB Group Plc,33.75,55.5,40.25,41.25,40.75,41.0,0.05,7.6e-07,230500.0
2013-04-22,KCB,KCB Group Plc,33.75,55.5,39.75,41.0,40.5,40.75,0.0,0.0,355500.0
2013-04-23,KCB,KCB Group Plc,33.75,55.5,40.5,41.0,40.75,40.5,0.0,0.0,1220300.0
2013-04-24,KCB,KCB Group Plc,33.75,55.5,40.5,42.0,41.75,40.75,0.0,0.0,2844000.0
2013-04-25,KCB,KCB Group Plc,33.75,55.5,41.0,42.0,41.5,41.75,0.0,0.0,1352200.0
2013-04-26,KCB,KCB Group Plc,33.75,55.5,41.5,41.75,41.5,41.5,0.05,7.6e-07,545100.0
2013-04-29,KCB,KCB Group Plc,33.75,55.5,41.5,41.75,41.5,41.5,0.05,7.499999999999999e-07,485700.0
2013-04-30,KCB,KCB Group Plc,33.75,55.5,41.5,42.5,42.0,41.5,0.1,1.49e-06,6183300.0
2013-05-02,KCB,KCB Group Plc,33.75,55.5,41.75,42.5,42.0,42.0,0.2,2.94e-06,8871700.0
2013-05-03,KCB,KCB Group Plc,33.75,55.5,41.75,42.5,42.0,42.0,0.05,7.0999999999999e-07,1229500.0
2013-05-06,KCB,KCB Group Plc,33.75,55.5,41.75,42.75,42.25,42.0,0.0,0.0,4541500.0
2013-05-07,KCB,KCB Group Plc,33.75,55.5,41.75,42.75,42.25,42.25,0.05,7.0999999999999e-07,9702500.0
2013-05-08,KCB,KCB Group Plc,33.75,55.5,42.5,43.25,42.75,42.25,0.1,1.4099999999999998e-06,2210200.0
2013-05-09,KCB,KCB Group Plc,33.75,55.5,42.5,43.5,43.0,42.75,-0.05,6.9e-07,530300.0
2013-05-10,KCB,KCB Group Plc,33.75,55.5,42.75,43.5,43.0,43.0,-0.2,2.79999999999999e-06,1752500.0
2013-05-13,KCB,KCB Group Plc,33.75,55.5,42.0,43.0,42.75,43.0,-0.05,7.2e-07,2436500.0
2013-05-14,KCB,KCB Group Plc,33.75,55.5,39.0,41.0,40.5,42.75,0.2,2.8999999999999904e-06,3191300.0
2013-05-15,KCB,KCB Group Plc,33.75,55.5,40.5,41.75,41.25,40.5,0.25,3.5200000000000006e-06,4338200.0
2013-05-16,KCB,KCB Group Plc,33.75,55.5,41.0,41.5,41.0,41.25,-0.1,1.36e-06,3799000.0
2013-05-17,KCB,KCB Group Plc,33.75,55.5,41.0,41.75,41.25,41.0,-0.1,1.38e-06,2287900.0
2013-05-20,KCB,KCB Group Plc,33.75,55.5,41.25,41.75,41.25,41.25,-0.15,2.1000000000000002e-06,124400.0
2013-05-21,KCB,KCB Group Plc,33.75,55.5,41.25,42.0,41.5,41.25,0.05,7.0999999999999e-07,5304400.0
2013-05-22,KCB,KCB Group Plc,33.75,55.5,41.5,42.25,41.75,41.5,0.05,7.0999999999999e-07,901800.0
2013-05-23,KCB,KCB Group Plc,33.75,55.5,41.75,42.25,42.0,41.75,-0.05,6.9999999999999e-07,963200.0
2013-05-24,KCB,KCB Group Plc,33.75,55.5,41.5,42.5,41.75,42.0,-0.05,7.0999999999999e-07,928700.0
2013-05-27,KCB,KCB Group Plc,33.75,55.5,41.25,42.0,41.25,41.75,-0.05,7.0999999999999e-07,1518700.0
2013-05-28,KCB,KCB Group Plc,33.75,55.5,41.25,42.75,41.75,41.25,0.1,1.44e-06,1272600.0
2013-05-29,KCB,KCB Group Plc,33.75,55.5,41.75,42.5,42.0,41.75,0.1,1.41999999999999e-06,2008100.0
2013-05-30,KCB,KCB Group Plc,33.75,55.5,41.75,42.25,41.75,42.0,0.1,1.3999999999999898e-06,1459200.0
2013-05-31,KCB,KCB Group Plc,33.75,55.5,41.25,42.0,41.5,41.75,0.0,0.0,3477300.0
2013-06-03,KCB,KCB Group Plc,33.75,55.5,41.0,41.75,41.0,41.5,-0.1,1.38e-06,3127200.0
2013-06-04,KCB,KCB Group Plc,33.75,55.5,41.25,41.75,41.25,41.0,-0.05,6.9999999999999e-07,4021600.0
2013-06-05,KCB,KCB Group Plc,33.75,55.5,41.25,41.75,41.5,41.25,0.0,0.0,2453700.0
2013-06-06,KCB,KCB Group Plc,33.75,55.5,41.25,41.75,41.25,41.5,0.05,6.9999999999999e-07,1682600.0
2013-06-07,KCB,KCB Group Plc,33.75,55.5,40.0,41.5,41.0,41.25,0.05,6.9999999999999e-07,2904400.0
2013-06-10,KCB,KCB Group Plc,33.75,55.5,40.0,41.0,40.5,41.0,0.05,6.9e-07,611500.0
2013-06-11,KCB,KCB Group Plc,33.75,55.5,40.0,41.0,40.5,40.5,0.1,1.38e-06,1354100.0
2013-06-12,KCB,KCB Group Plc,33.75,55.5,39.0,40.5,39.75,40.5,0.0,0.0,1001500.0
2013-06-13,KCB,KCB Group Plc,33.75,55.5,38.0,40.0,39.0,39.75,-0.05,6.8e-07,1279600.0
2013-06-14,KCB,KCB Group Plc,33.75,55.5,37.75,39.0,38.25,39.0,-0.3,4.11e-06,1206300.0
2013-06-17,KCB,KCB Group Plc,33.75,55.5,36.5,38.25,37.25,38.25,-0.3,4.2900000000000004e-06,639500.0
2013-06-18,KCB,KCB Group Plc,33.75,55.5,35.5,37.0,36.25,37.25,0.2,2.99e-06,1152700.0
2013-06-19,KCB,KCB Group Plc,33.75,55.5,36.25,38.25,37.5,36.25,0.0,0.0,4049400.0
2013-06-20,KCB,KCB Group Plc,33.75,55.5,38.0,39.25,38.75,37.5,0.0,0.0,4250000.0
2013-06-21,KCB,KCB Group Plc,33.75,55.5,38.5,39.25,38.75,38.75,-0.15,2.17e-06,1488400.0
2013-06-24,KCB,KCB Group Plc,33.75,55.5,37.0,38.75,37.5,38.75,-0.05,7.400000000000001e-07,4779400.0
2013-06-25,KCB,KCB Group Plc,33.75,55.5,36.5,37.25,36.5,37.5,0.0,0.0,2888400.0
2013-06-26,KCB,KCB Group Plc,33.75,55.5,36.75,37.5,36.75,36.5,-0.05,7.499999999999999e-07,3819600.0
2013-06-27,KCB,KCB Group Plc,33.75,55.5,36.75,37.25,36.75,36.75,-0.15,2.26e-06,3662000.0
2013-06-28,KCB,KCB Group Plc,33.75,55.5,36.75,37.5,37.0,36.75,0.05,7.7e-07,744700.0
2013-07-01,KCB,KCB Group Plc,33.75,55.5,36.75,37.75,37.25,37.0,-0.15,2.29e-06,1966100.0
2013-07-02,KCB,KCB Group Plc,33.75,55.5,37.0,38.0,37.5,37.25,0.0,0.0,1885700.0
2013-07-03,KCB,KCB Group Plc,33.75,55.5,37.25,38.0,37.5,37.5,-0.1,1.5599999999999999e-06,919300.0
2013-07-04,KCB,KCB Group Plc,33.75,55.5,37.75,39.0,38.0,37.5,0.15,2.37999999999999e-06,137000.0
2013-07-05,KCB,KCB Group Plc,33.75,55.5,38.0,38.75,38.25,38.0,0.3,4.6499999999999995e-06,823800.0
2013-07-08,KCB,KCB Group Plc,33.75,55.5,38.25,39.75,39.25,38.25,-0.05,7.400000000000001e-07,2052500.0
2013-07-09,KCB,KCB Group Plc,33.75,55.5,39.0,40.0,39.75,39.25,-0.05,7.499999999999999e-07,368300.0
2013-07-10,KCB,KCB Group Plc,33.75,55.5,39.75,41.0,40.25,39.75,0.1,1.4999999999999998e-06,537900.0
2013-07-11,KCB,KCB Group Plc,33.75,55.5,40.25,41.0,40.5,40.25,0.15,2.22e-06,633900.0
2013-07-12,KCB,KCB Group Plc,33.75,55.5,40.5,41.0,40.5,40.5,0.15,2.17e-06,2444000.0
2013-07-15,KCB,KCB Group Plc,33.75,55.5,40.5,40.75,40.5,40.5,0.25,3.5499999999999995e-06,1263500.0
2013-07-16,KCB,KCB Group Plc,33.75,55.5,40.25,41.25,40.75,40.5,0.1,1.37e-06,877000.0
2013-07-17,KCB,KCB Group Plc,33.75,55.5,40.75,42.0,41.25,40.75,-0.05,6.8e-07,2289000.0
2013-07-18,KCB,KCB Group Plc,33.75,55.5,41.25,42.25,41.75,41.25,-0.05,6.8e-07,1059500.0
2013-07-19,KCB,KCB Group Plc,33.75,55.5,41.75,42.25,42.0,41.75,-0.05,6.8e-07,994100.0
2013-07-22,KCB,KCB Group Plc,33.75,55.5,42.0,42.25,42.0,42.0,-0.15,2.07e-06,262900.0
2013-07-23,KCB,KCB Group Plc,33.75,55.5,41.75,42.25,42.0,42.0,-0.1,1.4099999999999998e-06,921700.0
2013-07-24,KCB,KCB Group Plc,33.75,55.5,41.25,42.75,42.5,42.0,0.05,7.0999999999999e-07,4405400.0
2013-07-25,KCB,KCB Group Plc,33.75,55.5,41.75,42.5,42.25,42.5,0.0,0.0,775600.0
2013-07-26,KCB,KCB Group Plc,33.75,55.5,42.25,43.0,42.5,42.25,0.1,1.41999999999999e-06,399300.0
2013-07-29,KCB,KCB Group Plc,33.75,55.5,42.25,43.0,42.75,42.5,0.0,0.0,929000.0
2013-07-30,KCB,KCB Group Plc,33.75,55.5,42.5,43.75,43.0,42.75,0.1,1.3999999999999898e-06,2302700.0
2013-07-31,KCB,KCB Group Plc,33.75,55.5,42.5,43.25,42.75,43.0,0.0,0.0,2470100.0
2013-08-01,KCB,KCB Group Plc,33.75,55.5,42.5,42.75,42.5,42.75,0.0,0.0,855700.0
2013-08-02,KCB,KCB Group Plc,33.75,55.5,42.25,43.0,42.5,42.5,0.0,0.0,1703400.0
2013-08-05,KCB,KCB Group Plc,33.75,55.5,42.25,43.25,42.75,42.5,0.05,6.9e-07,1526200.0
2013-08-06,KCB,KCB Group Plc,33.75,55.5,42.5,43.5,43.25,42.75,0.0,0.0,2268000.0
2013-08-07,KCB,KCB Group Plc,33.75,55.5,43.0,44.0,43.75,43.25,0.1,1.37e-06,2249400.0
2013-08-08,KCB,KCB Group Plc,33.75,55.5,43.5,44.25,43.75,43.75,0.3,4.05e-06,3282500.0
2013-08-12,KCB,KCB Group Plc,33.75,55.5,44.0,44.5,44.25,43.75,0.15,1.95e-06,425500.0
2013-08-13,KCB,KCB Group Plc,33.75,55.5,44.0,44.5,44.25,44.25,-0.2,2.5499999999999997e-06,1869300.0
2013-08-14,KCB,KCB Group Plc,33.75,55.5,44.0,44.75,44.25,44.25,0.1,1.3100000000000002e-06,686600.0
2013-08-15,KCB,KCB Group Plc,33.75,55.5,44.0,44.75,44.25,44.25,0.15,1.94e-06,482900.0
2013-08-16,KCB,KCB Group Plc,33.75,55.5,44.25,45.5,45.0,44.25,0.15,1.8999999999999998e-06,11195700.0
2013-08-19,KCB,KCB Group Plc,33.75,55.5,44.25,45.5,44.75,45.0,0.1,1.24e-06,2997900.0
2013-08-20,KCB,KCB Group Plc,33.75,55.5,44.75,45.5,44.75,44.75,0.05,6.099999999999899e-07,925200.0
2013-08-21,KCB,KCB Group Plc,33.75,55.5,44.5,45.0,44.75,44.75,-0.15,1.83e-06,6030700.0
2013-08-22,KCB,KCB Group Plc,33.75,55.5,44.75,45.0,44.75,44.75,-0.1,1.24e-06,5259300.0
2013-08-23,KCB,KCB Group Plc,33.75,55.5,44.75,45.5,45.0,44.75,-0.05,6.3e-07,2004000.0
2013-08-26,KCB,KCB Group Plc,33.75,55.5,44.5,45.25,44.75,45.0,0.0,0.0,2014200.0
2013-08-27,KCB,KCB Group Plc,33.75,55.5,43.75,45.0,44.5,44.75,-0.15,1.8999999999999998e-06,954800.0
2013-08-28,KCB,KCB Group Plc,33.75,55.5,42.5,44.0,43.0,44.5,-0.25,3.2300000000000004e-06,2263200.0
2013-08-29,KCB,KCB Group Plc,33.75,55.5,42.25,43.0,42.75,43.0,0.15,2e-06,4342900.0
2013-08-30,KCB,KCB Group Plc,33.75,55.5,41.25,42.75,42.0,42.75,0.0,0.0,2830000.0
2013-09-02,KCB,KCB Group Plc,33.75,55.5,41.75,42.25,42.0,42.0,0.0,0.0,791400.0
2013-09-03,KCB,KCB Group Plc,33.75,55.5,42.0,42.75,42.25,42.0,0.1,1.3100000000000002e-06,1114000.0
2013-09-04,KCB,KCB Group Plc,33.75,55.5,42.5,45.0,43.0,42.25,0.05,6.499999999999999e-07,462200.0
2013-09-05,KCB,KCB Group Plc,33.75,55.5,43.0,45.5,45.0,43.0,0.05,6.4e-07,2890000.0
2013-09-06,KCB,KCB Group Plc,33.75,55.5,45.0,46.0,45.0,45.0,0.0,0.0,757900.0
2013-09-09,KCB,KCB Group Plc,33.75,55.5,44.25,45.25,45.0,45.0,0.2,2.5499999999999997e-06,492100.0
2013-09-10,KCB,KCB Group Plc,33.75,55.5,44.25,45.25,44.75,45.0,0.0,0.0,468000.0
2013-09-11,KCB,KCB Group Plc,33.75,55.5,44.0,44.75,44.25,44.75,0.0,0.0,1858100.0
2013-09-12,KCB,KCB Group Plc,33.75,55.5,43.5,44.25,44.0,44.25,0.0,0.0,1960500.0
2013-09-13,KCB,KCB Group Plc,33.75,55.5,44.0,44.5,44.0,44.0,-0.05,6.2e-07,446700.0
2013-09-16,KCB,KCB Group Plc,33.75,55.5,44.0,44.75,44.25,44.0,0.1,1.25e-06,121900.0
2013-09-17,KCB,KCB Group Plc,33.75,55.5,44.25,45.0,44.75,44.25,0.05,6.2e-07,2522900.0
2013-09-18,KCB,KCB Group Plc,33.75,55.5,44.5,44.75,44.5,44.75,0.05,6.099999999999899e-07,288700.0
2013-09-19,KCB,KCB Group Plc,33.75,55.5,44.5,45.25,45.0,44.5,0.15,1.83e-06,872500.0
2013-09-20,KCB,KCB Group Plc,33.75,55.5,44.5,47.0,45.0,45.0,0.15,1.8e-06,428300.0
2013-09-23,KCB,KCB Group Plc,33.75,55.5,44.75,45.0,44.75,45.0,-0.2,2.35e-06,416700.0
2013-09-24,KCB,KCB Group Plc,33.75,55.5,44.5,45.75,45.0,44.75,-0.05,6e-07,643300.0
2013-09-25,KCB,KCB Group Plc,33.75,55.5,45.0,46.75,46.0,45.0,0.1,1.21e-06,1019700.0
2013-09-26,KCB,KCB Group Plc,33.75,55.5,46.0,46.75,46.5,46.0,0.0,0.0,888400.0
2013-09-27,KCB,KCB Group Plc,33.75,55.5,46.5,46.75,46.5,46.5,-0.05,6e-07,329400.0
2013-09-30,KCB,KCB Group Plc,33.75,55.5,46.5,47.0,46.5,46.5,0.2,2.4100000000000002e-06,1143800.0
2013-10-02,KCB,KCB Group Plc,33.75,55.5,46.5,46.75,46.5,46.5,0.25,2.94e-06,1432500.0
2013-10-03,KCB,KCB Group Plc,33.75,55.5,46.5,47.0,46.5,46.5,0.15,1.7100000000000001e-06,1058500.0
2013-10-04,KCB,KCB Group Plc,33.75,55.5,46.5,48.0,47.0,46.5,0.0,0.0,1417500.0
2013-10-07,KCB,KCB Group Plc,33.75,55.5,47.5,49.5,48.75,47.0,0.2,2.25e-06,1425500.0
2013-10-08,KCB,KCB Group Plc,33.75,55.5,48.75,50.0,49.75,48.75,0.3,3.3e-06,2998900.0
2013-10-09,KCB,KCB Group Plc,33.75,55.5,49.0,49.75,49.25,49.75,-0.3,3.19e-06,2240000.0
2013-10-10,KCB,KCB Group Plc,33.75,55.5,48.75,49.75,49.25,49.25,-0.1,1.0999999999999998e-06,500100.0
2013-10-11,KCB,KCB Group Plc,33.75,55.5,48.5,49.0,48.5,49.25,0.0,0.0,117300.0
2013-10-14,KCB,KCB Group Plc,33.75,55.5,47.5,48.75,48.0,48.5,0.05,5.6e-07,2698200.0
2013-10-15,KCB,KCB Group Plc,33.75,55.5,47.0,48.0,47.25,48.0,0.1,1.0999999999999998e-06,202700.0
2013-10-16,KCB,KCB Group Plc,33.75,55.5,47.0,48.5,47.75,47.25,0.0,0.0,622800.0
2013-10-17,KCB,KCB Group Plc,33.75,55.5,48.0,48.75,48.25,47.75,-0.05,5.499999999999999e-07,144400.0
2013-10-18,KCB,KCB Group Plc,33.75,55.5,48.5,49.5,49.0,48.25,-0.05,5.499999999999999e-07,411600.0
2013-10-22,KCB,KCB Group Plc,33.75,55.5,49.25,50.0,49.5,49.0,-0.1,1.0999999999999998e-06,1141000.0
2013-10-23,KCB,KCB Group Plc,33.75,55.5,49.0,50.0,49.5,49.5,0.05,5.6e-07,419600.0
2013-10-24,KCB,KCB Group Plc,33.75,55.5,49.0,50.5,49.5,49.5,0.0,0.0,2580800.0
2013-10-25,KCB,KCB Group Plc,33.75,55.5,48.0,49.5,48.75,49.5,0.0,0.0,1148300.0
2013-10-28,KCB,KCB Group Plc,33.75,55.5,48.0,50.0,48.5,48.75,0.0,0.0,166100.0
2013-10-30,KCB,KCB Group Plc,33.75,55.5,48.5,49.5,48.5,48.5,0.25,2.7799999999999996e-06,4249000.0
2013-10-31,KCB,KCB Group Plc,33.75,55.5,48.25,49.0,48.5,48.5,0.2,2.16e-06,3719300.0
2013-11-01,KCB,KCB Group Plc,33.75,55.5,48.25,49.0,48.5,48.5,0.1,1.06e-06,1867000.0
2013-11-04,KCB,KCB Group Plc,33.75,55.5,48.5,49.5,48.75,48.5,0.15,1.57e-06,752000.0
2013-11-05,KCB,KCB Group Plc,33.75,55.5,48.5,49.5,48.75,48.75,-0.05,5.2e-07,1100400.0
2013-11-06,KCB,KCB Group Plc,33.75,55.5,47.75,49.0,48.25,48.75,0.05,5.2e-07,2576800.0
2013-11-07,KCB,KCB Group Plc,33.75,55.5,47.0,48.0,47.5,48.25,0.15,1.55e-06,2691700.0
2013-11-08,KCB,KCB Group Plc,33.75,55.5,45.75,47.5,46.25,47.5,-0.1,1.0200000000000002e-06,4147100.0
2013-11-11,KCB,KCB Group Plc,33.75,55.5,46.25,47.0,46.5,46.25,0.05,5.100000000000001e-07,2104500.0
2013-11-12,KCB,KCB Group Plc,33.75,55.5,46.25,47.0,46.5,46.5,0.0,0.0,2405600.0
2013-11-13,KCB,KCB Group Plc,33.75,55.5,46.25,47.0,46.5,46.5,0.0,0.0,4053100.0
2013-11-14,KCB,KCB Group Plc,33.75,55.5,46.25,46.75,46.5,46.5,0.05,5.100000000000001e-07,1064500.0
2013-11-15,KCB,KCB Group Plc,33.75,55.5,46.0,46.5,46.0,46.5,0.0,0.0,3188800.0
2013-11-18,KCB,KCB Group Plc,33.75,55.5,46.0,47.0,46.5,46.0,0.05,5.100000000000001e-07,1227400.0
2013-11-19,KCB,KCB Group Plc,33.75,55.5,46.75,47.5,47.0,46.5,0.05,5.100000000000001e-07,1755800.0
2013-11-20,KCB,KCB Group Plc,33.75,55.5,47.25,48.5,47.5,47.0,0.1,1.01e-06,1158300.0
2013-11-21,KCB,KCB Group Plc,33.75,55.5,47.75,49.5,48.75,47.5,0.55,5.469999999999999e-06,211800.0
2013-11-22,KCB,KCB Group Plc,33.75,55.5,48.5,49.5,48.75,48.75,0.15,1.41999999999999e-06,1345100.0
2013-11-25,KCB,KCB Group Plc,33.75,55.5,49.0,49.5,49.0,48.75,0.15,1.3999999999999898e-06,1802800.0
2013-11-26,KCB,KCB Group Plc,33.75,55.5,48.75,49.25,48.75,49.0,0.1,9.2e-07,2254700.0
2013-11-27,KCB,KCB Group Plc,33.75,55.5,48.5,49.0,48.5,48.75,0.0,0.0,2990200.0
2013-11-28,KCB,KCB Group Plc,33.75,55.5,48.0,48.75,48.5,48.5,0.0,0.0,682400.0
2013-11-29,KCB,KCB Group Plc,33.75,55.5,47.0,48.5,48.0,48.5,-0.2,1.8200000000000002e-06,724800.0
2013-12-02,KCB,KCB Group Plc,33.75,55.5,46.75,47.5,46.75,48.0,0.05,4.6e-07,1118500.0
2013-12-03,KCB,KCB Group Plc,33.75,55.5,46.0,47.0,46.5,46.75,-0.05,4.6e-07,4146400.0
2013-12-04,KCB,KCB Group Plc,33.75,55.5,45.75,46.5,46.0,46.5,-0.05,4.6e-07,6839700.0
2013-12-05,KCB,KCB Group Plc,33.75,55.5,45.0,46.0,45.5,46.0,-0.4,3.72e-06,1400300.0
2013-12-06,KCB,KCB Group Plc,33.75,55.5,44.75,45.5,45.0,45.5,0.0,0.0,973200.0
2013-12-09,KCB,KCB Group Plc,33.75,55.5,44.5,45.25,44.75,45.0,0.0,0.0,2493300.0
2013-12-10,KCB,KCB Group Plc,33.75,55.5,44.5,45.0,44.5,44.75,-0.15,1.44999999999999e-06,6192100.0
2013-12-11,KCB,KCB Group Plc,33.75,55.5,44.5,45.0,44.75,44.5,-0.15,1.47e-06,1782600.0
2013-12-16,KCB,KCB Group Plc,33.75,55.5,44.75,45.25,45.0,44.75,-0.05,5e-07,735000.0
2013-12-17,KCB,KCB Group Plc,33.75,55.5,44.5,45.0,44.75,45.0,-0.15,1.4999999999999998e-06,3192500.0
2013-12-18,KCB,KCB Group Plc,33.75,55.5,44.25,44.75,44.25,44.75,0.05,5.100000000000001e-07,1321500.0
2013-12-19,KCB,KCB Group Plc,33.75,55.5,44.25,44.75,44.5,44.25,0.1,1.01e-06,4906700.0
2013-12-20,KCB,KCB Group Plc,33.75,55.5,44.25,44.75,44.5,44.5,0.05,5e-07,4675100.0
2013-12-23,KCB,KCB Group Plc,33.75,55.5,44.5,45.0,44.5,44.5,0.2,1.99e-06,1360500.0
2013-12-24,KCB,KCB Group Plc,33.75,55.5,44.75,47.0,46.25,44.5,0.6,5.849999999999991e-06,157400.0
2013-12-27,KCB,KCB Group Plc,33.75,55.5,46.25,48.0,46.75,46.25,-0.1,9.2e-07,1673600.0
2013-12-30,KCB,KCB Group Plc,33.75,55.5,47.5,49.0,47.5,46.75,0.1,9.3e-07,1839500.0
2013-12-31,KCB,KCB Group Plc,33.75,55.5,47.0,48.25,47.25,47.5,0.0,0.0,1369600.0
2014-01-02,KCB,KCB Group Plc,33.75,55.5,47.0,48.25,47.75,47.25,-0.15,1.38e-06,1897800.0
2014-01-03,KCB,KCB Group Plc,33.75,55.5,47.75,48.25,48.0,47.75,0.1,9.3e-07,2227000.0
2014-01-06,KCB,KCB Group Plc,33.75,55.5,48.25,49.25,48.5,48.0,0.25,2.31e-06,976500.0
2014-01-07,KCB,KCB Group Plc,33.75,55.5,48.5,49.0,48.5,48.5,0.05,4.5e-07,667500.0
2014-01-08,KCB,KCB Group Plc,33.75,55.5,48.25,49.0,48.25,48.5,0.25,2.25e-06,233600.0
2014-01-09,KCB,KCB Group Plc,33.75,55.5,48.0,48.75,48.5,48.25,0.35,3.08e-06,2359400.0
2014-01-10,KCB,KCB Group Plc,33.75,55.5,47.0,48.25,47.5,48.5,0.05,4.3e-07,1419500.0
2014-01-13,KCB,KCB Group Plc,33.75,55.5,46.5,48.0,46.75,47.5,-0.1,8.5e-07,374500.0
2014-01-14,KCB,KCB Group Plc,33.75,55.5,46.75,47.25,46.75,46.75,0.0,0.0,2043600.0
2014-01-15,KCB,KCB Group Plc,33.75,55.5,46.0,47.0,46.0,46.75,0.05,4.3e-07,3774800.0
2014-01-16,KCB,KCB Group Plc,33.75,55.5,45.75,46.25,45.75,46.0,-0.2,1.7100000000000001e-06,1000600.0
2014-01-17,KCB,KCB Group Plc,33.75,55.5,45.5,46.0,45.75,45.75,0.0,0.0,409600.0
2014-01-20,KCB,KCB Group Plc,33.75,55.5,45.0,45.75,45.25,45.75,0.2,1.74e-06,5842000.0
2014-01-21,KCB,KCB Group Plc,33.75,55.5,45.25,46.25,45.5,45.25,0.05,4.3e-07,2564800.0
2014-01-22,KCB,KCB Group Plc,33.75,55.5,45.25,45.75,45.5,45.5,0.25,2.13e-06,2560700.0
2014-01-23,KCB,KCB Group Plc,33.75,55.5,45.25,46.0,45.5,45.5,0.05,4.2e-07,4055800.0
2014-01-24,KCB,KCB Group Plc,33.75,55.5,45.5,46.0,45.75,45.5,0.4,3.32e-06,641100.0
2014-01-27,KCB,KCB Group Plc,33.75,55.5,45.75,46.5,46.0,45.75,-0.1,8.000000000000001e-07,6089100.0
2014-01-28,KCB,KCB Group Plc,33.75,55.5,46.0,46.5,46.25,46.0,-0.3,2.43e-06,712100.0
2014-01-29,KCB,KCB Group Plc,33.75,55.5,45.25,46.25,45.5,46.25,-0.2,1.66e-06,3790500.0
2014-01-30,KCB,KCB Group Plc,33.75,55.5,44.75,45.5,45.25,45.5,-0.35,2.9499999999999997e-06,2080200.0
2014-01-31,KCB,KCB Group Plc,33.75,55.5,42.5,45.5,43.25,45.25,-0.5,4.35e-06,3182700.0
2014-02-03,KCB,KCB Group Plc,33.75,55.5,42.25,43.5,42.5,43.25,0.2,1.8200000000000002e-06,765300.0
2014-02-04,KCB,KCB Group Plc,33.75,55.5,43.5,45.5,44.0,42.5,0.15,1.34e-06,3718700.0
2014-02-05,KCB,KCB Group Plc,33.75,55.5,44.0,45.0,44.0,44.0,0.1,8.800000000000002e-07,1419200.0
2014-02-06,KCB,KCB Group Plc,33.75,55.5,43.0,44.5,43.75,44.0,0.5,4.3700000000000005e-06,2610700.0
2014-02-07,KCB,KCB Group Plc,33.75,55.5,43.25,44.0,43.75,43.75,-0.1,8.4e-07,1615700.0
2014-02-10,KCB,KCB Group Plc,33.75,55.5,43.5,44.0,43.75,43.75,-0.1,8.4e-07,1986500.0
2014-02-11,KCB,KCB Group Plc,33.75,55.5,44.0,45.0,44.75,43.75,0.0,0.0,929600.0
2014-02-12,KCB,KCB Group Plc,33.75,55.5,44.75,46.0,45.0,44.75,0.05,4.3e-07,1543600.0
2014-02-13,KCB,KCB Group Plc,33.75,55.5,45.5,46.25,45.75,45.0,-0.1,8.5e-07,373000.0
2014-02-14,KCB,KCB Group Plc,33.75,55.5,45.5,46.0,45.75,45.75,0.1,8.5e-07,850600.0
2014-02-17,KCB,KCB Group Plc,33.75,55.5,44.25,45.5,44.25,45.75,-0.15,1.27e-06,2617700.0
2014-02-18,KCB,KCB Group Plc,33.75,55.5,44.0,45.5,44.25,44.25,-0.15,1.29e-06,193500.0
2014-02-19,KCB,KCB Group Plc,33.75,55.5,44.0,44.5,44.0,44.25,-0.1,8.7e-07,1690700.0
2014-02-20,KCB,KCB Group Plc,33.75,55.5,44.0,45.75,44.25,44.0,0.0,0.0,4585700.0
2014-02-21,KCB,KCB Group Plc,33.75,55.5,43.75,45.0,44.0,44.25,0.0,0.0,2732400.0
2014-02-24,KCB,KCB Group Plc,33.75,55.5,44.0,44.5,44.0,44.0,0.05,4.400000000000001e-07,965400.0
2014-02-25,KCB,KCB Group Plc,33.75,55.5,43.5,44.25,43.75,44.0,0.1,8.7e-07,2191100.0
2014-02-26,KCB,KCB Group Plc,33.75,55.5,43.5,44.25,43.75,43.75,0.1,8.7e-07,19479300.0
2014-02-27,KCB,KCB Group Plc,33.75,55.5,44.5,45.0,44.75,43.75,0.0,0.0,1085100.0
2014-02-28,KCB,KCB Group Plc,33.75,55.5,43.5,45.0,43.75,44.75,0.05,4.3e-07,3480200.0
2014-03-03,KCB,KCB Group Plc,33.75,55.5,43.0,44.75,44.0,43.75,0.0,0.0,1279200.0
2014-03-04,KCB,KCB Group Plc,33.75,55.5,43.75,44.25,44.0,44.0,0.0,0.0,879400.0
2014-03-05,KCB,KCB Group Plc,33.75,55.5,43.75,44.5,44.0,44.0,0.0,0.0,4812500.0
2014-03-06,KCB,KCB Group Plc,33.75,55.5,44.0,45.5,44.75,44.0,0.05,4.3e-07,2964200.0
2014-03-07,KCB,KCB Group Plc,33.75,55.5,45.0,45.5,45.0,44.75,0.0,0.0,2282100.0
2014-03-10,KCB,KCB Group Plc,33.75,55.5,45.25,45.75,45.25,45.0,0.0,0.0,310600.0
2014-03-11,KCB,KCB Group Plc,33.75,55.5,45.25,46.25,45.75,45.25,0.05,4.3e-07,2417700.0
2014-03-12,KCB,KCB Group Plc,33.75,55.5,46.0,46.5,46.25,45.75,0.1,8.5e-07,1287300.0
2014-03-13,KCB,KCB Group Plc,33.75,55.5,46.0,46.5,46.0,46.25,0.45,3.7800000000000002e-06,2893300.0
2014-03-14,KCB,KCB Group Plc,33.75,55.5,46.0,46.5,46.0,46.0,-0.3,2.43e-06,7568300.0
2014-03-17,KCB,KCB Group Plc,33.75,55.5,46.0,46.5,46.0,46.0,0.05,4.0999999999999e-07,1806900.0
2014-03-18,KCB,KCB Group Plc,33.75,55.5,46.25,47.0,46.5,46.0,0.1,8.3e-07,1846700.0
2014-03-19,KCB,KCB Group Plc,33.75,55.5,46.5,47.0,46.5,46.5,0.1,8.1999999999999e-07,2386600.0
2014-03-20,KCB,KCB Group Plc,33.75,55.5,46.5,47.25,46.5,46.5,0.15,1.21999999999999e-06,2801300.0
2014-03-21,KCB,KCB Group Plc,33.75,55.5,46.5,47.0,46.75,46.5,0.1,8.000000000000001e-07,2477900.0
2014-03-24,KCB,KCB Group Plc,33.75,55.5,46.75,47.0,46.75,46.75,-0.2,1.5900000000000002e-06,1278100.0
2014-03-25,KCB,KCB Group Plc,33.75,55.5,46.75,47.0,46.75,46.75,0.0,0.0,855800.0
2014-03-26,KCB,KCB Group Plc,33.75,55.5,46.0,46.75,46.5,46.75,0.1,8.099999999999999e-07,2745300.0
2014-03-27,KCB,KCB Group Plc,33.75,55.5,45.25,46.25,46.0,46.5,-0.1,8.000000000000001e-07,1955700.0
2014-03-28,KCB,KCB Group Plc,33.75,55.5,45.5,46.25,46.0,46.0,-0.05,4.0000000000000003e-07,1638100.0
2014-03-31,KCB,KCB Group Plc,33.75,55.5,46.0,46.25,46.0,46.0,0.05,4.0999999999999e-07,1666700.0
2014-04-01,KCB,KCB Group Plc,33.75,55.5,46.0,46.5,46.0,46.0,0.0,0.0,1769800.0
2014-04-02,KCB,KCB Group Plc,33.75,55.5,45.75,46.5,46.0,46.0,0.05,4.0000000000000003e-07,1058300.0
2014-04-03,KCB,KCB Group Plc,33.75,55.5,46.0,47.0,46.25,46.0,0.05,4.0000000000000003e-07,1417200.0
2014-04-04,KCB,KCB Group Plc,33.75,55.5,46.0,46.25,46.0,46.25,-0.05,4.0000000000000003e-07,3330300.0
2014-04-07,KCB,KCB Group Plc,33.75,55.5,46.0,46.25,46.0,46.0,0.05,4.0000000000000003e-07,1308100.0
2014-04-08,KCB,KCB Group Plc,33.75,55.5,46.0,46.25,46.0,46.0,-0.1,8.000000000000001e-07,1146100.0
2014-04-09,KCB,KCB Group Plc,33.75,55.5,46.0,46.75,46.25,46.0,0.1,8.099999999999999e-07,2067700.0
2014-04-10,KCB,KCB Group Plc,33.75,55.5,46.25,46.75,46.25,46.25,0.3,2.4100000000000002e-06,191500.0
2014-04-11,KCB,KCB Group Plc,33.75,55.5,46.25,47.75,47.25,46.25,0.0,0.0,3347600.0
2014-04-14,KCB,KCB Group Plc,33.75,55.5,47.0,48.0,47.25,47.25,0.1,7.799999999999999e-07,442000.0
2014-04-15,KCB,KCB Group Plc,33.75,55.5,46.75,47.75,47.25,47.25,0.25,1.95e-06,2677400.0
2014-04-16,KCB,KCB Group Plc,33.75,55.5,46.5,47.25,46.75,47.25,0.1,7.6e-07,9117400.0
2014-04-17,KCB,KCB Group Plc,33.75,55.5,46.5,47.75,47.25,46.75,0.0,0.0,448800.0
2014-04-22,KCB,KCB Group Plc,33.75,55.5,47.25,48.0,47.75,47.25,0.0,0.0,1581000.0
2014-04-23,KCB,KCB Group Plc,33.75,55.5,47.75,49.75,48.5,47.75,-0.2,1.52e-06,2438700.0
2014-04-24,KCB,KCB Group Plc,33.75,55.5,48.75,49.75,49.25,48.5,0.15,1.15e-06,1386000.0
2014-04-25,KCB,KCB Group Plc,33.75,55.5,49.25,50.0,49.75,49.25,-0.1,7.6e-07,3602200.0
2014-04-28,KCB,KCB Group Plc,33.75,55.5,49.25,49.75,49.25,49.75,-0.05,3.8e-07,418900.0
2014-04-29,KCB,KCB Group Plc,33.75,55.5,48.5,50.5,49.75,49.25,0.05,3.8e-07,8827100.0
2014-04-30,KCB,KCB Group Plc,33.75,55.5,48.5,49.25,49.0,49.75,0.05,3.8e-07,487800.0
2014-05-02,KCB,KCB Group Plc,33.75,55.5,49.0,51.0,50.0,49.0,-0.05,3.8e-07,5929300.0
2014-05-05,KCB,KCB Group Plc,33.75,55.5,49.5,50.0,49.75,50.0,-0.05,3.8e-07,1706200.0
2014-05-06,KCB,KCB Group Plc,33.75,55.5,49.5,50.0,49.5,49.75,-0.2,1.54e-06,3227500.0
2014-05-07,KCB,KCB Group Plc,33.75,55.5,49.0,50.0,49.5,49.5,0.1,7.799999999999999e-07,2817100.0
2014-05-08,KCB,KCB Group Plc,33.75,55.5,48.5,49.5,48.75,49.5,-0.1,7.799999999999999e-07,6380600.0
2014-05-09,KCB,KCB Group Plc,33.75,55.5,48.75,49.0,48.75,48.75,0.05,3.8999999999999997e-07,486500.0
2014-05-12,KCB,KCB Group Plc,33.75,55.5,48.25,49.75,49.0,48.75,0.05,3.8999999999999997e-07,4047700.0
2014-05-13,KCB,KCB Group Plc,33.75,55.5,47.0,48.0,47.0,49.0,-0.05,3.8999999999999997e-07,650500.0
2014-05-14,KCB,KCB Group Plc,33.75,55.5,47.0,47.5,47.0,47.0,-0.25,1.95e-06,1021100.0
2014-05-15,KCB,KCB Group Plc,33.75,55.5,47.0,47.5,47.0,47.0,0.0,0.0,986500.0
2014-05-16,KCB,KCB Group Plc,33.75,55.5,46.5,47.5,46.75,47.0,0.25,1.97999999999999e-06,179700.0
2014-05-19,KCB,KCB Group Plc,33.75,55.5,46.25,47.0,46.75,46.75,0.15,1.1699999999999899e-06,511400.0
2014-05-20,KCB,KCB Group Plc,33.75,55.5,46.5,47.0,46.75,46.75,0.0,0.0,7467000.0
2014-05-21,KCB,KCB Group Plc,33.75,55.5,46.0,46.75,46.25,46.75,0.05,3.8e-07,5288100.0
2014-05-22,KCB,KCB Group Plc,33.75,55.5,46.25,47.0,46.5,46.25,-0.05,3.8e-07,2428300.0
2014-05-23,KCB,KCB Group Plc,33.75,55.5,46.75,47.25,46.75,46.5,-0.05,3.8e-07,1783300.0
2014-05-26,KCB,KCB Group Plc,33.75,55.5,47.0,48.0,47.5,46.75,0.05,3.8999999999999997e-07,225600.0
2014-05-27,KCB,KCB Group Plc,33.75,55.5,47.5,48.5,47.75,47.5,-0.05,3.8e-07,715100.0
2014-05-28,KCB,KCB Group Plc,33.75,55.5,48.0,49.0,48.5,47.75,0.0,0.0,318100.0
2014-05-29,KCB,KCB Group Plc,33.75,55.5,49.0,50.0,49.75,48.5,0.0,0.0,28809600.0
2014-05-30,KCB,KCB Group Plc,33.75,55.5,47.0,49.5,49.0,49.75,0.0,0.0,1964100.0
2014-06-03,KCB,KCB Group Plc,33.75,55.5,47.5,48.75,48.0,49.0,-0.15,1.16e-06,2089100.0
2014-06-04,KCB,KCB Group Plc,33.75,55.5,48.0,49.0,48.75,48.0,0.0,0.0,1629900.0
2014-06-05,KCB,KCB Group Plc,33.75,55.5,48.5,49.25,48.75,48.75,0.0,0.0,2109700.0
2014-06-06,KCB,KCB Group Plc,33.75,55.5,48.75,49.75,49.25,48.75,0.0,0.0,3291100.0
2014-06-09,KCB,KCB Group Plc,33.75,55.5,48.75,50.0,49.5,49.25,0.05,3.8999999999999997e-07,3297800.0
2014-06-10,KCB,KCB Group Plc,33.75,55.5,49.5,50.5,49.75,49.5,-0.05,3.8999999999999997e-07,7016100.0
2014-06-11,KCB,KCB Group Plc,33.75,55.5,49.75,50.5,50.0,49.75,0.1,7.799999999999999e-07,1145300.0
2014-06-12,KCB,KCB Group Plc,33.75,55.5,49.5,50.5,49.75,50.0,0.05,3.8999999999999997e-07,1570700.0
2014-06-13,KCB,KCB Group Plc,33.75,55.5,49.75,50.5,50.0,49.75,-0.05,3.8999999999999997e-07,1050800.0
2014-06-16,KCB,KCB Group Plc,33.75,55.5,50.0,51.0,50.0,50.0,-0.05,3.8999999999999997e-07,184900.0
2014-06-17,KCB,KCB Group Plc,33.75,55.5,49.0,50.0,49.75,50.0,0.0,0.0,1336400.0
2014-06-18,KCB,KCB Group Plc,33.75,55.5,48.75,50.5,49.75,49.75,-0.05,3.8999999999999997e-07,5400800.0
2014-06-19,KCB,KCB Group Plc,33.75,55.5,49.5,50.0,49.75,49.75,0.0,0.0,1359400.0
2014-06-20,KCB,KCB Group Plc,33.75,55.5,49.75,50.0,49.75,49.75,0.0,0.0,3879400.0
2014-06-23,KCB,KCB Group Plc,33.75,55.5,49.5,50.5,49.75,49.75,0.0,0.0,555100.0
2014-06-24,KCB,KCB Group Plc,33.75,55.5,49.75,51.0,50.0,49.75,-0.15,1.1699999999999899e-06,1044500.0
2014-06-25,KCB,KCB Group Plc,33.75,55.5,49.75,51.0,50.0,50.0,-0.1,7.900000000000001e-07,954900.0
2014-06-26,KCB,KCB Group Plc,33.75,55.5,50.0,50.5,50.0,50.0,-0.2,1.5900000000000002e-06,426300.0
2014-06-27,KCB,KCB Group Plc,33.75,55.5,49.5,50.5,49.75,50.0,0.1,8.099999999999999e-07,1397300.0
2014-06-30,KCB,KCB Group Plc,33.75,55.5,49.5,52.0,50.5,49.75,0.0,0.0,299600.0
2014-07-01,KCB,KCB Group Plc,33.75,55.5,50.5,53.0,52.0,50.5,0.2,1.61e-06,2561100.0
2014-07-02,KCB,KCB Group Plc,33.75,55.5,52.0,53.0,52.0,52.0,0.3,2.3699999999999998e-06,5014200.0
2014-07-03,KCB,KCB Group Plc,33.75,55.5,51.0,53.0,51.5,52.0,-0.2,1.54e-06,237800.0
2014-07-04,KCB,KCB Group Plc,33.75,55.5,51.0,52.0,51.0,51.5,-0.05,3.8999999999999997e-07,1576200.0
2014-07-07,KCB,KCB Group Plc,33.75,55.5,51.0,52.5,51.5,51.0,0.05,3.8999999999999997e-07,1597500.0
2014-07-08,KCB,KCB Group Plc,33.75,55.5,51.0,52.0,51.5,51.5,-0.05,3.8999999999999997e-07,462000.0
2014-07-09,KCB,KCB Group Plc,33.75,55.5,50.0,52.0,51.0,51.5,0.0,0.0,2080200.0
2014-07-10,KCB,KCB Group Plc,33.75,55.5,50.0,51.5,51.0,51.0,-0.15,1.18e-06,220200.0
2014-07-11,KCB,KCB Group Plc,33.75,55.5,51.0,51.5,51.0,51.0,-0.15,1.2e-06,324100.0
2014-07-14,KCB,KCB Group Plc,33.75,55.5,51.0,52.0,51.5,51.0,-0.05,4.0000000000000003e-07,625600.0
2014-07-15,KCB,KCB Group Plc,33.75,55.5,51.5,53.5,52.0,51.5,-0.05,4.0000000000000003e-07,2143000.0
2014-07-16,KCB,KCB Group Plc,33.75,55.5,52.0,54.5,53.5,52.0,-0.15,1.21999999999999e-06,1686400.0
2014-07-17,KCB,KCB Group Plc,33.75,55.5,53.5,54.5,53.5,53.5,-0.1,8.1999999999999e-07,166900.0
2014-07-18,KCB,KCB Group Plc,33.75,55.5,53.5,54.5,54.0,53.5,0.05,4.0999999999999e-07,3085000.0
2014-07-21,KCB,KCB Group Plc,33.75,55.5,53.5,55.0,54.0,54.0,-0.1,8.3e-07,929300.0
2014-07-22,KCB,KCB Group Plc,33.75,55.5,53.5,54.5,53.5,54.0,-0.05,4.2e-07,3536500.0
2014-07-23,KCB,KCB Group Plc,33.75,55.5,53.5,54.0,53.5,53.5,0.1,8.4e-07,526500.0
2014-07-24,KCB,KCB Group Plc,33.75,55.5,53.5,54.0,53.5,53.5,-0.05,4.0999999999999e-07,2514600.0
2014-07-25,KCB,KCB Group Plc,33.75,55.5,53.0,54.0,53.0,53.5,0.2,1.6699999999999999e-06,2239300.0
2014-07-28,KCB,KCB Group Plc,33.75,55.5,53.0,54.5,53.5,53.0,-0.2,1.63999999999999e-06,1118600.0
2014-07-30,KCB,KCB Group Plc,33.75,55.5,54.0,55.0,54.0,53.5,0.05,4.2e-07,1042100.0
2014-07-31,KCB,KCB Group Plc,33.75,55.5,53.0,55.5,54.5,54.0,0.15,1.24e-06,5413900.0
2014-08-01,KCB,KCB Group Plc,33.75,55.5,53.5,55.0,54.5,54.5,0.2,1.63999999999999e-06,6045900.0
2014-08-04,KCB,KCB Group Plc,33.75,55.5,54.5,57.0,56.0,54.5,0.1,8.099999999999999e-07,1329600.0
2014-08-05,KCB,KCB Group Plc,33.75,55.5,56.0,60.0,58.5,56.0,0.1,8.000000000000001e-07,3228500.0
2014-08-06,KCB,KCB Group Plc,33.75,55.5,57.0,59.0,58.0,58.5,0.35,2.7799999999999996e-06,1484000.0
2014-08-07,KCB,KCB Group Plc,33.75,55.5,54.5,57.5,55.0,58.0,-0.1,7.7e-07,12935500.0
2014-08-08,KCB,KCB Group Plc,33.75,55.5,53.0,55.0,54.0,55.0,-0.05,3.8999999999999997e-07,6897700.0
2014-08-11,KCB,KCB Group Plc,33.75,55.5,53.0,55.0,53.5,54.0,-0.1,7.799999999999999e-07,3424700.0
2014-08-12,KCB,KCB Group Plc,33.75,55.5,54.0,54.5,54.0,53.5,0.1,7.900000000000001e-07,1015800.0
2014-08-13,KCB,KCB Group Plc,33.75,55.5,54.0,56.0,55.0,54.0,-0.05,3.8999999999999997e-07,1126600.0
2014-08-14,KCB,KCB Group Plc,33.75,55.5,55.0,57.0,56.0,55.0,0.05,3.8999999999999997e-07,977000.0
2014-08-15,KCB,KCB Group Plc,33.75,55.5,56.0,57.5,56.5,56.0,-0.1,7.799999999999999e-07,2228300.0
2014-08-18,KCB,KCB Group Plc,33.75,55.5,56.5,57.5,56.5,56.5,0.0,0.0,530700.0
2014-08-19,KCB,KCB Group Plc,33.75,55.5,56.0,57.5,56.5,56.5,0.05,3.8999999999999997e-07,2487600.0
2014-08-20,KCB,KCB Group Plc,33.75,55.5,56.0,57.5,56.5,56.5,0.05,3.8999999999999997e-07,1453200.0
2014-08-21,KCB,KCB Group Plc,33.75,55.5,56.5,58.0,57.0,56.5,-0.05,3.8999999999999997e-07,835100.0
2014-08-22,KCB,KCB Group Plc,33.75,55.5,56.5,58.0,57.0,57.0,0.0,0.0,539400.0
2014-08-25,KCB,KCB Group Plc,33.75,55.5,57.0,57.5,57.0,57.0,0.0,0.0,493800.0
2014-08-26,KCB,KCB Group Plc,33.75,55.5,57.0,58.0,57.5,57.0,0.0,0.0,682900.0
2014-08-27,KCB,KCB Group Plc,33.75,55.5,57.0,58.0,57.0,57.5,-0.05,3.8999999999999997e-07,1463300.0
2014-08-28,KCB,KCB Group Plc,33.75,55.5,56.5,57.5,57.0,57.0,0.05,3.8999999999999997e-07,635800.0
2014-08-29,KCB,KCB Group Plc,33.75,55.5,56.5,58.5,57.5,57.0,0.2,1.57e-06,1297800.0
2014-09-01,KCB,KCB Group Plc,33.75,55.5,57.5,59.0,58.0,57.5,0.2,1.54e-06,400700.0
2014-09-02,KCB,KCB Group Plc,33.75,55.5,58.0,58.5,58.0,58.0,0.05,3.8e-07,886100.0
2014-09-03,KCB,KCB Group Plc,33.75,55.5,58.0,59.0,58.5,58.0,0.2,1.52e-06,801900.0
2014-09-04,KCB,KCB Group Plc,33.75,55.5,57.0,59.0,57.5,58.5,-0.2,1.49e-06,782600.0
2014-09-05,KCB,KCB Group Plc,33.75,55.5,57.0,58.5,57.5,57.5,0.0,0.0,431100.0
2014-09-08,KCB,KCB Group Plc,33.75,55.5,57.5,58.5,57.5,57.5,0.05,3.8e-07,316700.0
2014-09-09,KCB,KCB Group Plc,33.75,55.5,57.0,58.0,57.0,57.5,0.0,0.0,1998400.0
2014-09-10,KCB,KCB Group Plc,33.75,55.5,57.0,57.5,57.0,57.0,-0.1,7.499999999999999e-07,800100.0
2014-09-11,KCB,KCB Group Plc,33.75,55.5,57.0,58.0,57.5,57.0,-0.2,1.52e-06,914400.0
2014-09-12,KCB,KCB Group Plc,33.75,55.5,57.5,58.5,57.5,57.5,-0.05,3.8999999999999997e-07,2258600.0
2014-09-15,KCB,KCB Group Plc,33.75,55.5,57.5,59.0,58.5,57.5,0.0,0.0,1957600.0
2014-09-16,KCB,KCB Group Plc,33.75,55.5,58.5,60.0,59.0,58.5,-0.05,3.8999999999999997e-07,3727800.0
2014-09-17,KCB,KCB Group Plc,33.75,55.5,58.5,59.0,58.5,59.0,-0.35,2.72e-06,1130200.0
2014-09-18,KCB,KCB Group Plc,33.75,55.5,58.5,59.0,58.5,58.5,0.1,8.000000000000001e-07,1316500.0
2014-09-19,KCB,KCB Group Plc,33.75,55.5,58.5,60.0,59.5,58.5,0.0,0.0,1272600.0
2014-09-22,KCB,KCB Group Plc,33.75,55.5,59.0,62.0,60.0,59.5,-0.05,4.0000000000000003e-07,4594700.0
2014-09-23,KCB,KCB Group Plc,33.75,55.5,57.5,61.0,59.0,60.0,0.0,0.0,1751600.0
2014-09-24,KCB,KCB Group Plc,33.75,55.5,57.5,59.0,57.5,59.0,0.0,0.0,735300.0
2014-09-25,KCB,KCB Group Plc,33.75,55.5,57.5,59.5,57.5,57.5,0.05,4.0000000000000003e-07,279700.0
2014-09-26,KCB,KCB Group Plc,33.75,55.5,57.5,58.5,57.5,57.5,0.05,4.0000000000000003e-07,1063200.0
2014-09-29,KCB,KCB Group Plc,33.75,55.5,57.5,58.5,58.0,57.5,0.2,1.5800000000000001e-06,3151100.0
2014-09-30,KCB,KCB Group Plc,33.75,55.5,57.5,59.0,58.0,58.0,0.05,3.8999999999999997e-07,4810400.0
2014-10-01,KCB,KCB Group Plc,33.75,55.5,58.0,59.0,58.5,58.0,0.05,3.8999999999999997e-07,2206800.0
2014-10-02,KCB,KCB Group Plc,33.75,55.5,58.5,59.0,58.5,58.5,-0.2,1.54e-06,1609600.0
2014-10-03,KCB,KCB Group Plc,33.75,55.5,58.0,59.0,58.5,58.5,-0.05,3.8999999999999997e-07,264100.0
2014-10-06,KCB,KCB Group Plc,33.75,55.5,58.0,59.0,58.5,58.5,-0.05,3.8999999999999997e-07,1188100.0
2014-10-07,KCB,KCB Group Plc,33.75,55.5,58.5,60.0,58.5,58.5,0.1,7.900000000000001e-07,443100.0
2014-10-08,KCB,KCB Group Plc,33.75,55.5,58.5,59.5,59.0,58.5,0.1,7.799999999999999e-07,20722000.0
2014-10-09,KCB,KCB Group Plc,33.75,55.5,59.0,59.5,59.0,59.0,0.0,0.0,1519600.0
2014-10-10,KCB,KCB Group Plc,33.75,55.5,58.5,59.5,59.0,59.0,-0.1,7.799999999999999e-07,1042500.0
2014-10-13,KCB,KCB Group Plc,33.75,55.5,57.5,58.5,57.5,59.0,-0.05,3.8999999999999997e-07,209900.0
2014-10-14,KCB,KCB Group Plc,33.75,55.5,58.0,58.5,58.0,57.5,-0.05,3.8999999999999997e-07,2297500.0
2014-10-15,KCB,KCB Group Plc,33.75,55.5,58.0,59.5,58.5,58.0,-0.15,1.18999999999999e-06,951400.0
2014-10-16,KCB,KCB Group Plc,33.75,55.5,57.5,59.5,58.0,58.5,0.0,0.0,2934400.0
2014-10-17,KCB,KCB Group Plc,33.75,55.5,56.5,58.5,57.0,58.0,-0.35,2.79999999999999e-06,4193100.0
2014-10-21,KCB,KCB Group Plc,33.75,55.5,55.0,57.0,56.0,57.0,0.0,0.0,1766200.0
2014-10-22,KCB,KCB Group Plc,33.75,55.5,56.0,57.0,56.5,56.0,0.3,2.47e-06,564100.0
2014-10-23,KCB,KCB Group Plc,33.75,55.5,56.0,57.0,56.0,56.5,0.05,4.0000000000000003e-07,2238200.0
2014-10-24,KCB,KCB Group Plc,33.75,55.5,55.0,56.5,55.5,56.0,-0.25,2e-06,435800.0
2014-10-27,KCB,KCB Group Plc,33.75,55.5,53.5,56.0,53.5,55.5,-0.05,4.0999999999999e-07,864200.0
2014-10-28,KCB,KCB Group Plc,33.75,55.5,53.5,55.5,54.5,53.5,-0.1,8.1999999999999e-07,825900.0
2014-10-29,KCB,KCB Group Plc,33.75,55.5,54.0,55.5,54.0,54.5,0.05,4.0999999999999e-07,4761100.0
2014-10-30,KCB,KCB Group Plc,33.75,55.5,54.5,55.5,54.5,54.0,0.0,0.0,3624100.0
2014-10-31,KCB,KCB Group Plc,33.75,55.5,54.5,55.0,54.5,54.5,0.0,0.0,5339500.0
2014-11-03,KCB,KCB Group Plc,33.75,55.5,54.5,55.5,54.5,54.5,0.05,4.0999999999999e-07,3873200.0
2014-11-04,KCB,KCB Group Plc,33.75,55.5,54.5,55.0,54.5,54.5,0.0,0.0,749700.0
2014-11-05,KCB,KCB Group Plc,33.75,55.5,54.5,55.5,54.5,54.5,0.5,4.0999999999999895e-06,736700.0
2014-11-06,KCB,KCB Group Plc,33.75,55.5,53.0,54.5,54.0,54.5,0.1,7.900000000000001e-07,562100.0
2014-11-07,KCB,KCB Group Plc,33.75,55.5,53.0,54.5,53.5,54.0,0.15,1.1699999999999899e-06,1708200.0
2014-11-10,KCB,KCB Group Plc,33.75,55.5,53.0,55.0,53.5,53.5,0.0,0.0,375900.0
2014-11-11,KCB,KCB Group Plc,33.75,55.5,54.0,55.5,55.0,53.5,0.05,3.8999999999999997e-07,189000.0
2014-11-12,KCB,KCB Group Plc,33.75,55.5,54.5,56.5,55.5,55.0,0.35,2.6899999999999997e-06,2240800.0
2014-11-13,KCB,KCB Group Plc,33.75,55.5,55.5,56.5,56.0,55.5,0.2,1.4999999999999998e-06,1180500.0
2014-11-14,KCB,KCB Group Plc,33.75,55.5,56.0,57.5,56.5,56.0,0.15,1.11e-06,1832100.0
2014-11-17,KCB,KCB Group Plc,33.75,55.5,56.0,57.0,56.0,56.5,0.0,0.0,399800.0
2014-11-18,KCB,KCB Group Plc,33.75,55.5,55.0,56.5,56.0,56.0,0.05,3.6e-07,915400.0
2014-11-19,KCB,KCB Group Plc,33.75,55.5,55.0,57.0,56.0,56.0,-0.05,3.6e-07,1607300.0
2014-11-20,KCB,KCB Group Plc,33.75,55.5,55.5,57.0,56.0,56.0,-0.1,7.3e-07,528100.0
2014-11-21,KCB,KCB Group Plc,33.75,55.5,56.0,57.5,56.5,56.0,-0.05,3.7000000000000006e-07,1484700.0
2014-11-24,KCB,KCB Group Plc,33.75,55.5,56.0,57.5,56.5,56.5,-0.1,7.400000000000001e-07,1575000.0
2014-11-25,KCB,KCB Group Plc,33.75,55.5,56.5,58.0,57.0,56.5,0.1,7.400000000000001e-07,2199800.0
2014-11-26,KCB,KCB Group Plc,33.75,55.5,57.0,59.0,58.0,57.0,0.25,1.85e-06,3023600.0
2014-11-27,KCB,KCB Group Plc,33.75,55.5,57.5,59.5,58.5,58.0,0.1,7.2e-07,6067000.0
2014-11-28,KCB,KCB Group Plc,33.75,55.5,56.5,58.5,58.0,58.5,-0.1,7.2e-07,1973000.0
2014-12-01,KCB,KCB Group Plc,33.75,55.5,57.5,60.0,58.5,58.0,0.1,7.2e-07,498300.0
2014-12-02,KCB,KCB Group Plc,33.75,55.5,58.0,60.0,58.5,58.5,0.05,3.6e-07,617500.0
2014-12-03,KCB,KCB Group Plc,33.75,55.5,58.5,59.5,59.0,58.5,0.25,1.7899999999999998e-06,3493000.0
2014-12-04,KCB,KCB Group Plc,33.75,55.5,58.5,60.0,59.5,59.0,0.35,2.46e-06,7564500.0
2014-12-05,KCB,KCB Group Plc,33.75,55.5,58.0,60.0,58.5,59.5,0.25,1.72e-06,1481800.0
2014-12-08,KCB,KCB Group Plc,33.75,55.5,57.5,59.0,58.0,58.5,0.2,1.35e-06,626400.0
2014-12-09,KCB,KCB Group Plc,33.75,55.5,58.0,59.0,58.0,58.0,-0.05,3.3e-07,350000.0
2014-12-10,KCB,KCB Group Plc,33.75,55.5,58.0,58.5,58.0,58.0,-0.3,2.00999999999999e-06,2296700.0
2014-12-11,KCB,KCB Group Plc,33.75,55.5,58.0,58.5,58.0,58.0,-0.6,4.0999999999999895e-06,2590500.0
2014-12-15,KCB,KCB Group Plc,33.75,55.5,57.0,58.5,58.0,58.0,-0.15,1.07e-06,3062000.0
2014-12-16,KCB,KCB Group Plc,33.75,55.5,56.5,58.0,57.0,58.0,0.0,0.0,23437900.0
2014-12-17,KCB,KCB Group Plc,33.75,55.5,55.0,57.5,56.0,57.0,-0.5,3.6e-06,2243900.0
2014-12-18,KCB,KCB Group Plc,33.75,55.5,51.5,56.0,52.5,56.0,-0.05,3.7000000000000006e-07,5072800.0
2014-12-19,KCB,KCB Group Plc,33.75,55.5,53.0,55.0,53.0,52.5,0.15,1.12e-06,1723100.0
2014-12-22,KCB,KCB Group Plc,33.75,55.5,53.5,56.0,54.0,53.0,-0.05,3.7000000000000006e-07,3202000.0
2014-12-23,KCB,KCB Group Plc,33.75,55.5,55.0,56.0,55.0,54.0,0.4,2.97e-06,769000.0
2014-12-24,KCB,KCB Group Plc,33.75,55.5,55.0,59.0,57.5,55.0,0.15,1.08e-06,1983600.0
2014-12-29,KCB,KCB Group Plc,33.75,55.5,57.5,59.0,58.5,57.5,0.05,3.6e-07,1180800.0
2014-12-30,KCB,KCB Group Plc,33.75,55.5,58.5,60.0,59.0,58.5,0.05,3.6e-07,4524300.0
2014-12-31,KCB,KCB Group Plc,33.75,55.5,56.0,59.5,57.0,59.0,-0.05,3.4999999999999003e-07,1307500.0
2015-01-02,KCB,KCB Group Plc,33.75,55.5,56.0,58.0,57.0,57.0,0.1,7.0999999999999e-07,651500.0
2015-01-05,KCB,KCB Group Plc,33.75,55.5,56.0,58.0,56.5,57.0,-0.1,7.0999999999999e-07,146400.0
2015-01-06,KCB,KCB Group Plc,33.75,55.5,56.0,56.5,56.0,56.5,-0.15,1.07e-06,986800.0
2015-01-07,KCB,KCB Group Plc,33.75,55.5,56.0,56.5,56.0,56.0,-0.05,3.6e-07,148600.0
2015-01-08,KCB,KCB Group Plc,33.75,55.5,56.0,57.0,56.0,56.0,-0.1,7.2e-07,657000.0
2015-01-09,KCB,KCB Group Plc,33.75,55.5,55.5,58.0,56.0,56.0,0.0,0.0,1394800.0
2015-01-12,KCB,KCB Group Plc,33.75,55.5,56.0,57.0,56.5,56.0,0.1,7.3e-07,222400.0
2015-01-13,KCB,KCB Group Plc,33.75,55.5,56.5,59.0,57.5,56.5,0.85,6.1399999999999895e-06,735500.0
2015-01-14,KCB,KCB Group Plc,33.75,55.5,57.0,59.5,59.0,57.5,0.15,1.0200000000000002e-06,1727600.0
2015-01-15,KCB,KCB Group Plc,33.75,55.5,57.5,59.0,58.0,59.0,-0.25,1.68e-06,676900.0
2015-01-16,KCB,KCB Group Plc,33.75,55.5,58.0,60.0,59.0,58.0,0.2,1.37e-06,2084400.0
2015-01-19,KCB,KCB Group Plc,33.75,55.5,58.0,60.0,59.0,59.0,-0.25,1.69e-06,1002400.0
2015-01-20,KCB,KCB Group Plc,33.75,55.5,58.5,59.5,58.5,59.0,-0.6,4.1199999999999995e-06,391300.0
2015-01-21,KCB,KCB Group Plc,33.75,55.5,58.0,59.0,58.0,58.5,0.2,1.43e-06,279200.0
2015-01-22,KCB,KCB Group Plc,33.75,55.5,58.0,59.5,59.0,58.0,0.05,3.4999999999999003e-07,667300.0
2015-01-23,KCB,KCB Group Plc,33.75,55.5,59.0,60.0,59.5,59.0,-0.05,3.4999999999999003e-07,2458600.0
2015-01-26,KCB,KCB Group Plc,33.75,55.5,58.0,60.0,59.0,59.5,-0.15,1.06e-06,263200.0
2015-01-27,KCB,KCB Group Plc,33.75,55.5,58.0,59.0,58.0,59.0,0.1,7.0999999999999e-07,435800.0
2015-01-28,KCB,KCB Group Plc,33.75,55.5,58.0,59.5,58.5,58.0,0.05,3.4999999999999003e-07,3765900.0
2015-01-29,KCB,KCB Group Plc,33.75,55.5,58.0,59.0,58.0,58.5,-0.05,3.4999999999999003e-07,1771400.0
2015-01-30,KCB,KCB Group Plc,33.75,55.5,58.0,59.0,58.5,58.0,0.05,3.4999999999999003e-07,3101200.0
2015-02-02,KCB,KCB Group Plc,33.75,55.5,58.5,59.0,58.5,58.5,0.05,3.4999999999999003e-07,1349100.0
2015-02-03,KCB,KCB Group Plc,33.75,55.5,58.5,59.5,59.0,58.5,0.1,6.9999999999999e-07,372900.0
2015-02-04,KCB,KCB Group Plc,33.75,55.5,59.0,60.0,59.0,59.0,0.15,1.0500000000000001e-06,629400.0
2015-02-05,KCB,KCB Group Plc,33.75,55.5,59.0,60.0,59.0,59.0,0.1,6.9e-07,764600.0
2015-02-06,KCB,KCB Group Plc,33.75,55.5,59.0,60.0,59.5,59.0,0.0,0.0,226100.0
2015-02-09,KCB,KCB Group Plc,33.75,55.5,59.5,60.0,59.5,59.5,0.25,1.72e-06,529400.0
2015-02-10,KCB,KCB Group Plc,33.75,55.5,58.0,60.0,59.0,59.5,-0.05,3.4e-07,4334100.0
2015-02-11,KCB,KCB Group Plc,33.75,55.5,58.0,59.5,58.5,59.0,0.1,6.8e-07,8987300.0
2015-02-12,KCB,KCB Group Plc,33.75,55.5,58.5,64.0,59.5,58.5,-0.1,6.7e-07,1094900.0
2015-02-13,KCB,KCB Group Plc,33.75,55.5,58.5,59.5,59.0,59.5,0.1,6.8e-07,5662400.0
2015-02-16,KCB,KCB Group Plc,33.75,55.5,58.5,60.0,59.0,59.0,0.0,0.0,149600.0
2015-02-17,KCB,KCB Group Plc,33.75,55.5,59.0,60.0,59.0,59.0,-0.05,3.4e-07,7091900.0
2015-02-18,KCB,KCB Group Plc,33.75,55.5,58.5,59.5,58.5,59.0,0.15,1.01e-06,756200.0
2015-02-19,KCB,KCB Group Plc,33.75,55.5,58.5,60.0,59.0,58.5,0.2,1.34e-06,290300.0
2015-02-20,KCB,KCB Group Plc,33.75,55.5,59.0,61.0,59.5,59.0,0.15,9.8999999999999e-07,2946900.0
2015-02-23,KCB,KCB Group Plc,33.75,55.5,59.0,60.0,59.0,59.5,0.15,9.8e-07,6213400.0
2015-02-24,KCB,KCB Group Plc,33.75,55.5,59.0,60.0,59.5,59.0,0.25,1.6199999999999997e-06,624900.0
2015-02-25,KCB,KCB Group Plc,33.75,55.5,59.5,60.0,59.5,59.5,0.2,1.27e-06,2336300.0
2015-02-26,KCB,KCB Group Plc,33.75,55.5,59.0,60.0,59.0,59.5,-0.15,9.399999999999899e-07,1981600.0
2015-02-27,KCB,KCB Group Plc,33.75,55.5,59.0,64.5,60.0,59.0,0.05,3.2e-07,2580600.0
2015-03-02,KCB,KCB Group Plc,33.75,55.5,59.0,60.5,59.5,60.0,-0.15,9.499999999999999e-07,874000.0
2015-03-03,KCB,KCB Group Plc,33.75,55.5,59.0,59.5,59.0,59.5,-0.25,1.6000000000000001e-06,4689600.0
2015-03-04,KCB,KCB Group Plc,33.75,55.5,59.0,59.5,59.0,59.0,0.05,3.2e-07,2009600.0
2015-03-05,KCB,KCB Group Plc,33.75,55.5,59.0,60.0,59.0,59.0,0.25,1.6199999999999997e-06,4282800.0
2015-03-06,KCB,KCB Group Plc,33.75,55.5,59.0,60.0,59.0,59.0,0.05,3.2e-07,6636200.0
2015-03-09,KCB,KCB Group Plc,33.75,55.5,58.0,59.0,58.5,59.0,-0.2,1.27e-06,148900.0
2015-03-10,KCB,KCB Group Plc,33.75,55.5,58.0,59.0,58.0,58.5,0.2,1.29e-06,525000.0
2015-03-11,KCB,KCB Group Plc,33.75,55.5,58.0,59.5,59.0,58.0,0.1,6.3e-07,838000.0
2015-03-12,KCB,KCB Group Plc,33.75,55.5,59.0,60.0,59.0,59.0,0.1,6.3e-07,210700.0
2015-03-13,KCB,KCB Group Plc,33.75,55.5,59.0,60.5,59.5,59.0,-0.15,9.399999999999899e-07,1360900.0
2015-03-16,KCB,KCB Group Plc,33.75,55.5,59.5,61.0,60.0,59.5,-0.15,9.499999999999999e-07,1062600.0
2015-03-17,KCB,KCB Group Plc,33.75,55.5,59.5,60.5,60.0,60.0,-0.05,3.2e-07,1274900.0
2015-03-18,KCB,KCB Group Plc,33.75,55.5,60.0,60.5,60.0,60.0,0.15,9.6e-07,836800.0
2015-03-19,KCB,KCB Group Plc,33.75,55.5,60.0,61.5,60.5,60.0,0.1,6.3e-07,7722300.0
2015-03-20,KCB,KCB Group Plc,33.75,55.5,60.5,61.0,60.5,60.5,0.0,0.0,1164900.0
2015-03-23,KCB,KCB Group Plc,33.75,55.5,60.0,60.5,60.0,60.5,0.05,3.2e-07,2444500.0
2015-03-24,KCB,KCB Group Plc,33.75,55.5,59.5,61.0,60.0,60.0,0.1,6.3e-07,2352200.0
2015-03-25,KCB,KCB Group Plc,33.75,55.5,60.0,61.0,60.5,60.0,0.1,6.3e-07,1041700.0
2015-03-26,KCB,KCB Group Plc,33.75,55.5,60.5,61.5,60.5,60.5,0.35,2.17e-06,2467000.0
2015-03-27,KCB,KCB Group Plc,33.75,55.5,60.5,61.5,60.5,60.5,0.15,9.100000000000001e-07,7704900.0
2015-03-30,KCB,KCB Group Plc,33.75,55.5,60.5,61.5,61.0,60.5,0.1,6e-07,1477500.0
2015-03-31,KCB,KCB Group Plc,33.75,55.5,60.0,61.5,60.5,61.0,0.35,2.1000000000000002e-06,933100.0
2015-04-01,KCB,KCB Group Plc,33.75,55.5,60.0,61.5,60.5,60.5,-0.05,2.9e-07,3913800.0
2015-04-02,KCB,KCB Group Plc,33.75,55.5,60.5,61.5,60.5,60.5,-0.4,2.35e-06,4820800.0
2015-04-07,KCB,KCB Group Plc,33.75,55.5,60.5,61.5,60.5,60.5,-0.7,4.21999999999999e-06,3168200.0
2015-04-08,KCB,KCB Group Plc,33.75,55.5,60.5,62.0,61.5,60.5,0.05,3.1e-07,4563700.0
2015-04-09,KCB,KCB Group Plc,33.75,55.5,61.5,64.0,61.5,61.5,0.35,2.1899999999999998e-06,1716000.0
2015-04-10,KCB,KCB Group Plc,33.75,55.5,61.0,64.0,62.5,61.5,-0.4,2.45e-06,231900.0
2015-04-13,KCB,KCB Group Plc,33.75,55.5,63.0,65.0,64.0,62.5,0.1,6.3e-07,3178500.0
2015-04-14,KCB,KCB Group Plc,33.75,55.5,64.0,65.5,64.5,64.0,0.1,6.3e-07,2560300.0
2015-04-15,KCB,KCB Group Plc,33.75,55.5,64.5,65.5,65.0,64.5,0.2,1.24e-06,471200.0
2015-04-16,KCB,KCB Group Plc,33.75,55.5,64.5,65.5,64.5,65.0,0.45,2.76e-06,4180700.0
2015-04-17,KCB,KCB Group Plc,33.75,55.5,64.0,65.0,64.0,64.5,0.45,2.6899999999999997e-06,2907400.0
2015-04-20,KCB,KCB Group Plc,33.75,55.5,64.0,65.0,64.0,64.0,0.05,2.9e-07,2066600.0
2015-04-21,KCB,KCB Group Plc,33.75,55.5,64.0,65.0,64.5,64.0,-0.05,2.9e-07,3557200.0
2015-04-22,KCB,KCB Group Plc,33.75,55.5,64.0,65.0,64.5,64.5,-0.15,8.7e-07,1196600.0
2015-04-23,KCB,KCB Group Plc,33.75,55.5,63.0,65.0,64.0,64.5,0.1,5.9e-07,2590300.0
2015-04-24,KCB,KCB Group Plc,33.75,55.5,62.0,64.0,63.0,64.0,0.15,8.7e-07,771700.0
2015-04-27,KCB,KCB Group Plc,33.75,55.5,61.0,63.5,63.0,63.0,-0.2,1.16e-06,933600.0
2015-04-28,KCB,KCB Group Plc,33.75,55.5,62.0,63.0,62.5,63.0,0.1,5.8e-07,411900.0
2015-04-29,KCB,KCB Group Plc,33.75,55.5,61.5,62.5,62.0,62.5,0.1,5.8e-07,858600.0
2015-04-30,KCB,KCB Group Plc,33.75,55.5,62.0,63.0,62.5,62.0,0.1,5.8e-07,3218500.0
2015-05-04,KCB,KCB Group Plc,33.75,55.5,62.0,64.0,62.5,62.5,0.05,2.9e-07,3115000.0
2015-05-05,KCB,KCB Group Plc,33.75,55.5,61.5,63.0,62.0,62.5,0.05,2.9e-07,3008300.0
2015-05-06,KCB,KCB Group Plc,33.75,55.5,59.5,62.0,60.5,62.0,0.05,2.9e-07,5160700.0
2015-05-07,KCB,KCB Group Plc,33.75,55.5,58.5,62.0,59.0,60.5,-0.4,2.27999999999999e-06,5565500.0
2015-05-08,KCB,KCB Group Plc,33.75,55.5,58.5,62.0,60.5,59.0,-0.1,5.8e-07,995700.0
2015-05-09,KCB,KCB Group Plc,33.75,55.5,32.0,33.75,33.25,33.25,-0.25,1.21999999999999e-06,5265000.0
2015-05-11,KCB,KCB Group Plc,33.75,55.5,60.0,62.0,60.0,60.5,-0.15,8.800000000000002e-07,268000.0
2015-05-12,KCB,KCB Group Plc,33.75,55.5,57.5,60.0,58.0,60.0,-0.25,1.4800000000000002e-06,12778200.0
2015-05-13,KCB,KCB Group Plc,33.75,55.5,57.0,59.0,57.5,58.0,-0.55,3.3e-06,960600.0
2015-05-14,KCB,KCB Group Plc,33.75,55.5,57.0,58.5,58.0,57.5,0.25,1.55e-06,9637500.0
2015-05-15,KCB,KCB Group Plc,33.75,55.5,58.0,59.0,58.0,58.0,0.0,0.0,4621400.0
2015-05-18,KCB,KCB Group Plc,33.75,55.5,57.5,59.0,58.0,58.0,0.15,9.2e-07,479200.0
2015-05-19,KCB,KCB Group Plc,33.75,55.5,58.0,62.5,59.0,58.0,0.1,6.099999999999899e-07,1608900.0
2015-05-20,KCB,KCB Group Plc,33.75,55.5,60.0,61.5,61.0,59.0,-0.15,9e-07,4248500.0
2015-05-21,KCB,KCB Group Plc,33.75,55.5,60.0,61.0,60.0,61.0,-0.2,1.21999999999999e-06,1570800.0
2015-05-22,KCB,KCB Group Plc,33.75,55.5,59.0,60.0,59.5,60.0,-0.05,3.1e-07,567300.0
2015-05-25,KCB,KCB Group Plc,33.75,55.5,59.5,60.5,59.5,59.5,-0.2,1.23e-06,2681200.0
2015-05-26,KCB,KCB Group Plc,33.75,55.5,59.5,61.0,60.0,59.5,-0.35,2.1899999999999998e-06,5354400.0
2015-05-27,KCB,KCB Group Plc,33.75,55.5,57.0,60.0,59.0,60.0,-0.45,2.88e-06,803200.0
2015-05-28,KCB,KCB Group Plc,33.75,55.5,57.0,59.0,57.0,59.0,0.35,2.3e-06,471000.0
2015-05-29,KCB,KCB Group Plc,33.75,55.5,55.5,57.5,56.5,57.0,0.3,1.92999999999999e-06,9573300.0
2015-06-02,KCB,KCB Group Plc,33.75,55.5,56.0,59.0,57.5,56.5,0.65,4.0999999999999895e-06,2482800.0
2015-06-03,KCB,KCB Group Plc,33.75,55.5,58.0,60.0,58.5,57.5,-0.1,6.099999999999899e-07,904100.0
2015-06-04,KCB,KCB Group Plc,33.75,55.5,58.5,60.0,59.5,58.5,0.05,3e-07,1613700.0
2015-06-05,KCB,KCB Group Plc,33.75,55.5,58.5,59.5,59.0,59.5,-0.1,6.099999999999899e-07,119400.0
2015-06-08,KCB,KCB Group Plc,33.75,55.5,58.0,59.5,58.5,59.0,-0.3,1.83e-06,691300.0
2015-06-09,KCB,KCB Group Plc,33.75,55.5,58.0,59.5,58.5,58.5,0.0,0.0,119000.0
2015-06-10,KCB,KCB Group Plc,33.75,55.5,58.0,59.5,58.5,58.5,0.0,0.0,2691100.0
2015-06-11,KCB,KCB Group Plc,33.75,55.5,57.0,58.5,58.0,58.5,-0.05,3.1e-07,390900.0
2015-06-12,KCB,KCB Group Plc,33.75,55.5,57.0,59.0,58.0,58.0,0.05,3.1e-07,85600.0
2015-06-15,KCB,KCB Group Plc,33.75,55.5,57.0,58.0,57.5,58.0,0.05,3.1e-07,189300.0
2015-06-16,KCB,KCB Group Plc,33.75,55.5,57.0,58.0,57.0,57.5,-0.05,3.1e-07,1814900.0
2015-06-17,KCB,KCB Group Plc,33.75,55.5,56.0,58.0,56.5,57.0,0.0,0.0,304800.0
2015-06-18,KCB,KCB Group Plc,33.75,55.5,56.5,57.5,56.5,56.5,-0.05,3.1e-07,1306200.0
2015-06-19,KCB,KCB Group Plc,33.75,55.5,56.5,57.5,56.5,56.5,0.05,3.1e-07,396300.0
2015-06-22,KCB,KCB Group Plc,33.75,55.5,55.5,57.0,56.0,56.5,0.3,1.87e-06,1732100.0
2015-06-23,KCB,KCB Group Plc,33.75,55.5,55.5,56.5,56.0,56.0,-0.35,2.14e-06,165300.0
2015-06-24,KCB,KCB Group Plc,33.75,55.5,55.5,57.0,56.0,56.0,0.05,3.1e-07,28166600.0
2015-06-25,KCB,KCB Group Plc,33.75,55.5,55.5,56.0,55.5,56.0,0.05,3.1e-07,3036800.0
2015-06-26,KCB,KCB Group Plc,33.75,55.5,55.5,56.0,55.5,55.5,0.0,0.0,228000.0
2015-06-29,KCB,KCB Group Plc,33.75,55.5,54.5,56.5,55.5,55.5,0.2,1.24e-06,2602100.0
2015-06-30,KCB,KCB Group Plc,33.75,55.5,54.0,56.0,55.0,55.5,0.15,9.2e-07,571600.0
2015-07-01,KCB,KCB Group Plc,33.75,55.5,54.0,55.0,54.0,55.0,0.05,3e-07,3866800.0
2015-07-02,KCB,KCB Group Plc,33.75,55.5,53.5,55.0,54.0,54.0,-0.05,3e-07,2231900.0
2015-07-03,KCB,KCB Group Plc,33.75,55.5,54.5,55.5,55.0,54.0,-0.1,6.099999999999899e-07,366200.0
2015-07-06,KCB,KCB Group Plc,33.75,55.5,54.5,56.0,54.5,55.0,0.0,0.0,3782600.0
2015-07-07,KCB,KCB Group Plc,33.75,55.5,55.0,57.0,56.0,54.5,0.0,0.0,2222800.0
2015-07-08,KCB,KCB Group Plc,33.75,55.5,55.0,56.0,55.0,56.0,-0.2,1.21999999999999e-06,642100.0
2015-07-09,KCB,KCB Group Plc,33.75,55.5,54.5,56.0,54.5,55.0,-0.2,1.24e-06,3259200.0
2015-07-13,KCB,KCB Group Plc,33.75,55.5,54.5,56.0,54.5,54.5,-0.1,6.3e-07,2429600.0
2015-07-14,KCB,KCB Group Plc,33.75,55.5,54.0,56.0,54.5,54.5,-0.1,6.3e-07,306600.0
2015-07-15,KCB,KCB Group Plc,33.75,55.5,54.0,54.5,54.0,54.5,-0.05,3.2e-07,2619100.0
2015-07-16,KCB,KCB Group Plc,33.75,55.5,54.0,55.0,54.0,54.0,-0.45,2.8699999999999996e-06,4323500.0
2015-07-17,KCB,KCB Group Plc,33.75,55.5,54.0,56.0,54.5,54.0,-0.1,6.6e-07,1928500.0
2015-07-20,KCB,KCB Group Plc,33.75,55.5,54.5,56.5,55.5,54.5,0.15,9.8999999999999e-07,1575600.0
2015-07-21,KCB,KCB Group Plc,33.75,55.5,55.0,56.5,55.5,55.5,0.2,1.3100000000000002e-06,1038700.0
2015-07-22,KCB,KCB Group Plc,33.75,55.5,55.5,57.0,55.5,55.5,0.05,3.2e-07,815400.0
2015-07-23,KCB,KCB Group Plc,33.75,55.5,54.5,56.5,55.0,55.5,-0.1,6.4e-07,1590000.0
2015-07-24,KCB,KCB Group Plc,33.75,55.5,54.0,55.0,54.5,55.0,-0.2,1.29e-06,110300.0
2015-07-27,KCB,KCB Group Plc,33.75,55.5,51.0,55.0,54.0,54.5,0.2,1.3100000000000002e-06,1236200.0
2015-07-28,KCB,KCB Group Plc,33.75,55.5,52.0,54.5,53.5,54.0,0.0,0.0,2414900.0
2015-07-29,KCB,KCB Group Plc,33.75,55.5,50.0,53.0,51.5,53.5,-0.25,1.6199999999999997e-06,243400.0
2015-07-30,KCB,KCB Group Plc,33.75,55.5,50.0,51.0,50.5,51.5,-0.25,1.63999999999999e-06,5067900.0
2015-07-31,KCB,KCB Group Plc,33.75,55.5,45.5,51.0,50.0,50.5,-0.55,3.68e-06,6399500.0
2015-08-03,KCB,KCB Group Plc,33.75,55.5,46.0,50.0,49.0,50.0,-0.25,1.74e-06,5710800.0
2015-08-04,KCB,KCB Group Plc,33.75,55.5,46.5,49.0,47.0,49.0,-0.15,1.06e-06,4700100.0
2015-08-05,KCB,KCB Group Plc,33.75,55.5,45.75,47.0,46.0,47.0,-0.05,3.6e-07,9614700.0
2015-08-06,KCB,KCB Group Plc,33.75,55.5,46.0,47.0,46.0,46.0,-0.05,3.6e-07,3901900.0
2015-08-07,KCB,KCB Group Plc,33.75,55.5,46.0,49.75,49.25,46.0,0.65,4.67999999999999e-06,3565300.0
2015-08-10,KCB,KCB Group Plc,33.75,55.5,48.25,50.0,49.5,49.25,0.8,5.500000000000001e-06,2830300.0
2015-08-11,KCB,KCB Group Plc,33.75,55.5,47.0,50.0,49.5,49.5,0.1,6.499999999999999e-07,1908100.0
2015-08-12,KCB,KCB Group Plc,33.75,55.5,46.0,49.5,48.75,49.5,0.1,6.499999999999999e-07,1169400.0
2015-08-13,KCB,KCB Group Plc,33.75,55.5,47.5,49.5,48.25,48.75,-0.1,6.4e-07,1997200.0
2015-08-14,KCB,KCB Group Plc,33.75,55.5,47.25,48.5,47.5,48.25,-0.45,2.91e-06,592600.0
2015-08-17,KCB,KCB Group Plc,33.75,55.5,47.0,48.0,47.25,47.5,-0.15,1e-06,695000.0
2015-08-18,KCB,KCB Group Plc,33.75,55.5,46.5,47.5,47.0,47.25,0.0,0.0,1175300.0
2015-08-19,KCB,KCB Group Plc,33.75,55.5,46.5,47.25,46.5,47.0,0.15,1.01e-06,3324500.0
2015-08-20,KCB,KCB Group Plc,33.75,55.5,46.0,47.0,46.5,46.5,0.1,6.7e-07,3955900.0
2015-08-21,KCB,KCB Group Plc,33.75,55.5,45.5,47.0,46.0,46.5,-0.1,6.6e-07,3644500.0
2015-08-24,KCB,KCB Group Plc,33.75,55.5,45.0,46.25,45.5,46.0,-0.65,4.33e-06,491900.0
2015-08-25,KCB,KCB Group Plc,33.75,55.5,43.0,45.75,44.75,45.5,-0.4,2.79e-06,1164400.0
2015-08-26,KCB,KCB Group Plc,33.75,55.5,43.0,45.5,43.5,44.75,-0.5,3.5799999999999996e-06,980900.0
2015-08-27,KCB,KCB Group Plc,33.75,55.5,42.75,44.25,43.0,43.5,0.05,3.7000000000000006e-07,7555700.0
2015-08-28,KCB,KCB Group Plc,33.75,55.5,42.25,44.0,43.75,43.0,0.65,4.81e-06,7857200.0
2015-08-31,KCB,KCB Group Plc,33.75,55.5,44.0,44.75,44.0,43.75,0.2,1.4099999999999998e-06,4809200.0
2015-09-01,KCB,KCB Group Plc,33.75,55.5,43.25,45.0,44.0,44.0,0.25,1.74e-06,1630100.0
2015-09-02,KCB,KCB Group Plc,33.75,55.5,43.25,44.0,43.5,44.0,0.0,0.0,818100.0
2015-09-03,KCB,KCB Group Plc,33.75,55.5,43.5,45.5,44.0,43.5,0.6,4.11e-06,350900.0
2015-09-04,KCB,KCB Group Plc,33.75,55.5,45.0,46.25,45.0,44.0,-0.35,2.3e-06,854400.0
2015-09-07,KCB,KCB Group Plc,33.75,55.5,46.0,47.5,46.25,45.0,-0.25,1.68e-06,107600.0
2015-09-08,KCB,KCB Group Plc,33.75,55.5,46.0,47.0,46.5,46.25,0.0,0.0,2248500.0
2015-09-09,KCB,KCB Group Plc,33.75,55.5,46.0,47.0,46.0,46.5,-0.2,1.37e-06,3858000.0
2015-09-10,KCB,KCB Group Plc,33.75,55.5,46.25,47.0,46.25,46.0,0.0,0.0,1425000.0
2015-09-11,KCB,KCB Group Plc,33.75,55.5,45.75,46.5,46.0,46.25,0.15,1.04e-06,1349800.0
2015-09-14,KCB,KCB Group Plc,33.75,55.5,45.0,47.0,46.25,46.0,0.15,1.0299999999999999e-06,2121700.0
2015-09-15,KCB,KCB Group Plc,33.75,55.5,46.0,47.0,46.25,46.25,0.45,3.06e-06,3318900.0
2015-09-16,KCB,KCB Group Plc,33.75,55.5,46.5,47.0,46.5,46.25,-0.2,1.32e-06,2673100.0
2015-09-17,KCB,KCB Group Plc,33.75,55.5,46.25,48.0,46.75,46.5,0.05,3.3e-07,1589200.0
2015-09-18,KCB,KCB Group Plc,33.75,55.5,47.25,49.0,47.75,46.75,-0.3,2e-06,513200.0
2015-09-21,KCB,KCB Group Plc,33.75,55.5,47.0,47.5,47.0,47.75,0.2,1.36e-06,839600.0
2015-09-22,KCB,KCB Group Plc,33.75,55.5,47.0,47.75,47.0,47.0,0.1,6.7e-07,327200.0
2015-09-23,KCB,KCB Group Plc,33.75,55.5,47.0,47.75,47.25,47.0,0.1,6.7e-07,144300.0
2015-09-24,KCB,KCB Group Plc,33.75,55.5,47.25,50.0,48.0,47.25,0.05,3.3e-07,1530800.0
2015-09-25,KCB,KCB Group Plc,33.75,55.5,48.0,50.0,48.75,48.0,0.0,0.0,258300.0
2015-09-28,KCB,KCB Group Plc,33.75,55.5,48.5,49.5,49.0,48.75,0.05,3.3e-07,490700.0
2015-09-29,KCB,KCB Group Plc,33.75,55.5,47.25,49.0,47.75,49.0,-0.1,6.6e-07,1651900.0
2015-09-30,KCB,KCB Group Plc,33.75,55.5,47.0,48.5,47.0,47.75,0.1,6.6e-07,868900.0
2015-10-01,KCB,KCB Group Plc,33.75,55.5,45.0,47.5,45.5,47.0,-0.25,1.63999999999999e-06,159600.0
2015-10-02,KCB,KCB Group Plc,33.75,55.5,43.5,46.0,43.75,45.5,-0.5,3.3399999999999998e-06,2630200.0
2015-10-05,KCB,KCB Group Plc,33.75,55.5,43.5,46.0,44.25,43.75,0.15,1.04e-06,1154800.0
2015-10-07,KCB,KCB Group Plc,33.75,55.5,44.5,45.75,45.0,44.25,0.05,3.4e-07,11395900.0
2015-10-08,KCB,KCB Group Plc,33.75,55.5,44.5,45.0,44.75,45.0,0.05,3.4e-07,845700.0
2015-10-09,KCB,KCB Group Plc,33.75,55.5,43.25,45.0,44.0,44.75,0.1,6.8e-07,2294700.0
2015-10-12,KCB,KCB Group Plc,33.75,55.5,43.0,45.0,43.25,44.0,0.15,1.01e-06,2218900.0
2015-10-13,KCB,KCB Group Plc,33.75,55.5,40.5,43.5,42.25,43.25,0.05,3.3e-07,937700.0
2015-10-14,KCB,KCB Group Plc,33.75,55.5,39.0,42.5,40.25,42.25,-0.3,2e-06,5997300.0
2015-10-15,KCB,KCB Group Plc,33.75,55.5,39.75,42.5,41.25,40.25,-0.3,2.0400000000000004e-06,10145900.0
2015-10-16,KCB,KCB Group Plc,33.75,55.5,41.25,43.0,41.75,41.25,0.15,1.04e-06,5535300.0
2015-10-19,KCB,KCB Group Plc,33.75,55.5,42.0,43.5,42.5,41.75,0.2,1.37e-06,685300.0
2015-10-21,KCB,KCB Group Plc,33.75,55.5,42.0,43.5,42.5,42.5,0.25,1.69e-06,4934900.0
2015-10-22,KCB,KCB Group Plc,33.75,55.5,41.75,42.5,41.75,42.5,-0.05,3.3e-07,3225700.0
2015-10-23,KCB,KCB Group Plc,33.75,55.5,41.5,42.0,41.75,41.75,0.0,0.0,354600.0
2015-10-26,KCB,KCB Group Plc,33.75,55.5,41.5,42.0,41.75,41.75,-0.45,3.01e-06,1133900.0
2015-10-27,KCB,KCB Group Plc,33.75,55.5,41.0,41.5,41.0,41.75,0.0,0.0,375600.0
2015-10-28,KCB,KCB Group Plc,33.75,55.5,40.0,41.25,40.5,41.0,0.0,0.0,2077900.0
2015-10-29,KCB,KCB Group Plc,33.75,55.5,40.25,41.0,40.5,40.5,-0.1,6.9e-07,1029700.0
2015-10-30,KCB,KCB Group Plc,33.75,55.5,39.75,40.75,40.25,40.5,-0.05,3.4999999999999003e-07,2008300.0
2015-11-02,KCB,KCB Group Plc,33.75,55.5,39.75,40.25,39.75,40.25,0.0,0.0,413800.0
2015-11-03,KCB,KCB Group Plc,33.75,55.5,38.25,40.0,38.75,39.75,0.1,6.9999999999999e-07,5294700.0
2015-11-04,KCB,KCB Group Plc,33.75,55.5,38.75,40.25,39.75,38.75,-0.15,1.04e-06,1450600.0
2015-11-05,KCB,KCB Group Plc,33.75,55.5,40.0,42.5,40.5,39.75,0.65,4.55e-06,3080400.0
2015-11-06,KCB,KCB Group Plc,33.75,55.5,41.0,43.0,42.5,40.5,0.1,6.7e-07,267600.0
2015-11-09,KCB,KCB Group Plc,33.75,55.5,42.0,43.0,42.25,42.5,0.0,0.0,898500.0
2015-11-10,KCB,KCB Group Plc,33.75,55.5,40.0,42.5,41.5,42.25,0.4,2.6599999999999995e-06,1005100.0
2015-11-11,KCB,KCB Group Plc,33.75,55.5,40.5,42.0,41.25,41.5,0.35,2.2700000000000003e-06,1112600.0
2015-11-12,KCB,KCB Group Plc,33.75,55.5,41.0,42.0,41.5,41.25,0.25,1.5800000000000001e-06,2148000.0
2015-11-13,KCB,KCB Group Plc,33.75,55.5,40.0,42.0,41.0,41.5,-0.05,3.1e-07,1719000.0
2015-11-16,KCB,KCB Group Plc,33.75,55.5,39.75,41.0,40.25,41.0,0.05,3.1e-07,4610100.0
2015-11-17,KCB,KCB Group Plc,33.75,55.5,39.75,41.0,39.75,40.25,0.05,3.1e-07,3790800.0
2015-11-18,KCB,KCB Group Plc,33.75,55.5,40.0,41.75,40.75,39.75,0.15,9.3e-07,2765400.0
2015-11-19,KCB,KCB Group Plc,33.75,55.5,40.5,41.0,40.75,40.75,0.25,1.54e-06,3530500.0
2015-11-20,KCB,KCB Group Plc,33.75,55.5,41.0,42.0,41.5,40.75,0.15,9.100000000000001e-07,2270500.0
2015-11-23,KCB,KCB Group Plc,33.75,55.5,41.5,42.75,41.75,41.5,0.05,3e-07,362700.0
2015-11-24,KCB,KCB Group Plc,33.75,55.5,41.5,42.0,41.75,41.75,-0.5,2.99e-06,1094900.0
2015-11-25,KCB,KCB Group Plc,33.75,55.5,41.25,42.0,41.5,41.75,-0.15,9.3e-07,4958700.0
2015-11-27,KCB,KCB Group Plc,33.75,55.5,41.0,41.75,41.25,41.5,-0.7,4.36e-06,398500.0
2015-11-30,KCB,KCB Group Plc,33.75,55.5,39.5,41.5,39.75,41.25,0.15,9.8e-07,2840900.0
2015-12-01,KCB,KCB Group Plc,33.75,55.5,40.0,41.25,40.5,39.75,0.15,9.7e-07,118500.0
2015-12-02,KCB,KCB Group Plc,33.75,55.5,40.0,41.25,40.5,40.5,0.2,1.28e-06,681900.0
2015-12-03,KCB,KCB Group Plc,33.75,55.5,40.0,41.0,40.25,40.5,-0.15,9.499999999999999e-07,3406200.0
2015-12-04,KCB,KCB Group Plc,33.75,55.5,40.0,40.5,40.25,40.25,-0.15,9.6e-07,350200.0
2015-12-07,KCB,KCB Group Plc,33.75,55.5,40.25,41.5,40.5,40.25,0.15,9.6e-07,5967100.0
2015-12-08,KCB,KCB Group Plc,33.75,55.5,40.5,41.75,40.75,40.5,0.25,1.5900000000000002e-06,1237000.0
2015-12-09,KCB,KCB Group Plc,33.75,55.5,40.5,41.5,40.75,40.75,0.15,9.399999999999899e-07,2581700.0
2015-12-10,KCB,KCB Group Plc,33.75,55.5,40.5,41.0,40.5,40.75,0.05,3.1e-07,899100.0
2015-12-11,KCB,KCB Group Plc,33.75,55.5,39.75,41.0,40.25,40.5,0.1,6.2e-07,2662600.0
2015-12-14,KCB,KCB Group Plc,33.75,55.5,39.75,40.5,40.0,40.25,0.15,9.2e-07,1275900.0
2015-12-15,KCB,KCB Group Plc,33.75,55.5,39.75,40.5,40.0,40.0,-0.05,3e-07,9817200.0
2015-12-16,KCB,KCB Group Plc,33.75,55.5,39.5,40.0,39.5,40.0,0.35,2.14e-06,1351800.0
2015-12-17,KCB,KCB Group Plc,33.75,55.5,39.75,40.0,39.75,39.5,-0.1,6e-07,503000.0
2015-12-18,KCB,KCB Group Plc,33.75,55.5,39.75,40.5,39.75,39.75,0.1,6e-07,5232800.0
2015-12-21,KCB,KCB Group Plc,33.75,55.5,39.75,40.25,39.75,39.75,0.0,0.0,590800.0
2015-12-22,KCB,KCB Group Plc,33.75,55.5,39.75,40.0,39.75,39.75,0.0,0.0,1643300.0
2015-12-23,KCB,KCB Group Plc,33.75,55.5,39.75,40.25,40.0,39.75,-0.6,3.59e-06,921500.0
2015-12-24,KCB,KCB Group Plc,33.75,55.5,39.75,41.75,40.0,40.0,-0.2,1.24e-06,158300.0
2015-12-28,KCB,KCB Group Plc,33.75,55.5,39.75,41.75,40.0,40.0,0.0,0.0,1068000.0
2015-12-29,KCB,KCB Group Plc,33.75,55.5,39.75,41.0,39.75,40.0,0.2,1.26e-06,169600.0
2015-12-30,KCB,KCB Group Plc,33.75,55.5,39.75,43.0,40.0,39.75,0.15,9.3e-07,13910200.0
2015-12-31,KCB,KCB Group Plc,33.75,55.5,42.0,44.0,43.75,40.0,0.05,3.1e-07,3959700.0
2016-01-04,KCB,KCB Group Plc,33.75,55.5,41.0,43.5,43.0,43.75,0.05,3.1e-07,1479300.0
2016-01-05,KCB,KCB Group Plc,33.75,55.5,42.0,44.25,43.5,43.0,0.0,0.0,2292400.0
2016-01-06,KCB,KCB Group Plc,33.75,55.5,42.0,44.0,42.75,43.5,0.25,1.53e-06,473700.0
2016-01-07,KCB,KCB Group Plc,33.75,55.5,41.5,42.25,41.75,42.75,-0.1,6e-07,2071900.0
2016-01-08,KCB,KCB Group Plc,33.75,55.5,40.5,42.0,41.5,41.75,-0.1,6.099999999999899e-07,26515400.0
2016-01-11,KCB,KCB Group Plc,33.75,55.5,41.25,43.0,41.5,41.5,-0.15,9.100000000000001e-07,2540100.0
2016-01-12,KCB,KCB Group Plc,33.75,55.5,41.0,41.75,41.25,41.5,-0.25,1.54e-06,452300.0
2016-01-13,KCB,KCB Group Plc,33.75,55.5,40.25,41.75,41.0,41.25,0.1,6.3e-07,316400.0
2016-01-14,KCB,KCB Group Plc,33.75,55.5,39.0,41.0,39.75,41.0,-0.05,3.1e-07,4295800.0
2016-01-15,KCB,KCB Group Plc,33.75,55.5,39.75,41.0,39.75,39.75,0.0,0.0,977300.0
2016-01-18,KCB,KCB Group Plc,33.75,55.5,39.0,41.0,39.5,39.75,0.05,3.1e-07,396900.0
2016-01-19,KCB,KCB Group Plc,33.75,55.5,37.75,39.75,38.5,39.5,0.0,0.0,686800.0
2016-01-20,KCB,KCB Group Plc,33.75,55.5,37.0,39.0,37.5,38.5,-0.35,2.17e-06,6935800.0
2016-01-21,KCB,KCB Group Plc,33.75,55.5,37.25,39.0,37.5,37.5,-0.5,3.17e-06,3267900.0
2016-01-22,KCB,KCB Group Plc,33.75,55.5,38.0,39.0,38.5,37.5,-0.15,9.8e-07,2461700.0
2016-01-25,KCB,KCB Group Plc,33.75,55.5,38.5,39.0,38.5,38.5,0.15,9.8999999999999e-07,24365900.0
2016-01-26,KCB,KCB Group Plc,33.75,55.5,38.0,39.0,38.25,38.5,0.0,0.0,919600.0
2016-01-27,KCB,KCB Group Plc,33.75,55.5,38.0,39.0,38.0,38.25,-0.1,6.6e-07,2780600.0
2016-01-28,KCB,KCB Group Plc,33.75,55.5,37.5,38.5,38.0,38.0,0.0,0.0,3718200.0
2016-01-29,KCB,KCB Group Plc,33.75,55.5,38.0,38.75,38.25,38.0,0.0,0.0,4915300.0
2016-02-02,KCB,KCB Group Plc,33.75,55.5,38.0,38.5,38.0,38.25,0.85,5.61e-06,11347000.0
2016-02-03,KCB,KCB Group Plc,33.75,55.5,38.25,39.0,38.5,38.0,0.65,4.059999999999999e-06,3298700.0
2016-02-04,KCB,KCB Group Plc,33.75,55.5,38.75,40.25,39.0,38.5,-0.4,2.4e-06,2196400.0
2016-02-05,KCB,KCB Group Plc,33.75,55.5,39.75,40.5,40.0,39.0,-0.05,3.1e-07,7289900.0
2016-02-08,KCB,KCB Group Plc,33.75,55.5,39.75,41.0,40.25,40.0,-0.05,3.1e-07,181300.0
2016-02-09,KCB,KCB Group Plc,33.75,55.5,39.5,41.25,40.0,40.25,-0.15,9.3e-07,742700.0
2016-02-10,KCB,KCB Group Plc,33.75,55.5,39.75,40.0,39.75,40.0,-0.25,1.5599999999999999e-06,929500.0
2016-02-11,KCB,KCB Group Plc,33.75,55.5,39.25,40.0,39.5,39.75,-0.15,9.499999999999999e-07,1610900.0
2016-02-12,KCB,KCB Group Plc,33.75,55.5,39.5,40.0,39.5,39.5,0.2,1.28e-06,1845200.0
2016-02-15,KCB,KCB Group Plc,33.75,55.5,39.75,40.0,39.75,39.5,-0.05,3.2e-07,922200.0
2016-02-16,KCB,KCB Group Plc,33.75,55.5,39.5,40.25,39.75,39.75,-0.05,3.2e-07,3850800.0
2016-02-17,KCB,KCB Group Plc,33.75,55.5,39.5,40.0,39.75,39.75,-0.15,9.6e-07,2144500.0
2016-02-18,KCB,KCB Group Plc,33.75,55.5,39.5,40.0,39.5,39.75,0.05,3.2e-07,427200.0
2016-02-19,KCB,KCB Group Plc,33.75,55.5,39.5,40.0,39.5,39.5,0.25,1.6000000000000001e-06,3037800.0
2016-02-22,KCB,KCB Group Plc,33.75,55.5,39.25,40.0,39.5,39.5,-0.15,9.499999999999999e-07,327400.0
2016-02-23,KCB,KCB Group Plc,33.75,55.5,39.5,40.0,39.75,39.5,0.25,1.5900000000000002e-06,420200.0
2016-02-24,KCB,KCB Group Plc,33.75,55.5,39.25,39.75,39.5,39.75,0.05,3.1e-07,1180500.0
2016-02-25,KCB,KCB Group Plc,33.75,55.5,39.5,40.0,39.75,39.5,0.0,0.0,2723200.0
2016-02-26,KCB,KCB Group Plc,33.75,55.5,39.5,41.0,40.0,39.75,0.1,6.3e-07,1012700.0
2016-02-29,KCB,KCB Group Plc,33.75,55.5,39.0,41.0,39.75,40.0,0.1,6.2e-07,1917900.0
2016-03-01,KCB,KCB Group Plc,33.75,55.5,39.0,41.0,39.5,39.75,-0.05,3.1e-07,1976400.0
2016-03-02,KCB,KCB Group Plc,33.75,55.5,40.0,41.0,40.75,39.5,0.4,2.48e-06,3982200.0
2016-03-03,KCB,KCB Group Plc,33.75,55.5,40.75,41.75,40.75,40.75,0.35,2.10999999999999e-06,4668400.0
2016-03-04,KCB,KCB Group Plc,33.75,55.5,41.25,42.0,41.75,40.75,0.05,3e-07,913400.0
2016-03-07,KCB,KCB Group Plc,33.75,55.5,41.0,42.0,41.25,41.75,0.05,2.9e-07,482500.0
2016-03-08,KCB,KCB Group Plc,33.75,55.5,41.0,41.5,41.0,41.25,-0.5,2.94e-06,9294100.0
2016-03-09,KCB,KCB Group Plc,33.75,55.5,41.0,41.5,41.0,41.0,-0.05,3e-07,4460000.0
2016-03-10,KCB,KCB Group Plc,33.75,55.5,40.5,41.5,40.5,41.0,-0.2,1.21999999999999e-06,351900.0
2016-03-11,KCB,KCB Group Plc,33.75,55.5,40.25,41.0,40.5,40.5,0.05,3.1e-07,127200.0
2016-03-14,KCB,KCB Group Plc,33.75,55.5,40.5,41.5,41.0,40.5,0.15,9.2e-07,3509600.0
2016-03-15,KCB,KCB Group Plc,33.75,55.5,40.75,41.5,41.0,41.0,-0.1,6.099999999999899e-07,4031400.0
2016-03-16,KCB,KCB Group Plc,33.75,55.5,41.0,41.5,41.0,41.0,0.05,3.1e-07,1447100.0
2016-03-17,KCB,KCB Group Plc,33.75,55.5,41.0,42.0,41.25,41.0,0.05,3e-07,3432700.0
2016-03-18,KCB,KCB Group Plc,33.75,55.5,41.0,42.0,41.25,41.25,0.05,3e-07,5973900.0
2016-03-21,KCB,KCB Group Plc,33.75,55.5,41.0,41.5,41.25,41.25,-0.05,3e-07,1766600.0
2016-03-22,KCB,KCB Group Plc,33.75,55.5,41.0,41.5,41.0,41.25,0.3,1.8200000000000002e-06,5904400.0
2016-03-23,KCB,KCB Group Plc,33.75,55.5,41.0,42.0,41.25,41.0,0.1,6e-07,2887300.0
2016-03-24,KCB,KCB Group Plc,33.75,55.5,41.5,42.5,42.0,41.25,0.05,3e-07,433000.0
2016-03-29,KCB,KCB Group Plc,33.75,55.5,41.5,42.75,42.0,42.0,-0.1,5.9e-07,713500.0
2016-03-30,KCB,KCB Group Plc,33.75,55.5,41.25,42.0,41.5,42.0,-0.1,6e-07,778100.0
2016-03-31,KCB,KCB Group Plc,33.75,55.5,41.25,42.0,41.5,41.5,0.2,1.2e-06,2037300.0
2016-04-01,KCB,KCB Group Plc,33.75,55.5,41.5,42.0,41.75,41.5,-0.05,3e-07,763800.0
2016-04-04,KCB,KCB Group Plc,33.75,55.5,41.5,42.25,41.75,41.75,-0.05,3e-07,175000.0
2016-04-05,KCB,KCB Group Plc,33.75,55.5,41.75,43.0,41.75,41.75,-0.05,3e-07,2984800.0
2016-04-06,KCB,KCB Group Plc,33.75,55.5,42.0,43.0,42.25,41.75,0.0,0.0,183200.0
2016-04-07,KCB,KCB Group Plc,33.75,55.5,42.0,43.0,42.5,42.25,0.0,0.0,521700.0
2016-04-08,KCB,KCB Group Plc,33.75,55.5,42.0,43.0,42.0,42.5,0.0,0.0,2191000.0
2016-04-11,KCB,KCB Group Plc,33.75,55.5,42.0,42.75,42.0,42.0,-0.05,3e-07,3488600.0
2016-04-12,KCB,KCB Group Plc,33.75,55.5,42.5,43.0,42.5,42.0,0.0,0.0,3167100.0
2016-04-13,KCB,KCB Group Plc,33.75,55.5,42.25,43.0,42.5,42.5,0.0,0.0,5472600.0
2016-04-14,KCB,KCB Group Plc,33.75,55.5,42.5,43.25,42.75,42.5,0.25,1.4999999999999998e-06,754100.0
2016-04-15,KCB,KCB Group Plc,33.75,55.5,42.5,43.25,42.75,42.75,0.15,8.800000000000002e-07,1992600.0
2016-04-18,KCB,KCB Group Plc,33.75,55.5,42.0,43.0,42.75,42.75,0.05,2.9e-07,1381100.0
2016-04-19,KCB,KCB Group Plc,33.75,55.5,42.25,43.0,42.5,42.75,0.15,8.7e-07,604300.0
2016-04-20,KCB,KCB Group Plc,33.75,55.5,42.5,43.5,42.75,42.5,0.15,8.7e-07,3026100.0
2016-04-21,KCB,KCB Group Plc,33.75,55.5,42.5,43.5,42.75,42.75,-0.05,2.9e-07,2000000.0
2016-04-22,KCB,KCB Group Plc,33.75,55.5,42.5,43.0,42.5,42.75,-0.3,1.72e-06,210400.0
2016-04-25,KCB,KCB Group Plc,33.75,55.5,42.5,42.75,42.5,42.5,-0.15,8.800000000000002e-07,674100.0
2016-04-26,KCB,KCB Group Plc,33.75,55.5,42.0,42.75,42.0,42.5,-0.05,2.9e-07,1632600.0
2016-04-27,KCB,KCB Group Plc,33.75,55.5,39.0,42.5,41.75,42.0,0.05,3e-07,539900.0
2016-04-28,KCB,KCB Group Plc,33.75,55.5,41.25,42.0,41.5,41.75,0.15,8.800000000000002e-07,3235400.0
2016-04-29,KCB,KCB Group Plc,33.75,55.5,41.0,41.75,41.5,41.5,0.0,0.0,1320100.0
2016-05-03,KCB,KCB Group Plc,33.75,55.5,40.75,42.0,41.5,41.5,-0.15,8.800000000000002e-07,2006300.0
2016-05-04,KCB,KCB Group Plc,33.75,55.5,39.0,40.0,39.25,41.5,-0.05,2.9e-07,1707300.0
2016-05-05,KCB,KCB Group Plc,33.75,55.5,36.0,39.5,38.75,39.25,0.0,0.0,887800.0
2016-05-06,KCB,KCB Group Plc,33.75,55.5,39.0,41.0,39.75,38.75,0.0,0.0,617300.0
2016-05-09,KCB,KCB Group Plc,33.75,55.5,39.5,40.0,39.5,39.75,0.0,0.0,257400.0
2016-05-10,KCB,KCB Group Plc,33.75,55.5,39.5,41.0,40.0,39.5,0.05,3e-07,2780300.0
2016-05-11,KCB,KCB Group Plc,33.75,55.5,40.5,41.0,40.5,40.0,0.15,8.800000000000002e-07,1204300.0
2016-05-12,KCB,KCB Group Plc,33.75,55.5,40.75,42.25,41.75,40.5,0.15,8.800000000000002e-07,1258400.0
2016-05-13,KCB,KCB Group Plc,33.75,55.5,41.5,42.5,41.75,41.75,0.05,2.9e-07,3600300.0
2016-05-16,KCB,KCB Group Plc,33.75,55.5,41.25,42.0,41.5,41.75,0.05,2.9e-07,332700.0
2016-05-17,KCB,KCB Group Plc,33.75,55.5,41.0,41.5,41.0,41.5,-0.2,1.15e-06,454100.0
2016-05-18,KCB,KCB Group Plc,33.75,55.5,41.0,41.75,41.25,41.0,0.0,0.0,3679500.0
2016-05-19,KCB,KCB Group Plc,33.75,55.5,40.5,41.75,41.0,41.25,0.15,8.7e-07,1758700.0
2016-05-20,KCB,KCB Group Plc,33.75,55.5,40.5,41.0,40.75,41.0,0.05,2.9e-07,893900.0
2016-05-23,KCB,KCB Group Plc,33.75,55.5,40.5,41.0,40.75,40.75,-0.15,8.6e-07,2706900.0
2016-05-24,KCB,KCB Group Plc,33.75,55.5,40.5,41.0,40.5,40.75,0.1,5.8e-07,760900.0
2016-05-25,KCB,KCB Group Plc,33.75,55.5,38.5,40.75,39.25,40.5,-0.05,2.9e-07,3436700.0
2016-05-26,KCB,KCB Group Plc,33.75,55.5,39.5,40.0,39.75,39.25,-0.05,2.9e-07,1169300.0
2016-05-27,KCB,KCB Group Plc,33.75,55.5,39.0,40.0,39.5,39.75,-0.1,5.8e-07,3085400.0
2016-05-30,KCB,KCB Group Plc,33.75,55.5,38.75,39.5,39.0,39.5,-0.05,2.9e-07,462600.0
2016-05-31,KCB,KCB Group Plc,33.75,55.5,38.0,39.5,38.75,39.0,-0.05,2.9e-07,1261700.0
2016-06-02,KCB,KCB Group Plc,33.75,55.5,37.0,41.0,38.25,38.75,0.0,0.0,4900200.0
2016-06-03,KCB,KCB Group Plc,33.75,55.5,37.0,38.5,37.25,38.25,-0.05,2.9e-07,812400.0
2016-06-06,KCB,KCB Group Plc,33.75,55.5,37.0,38.25,37.5,37.25,0.2,1.18e-06,2240100.0
2016-06-07,KCB,KCB Group Plc,33.75,55.5,36.5,37.75,37.0,37.5,0.3,1.7500000000000002e-06,2506900.0
2016-06-08,KCB,KCB Group Plc,33.75,55.5,36.5,38.25,36.5,37.0,0.45,2.58e-06,1837500.0
2016-06-09,KCB,KCB Group Plc,33.75,55.5,36.0,37.5,36.0,36.5,0.35,1.96e-06,4328900.0
2016-06-10,KCB,KCB Group Plc,33.75,55.5,36.0,37.0,36.25,36.0,0.0,0.0,1800400.0
2016-06-13,KCB,KCB Group Plc,33.75,55.5,36.0,36.75,36.0,36.25,-0.1,5.499999999999999e-07,487900.0
2016-06-14,KCB,KCB Group Plc,33.75,55.5,35.5,36.25,35.5,36.0,-0.05,2.8e-07,3759000.0
2016-06-15,KCB,KCB Group Plc,33.75,55.5,35.0,36.0,35.25,35.5,0.2,1.0999999999999998e-06,1897400.0
2016-06-16,KCB,KCB Group Plc,33.75,55.5,35.25,36.0,35.5,35.25,0.3,1.63999999999999e-06,584100.0
2016-06-17,KCB,KCB Group Plc,33.75,55.5,34.75,36.0,35.0,35.5,0.1,5.4e-07,7962400.0
2016-06-20,KCB,KCB Group Plc,33.75,55.5,35.0,35.75,35.25,35.0,0.0,0.0,345000.0
2016-06-21,KCB,KCB Group Plc,33.75,55.5,34.75,35.5,35.0,35.25,-0.3,1.6000000000000001e-06,8232300.0
2016-06-22,KCB,KCB Group Plc,33.75,55.5,34.75,35.0,34.75,35.0,-0.4,2.17e-06,1228900.0
2016-06-23,KCB,KCB Group Plc,33.75,55.5,34.75,35.0,34.75,34.75,-0.1,5.6e-07,805200.0
2016-06-24,KCB,KCB Group Plc,33.75,55.5,34.5,35.0,34.5,34.75,-0.45,2.50999999999999e-06,376500.0
2016-06-27,KCB,KCB Group Plc,33.75,55.5,31.5,34.75,34.0,34.5,-0.15,8.6e-07,2251300.0
2016-06-28,KCB,KCB Group Plc,33.75,55.5,33.5,34.75,33.75,34.0,-0.2,1.16e-06,922500.0
2016-06-29,KCB,KCB Group Plc,33.75,55.5,33.5,34.0,33.75,33.75,0.0,0.0,6237500.0
2016-06-30,KCB,KCB Group Plc,33.75,55.5,33.0,34.5,33.75,33.75,0.65,3.7999999999999996e-06,478400.0
2016-07-01,KCB,KCB Group Plc,33.75,55.5,33.5,34.0,33.75,33.75,-0.2,1.13e-06,1611800.0
2016-07-04,KCB,KCB Group Plc,33.75,55.5,33.0,34.0,33.5,33.75,-0.1,5.699999999999899e-07,5034800.0
2016-07-05,KCB,KCB Group Plc,33.75,55.5,33.75,34.0,33.75,33.5,-0.15,8.6e-07,54300.0
2016-07-06,KCB,KCB Group Plc,33.75,55.5,33.5,34.25,33.5,33.75,0.25,1.44999999999999e-06,661300.0
2016-07-08,KCB,KCB Group Plc,33.75,55.5,33.25,34.0,33.25,33.5,0.0,0.0,2801800.0
2016-07-11,KCB,KCB Group Plc,33.75,55.5,32.5,33.5,33.0,33.25,-0.1,5.699999999999899e-07,1196400.0
2016-07-12,KCB,KCB Group Plc,33.75,55.5,31.0,33.0,32.0,33.0,-0.2,1.15e-06,2429300.0
2016-07-13,KCB,KCB Group Plc,33.75,55.5,32.0,33.0,32.75,32.0,0.05,2.9e-07,3121000.0
2016-07-14,KCB,KCB Group Plc,33.75,55.5,32.0,33.0,32.25,32.75,0.05,2.9e-07,3394600.0
2016-07-15,KCB,KCB Group Plc,33.75,55.5,32.0,32.75,32.25,32.25,-0.05,2.9e-07,1216800.0
2016-07-18,KCB,KCB Group Plc,33.75,55.5,31.75,32.75,32.0,32.25,-0.05,2.9e-07,172500.0
2016-07-19,KCB,KCB Group Plc,33.75,55.5,32.25,33.0,32.25,32.0,0.4,2.32e-06,749300.0
2016-07-20,KCB,KCB Group Plc,33.75,55.5,32.25,33.0,32.25,32.25,0.35,1.97999999999999e-06,1539300.0
2016-07-21,KCB,KCB Group Plc,33.75,55.5,32.0,32.5,32.25,32.25,0.1,5.6e-07,738300.0
2016-07-22,KCB,KCB Group Plc,33.75,55.5,32.25,33.0,32.5,32.25,-0.1,5.499999999999999e-07,390600.0
2016-07-25,KCB,KCB Group Plc,33.75,55.5,32.25,32.75,32.25,32.5,0.1,5.6e-07,917400.0
2016-07-26,KCB,KCB Group Plc,33.75,55.5,32.5,33.0,32.75,32.25,0.75,4.14e-06,526000.0
2016-07-27,KCB,KCB Group Plc,33.75,55.5,32.5,33.0,32.5,32.75,0.0,0.0,2200300.0
2016-07-28,KCB,KCB Group Plc,33.75,55.5,31.75,32.75,32.25,32.5,0.05,2.7e-07,2392500.0
2016-07-29,KCB,KCB Group Plc,33.75,55.5,31.75,32.25,32.0,32.25,0.15,7.900000000000001e-07,676700.0
2016-08-01,KCB,KCB Group Plc,33.75,55.5,32.0,32.25,32.0,32.0,0.35,1.84e-06,181300.0
2016-08-02,KCB,KCB Group Plc,33.75,55.5,31.75,32.5,31.75,32.0,0.6,3.08999999999999e-06,2369700.0
2016-08-03,KCB,KCB Group Plc,33.75,55.5,31.25,32.0,31.5,31.75,0.25,1.25e-06,626600.0
2016-08-04,KCB,KCB Group Plc,33.75,55.5,31.0,32.25,31.5,31.5,-0.6,2.9600000000000005e-06,1405500.0
2016-08-05,KCB,KCB Group Plc,33.75,55.5,31.5,32.5,32.0,31.5,0.15,7.6e-07,2036700.0
2016-08-08,KCB,KCB Group Plc,33.75,55.5,32.0,33.0,32.25,32.0,-0.1,5.100000000000001e-07,433700.0
2016-08-09,KCB,KCB Group Plc,33.75,55.5,32.25,32.75,32.5,32.25,0.05,2.5e-07,1753800.0
2016-08-10,KCB,KCB Group Plc,33.75,55.5,32.5,32.75,32.5,32.5,0.1,5.100000000000001e-07,1593200.0
2016-08-11,KCB,KCB Group Plc,33.75,55.5,32.5,33.0,32.5,32.5,0.05,2.5e-07,1890700.0
2016-08-12,KCB,KCB Group Plc,33.75,55.5,32.25,32.75,32.5,32.5,0.1,5e-07,1348700.0
2016-08-15,KCB,KCB Group Plc,33.75,55.5,32.5,32.75,32.5,32.5,0.25,1.25e-06,664800.0
2016-08-16,KCB,KCB Group Plc,33.75,55.5,32.5,32.75,32.5,32.5,0.75,3.7e-06,821200.0
2016-08-17,KCB,KCB Group Plc,33.75,55.5,32.5,33.0,32.5,32.5,0.25,1.18999999999999e-06,8740500.0
2016-08-18,KCB,KCB Group Plc,33.75,55.5,32.5,33.0,32.75,32.5,0.0,0.0,11780400.0
2016-08-19,KCB,KCB Group Plc,33.75,55.5,32.5,33.0,32.5,32.75,-0.25,1.18e-06,1051200.0
2016-08-22,KCB,KCB Group Plc,33.75,55.5,32.0,32.75,32.25,32.5,-0.25,1.18999999999999e-06,2358300.0
2016-08-23,KCB,KCB Group Plc,33.75,55.5,32.25,33.0,32.5,32.25,0.5,2.4100000000000002e-06,1252300.0
2016-08-24,KCB,KCB Group Plc,33.75,55.5,32.5,33.0,32.75,32.5,0.0,0.0,4125600.0
2016-08-25,KCB,KCB Group Plc,33.75,55.5,29.5,31.0,30.0,32.75,-1.25,5.88e-06,135000.0
2016-08-26,KCB,KCB Group Plc,33.75,55.5,27.0,27.0,27.0,30.0,-0.35,1.7500000000000002e-06,41600.0
2016-08-29,KCB,KCB Group Plc,33.75,55.5,24.5,25.0,24.5,27.0,0.3,1.53e-06,18783800.0
2016-08-30,KCB,KCB Group Plc,33.75,55.5,22.5,26.75,25.5,24.5,0.0,0.0,12438300.0
2016-08-31,KCB,KCB Group Plc,33.75,55.5,26.5,28.0,27.75,25.5,0.05,2.5e-07,24456700.0
2016-09-01,KCB,KCB Group Plc,33.75,55.5,26.25,27.0,26.5,27.75,0.0,0.0,11282500.0
2016-09-02,KCB,KCB Group Plc,33.75,55.5,26.25,27.0,26.5,26.5,-0.05,2.5e-07,19454700.0
2016-09-05,KCB,KCB Group Plc,33.75,55.5,26.25,26.5,26.25,26.5,-1.55,7.76999999999999e-06,716700.0
2016-09-06,KCB,KCB Group Plc,33.75,55.5,26.0,26.5,26.25,26.25,0.4,2.17e-06,2975000.0
2016-09-07,KCB,KCB Group Plc,33.75,55.5,26.0,27.0,26.75,26.25,0.2,1.06e-06,1278300.0
2016-09-08,KCB,KCB Group Plc,33.75,55.5,26.75,27.75,27.0,26.75,0.0,0.0,8256800.0
2016-09-09,KCB,KCB Group Plc,33.75,55.5,27.5,29.0,28.25,27.0,0.0,0.0,450100.0
2016-09-13,KCB,KCB Group Plc,33.75,55.5,27.0,29.0,27.5,28.25,-0.05,2.6e-07,441000.0
2016-09-14,KCB,KCB Group Plc,33.75,55.5,27.0,28.0,27.5,27.5,-0.05,2.6e-07,4204800.0
2016-09-15,KCB,KCB Group Plc,33.75,55.5,26.25,27.5,26.5,27.5,0.0,0.0,3647100.0
2016-09-16,KCB,KCB Group Plc,33.75,55.5,26.25,27.0,26.25,26.5,0.0,0.0,1659500.0
2016-09-19,KCB,KCB Group Plc,33.75,55.5,26.25,27.5,26.5,26.25,0.1,5.3e-07,570300.0
2016-09-20,KCB,KCB Group Plc,33.75,55.5,25.75,26.75,26.0,26.5,0.15,7.900000000000001e-07,4847300.0
2016-09-21,KCB,KCB Group Plc,33.75,55.5,25.5,26.25,25.75,26.0,0.15,7.799999999999999e-07,1024700.0
2016-09-22,KCB,KCB Group Plc,33.75,55.5,25.75,26.0,25.75,25.75,0.1,5.2e-07,1675100.0
2016-09-23,KCB,KCB Group Plc,33.75,55.5,25.5,26.0,25.75,25.75,0.0,0.0,590000.0
2016-09-26,KCB,KCB Group Plc,33.75,55.5,25.0,25.75,25.25,25.75,0.1,5.2e-07,3060400.0
2016-09-27,KCB,KCB Group Plc,33.75,55.5,25.0,25.5,25.25,25.25,0.15,7.7e-07,577800.0
2016-09-28,KCB,KCB Group Plc,33.75,55.5,25.0,27.0,25.5,25.25,0.3,1.53e-06,3206900.0
2016-09-29,KCB,KCB Group Plc,33.75,55.5,26.5,27.5,27.0,25.5,-0.1,5e-07,4118700.0
2016-09-30,KCB,KCB Group Plc,33.75,55.5,27.5,28.5,28.0,27.0,0.1,5e-07,739400.0
2016-10-03,KCB,KCB Group Plc,33.75,55.5,28.5,30.5,29.25,28.0,0.05,2.5e-07,3318200.0
2016-10-04,KCB,KCB Group Plc,33.75,55.5,28.5,29.75,29.0,29.25,0.0,0.0,2417500.0
2016-10-05,KCB,KCB Group Plc,33.75,55.5,28.25,29.5,28.75,29.0,0.0,0.0,109000.0
2016-10-06,KCB,KCB Group Plc,33.75,55.5,27.5,29.5,28.25,28.75,-0.05,2.5e-07,935700.0
2016-10-07,KCB,KCB Group Plc,33.75,55.5,27.5,28.25,27.75,28.25,0.05,2.5e-07,392100.0
2016-10-10,KCB,KCB Group Plc,33.75,55.5,27.5,28.5,27.75,27.75,0.25,1.25e-06,554700.0
2016-10-11,KCB,KCB Group Plc,33.75,55.5,26.0,29.0,27.0,27.75,-0.25,1.23e-06,1460600.0
2016-10-12,KCB,KCB Group Plc,33.75,55.5,27.0,28.0,27.0,27.0,-0.1,5e-07,6492300.0
2016-10-13,KCB,KCB Group Plc,33.75,55.5,27.0,28.0,27.0,27.0,0.0,0.0,192800.0
2016-10-14,KCB,KCB Group Plc,33.75,55.5,26.75,27.75,27.0,27.0,0.05,2.5e-07,8585300.0
2016-10-17,KCB,KCB Group Plc,33.75,55.5,27.0,27.5,27.0,27.0,-0.1,5e-07,160400.0
2016-10-18,KCB,KCB Group Plc,33.75,55.5,27.0,27.5,27.25,27.0,-0.1,5e-07,141200.0
2016-10-19,KCB,KCB Group Plc,33.75,55.5,27.25,29.0,27.25,27.25,-0.05,2.5e-07,1025100.0
2016-10-21,KCB,KCB Group Plc,33.75,55.5,27.25,27.5,27.25,27.25,0.0,0.0,3355000.0
2016-10-24,KCB,KCB Group Plc,33.75,55.5,27.25,27.5,27.25,27.25,0.3,1.52e-06,300700.0
2016-10-25,KCB,KCB Group Plc,33.75,55.5,27.0,27.5,27.25,27.25,0.0,0.0,451300.0
2016-10-26,KCB,KCB Group Plc,33.75,55.5,27.0,27.5,27.0,27.25,-0.05,2.5e-07,1101200.0
2016-10-27,KCB,KCB Group Plc,33.75,55.5,27.25,27.5,27.25,27.0,0.0,0.0,2427100.0
2016-10-28,KCB,KCB Group Plc,33.75,55.5,27.0,27.5,27.0,27.25,-0.05,2.5e-07,230800.0
2016-10-31,KCB,KCB Group Plc,33.75,55.5,27.0,27.5,27.25,27.0,-0.1,5e-07,5752500.0
2016-11-01,KCB,KCB Group Plc,33.75,55.5,27.25,28.0,27.5,27.25,0.45,2.2700000000000003e-06,1012000.0
2016-11-02,KCB,KCB Group Plc,33.75,55.5,27.5,28.0,27.75,27.5,0.5,2.47e-06,604600.0
2016-11-04,KCB,KCB Group Plc,33.75,55.5,28.25,29.0,28.75,27.75,0.5,2.4100000000000002e-06,347400.0
2016-11-07,KCB,KCB Group Plc,33.75,55.5,28.25,29.5,28.75,28.75,-0.25,1.18e-06,1717400.0
2016-11-08,KCB,KCB Group Plc,33.75,55.5,28.75,29.5,29.0,28.75,-0.25,1.18999999999999e-06,757300.0
2016-11-09,KCB,KCB Group Plc,33.75,55.5,28.5,29.5,28.5,29.0,-0.5,2.4100000000000002e-06,1089500.0
2016-11-10,KCB,KCB Group Plc,33.75,55.5,28.5,30.0,28.75,28.5,0.5,2.47e-06,3729200.0
2016-11-11,KCB,KCB Group Plc,33.75,55.5,29.0,30.25,29.75,28.75,0.0,0.0,2971100.0
2016-11-14,KCB,KCB Group Plc,33.75,55.5,30.0,31.0,30.5,29.75,-0.5,2.4100000000000002e-06,1751800.0
2016-11-15,KCB,KCB Group Plc,33.75,55.5,30.25,31.25,30.75,30.5,0.0,0.0,1053800.0
2016-11-16,KCB,KCB Group Plc,33.75,55.5,30.5,31.0,30.5,30.75,0.25,1.23e-06,560800.0
2016-11-17,KCB,KCB Group Plc,33.75,55.5,30.75,31.0,30.75,30.5,0.0,0.0,1438400.0
2016-11-18,KCB,KCB Group Plc,33.75,55.5,30.75,31.0,30.75,30.75,-0.5,2.43999999999999e-06,1989400.0
2016-11-21,KCB,KCB Group Plc,33.75,55.5,30.5,31.0,30.5,30.75,-0.05,2.5e-07,878800.0
2016-11-22,KCB,KCB Group Plc,33.75,55.5,30.5,30.75,30.5,30.5,0.0,0.0,2281100.0
2016-11-23,KCB,KCB Group Plc,33.75,55.5,30.25,30.75,30.5,30.5,0.05,2.5e-07,95300.0
2016-11-24,KCB,KCB Group Plc,33.75,55.5,30.5,31.0,30.5,30.5,-0.05,2.5e-07,279100.0
2016-11-25,KCB,KCB Group Plc,33.75,55.5,30.25,30.75,30.5,30.5,-0.05,2.5e-07,1781400.0
2016-11-28,KCB,KCB Group Plc,33.75,55.5,30.25,30.75,30.5,30.5,-0.05,2.5e-07,4335900.0
2016-11-29,KCB,KCB Group Plc,33.75,55.5,30.25,30.75,30.25,30.5,-0.05,2.5e-07,90800.0
2016-11-30,KCB,KCB Group Plc,33.75,55.5,30.0,30.5,30.0,30.25,0.1,5.100000000000001e-07,3164400.0
2016-12-01,KCB,KCB Group Plc,33.75,55.5,29.5,30.5,29.75,30.0,0.05,2.5e-07,112400.0
2016-12-02,KCB,KCB Group Plc,33.75,55.5,29.75,30.0,29.75,29.75,0.0,0.0,521800.0
2016-12-05,KCB,KCB Group Plc,33.75,55.5,28.75,29.5,29.0,29.75,-0.05,2.5e-07,51000.0
2016-12-06,KCB,KCB Group Plc,33.75,55.5,27.5,29.5,28.0,29.0,-0.1,5e-07,1573000.0
2016-12-07,KCB,KCB Group Plc,33.75,55.5,28.0,30.0,28.5,28.0,-0.1,5.100000000000001e-07,237700.0
2016-12-08,KCB,KCB Group Plc,33.75,55.5,28.0,29.0,28.25,28.5,-0.35,1.78e-06,2909100.0
2016-12-09,KCB,KCB Group Plc,33.75,55.5,28.0,29.0,28.25,28.25,-0.35,1.81e-06,243800.0
2016-12-13,KCB,KCB Group Plc,33.75,55.5,27.5,28.5,28.0,28.25,-0.1,5.3e-07,2354300.0
2016-12-14,KCB,KCB Group Plc,33.75,55.5,28.0,28.5,28.0,28.0,0.0,0.0,313700.0
2016-12-15,KCB,KCB Group Plc,33.75,55.5,28.0,28.5,28.0,28.0,-0.15,7.900000000000001e-07,760500.0
2016-12-16,KCB,KCB Group Plc,33.75,55.5,28.25,29.0,28.25,28.0,0.0,0.0,76200.0
2016-12-19,KCB,KCB Group Plc,33.75,55.5,28.0,28.75,28.25,28.25,0.25,1.3299999999999998e-06,271700.0
2016-12-20,KCB,KCB Group Plc,33.75,55.5,28.25,28.75,28.5,28.25,0.0,0.0,3683000.0
2016-12-21,KCB,KCB Group Plc,33.75,55.5,28.25,29.0,28.5,28.5,0.0,0.0,6431600.0
2016-12-22,KCB,KCB Group Plc,33.75,55.5,28.25,28.5,28.25,28.5,0.45,2.3699999999999998e-06,289800.0
2016-12-23,KCB,KCB Group Plc,33.75,55.5,28.25,28.75,28.25,28.25,0.05,2.6e-07,5655300.0
2016-12-28,KCB,KCB Group Plc,33.75,55.5,28.25,28.75,28.25,28.25,-0.25,1.28e-06,1010700.0
2016-12-29,KCB,KCB Group Plc,33.75,55.5,28.5,29.0,28.5,28.25,-0.2,1.04e-06,161600.0
2016-12-30,KCB,KCB Group Plc,33.75,55.5,28.5,29.25,28.75,28.5,0.05,2.6e-07,62900.0
2017-01-03,KCB,KCB Group Plc,33.75,55.5,28.75,29.25,29.0,28.75,-0.1,5.2e-07,1580800.0
2017-01-04,KCB,KCB Group Plc,33.75,55.5,29.0,29.5,29.25,29.0,-0.05,2.6e-07,3662300.0
2017-01-05,KCB,KCB Group Plc,33.75,55.5,28.5,29.25,28.75,29.25,-0.15,7.900000000000001e-07,3330100.0
2017-01-06,KCB,KCB Group Plc,33.75,55.5,27.25,28.75,27.75,28.75,-0.2,1.06e-06,3180400.0
2017-01-09,KCB,KCB Group Plc,33.75,55.5,27.0,28.0,27.25,27.75,-0.1,5.4e-07,3692800.0
2017-01-10,KCB,KCB Group Plc,33.75,55.5,27.25,28.0,27.25,27.25,-0.3,1.6199999999999997e-06,80100.0
2017-01-11,KCB,KCB Group Plc,33.75,55.5,26.75,27.5,27.0,27.25,-0.2,1.0999999999999998e-06,2974400.0
2017-01-12,KCB,KCB Group Plc,33.75,55.5,26.5,27.25,26.5,27.0,-0.05,2.8e-07,354300.0
2017-01-13,KCB,KCB Group Plc,33.75,55.5,26.5,26.75,26.5,26.5,0.0,0.0,2678400.0
2017-01-16,KCB,KCB Group Plc,33.75,55.5,26.5,28.25,26.75,26.5,0.0,0.0,128500.0
2017-01-17,KCB,KCB Group Plc,33.75,55.5,26.75,28.0,27.25,26.75,0.0,0.0,1567200.0
2017-01-18,KCB,KCB Group Plc,33.75,55.5,26.5,27.25,26.75,27.25,0.1,5.6e-07,1098500.0
2017-01-19,KCB,KCB Group Plc,33.75,55.5,26.0,27.0,26.5,26.75,0.1,5.499999999999999e-07,3046400.0
2017-01-20,KCB,KCB Group Plc,33.75,55.5,26.25,27.0,26.5,26.5,0.0,0.0,864900.0
2017-01-23,KCB,KCB Group Plc,33.75,55.5,26.0,26.75,26.5,26.5,0.05,2.8e-07,40600.0
2017-01-24,KCB,KCB Group Plc,33.75,55.5,26.25,27.0,26.25,26.5,0.0,0.0,237900.0
2017-01-25,KCB,KCB Group Plc,33.75,55.5,25.0,26.75,25.75,26.25,0.0,0.0,3339500.0
2017-01-26,KCB,KCB Group Plc,33.75,55.5,24.5,26.0,25.0,25.75,0.05,2.7e-07,282800.0
2017-01-27,KCB,KCB Group Plc,33.75,55.5,23.75,25.0,24.0,25.0,0.1,5.499999999999999e-07,2720200.0
2017-01-30,KCB,KCB Group Plc,33.75,55.5,23.0,24.0,23.25,24.0,0.0,0.0,4412000.0
2017-01-31,KCB,KCB Group Plc,33.75,55.5,23.0,23.75,23.0,23.25,0.15,8.1999999999999e-07,1947800.0
2017-02-01,KCB,KCB Group Plc,33.75,55.5,23.0,24.0,23.25,23.0,0.05,2.7e-07,3562300.0
2017-02-02,KCB,KCB Group Plc,33.75,55.5,23.75,25.0,24.25,23.25,0.0,0.0,351800.0
2017-02-03,KCB,KCB Group Plc,33.75,55.5,24.25,25.0,24.25,24.25,0.1,5.4e-07,3887400.0
2017-02-06,KCB,KCB Group Plc,33.75,55.5,24.5,25.0,24.5,24.25,0.25,1.34e-06,5513300.0
2017-02-07,KCB,KCB Group Plc,33.75,55.5,24.75,26.75,25.25,24.5,-0.25,1.32e-06,368600.0
2017-02-08,KCB,KCB Group Plc,33.75,55.5,25.25,26.75,25.75,25.25,-0.25,1.34e-06,6607200.0
2017-02-09,KCB,KCB Group Plc,33.75,55.5,25.25,26.0,25.75,25.75,0.05,2.7e-07,3124200.0
2017-02-10,KCB,KCB Group Plc,33.75,55.5,25.25,26.0,25.5,25.75,0.0,0.0,440400.0
2017-02-13,KCB,KCB Group Plc,33.75,55.5,25.25,25.75,25.5,25.5,-0.1,5.4e-07,352300.0
2017-02-14,KCB,KCB Group Plc,33.75,55.5,25.0,25.75,25.5,25.5,-0.05,2.7e-07,201500.0
2017-02-15,KCB,KCB Group Plc,33.75,55.5,24.75,25.5,25.0,25.5,-0.1,5.499999999999999e-07,1840300.0
2017-02-16,KCB,KCB Group Plc,33.75,55.5,24.5,25.0,24.75,25.0,0.0,0.0,259300.0
2017-02-17,KCB,KCB Group Plc,33.75,55.5,24.5,25.0,24.5,24.75,-0.15,8.1999999999999e-07,536700.0
2017-02-20,KCB,KCB Group Plc,33.75,55.5,24.0,24.5,24.0,24.5,-0.05,2.8e-07,1719200.0
2017-02-21,KCB,KCB Group Plc,33.75,55.5,24.0,24.75,24.25,24.0,0.0,0.0,225300.0
2017-02-22,KCB,KCB Group Plc,33.75,55.5,24.5,25.5,25.0,24.25,0.0,0.0,503900.0
2017-02-23,KCB,KCB Group Plc,33.75,55.5,25.25,26.75,25.75,25.0,0.0,0.0,842200.0
2017-02-24,KCB,KCB Group Plc,33.75,55.5,25.0,26.5,25.75,25.75,0.05,2.8e-07,6749500.0
2017-02-27,KCB,KCB Group Plc,33.75,55.5,25.5,26.0,25.75,25.75,-0.2,1.11e-06,96800.0
2017-02-28,KCB,KCB Group Plc,33.75,55.5,24.75,26.0,25.25,25.75,-0.1,5.6e-07,323400.0
2017-03-01,KCB,KCB Group Plc,33.75,55.5,25.0,25.75,25.0,25.25,-0.7,3.9399999999999995e-06,205400.0
2017-03-02,KCB,KCB Group Plc,33.75,55.5,25.0,25.5,25.0,25.0,-0.05,2.9e-07,1465900.0
2017-03-03,KCB,KCB Group Plc,33.75,55.5,25.25,26.0,25.5,25.0,-0.1,5.9e-07,1977300.0
2017-03-06,KCB,KCB Group Plc,33.75,55.5,25.5,26.5,25.75,25.5,-0.1,5.9e-07,3259200.0
2017-03-07,KCB,KCB Group Plc,33.75,55.5,26.0,27.0,26.0,25.75,-0.2,1.18999999999999e-06,3393100.0
2017-03-08,KCB,KCB Group Plc,33.75,55.5,26.5,27.5,27.0,26.0,-0.4,2.4100000000000002e-06,1301500.0
2017-03-09,KCB,KCB Group Plc,33.75,55.5,27.75,29.75,28.5,27.0,-0.2,1.23e-06,2674900.0
2017-03-10,KCB,KCB Group Plc,33.75,55.5,29.0,30.5,29.5,28.5,0.9,5.629999999999989e-06,914000.0
2017-03-13,KCB,KCB Group Plc,33.75,55.5,29.75,30.0,29.75,29.5,0.45,2.6599999999999995e-06,3935100.0
2017-03-14,KCB,KCB Group Plc,33.75,55.5,29.5,30.5,29.75,29.75,0.9,5.19e-06,507600.0
2017-03-15,KCB,KCB Group Plc,33.75,55.5,29.25,29.75,29.5,29.75,-0.4,2.1899999999999998e-06,1927400.0
2017-03-16,KCB,KCB Group Plc,33.75,55.5,29.25,30.0,29.25,29.5,-0.3,1.68e-06,978800.0
2017-03-17,KCB,KCB Group Plc,33.75,55.5,29.5,31.0,30.0,29.25,0.35,1.99e-06,3255100.0
2017-03-20,KCB,KCB Group Plc,33.75,55.5,30.5,32.0,31.5,30.0,0.05,2.8e-07,726300.0
2017-03-21,KCB,KCB Group Plc,33.75,55.5,31.5,32.5,31.75,31.5,0.15,8.4e-07,2630600.0
2017-03-22,KCB,KCB Group Plc,33.75,55.5,31.75,32.5,31.75,31.75,0.0,0.0,2079900.0
2017-03-23,KCB,KCB Group Plc,33.75,55.5,31.0,32.0,31.25,31.75,0.25,1.38e-06,452000.0
2017-03-24,KCB,KCB Group Plc,33.75,55.5,31.0,32.0,31.5,31.25,0.1,5.4e-07,2499300.0
2017-03-27,KCB,KCB Group Plc,33.75,55.5,31.75,33.0,32.25,31.5,0.25,1.36e-06,274600.0
2017-03-28,KCB,KCB Group Plc,33.75,55.5,32.0,33.0,32.75,32.25,-0.1,5.3e-07,850600.0
2017-03-29,KCB,KCB Group Plc,33.75,55.5,32.0,34.0,33.0,32.75,-0.55,2.9600000000000005e-06,575000.0
2017-03-30,KCB,KCB Group Plc,33.75,55.5,33.5,35.25,34.25,33.0,-0.1,5.499999999999999e-07,491500.0
2017-03-31,KCB,KCB Group Plc,33.75,55.5,33.0,35.25,34.75,34.25,0.05,2.8e-07,4995500.0
2017-04-03,KCB,KCB Group Plc,33.75,55.5,33.5,34.5,34.0,34.75,0.45,2.5e-06,156700.0
2017-04-04,KCB,KCB Group Plc,33.75,55.5,33.75,35.0,34.0,34.0,-0.15,8.099999999999999e-07,2250000.0
2017-04-05,KCB,KCB Group Plc,33.75,55.5,33.5,34.5,33.75,34.0,0.0,0.0,1749800.0
2017-04-06,KCB,KCB Group Plc,33.75,55.5,33.5,34.25,33.75,33.75,0.3,1.63999999999999e-06,14077200.0
2017-04-07,KCB,KCB Group Plc,33.75,55.5,33.75,34.0,33.75,33.75,0.05,2.7e-07,687400.0
2017-04-10,KCB,KCB Group Plc,33.75,55.5,33.25,34.0,33.5,33.75,0.5,2.68e-06,3019100.0
2017-04-11,KCB,KCB Group Plc,33.75,55.5,33.0,33.75,33.0,33.5,0.1,5.2e-07,2178200.0
2017-04-12,KCB,KCB Group Plc,33.75,55.5,33.0,34.0,33.0,33.0,0.2,1.04e-06,13169700.0
2017-04-13,KCB,KCB Group Plc,33.75,55.5,33.0,34.0,33.0,33.0,0.15,7.7e-07,2480100.0
2017-04-18,KCB,KCB Group Plc,33.75,55.5,33.0,34.5,33.0,33.0,-0.45,2.3e-06,11499400.0
2017-04-19,KCB,KCB Group Plc,33.75,55.5,33.0,34.0,33.25,33.0,0.0,0.0,317400.0
2017-04-20,KCB,KCB Group Plc,33.75,55.5,33.5,34.5,34.0,33.25,0.0,0.0,9182600.0
2017-04-21,KCB,KCB Group Plc,33.75,55.5,33.75,34.75,34.0,34.0,-0.05,2.6e-07,1120900.0
2017-04-24,KCB,KCB Group Plc,33.75,55.5,34.25,34.75,34.25,34.0,0.0,0.0,1319200.0
2017-04-25,KCB,KCB Group Plc,33.75,55.5,30.0,32.5,31.25,34.25,-0.15,7.900000000000001e-07,7347200.0
2017-04-26,KCB,KCB Group Plc,33.75,55.5,31.5,33.0,32.0,31.25,0.0,0.0,8497600.0
2017-04-27,KCB,KCB Group Plc,33.75,55.5,32.0,33.0,32.0,32.0,0.05,2.6e-07,2275400.0
2017-04-28,KCB,KCB Group Plc,33.75,55.5,31.25,32.0,31.5,32.0,0.25,1.32e-06,2140700.0
2017-05-02,KCB,KCB Group Plc,33.75,55.5,31.75,32.0,31.75,31.5,0.25,1.2999999999999998e-06,1396500.0
2017-05-03,KCB,KCB Group Plc,33.75,55.5,32.0,32.75,32.25,31.75,0.1,5.100000000000001e-07,673900.0
2017-05-05,KCB,KCB Group Plc,33.75,55.5,32.5,33.5,33.0,32.25,0.15,7.7e-07,285300.0
2017-05-08,KCB,KCB Group Plc,33.75,55.5,32.5,33.75,33.25,33.0,0.75,3.7999999999999996e-06,6447600.0
2017-05-10,KCB,KCB Group Plc,33.75,55.5,32.5,34.0,33.75,33.25,-0.25,1.23e-06,11200400.0
2017-05-11,KCB,KCB Group Plc,33.75,55.5,32.75,35.0,34.0,33.75,0.5,2.5e-06,208700.0
2017-05-12,KCB,KCB Group Plc,33.75,55.5,34.5,36.0,35.0,34.0,-0.25,1.21999999999999e-06,1306000.0
2017-05-15,KCB,KCB Group Plc,33.75,55.5,34.75,36.0,35.25,35.0,0.0,0.0,164100.0
2017-05-16,KCB,KCB Group Plc,33.75,55.5,35.0,36.75,36.25,35.25,0.0,0.0,7737000.0
2017-05-17,KCB,KCB Group Plc,33.75,55.5,36.25,37.25,36.5,36.25,-0.25,1.23e-06,10687500.0
2017-05-18,KCB,KCB Group Plc,33.75,55.5,36.5,38.0,37.75,36.5,0.25,1.25e-06,1894000.0
2017-05-19,KCB,KCB Group Plc,33.75,55.5,37.25,38.0,37.5,37.75,0.0,0.0,940800.0
2017-05-22,KCB,KCB Group Plc,33.75,55.5,37.5,38.5,37.75,37.5,0.0,0.0,764400.0
2017-05-23,KCB,KCB Group Plc,33.75,55.5,38.0,39.0,38.5,37.75,0.25,1.23e-06,4702800.0
2017-05-24,KCB,KCB Group Plc,33.75,55.5,38.75,40.0,39.5,38.5,0.5,2.43999999999999e-06,897100.0
2017-05-25,KCB,KCB Group Plc,33.75,55.5,39.75,40.5,40.0,39.5,0.5,2.37999999999999e-06,7573200.0
2017-05-26,KCB,KCB Group Plc,33.75,55.5,37.75,40.25,39.0,40.0,0.25,1.16e-06,1031500.0
2017-05-29,KCB,KCB Group Plc,33.75,55.5,37.5,40.0,38.25,39.0,-0.25,1.15e-06,2557200.0
2017-05-30,KCB,KCB Group Plc,33.75,55.5,38.0,39.0,38.5,38.25,-0.5,2.33e-06,651200.0
2017-05-31,KCB,KCB Group Plc,33.75,55.5,37.0,40.5,39.75,38.5,1.25,5.949999999999999e-06,2749400.0
2017-06-02,KCB,KCB Group Plc,33.75,55.5,39.75,41.0,40.0,39.75,0.25,1.12e-06,1392000.0
2017-06-05,KCB,KCB Group Plc,33.75,55.5,40.0,41.25,40.75,40.0,-0.25,1.11e-06,3915700.0
2017-06-06,KCB,KCB Group Plc,33.75,55.5,40.0,40.75,40.0,40.75,-0.25,1.12e-06,361000.0
2017-06-07,KCB,KCB Group Plc,33.75,55.5,40.0,40.25,40.0,40.0,0.25,1.13999999999999e-06,1418100.0
2017-06-08,KCB,KCB Group Plc,33.75,55.5,39.75,40.25,40.0,40.0,0.0,0.0,1369400.0
2017-06-09,KCB,KCB Group Plc,33.75,55.5,39.5,40.5,39.75,40.0,0.5,2.25e-06,1568100.0
2017-06-12,KCB,KCB Group Plc,33.75,55.5,38.25,40.0,38.75,39.75,0.0,0.0,1462600.0
2017-06-13,KCB,KCB Group Plc,33.75,55.5,37.0,39.0,38.25,38.75,0.75,3.3e-06,2642100.0
2017-06-14,KCB,KCB Group Plc,33.75,55.5,37.75,39.0,38.0,38.25,-0.5,2.13e-06,3092000.0
2017-06-15,KCB,KCB Group Plc,33.75,55.5,37.5,38.0,37.75,38.0,0.25,1.09e-06,2216200.0
2017-06-16,KCB,KCB Group Plc,33.75,55.5,36.75,37.75,37.0,37.75,0.25,1.08e-06,270200.0
2017-06-19,KCB,KCB Group Plc,33.75,55.5,36.0,37.75,36.0,37.0,-0.5,2.13e-06,4573900.0
2017-06-20,KCB,KCB Group Plc,33.75,55.5,36.0,38.0,37.0,36.0,-0.25,1.09e-06,3946500.0
2017-06-21,KCB,KCB Group Plc,33.75,55.5,37.25,38.0,37.5,37.0,0.0,0.0,1009600.0
2017-06-22,KCB,KCB Group Plc,33.75,55.5,37.25,38.25,37.5,37.5,0.5,2.1999999999999997e-06,4427200.0
2017-06-23,KCB,KCB Group Plc,33.75,55.5,37.5,38.25,37.75,37.5,-0.25,1.08e-06,2148900.0
2017-06-27,KCB,KCB Group Plc,33.75,55.5,37.5,38.0,37.75,37.75,0.5,2.17e-06,1057300.0
2017-06-28,KCB,KCB Group Plc,33.75,55.5,37.0,38.0,37.0,37.75,-0.5,2.13e-06,251000.0
2017-06-29,KCB,KCB Group Plc,33.75,55.5,37.5,37.75,37.5,37.0,0.0,0.0,176100.0
2017-06-30,KCB,KCB Group Plc,33.75,55.5,37.5,39.0,37.75,37.5,-0.25,1.09e-06,1564800.0
2017-07-03,KCB,KCB Group Plc,33.75,55.5,37.5,38.5,37.75,37.75,0.0,0.0,796800.0
2017-07-04,KCB,KCB Group Plc,33.75,55.5,37.75,38.75,38.0,37.75,0.25,1.0999999999999998e-06,1455400.0
2017-07-06,KCB,KCB Group Plc,33.75,55.5,37.75,38.0,37.75,38.0,-0.25,1.09e-06,235700.0
2017-07-07,KCB,KCB Group Plc,33.75,55.5,37.75,38.25,37.75,37.75,0.25,1.0999999999999998e-06,2575500.0
2017-07-10,KCB,KCB Group Plc,33.75,55.5,37.5,38.0,37.75,37.75,0.0,0.0,82400.0
2017-07-11,KCB,KCB Group Plc,33.75,55.5,37.75,38.5,38.0,37.75,0.0,0.0,1894700.0
2017-07-12,KCB,KCB Group Plc,33.75,55.5,38.0,38.5,38.0,38.0,0.0,0.0,84700.0
2017-07-13,KCB,KCB Group Plc,33.75,55.5,38.25,39.25,38.75,38.0,0.0,0.0,573700.0
2017-07-14,KCB,KCB Group Plc,33.75,55.5,39.0,40.0,39.25,38.75,0.0,0.0,4294000.0
2017-07-17,KCB,KCB Group Plc,33.75,55.5,39.5,40.0,39.75,39.25,0.0,0.0,8965700.0
2017-07-18,KCB,KCB Group Plc,33.75,55.5,39.5,40.0,39.75,39.75,-0.25,1.09e-06,136000.0
2017-07-19,KCB,KCB Group Plc,33.75,55.5,38.5,40.0,39.25,39.75,0.25,1.0999999999999998e-06,1398400.0
2017-07-20,KCB,KCB Group Plc,33.75,55.5,38.5,40.0,39.75,39.25,0.0,0.0,6820700.0
2017-07-21,KCB,KCB Group Plc,33.75,55.5,39.0,40.0,39.75,39.75,0.25,1.09e-06,5101700.0
2017-07-24,KCB,KCB Group Plc,33.75,55.5,39.5,40.0,39.75,39.75,0.0,0.0,2075100.0
2017-07-25,KCB,KCB Group Plc,33.75,55.5,39.0,40.0,39.5,39.75,0.25,1.08e-06,1135800.0
2017-07-26,KCB,KCB Group Plc,33.75,55.5,39.5,40.0,39.75,39.5,0.25,1.06e-06,1379200.0
2017-07-27,KCB,KCB Group Plc,33.75,55.5,39.75,40.5,40.0,39.75,0.0,0.0,5105400.0
2017-07-28,KCB,KCB Group Plc,33.75,55.5,40.0,41.75,41.0,40.0,0.75,3.1600000000000002e-06,385600.0
2017-07-31,KCB,KCB Group Plc,33.75,55.5,40.0,41.0,40.75,41.0,0.0,0.0,2277200.0
2017-08-01,KCB,KCB Group Plc,33.75,55.5,39.5,40.75,39.5,40.75,-0.75,3.06e-06,2104600.0
2017-08-02,KCB,KCB Group Plc,33.75,55.5,39.5,40.5,39.5,39.5,0.25,1.0500000000000001e-06,3121600.0
2017-08-03,KCB,KCB Group Plc,33.75,55.5,40.0,41.0,40.5,39.5,-0.25,1.04e-06,1202600.0
2017-08-04,KCB,KCB Group Plc,33.75,55.5,40.5,42.75,40.5,40.5,-0.25,1.0500000000000001e-06,1808600.0
2017-08-07,KCB,KCB Group Plc,33.75,55.5,40.5,42.5,41.5,40.5,0.0,0.0,34000.0
2017-08-09,KCB,KCB Group Plc,33.75,55.5,42.0,43.0,42.5,41.5,0.25,1.06e-06,2013800.0
2017-08-10,KCB,KCB Group Plc,33.75,55.5,42.0,43.0,42.5,42.5,0.5,2.10999999999999e-06,1555900.0
2017-08-11,KCB,KCB Group Plc,33.75,55.5,43.0,44.5,43.5,42.5,0.25,1.0299999999999999e-06,11410700.0
2017-08-14,KCB,KCB Group Plc,33.75,55.5,43.75,47.5,45.25,43.5,0.5,2.0400000000000004e-06,201400.0
2017-08-15,KCB,KCB Group Plc,33.75,55.5,44.75,46.0,45.25,45.25,-0.25,1e-06,1764500.0
2017-08-16,KCB,KCB Group Plc,33.75,55.5,44.5,45.25,44.75,45.25,-0.5,2.02e-06,4543100.0
2017-08-17,KCB,KCB Group Plc,33.75,55.5,43.75,45.0,44.0,44.75,0.0,0.0,1394400.0
2017-08-18,KCB,KCB Group Plc,33.75,55.5,43.75,44.5,44.0,44.0,0.0,0.0,2126300.0
2017-08-21,KCB,KCB Group Plc,33.75,55.5,44.0,44.75,44.25,44.0,0.5,2.0599999999999998e-06,109000.0
2017-08-22,KCB,KCB Group Plc,33.75,55.5,44.0,45.25,44.75,44.25,0.0,0.0,3855200.0
2017-08-23,KCB,KCB Group Plc,33.75,55.5,44.75,45.5,45.0,44.75,0.25,1.01e-06,184100.0
2017-08-24,KCB,KCB Group Plc,33.75,55.5,45.0,45.75,45.25,45.0,0.25,1e-06,158900.0
2017-08-25,KCB,KCB Group Plc,33.75,55.5,45.25,46.0,45.5,45.25,1.25,4.95e-06,929700.0
2017-08-28,KCB,KCB Group Plc,33.75,55.5,45.25,46.0,45.25,45.5,0.25,9.399999999999899e-07,1173300.0
2017-08-29,KCB,KCB Group Plc,33.75,55.5,45.25,46.0,45.25,45.25,0.0,0.0,1625200.0
2017-08-30,KCB,KCB Group Plc,33.75,55.5,45.25,45.5,45.25,45.25,-0.5,1.87e-06,1130500.0
2017-08-31,KCB,KCB Group Plc,33.75,55.5,45.0,45.5,45.0,45.25,-0.75,2.86e-06,665600.0
2017-09-01,KCB,KCB Group Plc,33.75,55.5,40.5,45.25,43.75,45.0,-1.25,4.9e-06,2217600.0
2017-09-04,KCB,KCB Group Plc,33.75,55.5,41.0,42.75,41.5,43.75,-0.25,1.0299999999999999e-06,452400.0
2017-09-05,KCB,KCB Group Plc,33.75,55.5,41.0,42.5,41.75,41.5,0.75,3.13e-06,1543600.0
2017-09-06,KCB,KCB Group Plc,33.75,55.5,41.75,42.5,42.0,41.75,0.0,0.0,902100.0
2017-09-07,KCB,KCB Group Plc,33.75,55.5,42.0,42.5,42.25,42.0,0.5,2.02e-06,1981600.0
2017-09-08,KCB,KCB Group Plc,33.75,55.5,42.0,42.5,42.25,42.25,0.5,1.97999999999999e-06,1792100.0
2017-09-11,KCB,KCB Group Plc,33.75,55.5,42.0,42.5,42.0,42.25,0.25,9.7e-07,458400.0
2017-09-12,KCB,KCB Group Plc,33.75,55.5,41.75,42.25,42.0,42.0,0.0,0.0,1681000.0
2017-09-13,KCB,KCB Group Plc,33.75,55.5,41.75,42.25,42.0,42.0,-0.75,2.88e-06,794300.0
2017-09-14,KCB,KCB Group Plc,33.75,55.5,42.0,42.25,42.0,42.0,0.0,0.0,2207700.0
2017-09-15,KCB,KCB Group Plc,33.75,55.5,41.5,42.25,42.0,42.0,0.0,0.0,18931200.0
2017-09-18,KCB,KCB Group Plc,33.75,55.5,41.5,42.25,41.75,42.0,-1.0,3.95999999999999e-06,1151100.0
2017-09-19,KCB,KCB Group Plc,33.75,55.5,41.75,42.5,42.0,41.75,0.75,3.08999999999999e-06,2202700.0
2017-09-20,KCB,KCB Group Plc,33.75,55.5,42.25,43.0,42.75,42.0,0.25,1e-06,702100.0
2017-09-21,KCB,KCB Group Plc,33.75,55.5,42.5,44.0,43.0,42.75,0.5,1.97999999999999e-06,2550700.0
2017-09-22,KCB,KCB Group Plc,33.75,55.5,42.75,44.0,43.0,43.0,0.0,0.0,1704500.0
2017-09-25,KCB,KCB Group Plc,33.75,55.5,42.0,43.5,42.5,43.0,0.0,0.0,323900.0
2017-09-26,KCB,KCB Group Plc,33.75,55.5,41.75,42.25,41.75,42.5,0.25,9.7e-07,1858600.0
2017-09-27,KCB,KCB Group Plc,33.75,55.5,40.0,42.0,41.5,41.75,-0.25,9.6e-07,987400.0
2017-09-28,KCB,KCB Group Plc,33.75,55.5,40.0,42.0,41.25,41.5,-0.5,1.94e-06,918300.0
2017-09-29,KCB,KCB Group Plc,33.75,55.5,41.0,42.0,41.0,41.25,-0.5,1.97999999999999e-06,888800.0
2017-10-02,KCB,KCB Group Plc,33.75,55.5,40.75,41.5,41.0,41.0,-0.25,1.01e-06,923700.0
2017-10-04,KCB,KCB Group Plc,33.75,55.5,40.25,41.0,40.5,41.0,0.5,2.0400000000000004e-06,2537900.0
2017-10-05,KCB,KCB Group Plc,33.75,55.5,40.0,41.0,40.25,40.5,-0.25,1e-06,93600.0
2017-10-06,KCB,KCB Group Plc,33.75,55.5,39.75,40.5,40.0,40.25,0.0,0.0,155000.0
2017-10-09,KCB,KCB Group Plc,33.75,55.5,39.0,41.0,39.5,40.0,0.25,1.01e-06,174200.0
2017-10-10,KCB,KCB Group Plc,33.75,55.5,38.75,39.25,39.0,39.5,0.0,0.0,209200.0
2017-10-11,KCB,KCB Group Plc,33.75,55.5,37.5,39.0,37.75,39.0,0.0,0.0,377200.0
2017-10-12,KCB,KCB Group Plc,33.75,55.5,37.25,37.75,37.5,37.75,-0.25,1e-06,101800.0
2017-10-13,KCB,KCB Group Plc,33.75,55.5,37.0,37.75,37.0,37.5,0.0,0.0,7964700.0
2017-10-16,KCB,KCB Group Plc,33.75,55.5,36.75,37.75,37.0,37.0,0.0,0.0,1505800.0
2017-10-17,KCB,KCB Group Plc,33.75,55.5,36.75,37.75,37.0,37.0,-0.25,1.01e-06,4303700.0
2017-10-18,KCB,KCB Group Plc,33.75,55.5,36.5,37.0,36.5,37.0,-0.25,1.0200000000000002e-06,1076800.0
2017-10-19,KCB,KCB Group Plc,33.75,55.5,36.5,36.75,36.5,36.5,-0.25,1.0299999999999999e-06,1466600.0
2017-10-23,KCB,KCB Group Plc,33.75,55.5,36.5,37.0,36.75,36.5,0.25,1.04e-06,3975500.0
2017-10-24,KCB,KCB Group Plc,33.75,55.5,37.75,40.0,38.25,36.75,0.5,2.0599999999999998e-06,1731000.0
2017-10-27,KCB,KCB Group Plc,33.75,55.5,38.25,39.75,38.5,38.25,0.5,2.02e-06,3097000.0
2017-10-30,KCB,KCB Group Plc,33.75,55.5,37.75,38.75,38.25,38.5,0.0,0.0,3055000.0
2017-10-31,KCB,KCB Group Plc,33.75,55.5,38.0,39.0,38.0,38.25,0.25,9.8999999999999e-07,5747000.0
2017-11-01,KCB,KCB Group Plc,33.75,55.5,39.0,41.75,39.25,38.0,0.25,9.8e-07,5195000.0
2017-11-02,KCB,KCB Group Plc,33.75,55.5,40.75,43.0,41.0,39.25,-0.5,1.94e-06,3500200.0
2017-11-03,KCB,KCB Group Plc,33.75,55.5,41.25,42.0,41.5,41.0,0.25,9.8999999999999e-07,863900.0
2017-11-06,KCB,KCB Group Plc,33.75,55.5,41.0,42.0,41.25,41.5,-0.5,1.96e-06,1711800.0
2017-11-07,KCB,KCB Group Plc,33.75,55.5,40.0,41.5,40.75,41.25,-0.5,2e-06,798700.0
2017-11-08,KCB,KCB Group Plc,33.75,55.5,40.75,41.5,40.75,40.75,0.25,1.0200000000000002e-06,807900.0
2017-11-09,KCB,KCB Group Plc,33.75,55.5,40.75,41.5,41.0,40.75,0.0,0.0,520000.0
2017-11-10,KCB,KCB Group Plc,33.75,55.5,40.25,41.0,40.5,41.0,-0.25,1.01e-06,993500.0
2017-11-13,KCB,KCB Group Plc,33.75,55.5,39.25,41.0,39.75,40.5,0.0,0.0,1592100.0
2017-11-14,KCB,KCB Group Plc,33.75,55.5,39.25,40.5,39.5,39.75,0.0,0.0,946000.0
2017-11-15,KCB,KCB Group Plc,33.75,55.5,40.0,41.0,40.5,39.5,0.5,2.0400000000000004e-06,2548200.0
2017-11-16,KCB,KCB Group Plc,33.75,55.5,40.5,42.0,40.75,40.5,0.25,1e-06,2240900.0
2017-11-17,KCB,KCB Group Plc,33.75,55.5,40.5,41.5,41.0,40.75,0.25,9.8999999999999e-07,5749500.0
2017-11-20,KCB,KCB Group Plc,33.75,55.5,41.5,43.0,42.25,41.0,0.25,9.8e-07,1136400.0
2017-11-21,KCB,KCB Group Plc,33.75,55.5,43.0,44.5,43.25,42.25,1.0,3.88e-06,161700.0
2017-11-22,KCB,KCB Group Plc,33.75,55.5,43.5,44.0,43.75,43.25,1.25,4.669999999999999e-06,2846400.0
2017-11-23,KCB,KCB Group Plc,33.75,55.5,43.0,44.0,43.25,43.75,-1.5,5.36e-06,1053400.0
2017-11-24,KCB,KCB Group Plc,33.75,55.5,42.75,43.5,42.75,43.25,0.25,9.399999999999899e-07,188100.0
2017-11-27,KCB,KCB Group Plc,33.75,55.5,41.75,43.5,42.0,42.75,0.75,2.79999999999999e-06,2857900.0
2017-11-29,KCB,KCB Group Plc,33.75,55.5,41.5,43.0,41.75,42.0,0.0,0.0,3337400.0
2017-11-30,KCB,KCB Group Plc,33.75,55.5,41.0,42.0,41.25,41.75,0.0,0.0,3095900.0
2017-12-01,KCB,KCB Group Plc,33.75,55.5,40.75,41.5,40.75,41.25,0.0,0.0,1197100.0
2017-12-04,KCB,KCB Group Plc,33.75,55.5,40.75,41.5,41.0,40.75,0.0,0.0,814300.0
2017-12-05,KCB,KCB Group Plc,33.75,55.5,41.0,42.0,41.25,41.0,-0.25,9.100000000000001e-07,2266400.0
2017-12-06,KCB,KCB Group Plc,33.75,55.5,41.5,42.5,42.0,41.25,0.0,0.0,1983100.0
2017-12-07,KCB,KCB Group Plc,33.75,55.5,42.0,42.5,42.25,42.0,0.5,1.83e-06,93400.0
2017-12-08,KCB,KCB Group Plc,33.75,55.5,42.25,42.5,42.25,42.25,0.0,0.0,933200.0
2017-12-11,KCB,KCB Group Plc,33.75,55.5,41.75,42.5,42.0,42.25,0.0,0.0,399800.0
2017-12-13,KCB,KCB Group Plc,33.75,55.5,41.5,42.5,42.0,42.0,-0.25,9e-07,1606300.0
2017-12-14,KCB,KCB Group Plc,33.75,55.5,42.0,42.5,42.25,42.0,-0.5,1.8200000000000002e-06,1754500.0
2017-12-15,KCB,KCB Group Plc,33.75,55.5,41.75,42.5,42.0,42.25,-0.5,1.85e-06,3799300.0
2017-12-18,KCB,KCB Group Plc,33.75,55.5,41.5,42.0,41.5,42.0,-0.25,9.399999999999899e-07,358500.0
2017-12-19,KCB,KCB Group Plc,33.75,55.5,41.75,42.5,42.25,41.5,-0.25,9.499999999999999e-07,2019700.0
2017-12-20,KCB,KCB Group Plc,33.75,55.5,42.25,42.75,42.5,42.25,0.0,0.0,1931300.0
2017-12-21,KCB,KCB Group Plc,33.75,55.5,42.25,43.0,42.75,42.5,0.5,1.92e-06,264500.0
2017-12-22,KCB,KCB Group Plc,33.75,55.5,42.5,43.0,42.75,42.75,-0.25,9.399999999999899e-07,1302400.0
2017-12-27,KCB,KCB Group Plc,33.75,55.5,42.5,43.25,42.75,42.75,0.0,0.0,378500.0
2017-12-28,KCB,KCB Group Plc,33.75,55.5,42.25,43.0,42.75,42.75,0.0,0.0,691100.0
2017-12-29,KCB,KCB Group Plc,33.75,55.5,42.5,43.25,42.75,42.75,0.5,1.8999999999999998e-06,624400.0
2018-01-02,KCB,KCB Group Plc,33.75,55.5,42.5,43.5,42.75,42.75,0.0,0.0,170900.0
2018-01-03,KCB,KCB Group Plc,33.75,55.5,42.25,42.75,42.25,42.75,0.0,0.0,1490500.0
2018-01-04,KCB,KCB Group Plc,33.75,55.5,42.5,43.0,42.5,42.25,0.25,9.3e-07,41800.0
2018-01-05,KCB,KCB Group Plc,33.75,55.5,42.5,43.25,42.75,42.5,1.0,3.7e-06,1323700.0
2018-01-08,KCB,KCB Group Plc,33.75,55.5,42.5,43.0,42.7,42.75,0.0,0.0,194300.0
2018-01-09,KCB,KCB Group Plc,33.75,55.5,42.75,43.0,42.75,42.7,-0.25,8.9e-07,762600.0
2018-01-10,KCB,KCB Group Plc,33.75,55.5,42.75,43.5,43.0,42.75,0.0,0.0,1354100.0
2018-01-11,KCB,KCB Group Plc,33.75,55.5,43.0,43.75,43.25,43.0,0.0,0.0,1291000.0
2018-01-12,KCB,KCB Group Plc,33.75,55.5,43.75,45.0,44.25,43.25,0.5,1.8e-06,1484800.0
2018-01-15,KCB,KCB Group Plc,33.75,55.5,44.75,45.25,44.75,44.25,0.5,1.77e-06,1117900.0
2018-01-16,KCB,KCB Group Plc,33.75,55.5,44.75,45.25,44.75,44.75,0.25,8.7e-07,1742800.0
2018-01-17,KCB,KCB Group Plc,33.75,55.5,45.0,45.5,45.25,44.75,0.0,0.0,10882700.0
2018-01-18,KCB,KCB Group Plc,33.75,55.5,45.25,46.0,45.25,45.25,0.25,8.6e-07,10807300.0
2018-01-19,KCB,KCB Group Plc,33.75,55.5,45.25,47.0,45.25,45.25,0.0,0.0,1909100.0
2018-01-22,KCB,KCB Group Plc,33.75,55.5,44.75,45.75,45.0,45.25,0.0,0.0,1216500.0
2018-01-23,KCB,KCB Group Plc,33.75,55.5,43.5,45.0,44.25,45.0,0.25,8.5e-07,761200.0
2018-01-24,KCB,KCB Group Plc,33.75,55.5,42.75,44.0,43.0,44.25,0.0,0.0,1473200.0
2018-01-25,KCB,KCB Group Plc,33.75,55.5,43.0,45.0,43.25,43.0,0.25,8.5e-07,2157100.0
2018-01-26,KCB,KCB Group Plc,33.75,55.5,43.0,44.5,43.75,43.25,0.25,8.4e-07,1294800.0
2018-01-29,KCB,KCB Group Plc,33.75,55.5,43.75,45.0,44.0,43.75,-0.25,8.3e-07,216600.0
2018-01-30,KCB,KCB Group Plc,33.75,55.5,44.0,45.5,44.75,44.0,-0.25,8.4e-07,2977000.0
2018-01-31,KCB,KCB Group Plc,33.75,55.5,45.0,45.5,45.25,44.75,0.0,0.0,1787100.0
2018-02-01,KCB,KCB Group Plc,33.75,55.5,45.25,46.0,45.5,45.25,0.25,8.5e-07,257600.0
2018-02-02,KCB,KCB Group Plc,33.75,55.5,45.5,46.25,45.75,45.5,0.0,0.0,639400.0
2018-02-05,KCB,KCB Group Plc,33.75,55.5,46.0,46.5,46.25,45.75,0.0,0.0,196300.0
2018-02-06,KCB,KCB Group Plc,33.75,55.5,46.0,46.5,46.25,46.25,-0.25,8.4e-07,3316800.0
2018-02-07,KCB,KCB Group Plc,33.75,55.5,45.0,46.25,45.25,46.25,-1.0,3.39e-06,5318900.0
2018-02-08,KCB,KCB Group Plc,33.75,55.5,45.0,46.0,45.5,45.25,0.75,2.63e-06,2098100.0
2018-02-09,KCB,KCB Group Plc,33.75,55.5,45.0,45.5,45.25,45.5,-0.25,8.5e-07,8475800.0
2018-02-12,KCB,KCB Group Plc,33.75,55.5,45.0,45.5,45.25,45.5,-0.25,8.5e-07,8475800.0
2018-02-13,KCB,KCB Group Plc,33.75,55.5,45.0,46.0,45.25,45.0,0.25,8.800000000000002e-07,1088100.0
2018-02-14,KCB,KCB Group Plc,33.75,55.5,45.5,45.75,45.5,45.25,0.25,8.800000000000002e-07,378200.0
2018-02-15,KCB,KCB Group Plc,33.75,55.5,45.5,45.75,45.5,45.5,0.0,0.0,2772600.0
2018-02-16,KCB,KCB Group Plc,33.75,55.5,45.0,45.75,45.5,45.5,0.5,1.74e-06,2658200.0
2018-02-19,KCB,KCB Group Plc,33.75,55.5,45.25,45.75,45.5,45.5,0.0,0.0,855800.0
2018-02-20,KCB,KCB Group Plc,33.75,55.5,45.5,46.0,45.5,45.5,0.5,1.7100000000000001e-06,6307800.0
2018-02-21,KCB,KCB Group Plc,33.75,55.5,45.0,46.0,45.5,45.5,0.0,0.0,1752900.0
2018-02-22,KCB,KCB Group Plc,33.75,55.5,45.0,45.75,45.25,45.5,-0.25,8.4e-07,475300.0
2018-02-23,KCB,KCB Group Plc,33.75,55.5,45.25,45.75,45.5,45.25,0.0,0.0,4120100.0
2018-02-26,KCB,KCB Group Plc,33.75,55.5,45.5,45.75,45.5,45.5,0.0,0.0,212000.0
2018-02-27,KCB,KCB Group Plc,33.75,55.5,45.5,47.25,46.0,45.5,0.0,0.0,1483300.0
2018-02-28,KCB,KCB Group Plc,33.75,55.5,46.25,49.0,47.25,46.0,0.25,8.5e-07,2062900.0
2018-03-01,KCB,KCB Group Plc,33.75,55.5,47.0,49.0,47.75,47.25,-0.25,8.4e-07,1300300.0
2018-03-02,KCB,KCB Group Plc,33.75,55.5,47.5,48.25,47.75,47.75,-0.25,8.5e-07,988900.0
2018-03-05,KCB,KCB Group Plc,33.75,55.5,47.5,48.75,48.0,47.75,0.0,0.0,352200.0
2018-03-06,KCB,KCB Group Plc,33.75,55.5,48.0,49.0,48.75,48.0,0.0,0.0,2548500.0
2018-03-07,KCB,KCB Group Plc,33.75,55.5,48.75,49.75,49.25,48.75,0.0,0.0,6262400.0
2018-03-08,KCB,KCB Group Plc,33.75,55.5,48.0,49.25,48.25,49.25,0.25,8.5e-07,3120400.0
2018-03-09,KCB,KCB Group Plc,33.75,55.5,48.25,49.5,48.75,48.25,-0.25,8.5e-07,986900.0
2018-03-12,KCB,KCB Group Plc,33.75,55.5,49.0,49.75,49.25,48.75,0.0,0.0,3893200.0
2018-03-13,KCB,KCB Group Plc,33.75,55.5,49.25,51.0,50.0,49.25,0.5,1.7100000000000001e-06,10319500.0
2018-03-14,KCB,KCB Group Plc,33.75,55.5,50.5,51.5,51.0,50.0,0.0,0.0,2686100.0
2018-03-15,KCB,KCB Group Plc,33.75,55.5,51.0,52.0,51.0,51.0,-0.25,8.4e-07,3894100.0
2018-03-16,KCB,KCB Group Plc,33.75,55.5,51.0,51.5,51.0,51.0,0.0,0.0,2129900.0
2018-03-19,KCB,KCB Group Plc,33.75,55.5,51.5,52.5,52.0,51.0,0.5,1.69e-06,6487100.0
2018-03-20,KCB,KCB Group Plc,33.75,55.5,49.75,52.0,50.0,52.0,0.75,2.5e-06,3743300.0
2018-03-21,KCB,KCB Group Plc,33.75,55.5,50.5,51.5,51.0,50.0,0.5,1.6299999999999999e-06,7148800.0
2018-03-22,KCB,KCB Group Plc,33.75,55.5,51.0,52.0,51.5,51.0,0.5,1.6000000000000001e-06,6383500.0
2018-03-23,KCB,KCB Group Plc,33.75,55.5,51.0,52.0,51.5,51.5,0.0,0.0,1634600.0
2018-03-26,KCB,KCB Group Plc,33.75,55.5,51.0,51.5,51.0,51.5,-0.25,7.900000000000001e-07,826400.0
2018-03-27,KCB,KCB Group Plc,33.75,55.5,50.5,51.5,50.5,51.0,-0.25,7.900000000000001e-07,1072700.0
2018-03-28,KCB,KCB Group Plc,33.75,55.5,50.5,52.0,51.0,50.5,-0.5,1.6000000000000001e-06,1197100.0
2018-03-29,KCB,KCB Group Plc,33.75,55.5,51.5,53.0,52.0,51.0,0.25,8.099999999999999e-07,7452600.0
2018-04-03,KCB,KCB Group Plc,33.75,55.5,52.5,54.0,52.5,52.0,0.25,8.099999999999999e-07,1811000.0
2018-04-04,KCB,KCB Group Plc,33.75,55.5,52.5,54.0,53.0,52.5,0.75,2.4e-06,1209500.0
2018-04-05,KCB,KCB Group Plc,33.75,55.5,53.0,55.0,53.5,53.0,0.75,2.33999999999999e-06,695000.0
2018-04-06,KCB,KCB Group Plc,33.75,55.5,53.5,55.0,54.0,53.5,-0.5,1.53e-06,377300.0
2018-04-09,KCB,KCB Group Plc,33.75,55.5,54.0,54.5,54.0,54.0,-0.5,1.55e-06,341500.0
2018-04-10,KCB,KCB Group Plc,33.75,55.5,53.5,54.5,54.0,54.0,0.0,0.0,419800.0
2018-04-11,KCB,KCB Group Plc,33.75,55.5,53.0,54.5,54.0,54.0,0.25,7.900000000000001e-07,1524600.0
2018-04-12,KCB,KCB Group Plc,33.75,55.5,53.0,55.0,53.0,54.0,-0.5,1.5599999999999999e-06,680000.0
2018-04-13,KCB,KCB Group Plc,33.75,55.5,52.0,53.5,52.5,53.0,-0.5,1.5900000000000002e-06,1402100.0
2018-04-16,KCB,KCB Group Plc,33.75,55.5,51.5,53.0,51.5,52.5,-0.5,1.61e-06,1768700.0
2018-04-17,KCB,KCB Group Plc,33.75,55.5,51.0,52.5,51.5,51.5,-0.75,2.46e-06,1280800.0
2018-04-18,KCB,KCB Group Plc,33.75,55.5,51.5,52.0,51.5,51.5,-0.25,8.4e-07,1653600.0
2018-04-19,KCB,KCB Group Plc,33.75,55.5,51.5,52.5,51.5,51.5,-0.25,8.5e-07,1033700.0
2018-04-20,KCB,KCB Group Plc,33.75,55.5,51.5,53.0,52.0,51.5,-0.25,8.5e-07,585400.0
2018-04-23,KCB,KCB Group Plc,33.75,55.5,52.0,53.5,52.5,52.0,-0.5,1.72e-06,2124200.0
2018-04-24,KCB,KCB Group Plc,33.75,55.5,52.5,54.0,53.0,52.5,-0.25,8.800000000000002e-07,5692100.0
2018-04-25,KCB,KCB Group Plc,33.75,55.5,51.5,53.0,52.0,53.0,0.25,8.800000000000002e-07,4311400.0
2018-04-26,KCB,KCB Group Plc,33.75,55.5,50.0,52.0,51.0,52.0,-0.25,8.800000000000002e-07,500000.0
2018-04-27,KCB,KCB Group Plc,33.75,55.5,49.0,50.5,49.5,51.0,0.0,0.0,592500.0
2018-04-30,KCB,KCB Group Plc,33.75,55.5,49.25,51.5,50.0,49.5,0.0,0.0,1763000.0
2018-05-02,KCB,KCB Group Plc,33.75,55.5,47.75,49.5,47.75,50.0,-1.0,3.54e-06,1302300.0
2018-05-03,KCB,KCB Group Plc,33.75,55.5,47.5,48.0,47.5,47.75,-0.25,9.2e-07,3263800.0
2018-05-04,KCB,KCB Group Plc,33.75,55.5,47.5,48.0,47.75,47.5,1.5,5.559999999999999e-06,1330400.0
2018-05-07,KCB,KCB Group Plc,33.75,55.5,47.75,50.0,48.25,47.75,0.0,0.0,733600.0
2018-05-08,KCB,KCB Group Plc,33.75,55.5,48.25,49.5,48.75,48.25,-0.25,8.800000000000002e-07,2176400.0
2018-05-09,KCB,KCB Group Plc,33.75,55.5,49.0,50.0,49.5,48.75,0.75,2.65e-06,368400.0
2018-05-10,KCB,KCB Group Plc,33.75,55.5,49.5,50.0,49.75,49.5,-1.0,3.4500000000000004e-06,423400.0
2018-05-11,KCB,KCB Group Plc,33.75,55.5,49.75,52.0,50.0,49.75,-0.25,8.9e-07,2296800.0
2018-05-14,KCB,KCB Group Plc,33.75,55.5,49.75,51.5,50.0,50.0,-0.5,1.8e-06,358500.0
2018-05-15,KCB,KCB Group Plc,33.75,55.5,50.0,50.5,50.0,50.0,0.0,0.0,1172000.0
2018-05-16,KCB,KCB Group Plc,33.75,55.5,50.0,51.5,50.5,50.0,1.25,4.58999999999999e-06,1820700.0
2018-05-17,KCB,KCB Group Plc,33.75,55.5,50.0,51.5,50.5,50.5,0.5,1.7500000000000002e-06,1915700.0
2018-05-18,KCB,KCB Group Plc,33.75,55.5,49.0,50.5,49.75,50.5,0.25,8.6e-07,2143300.0
2018-05-21,KCB,KCB Group Plc,33.75,55.5,47.75,50.5,48.0,49.75,-0.25,8.5e-07,1275900.0
2018-05-22,KCB,KCB Group Plc,33.75,55.5,47.25,48.25,47.5,48.0,0.25,8.6e-07,1112500.0
2018-05-23,KCB,KCB Group Plc,33.75,55.5,46.75,47.5,46.75,47.5,-0.25,8.5e-07,6288200.0
2018-05-24,KCB,KCB Group Plc,33.75,55.5,46.5,47.0,46.75,46.75,0.0,0.0,2205000.0
2018-05-25,KCB,KCB Group Plc,33.75,55.5,46.0,47.0,46.25,46.75,0.0,0.0,560700.0
2018-05-28,KCB,KCB Group Plc,33.75,55.5,46.0,47.0,46.75,46.25,-0.25,8.6e-07,493100.0
2018-05-29,KCB,KCB Group Plc,33.75,55.5,46.5,49.0,46.75,46.75,-0.25,8.7e-07,604000.0
2018-05-30,KCB,KCB Group Plc,33.75,55.5,46.0,47.0,46.25,46.75,-0.25,8.800000000000002e-07,2155900.0
2018-05-31,KCB,KCB Group Plc,33.75,55.5,45.75,46.75,46.0,46.25,0.0,0.0,6114300.0
2018-06-04,KCB,KCB Group Plc,33.75,55.5,45.5,47.25,46.25,46.0,0.25,8.800000000000002e-07,709900.0
2018-06-05,KCB,KCB Group Plc,33.75,55.5,47.0,48.0,47.5,46.25,0.25,8.800000000000002e-07,3353700.0
2018-06-06,KCB,KCB Group Plc,33.75,55.5,47.75,49.25,48.75,47.5,0.75,2.6099999999999903e-06,2615400.0
2018-06-07,KCB,KCB Group Plc,33.75,55.5,48.0,49.5,48.75,48.75,-0.25,8.5e-07,5467100.0
2018-06-08,KCB,KCB Group Plc,33.75,55.5,48.0,49.25,48.5,48.75,0.25,8.5e-07,474300.0
2018-06-11,KCB,KCB Group Plc,33.75,55.5,48.5,49.25,49.0,48.5,0.5,1.69e-06,1721700.0
2018-06-12,KCB,KCB Group Plc,33.75,55.5,48.5,50.0,48.75,49.0,0.0,0.0,631200.0
2018-06-13,KCB,KCB Group Plc,33.75,55.5,48.5,49.0,48.5,48.75,0.0,0.0,543300.0
2018-06-14,KCB,KCB Group Plc,33.75,55.5,48.5,49.0,48.5,48.5,0.0,0.0,2539900.0
2018-06-18,KCB,KCB Group Plc,33.75,55.5,48.75,49.25,48.75,48.5,-0.25,8.3e-07,671100.0
2018-06-19,KCB,KCB Group Plc,33.75,55.5,48.5,49.5,48.75,48.75,-1.5,5.04e-06,1888900.0
2018-06-20,KCB,KCB Group Plc,33.75,55.5,48.5,49.0,48.5,48.75,-1.0,3.54e-06,493200.0
2018-06-21,KCB,KCB Group Plc,33.75,55.5,48.5,48.75,48.5,48.5,0.0,0.0,1537500.0
2018-06-22,KCB,KCB Group Plc,33.75,55.5,47.75,48.75,48.25,48.5,1.0,3.66999999999999e-06,583700.0
2018-06-25,KCB,KCB Group Plc,33.75,55.5,47.5,48.5,47.5,48.25,0.25,8.800000000000002e-07,733000.0
2018-06-26,KCB,KCB Group Plc,33.75,55.5,46.25,47.75,46.75,47.5,0.5,1.7500000000000002e-06,1890400.0
2018-06-27,KCB,KCB Group Plc,33.75,55.5,46.0,48.25,46.5,46.75,0.5,1.72e-06,3343800.0
2018-06-28,KCB,KCB Group Plc,33.75,55.5,45.75,46.5,45.75,46.5,0.25,8.5e-07,3223200.0
2018-06-29,KCB,KCB Group Plc,33.75,55.5,46.0,46.5,46.25,45.75,-0.25,8.4e-07,1511600.0
2018-07-02,KCB,KCB Group Plc,33.75,55.5,45.25,46.25,45.5,46.25,-0.5,1.69e-06,2100400.0
2018-07-03,KCB,KCB Group Plc,33.75,55.5,45.25,46.0,45.25,45.5,-1.0,3.4500000000000004e-06,2455400.0
2018-07-04,KCB,KCB Group Plc,33.75,55.5,45.0,45.5,45.25,45.25,0.5,1.7899999999999998e-06,1620000.0
2018-07-05,KCB,KCB Group Plc,33.75,55.5,45.25,46.25,45.5,45.25,0.5,1.7500000000000002e-06,4916100.0
2018-07-06,KCB,KCB Group Plc,33.75,55.5,45.5,47.0,46.25,45.5,-0.25,8.6e-07,659600.0
2018-07-09,KCB,KCB Group Plc,33.75,55.5,46.5,48.25,47.5,46.25,0.25,8.7e-07,1762400.0
2018-07-10,KCB,KCB Group Plc,33.75,55.5,48.0,49.25,48.75,47.5,0.0,0.0,3916800.0
2018-07-11,KCB,KCB Group Plc,33.75,55.5,47.5,48.75,48.0,48.75,-0.5,1.72e-06,2160000.0
2018-07-12,KCB,KCB Group Plc,33.75,55.5,47.5,48.0,47.75,48.0,0.0,0.0,204500.0
2018-07-13,KCB,KCB Group Plc,33.75,55.5,47.5,48.0,47.5,47.75,-0.25,8.800000000000002e-07,91000.0
2018-07-16,KCB,KCB Group Plc,33.75,55.5,47.25,48.0,47.5,47.5,0.0,0.0,3255100.0
2018-07-17,KCB,KCB Group Plc,33.75,55.5,47.5,48.0,47.5,47.5,0.5,1.77e-06,1424800.0
2018-07-18,KCB,KCB Group Plc,33.75,55.5,47.5,48.25,48.0,47.5,0.25,8.7e-07,2988500.0
2018-07-19,KCB,KCB Group Plc,33.75,55.5,48.0,48.75,48.25,48.0,0.25,8.6e-07,1022500.0
2018-07-20,KCB,KCB Group Plc,33.75,55.5,47.5,48.75,48.25,48.25,-0.75,2.56e-06,744200.0
2018-07-23,KCB,KCB Group Plc,33.75,55.5,47.0,48.25,47.5,48.25,0.0,0.0,1736600.0
2018-07-24,KCB,KCB Group Plc,33.75,55.5,47.25,48.0,47.5,47.5,0.0,0.0,859300.0
2018-07-25,KCB,KCB Group Plc,33.75,55.5,47.5,48.0,47.5,47.5,0.25,8.800000000000002e-07,810800.0
2018-07-26,KCB,KCB Group Plc,33.75,55.5,47.5,48.0,47.5,47.5,-0.25,8.7e-07,1064000.0
2018-07-27,KCB,KCB Group Plc,33.75,55.5,47.25,47.75,47.25,47.5,0.0,0.0,1655000.0
2018-07-30,KCB,KCB Group Plc,33.75,55.5,47.25,47.75,47.25,47.25,-0.25,8.800000000000002e-07,2361100.0
2018-07-31,KCB,KCB Group Plc,33.75,55.5,46.5,47.5,46.75,47.25,-0.25,8.800000000000002e-07,432400.0
2018-08-01,KCB,KCB Group Plc,33.75,55.5,47.0,47.5,47.25,46.75,-0.25,8.9e-07,523200.0
2018-08-02,KCB,KCB Group Plc,33.75,55.5,47.25,48.0,47.75,47.25,0.25,9e-07,1580200.0
2018-08-03,KCB,KCB Group Plc,33.75,55.5,47.75,48.25,48.0,47.75,0.0,0.0,795800.0
2018-08-06,KCB,KCB Group Plc,33.75,55.5,48.0,49.0,48.5,48.0,0.0,0.0,1464700.0
2018-08-07,KCB,KCB Group Plc,33.75,55.5,48.25,49.25,48.75,48.5,0.0,0.0,697800.0
2018-08-08,KCB,KCB Group Plc,33.75,55.5,49.25,50.0,49.75,48.75,0.75,2.68e-06,3492700.0
2018-08-09,KCB,KCB Group Plc,33.75,55.5,49.5,50.5,50.0,49.75,0.0,0.0,1427300.0
2018-08-10,KCB,KCB Group Plc,33.75,55.5,50.0,51.5,51.0,50.0,-0.5,1.74e-06,2498600.0
2018-08-13,KCB,KCB Group Plc,33.75,55.5,50.0,52.0,50.5,51.0,0.25,8.800000000000002e-07,3981600.0
2018-08-14,KCB,KCB Group Plc,33.75,55.5,49.5,50.5,50.0,50.5,0.25,8.800000000000002e-07,1631400.0
2018-08-15,KCB,KCB Group Plc,33.75,55.5,49.25,51.0,49.5,50.0,0.25,8.7e-07,1366800.0
2018-08-16,KCB,KCB Group Plc,33.75,55.5,48.75,50.0,49.0,49.5,-0.25,8.6e-07,666300.0
2018-08-17,KCB,KCB Group Plc,33.75,55.5,48.75,50.0,49.5,49.0,0.25,8.7e-07,185000.0
2018-08-20,KCB,KCB Group Plc,33.75,55.5,49.0,49.5,49.0,49.5,0.0,0.0,1087700.0
2018-08-22,KCB,KCB Group Plc,33.75,55.5,48.0,50.0,48.25,49.0,0.0,0.0,371900.0
2018-08-23,KCB,KCB Group Plc,33.75,55.5,47.75,48.5,47.75,48.25,0.0,0.0,1590500.0
2018-08-24,KCB,KCB Group Plc,33.75,55.5,47.75,48.5,48.0,47.75,0.0,0.0,340800.0
2018-08-27,KCB,KCB Group Plc,33.75,55.5,47.25,48.5,47.5,48.0,0.0,0.0,421800.0
2018-08-28,KCB,KCB Group Plc,33.75,55.5,47.0,47.5,47.0,47.5,0.75,2.59e-06,1308600.0
2018-08-29,KCB,KCB Group Plc,33.75,55.5,46.75,47.25,47.0,47.0,0.0,0.0,1462200.0
2018-08-30,KCB,KCB Group Plc,33.75,55.5,46.0,47.0,46.5,47.0,-0.25,8.4e-07,491700.0
2018-08-31,KCB,KCB Group Plc,33.75,55.5,44.75,47.0,45.0,46.5,-1.25,4.24e-06,2154900.0
2018-09-03,KCB,KCB Group Plc,33.75,55.5,44.0,46.5,45.0,45.0,-0.5,1.77e-06,4875600.0
2018-09-04,KCB,KCB Group Plc,33.75,55.5,43.5,46.5,44.5,45.0,0.5,1.8e-06,2232900.0
2018-09-05,KCB,KCB Group Plc,33.75,55.5,44.25,45.0,44.5,44.5,-0.5,1.77e-06,716100.0
2018-09-06,KCB,KCB Group Plc,33.75,55.5,43.0,44.5,43.5,44.5,0.0,0.0,1464500.0
2018-09-07,KCB,KCB Group Plc,33.75,55.5,42.5,43.5,42.75,43.5,-0.25,9e-07,945900.0
2018-09-10,KCB,KCB Group Plc,33.75,55.5,42.5,43.0,42.5,42.75,-0.25,9.100000000000001e-07,79500.0
2018-09-11,KCB,KCB Group Plc,33.75,55.5,41.5,43.0,42.0,42.5,-0.25,9.2e-07,2886600.0
2018-09-12,KCB,KCB Group Plc,33.75,55.5,41.25,42.0,41.5,42.0,0.0,0.0,432100.0
2018-09-13,KCB,KCB Group Plc,33.75,55.5,40.5,42.0,40.75,41.5,-0.75,2.7799999999999996e-06,1702300.0
2018-09-14,KCB,KCB Group Plc,33.75,55.5,40.75,43.25,41.25,40.75,0.25,9.499999999999999e-07,8958000.0
2018-09-17,KCB,KCB Group Plc,33.75,55.5,41.0,42.0,41.0,41.25,0.0,0.0,506800.0
2018-09-18,KCB,KCB Group Plc,33.75,55.5,40.75,42.5,41.0,41.0,0.25,9.399999999999899e-07,3224900.0
2018-09-19,KCB,KCB Group Plc,33.75,55.5,38.75,41.5,40.25,41.0,-0.25,9.3e-07,944300.0
2018-09-20,KCB,KCB Group Plc,33.75,55.5,38.5,40.0,38.75,40.25,-1.75,6.6e-06,1812600.0
2018-09-21,KCB,KCB Group Plc,33.75,55.5,37.0,40.0,38.0,38.75,-0.75,3.02999999999999e-06,3435100.0
2018-09-24,KCB,KCB Group Plc,33.75,55.5,39.0,41.75,39.75,38.0,1.0,4.17e-06,3285300.0
2018-09-25,KCB,KCB Group Plc,33.75,55.5,39.5,40.0,39.75,39.75,-0.25,1e-06,1821900.0
2018-09-26,KCB,KCB Group Plc,33.75,55.5,40.25,41.5,40.75,39.75,0.0,0.0,2354100.0
2018-09-27,KCB,KCB Group Plc,33.75,55.5,40.25,41.0,40.5,40.75,0.0,0.0,3411600.0
2018-09-28,KCB,KCB Group Plc,33.75,55.5,40.0,40.75,40.0,40.5,-0.25,1.01e-06,2651800.0
2018-10-01,KCB,KCB Group Plc,33.75,55.5,40.0,41.0,40.5,40.0,-0.5,2.0400000000000004e-06,31900.0
2018-10-02,KCB,KCB Group Plc,33.75,55.5,39.5,41.0,40.0,40.5,0.25,1.04e-06,2407900.0
2018-10-03,KCB,KCB Group Plc,33.75,55.5,39.25,40.0,39.5,40.0,0.0,0.0,3861800.0
2018-10-04,KCB,KCB Group Plc,33.75,55.5,38.75,40.0,39.0,39.5,0.25,1.0299999999999999e-06,1627700.0
2018-10-05,KCB,KCB Group Plc,33.75,55.5,38.0,39.5,38.75,39.0,0.25,1.0200000000000002e-06,928900.0
2018-10-08,KCB,KCB Group Plc,33.75,55.5,38.0,39.25,38.5,38.75,-0.25,1.01e-06,298000.0
2018-10-09,KCB,KCB Group Plc,33.75,55.5,38.5,39.0,38.5,38.5,0.0,0.0,228000.0
2018-10-11,KCB,KCB Group Plc,33.75,55.5,37.0,39.25,38.0,38.5,-0.5,2.0400000000000004e-06,3988100.0
2018-10-12,KCB,KCB Group Plc,33.75,55.5,35.75,38.0,36.75,38.0,-1.0,4.17e-06,1591000.0
2018-10-15,KCB,KCB Group Plc,33.75,55.5,36.0,37.0,36.0,36.75,-0.75,3.2599999999999997e-06,1118200.0
2018-10-16,KCB,KCB Group Plc,33.75,55.5,35.5,36.75,35.75,36.0,1.25,5.62e-06,2344500.0
2018-10-17,KCB,KCB Group Plc,33.75,55.5,35.75,37.0,35.75,35.75,0.25,1.06e-06,1006200.0
2018-10-18,KCB,KCB Group Plc,33.75,55.5,36.5,38.75,36.75,35.75,-0.25,1.0500000000000001e-06,71400.0
2018-10-19,KCB,KCB Group Plc,33.75,55.5,37.75,39.25,38.25,36.75,0.0,0.0,1929600.0
2018-10-22,KCB,KCB Group Plc,33.75,55.5,38.25,39.5,39.0,38.25,0.25,1.06e-06,172400.0
2018-10-23,KCB,KCB Group Plc,33.75,55.5,38.75,39.5,38.75,39.0,0.0,0.0,1852200.0
2018-10-24,KCB,KCB Group Plc,33.75,55.5,38.5,39.5,38.75,38.75,-0.25,1.0500000000000001e-06,1899100.0
2018-10-25,KCB,KCB Group Plc,33.75,55.5,38.5,39.0,38.5,38.75,0.0,0.0,1466400.0
2018-10-26,KCB,KCB Group Plc,33.75,55.5,38.25,39.0,38.5,38.5,0.0,0.0,3221300.0
2018-10-29,KCB,KCB Group Plc,33.75,55.5,38.25,39.0,38.25,38.5,0.0,0.0,1280500.0
2018-10-30,KCB,KCB Group Plc,33.75,55.5,38.25,38.75,38.5,38.25,0.0,0.0,1946000.0
2018-10-31,KCB,KCB Group Plc,33.75,55.5,38.25,38.5,38.25,38.5,-0.25,1.06e-06,1887600.0
2018-11-01,KCB,KCB Group Plc,33.75,55.5,37.75,38.5,38.0,38.25,0.0,0.0,7911400.0
2018-11-02,KCB,KCB Group Plc,33.75,55.5,37.5,38.5,38.0,38.0,1.25,5.379999999999999e-06,4019100.0
2018-11-05,KCB,KCB Group Plc,33.75,55.5,37.75,38.5,38.0,38.0,-0.75,3.06e-06,124600.0
2018-11-06,KCB,KCB Group Plc,33.75,55.5,37.0,38.25,37.5,38.0,-1.25,5.26e-06,464100.0
2018-11-07,KCB,KCB Group Plc,33.75,55.5,37.5,38.0,37.5,37.5,0.25,1.11e-06,151800.0
2018-11-08,KCB,KCB Group Plc,33.75,55.5,37.5,38.0,37.5,37.5,0.5,2.1999999999999997e-06,973600.0
2018-11-09,KCB,KCB Group Plc,33.75,55.5,37.5,38.25,37.75,37.5,1.0,4.2999999999999995e-06,1357800.0
2018-11-12,KCB,KCB Group Plc,33.75,55.5,38.0,38.5,38.0,37.75,0.0,0.0,1090700.0
2018-11-13,KCB,KCB Group Plc,33.75,55.5,38.0,38.5,38.0,38.0,0.0,0.0,506700.0
2018-11-14,KCB,KCB Group Plc,33.75,55.5,38.0,38.5,38.0,38.0,-0.25,1.0299999999999999e-06,2442200.0
2018-11-15,KCB,KCB Group Plc,33.75,55.5,38.5,39.5,38.75,38.0,-0.25,1.04e-06,1829400.0
2018-11-16,KCB,KCB Group Plc,33.75,55.5,39.0,39.75,39.0,38.75,0.0,0.0,5097000.0
2018-11-19,KCB,KCB Group Plc,33.75,55.5,39.0,39.5,39.0,39.0,-0.25,1.0500000000000001e-06,1332000.0
2018-11-20,KCB,KCB Group Plc,33.75,55.5,38.75,39.5,39.0,39.0,0.0,0.0,260500.0
2018-11-21,KCB,KCB Group Plc,33.75,55.5,38.5,39.0,38.75,39.0,0.25,1.06e-06,1494700.0
2018-11-22,KCB,KCB Group Plc,33.75,55.5,38.5,39.25,38.75,38.75,0.0,0.0,403700.0
2018-11-23,KCB,KCB Group Plc,33.75,55.5,38.5,39.25,38.75,38.75,0.0,0.0,1730000.0
2018-11-26,KCB,KCB Group Plc,33.75,55.5,38.5,40.0,38.75,38.75,0.0,0.0,4715600.0
2018-11-27,KCB,KCB Group Plc,33.75,55.5,39.0,39.5,39.25,38.75,0.0,0.0,163100.0
2018-11-28,KCB,KCB Group Plc,33.75,55.5,39.0,40.0,39.25,39.25,0.0,0.0,1632800.0
2018-11-29,KCB,KCB Group Plc,33.75,55.5,39.25,39.5,39.25,39.25,0.0,0.0,230500.0
2018-11-30,KCB,KCB Group Plc,33.75,55.5,39.25,39.75,39.5,39.25,0.0,0.0,3608700.0
2018-12-03,KCB,KCB Group Plc,33.75,55.5,39.8,40.0,39.8,39.5,0.0,0.0,2326400.0
2018-12-04,KCB,KCB Group Plc,33.75,55.5,39.9,41.0,40.0,39.8,-0.15,6.3e-07,1281500.0
2018-12-05,KCB,KCB Group Plc,33.75,55.5,40.0,42.0,40.55,40.0,0.05,2.1e-07,624900.0
2018-12-06,KCB,KCB Group Plc,33.75,55.5,39.95,41.0,40.05,40.55,-0.25,1.06e-06,347600.0
2018-12-07,KCB,KCB Group Plc,33.75,55.5,39.5,41.0,39.95,40.05,-0.4,1.7100000000000001e-06,2033100.0
2018-12-10,KCB,KCB Group Plc,33.75,55.5,39.6,40.0,39.85,39.95,-0.35,1.52e-06,1014200.0
2018-12-11,KCB,KCB Group Plc,33.75,55.5,39.5,40.0,39.7,39.85,-0.6,2.65e-06,224500.0
2018-12-13,KCB,KCB Group Plc,33.75,55.5,39.3,40.0,39.6,39.7,0.1,4.5e-07,2268200.0
2018-12-14,KCB,KCB Group Plc,33.75,55.5,39.0,39.5,39.4,39.6,0.75,3.39e-06,1391900.0
2018-12-17,KCB,KCB Group Plc,33.75,55.5,39.1,39.6,39.45,39.4,0.1,4.400000000000001e-07,292800.0
2018-12-18,KCB,KCB Group Plc,33.75,55.5,37.5,39.7,38.8,39.45,0.0,0.0,494600.0
2018-12-19,KCB,KCB Group Plc,33.75,55.5,37.5,38.8,38.0,38.8,-0.1,4.3e-07,1454700.0
2018-12-20,KCB,KCB Group Plc,33.75,55.5,37.75,38.8,38.05,38.0,-0.45,1.9699999999999998e-06,1245400.0
2018-12-21,KCB,KCB Group Plc,33.75,55.5,37.65,38.5,37.95,38.05,-0.15,6.7e-07,453600.0
2018-12-24,KCB,KCB Group Plc,33.75,55.5,37.5,38.5,37.7,37.95,0.3,1.35e-06,399100.0
2018-12-27,KCB,KCB Group Plc,33.75,55.5,37.05,39.5,37.5,37.7,0.0,0.0,264200.0
2018-12-28,KCB,KCB Group Plc,33.75,55.5,37.25,37.5,37.45,37.5,0.25,1.11e-06,587600.0
2018-12-31,KCB,KCB Group Plc,33.75,55.5,37.4,38.0,37.45,37.45,-0.65,2.8399999999999897e-06,1016000.0
2019-01-02,KCB,KCB Group Plc,33.75,55.5,37.0,37.45,37.1,37.45,0.05,2.3e-07,876500.0
2019-01-03,KCB,KCB Group Plc,33.75,55.5,37.0,37.5,37.05,37.1,-0.1,4.5e-07,908200.0
2019-01-04,KCB,KCB Group Plc,33.75,55.5,37.05,37.4,37.35,37.05,-0.85,3.84e-06,41900.0
2019-01-07,KCB,KCB Group Plc,33.75,55.5,37.15,37.45,37.35,37.35,0.15,6.9999999999999e-07,508300.0
2019-01-08,KCB,KCB Group Plc,33.75,55.5,37.35,38.0,37.4,37.35,0.55,2.56e-06,69100.0
2019-01-09,KCB,KCB Group Plc,33.75,55.5,37.3,37.5,37.35,37.4,0.3,1.36e-06,1002100.0
2019-01-10,KCB,KCB Group Plc,33.75,55.5,36.75,37.4,37.0,37.35,0.7,3.14e-06,2868000.0
2019-01-11,KCB,KCB Group Plc,33.75,55.5,36.75,37.0,36.9,37.0,0.4,1.74e-06,605000.0
2019-01-14,KCB,KCB Group Plc,33.75,55.5,36.05,37.5,36.75,36.9,0.1,4.3e-07,639000.0
2019-01-15,KCB,KCB Group Plc,33.75,55.5,36.15,37.3,36.4,36.75,0.0,0.0,3136700.0
2019-01-16,KCB,KCB Group Plc,33.75,55.5,36.4,37.9,37.35,36.4,0.3,1.28e-06,2491300.0
2019-01-17,KCB,KCB Group Plc,33.75,55.5,37.75,39.9,37.95,37.35,-0.05,2.1e-07,3793000.0
2019-01-18,KCB,KCB Group Plc,33.75,55.5,38.0,40.95,38.8,37.95,-0.05,2.1e-07,588700.0
2019-01-21,KCB,KCB Group Plc,33.75,55.5,39.15,41.0,40.7,38.8,-0.2,8.4e-07,4306000.0
2019-01-22,KCB,KCB Group Plc,33.75,55.5,40.1,40.6,40.4,40.7,-0.2,8.5e-07,1290300.0
2019-01-23,KCB,KCB Group Plc,33.75,55.5,40.0,41.5,40.25,40.4,-0.05,2.1e-07,1119700.0
2019-01-24,KCB,KCB Group Plc,33.75,55.5,39.75,40.5,39.95,40.25,-0.05,2.2000000000000004e-07,2580400.0
2019-01-25,KCB,KCB Group Plc,33.75,55.5,39.8,40.0,39.9,39.95,0.25,1.08e-06,4906600.0
2019-01-28,KCB,KCB Group Plc,33.75,55.5,39.65,41.0,39.9,39.9,0.0,0.0,1999400.0
2019-01-29,KCB,KCB Group Plc,33.75,55.5,39.8,40.0,39.9,39.9,0.0,0.0,1672100.0
2019-01-30,KCB,KCB Group Plc,33.75,55.5,39.8,40.0,39.9,39.9,0.25,1.07e-06,1413200.0
2019-01-31,KCB,KCB Group Plc,33.75,55.5,39.9,41.2,40.7,39.9,0.15,6.3e-07,9444600.0
2019-02-01,KCB,KCB Group Plc,33.75,55.5,40.6,41.0,40.9,40.7,1.65,6.92e-06,5775900.0
2019-02-04,KCB,KCB Group Plc,33.75,55.5,41.0,41.5,41.05,40.9,0.5,1.96e-06,3927300.0
2019-02-05,KCB,KCB Group Plc,33.75,55.5,41.3,43.0,42.15,41.05,0.5,1.92e-06,1611200.0
2019-02-06,KCB,KCB Group Plc,33.75,55.5,42.6,44.2,43.95,42.15,0.4,1.5100000000000002e-06,2727800.0
2019-02-07,KCB,KCB Group Plc,33.75,55.5,43.0,44.0,43.4,43.95,0.15,5.6e-07,363100.0
2019-02-08,KCB,KCB Group Plc,33.75,55.5,43.5,44.0,43.6,43.4,-0.2,7.400000000000001e-07,525700.0
2019-02-11,KCB,KCB Group Plc,33.75,55.5,43.3,44.0,43.6,43.6,-0.05,1.9e-07,261000.0
2019-02-12,KCB,KCB Group Plc,33.75,55.5,43.6,44.0,43.9,43.6,0.1,3.7000000000000006e-07,3247000.0
2019-02-13,KCB,KCB Group Plc,33.75,55.5,43.6,44.0,43.8,43.9,0.0,0.0,2129200.0
2019-02-14,KCB,KCB Group Plc,33.75,55.5,43.5,43.9,43.75,43.8,-0.45,1.6699999999999999e-06,521800.0
2019-02-15,KCB,KCB Group Plc,33.75,55.5,43.2,44.0,43.45,43.75,-0.35,1.32e-06,1321800.0
2019-02-18,KCB,KCB Group Plc,33.75,55.5,42.55,43.8,42.8,43.45,-0.05,1.9e-07,901300.0
2019-02-19,KCB,KCB Group Plc,33.75,55.5,42.05,43.0,42.65,42.8,0.1,3.8e-07,801500.0
2019-02-20,KCB,KCB Group Plc,33.75,55.5,41.0,42.2,41.7,42.65,0.0,0.0,1123200.0
2019-02-21,KCB,KCB Group Plc,33.75,55.5,41.05,42.5,41.95,41.7,-0.15,5.699999999999899e-07,1729400.0
2019-02-22,KCB,KCB Group Plc,33.75,55.5,41.9,42.5,42.0,41.95,0.05,1.9e-07,822200.0
2019-02-25,KCB,KCB Group Plc,33.75,55.5,42.0,42.5,42.15,42.0,0.45,1.73e-06,1262000.0
2019-02-26,KCB,KCB Group Plc,33.75,55.5,42.0,42.3,42.15,42.15,0.1,3.8e-07,462500.0
2019-02-27,KCB,KCB Group Plc,33.75,55.5,41.5,42.2,42.05,42.15,-0.05,1.9e-07,793500.0
2019-02-28,KCB,KCB Group Plc,33.75,55.5,41.3,42.05,41.65,42.05,-0.55,2.07e-06,2777300.0
2019-03-01,KCB,KCB Group Plc,33.75,55.5,41.3,42.0,41.65,41.65,0.1,3.8e-07,2313700.0
2019-03-04,KCB,KCB Group Plc,33.75,55.5,41.25,42.0,41.45,41.65,0.35,1.34e-06,78600.0
2019-03-05,KCB,KCB Group Plc,33.75,55.5,42.0,43.0,42.2,41.45,0.05,1.9e-07,1484500.0
2019-03-06,KCB,KCB Group Plc,33.75,55.5,42.45,44.0,43.05,42.2,0.1,3.8e-07,833600.0
2019-03-07,KCB,KCB Group Plc,33.75,55.5,43.3,44.25,43.85,43.05,0.2,7.499999999999999e-07,438300.0
2019-03-08,KCB,KCB Group Plc,33.75,55.5,43.85,44.0,43.95,43.85,0.2,7.499999999999999e-07,1130600.0
2019-03-11,KCB,KCB Group Plc,33.75,55.5,43.5,44.0,43.9,43.95,-0.1,3.7000000000000006e-07,798000.0
2019-03-12,KCB,KCB Group Plc,33.75,55.5,43.4,43.9,43.65,43.9,0.0,0.0,517800.0
2019-03-13,KCB,KCB Group Plc,33.75,55.5,43.45,43.9,43.5,43.65,-0.15,5.6e-07,293900.0
2019-03-14,KCB,KCB Group Plc,33.75,55.5,42.9,43.65,43.3,43.5,0.25,9.3e-07,446100.0
2019-03-15,KCB,KCB Group Plc,33.75,55.5,43.4,45.0,44.3,43.3,0.75,2.7799999999999996e-06,9444400.0
2019-03-18,KCB,KCB Group Plc,33.75,55.5,44.0,45.0,44.95,44.3,0.75,2.7e-06,6549700.0
2019-03-19,KCB,KCB Group Plc,33.75,55.5,44.6,44.8,44.75,44.95,-0.5,1.7500000000000002e-06,2495200.0
2019-03-20,KCB,KCB Group Plc,33.75,55.5,44.75,45.0,44.8,44.75,0.55,1.96e-06,1706400.0
2019-03-21,KCB,KCB Group Plc,33.75,55.5,44.65,48.0,44.75,44.8,0.1,3.4999999999999003e-07,1035600.0
2019-03-22,KCB,KCB Group Plc,33.75,55.5,44.6,44.95,44.7,44.75,-0.5,1.7500000000000002e-06,1083500.0
2019-03-25,KCB,KCB Group Plc,33.75,55.5,44.35,44.75,44.4,44.7,-0.2,7.0999999999999e-07,1451100.0
2019-03-26,KCB,KCB Group Plc,33.75,55.5,44.0,44.75,44.35,44.4,-0.35,1.25e-06,746400.0
2019-03-27,KCB,KCB Group Plc,33.75,55.5,43.3,44.7,44.25,44.35,-0.35,1.27e-06,1249400.0
2019-03-28,KCB,KCB Group Plc,33.75,55.5,43.3,44.2,43.9,44.25,-0.15,5.499999999999999e-07,419900.0
2019-03-29,KCB,KCB Group Plc,33.75,55.5,43.9,44.2,44.05,43.9,0.45,1.66e-06,3347700.0
2019-04-01,KCB,KCB Group Plc,33.75,55.5,44.0,44.35,44.15,44.05,0.35,1.27e-06,696000.0
2019-04-02,KCB,KCB Group Plc,33.75,55.5,44.2,45.0,44.4,44.15,0.2,7.2e-07,4626100.0
2019-04-03,KCB,KCB Group Plc,33.75,55.5,44.6,45.0,44.9,44.4,0.0,0.0,1142900.0
2019-04-04,KCB,KCB Group Plc,33.75,55.5,44.6,45.0,44.8,44.9,-0.05,1.8e-07,132400.0
2019-04-05,KCB,KCB Group Plc,33.75,55.5,44.7,44.9,44.8,44.8,-0.05,1.8e-07,263600.0
2019-04-08,KCB,KCB Group Plc,33.75,55.5,44.65,44.85,44.75,44.8,0.0,0.0,116200.0
2019-04-09,KCB,KCB Group Plc,33.75,55.5,44.6,44.9,44.75,44.75,-0.15,5.4e-07,4432800.0
2019-04-10,KCB,KCB Group Plc,33.75,55.5,44.8,44.9,44.85,44.75,-0.1,3.6e-07,1604500.0
2019-04-11,KCB,KCB Group Plc,33.75,55.5,44.7,44.95,44.75,44.85,-0.05,1.8e-07,373300.0
2019-04-12,KCB,KCB Group Plc,33.75,55.5,44.7,44.9,44.8,44.75,-0.2,7.2e-07,152900.0
2019-04-15,KCB,KCB Group Plc,33.75,55.5,44.75,44.9,44.85,44.8,-0.2,7.3e-07,661300.0
2019-04-16,KCB,KCB Group Plc,33.75,55.5,44.75,45.0,44.9,44.85,0.2,7.3e-07,678400.0
2019-04-17,KCB,KCB Group Plc,33.75,55.5,44.9,45.0,44.95,44.9,0.35,1.27e-06,687200.0
2019-04-18,KCB,KCB Group Plc,33.75,55.5,44.9,45.0,45.0,44.95,0.0,0.0,4061800.0
2019-04-23,KCB,KCB Group Plc,33.75,55.5,44.8,45.2,44.95,45.0,0.1,3.6e-07,6993500.0
2019-04-24,KCB,KCB Group Plc,33.75,55.5,44.8,44.95,44.9,44.95,0.05,1.8e-07,747700.0
2019-04-25,KCB,KCB Group Plc,33.75,55.5,44.9,45.5,45.0,44.9,-0.05,1.8e-07,2010700.0
2019-04-26,KCB,KCB Group Plc,33.75,55.5,45.05,46.0,45.2,45.0,0.0,0.0,1700100.0
2019-04-29,KCB,KCB Group Plc,33.75,55.5,44.9,45.25,45.0,45.2,0.05,1.8e-07,3899700.0
2019-04-30,KCB,KCB Group Plc,33.75,55.5,40.5,44.0,42.4,45.0,0.15,5.4e-07,3479800.0
2019-05-02,KCB,KCB Group Plc,33.75,55.5,42.1,42.95,42.25,42.4,1.4,4.96999999999999e-06,1706600.0
2019-05-03,KCB,KCB Group Plc,33.75,55.5,40.5,45.6,41.3,42.25,-0.3,1.0200000000000002e-06,1185800.0
2019-05-06,KCB,KCB Group Plc,33.75,55.5,41.0,41.5,41.3,41.3,-0.6,2.04999999999999e-06,1285000.0
2019-05-07,KCB,KCB Group Plc,33.75,55.5,41.3,41.5,41.35,41.3,-0.05,1.7e-07,2186600.0
2019-05-08,KCB,KCB Group Plc,33.75,55.5,41.2,41.5,41.4,41.35,-0.45,1.57e-06,479500.0
2019-05-09,KCB,KCB Group Plc,33.75,55.5,40.75,41.4,41.15,41.4,-0.2,7.0999999999999e-07,607600.0
2019-05-10,KCB,KCB Group Plc,33.75,55.5,40.5,41.15,40.5,41.15,-0.5,1.7899999999999998e-06,1585000.0
2019-05-13,KCB,KCB Group Plc,33.75,55.5,38.5,40.7,40.05,40.5,-0.25,9.100000000000001e-07,800100.0
2019-05-14,KCB,KCB Group Plc,33.75,55.5,37.9,39.5,38.2,40.05,-0.8,2.94e-06,697900.0
2019-05-15,KCB,KCB Group Plc,33.75,55.5,36.0,38.0,36.7,38.2,0.3,1.13999999999999e-06,1735200.0
2019-05-16,KCB,KCB Group Plc,33.75,55.5,36.2,37.7,36.45,36.7,-0.45,1.69e-06,1262500.0
2019-05-17,KCB,KCB Group Plc,33.75,55.5,36.25,37.9,36.3,36.45,-0.1,3.8e-07,2927000.0
2019-05-20,KCB,KCB Group Plc,33.75,55.5,36.4,37.8,36.5,36.3,0.05,1.9e-07,4505700.0
2019-05-21,KCB,KCB Group Plc,33.75,55.5,36.8,39.0,38.6,36.5,0.15,5.699999999999899e-07,527100.0
2019-05-22,KCB,KCB Group Plc,33.75,55.5,38.5,40.0,38.95,38.6,-0.25,9.499999999999999e-07,698200.0
2019-05-23,KCB,KCB Group Plc,33.75,55.5,38.65,40.0,39.0,38.95,0.05,1.9e-07,1493900.0
2019-05-24,KCB,KCB Group Plc,33.75,55.5,38.85,40.0,38.95,39.0,0.3,1.15e-06,542000.0
2019-05-27,KCB,KCB Group Plc,33.75,55.5,38.95,40.0,39.35,38.95,0.35,1.32e-06,51200.0
2019-05-28,KCB,KCB Group Plc,33.75,55.5,39.2,41.0,40.45,39.35,1.55,5.78e-06,8270300.0
2019-05-29,KCB,KCB Group Plc,33.75,55.5,40.0,40.6,40.35,40.45,-0.35,1.23e-06,2776100.0
2019-05-30,KCB,KCB Group Plc,33.75,55.5,39.8,40.3,40.0,40.35,-0.35,1.25e-06,3072900.0
2019-05-31,KCB,KCB Group Plc,33.75,55.5,39.5,40.0,39.5,40.0,-0.2,7.2e-07,538100.0
2019-06-03,KCB,KCB Group Plc,33.75,55.5,39.5,40.0,39.65,39.5,0.2,7.3e-07,445500.0
2019-06-04,KCB,KCB Group Plc,33.75,55.5,39.5,40.0,39.65,39.65,0.05,1.8e-07,437400.0
2019-06-06,KCB,KCB Group Plc,33.75,55.5,39.5,40.0,39.6,39.65,0.0,0.0,667500.0
2019-06-07,KCB,KCB Group Plc,33.75,55.5,39.3,39.65,39.55,39.6,-0.3,1.08e-06,691100.0
2019-06-10,KCB,KCB Group Plc,33.75,55.5,39.1,39.5,39.3,39.55,0.05,1.8e-07,557000.0
2019-06-11,KCB,KCB Group Plc,33.75,55.5,39.4,39.85,39.5,39.3,0.1,3.6e-07,4905300.0
2019-06-12,KCB,KCB Group Plc,33.75,55.5,39.5,39.95,39.7,39.5,-0.05,1.8e-07,1107700.0
2019-06-13,KCB,KCB Group Plc,33.75,55.5,39.6,39.9,39.7,39.7,-0.15,5.499999999999999e-07,4182000.0
2019-06-14,KCB,KCB Group Plc,33.75,55.5,39.4,39.95,39.65,39.7,-0.15,5.499999999999999e-07,511000.0
2019-06-17,KCB,KCB Group Plc,33.75,55.5,39.4,39.8,39.5,39.65,0.05,1.8e-07,440300.0
2019-06-18,KCB,KCB Group Plc,33.75,55.5,39.4,39.8,39.5,39.5,0.05,1.8e-07,682500.0
2019-06-19,KCB,KCB Group Plc,33.75,55.5,39.05,39.5,39.45,39.5,-0.3,1.0999999999999998e-06,1964100.0
2019-06-20,KCB,KCB Group Plc,33.75,55.5,38.6,39.5,39.05,39.45,0.15,5.6e-07,688000.0
2019-06-21,KCB,KCB Group Plc,33.75,55.5,39.0,39.45,39.1,39.05,0.1,3.7000000000000006e-07,393000.0
2019-06-24,KCB,KCB Group Plc,33.75,55.5,38.5,39.4,38.95,39.1,0.05,1.8e-07,76600.0
2019-06-25,KCB,KCB Group Plc,33.75,55.5,38.55,39.1,38.85,38.95,0.15,5.499999999999999e-07,2224000.0
2019-06-26,KCB,KCB Group Plc,33.75,55.5,38.05,39.0,38.5,38.85,0.05,1.8e-07,983900.0
2019-06-27,KCB,KCB Group Plc,33.75,55.5,37.9,38.85,38.15,38.5,0.05,1.8e-07,5803100.0
2019-06-28,KCB,KCB Group Plc,33.75,55.5,38.0,38.85,38.25,38.15,0.55,2e-06,3655900.0
2019-07-01,KCB,KCB Group Plc,33.75,55.5,38.0,39.5,38.7,38.25,0.05,1.8e-07,326200.0
2019-07-02,KCB,KCB Group Plc,33.75,55.5,38.5,40.0,39.2,38.7,0.0,0.0,805400.0
2019-07-03,KCB,KCB Group Plc,33.75,55.5,39.0,42.0,39.45,39.2,0.0,0.0,348400.0
2019-07-04,KCB,KCB Group Plc,33.75,55.5,39.5,41.0,40.15,39.45,-0.4,1.41999999999999e-06,791100.0
2019-07-05,KCB,KCB Group Plc,33.75,55.5,40.0,41.0,40.0,40.15,0.1,3.6e-07,626600.0
2019-07-08,KCB,KCB Group Plc,33.75,55.5,39.8,40.95,40.0,40.0,-0.3,1.08e-06,161900.0
2019-07-09,KCB,KCB Group Plc,33.75,55.5,39.5,39.8,39.6,40.0,-0.55,2e-06,251100.0
2019-07-10,KCB,KCB Group Plc,33.75,55.5,39.4,39.7,39.5,39.6,0.5,1.85e-06,190900.0
2019-07-11,KCB,KCB Group Plc,33.75,55.5,39.2,39.7,39.45,39.5,-0.05,1.8e-07,922000.0
2019-07-12,KCB,KCB Group Plc,33.75,55.5,39.05,39.7,39.25,39.45,0.3,1.09e-06,962900.0
2019-07-15,KCB,KCB Group Plc,33.75,55.5,39.25,39.7,39.45,39.25,-0.25,9e-07,99100.0
2019-07-16,KCB,KCB Group Plc,33.75,55.5,39.0,39.7,39.4,39.45,0.2,7.3e-07,707700.0
2019-07-17,KCB,KCB Group Plc,33.75,55.5,38.8,39.5,39.0,39.4,0.25,9e-07,8035000.0
2019-07-18,KCB,KCB Group Plc,33.75,55.5,39.2,39.5,39.2,39.0,-0.2,7.2e-07,5623200.0
2019-07-19,KCB,KCB Group Plc,33.75,55.5,39.25,41.0,39.55,39.2,0.1,3.6e-07,1018200.0
2019-07-22,KCB,KCB Group Plc,33.75,55.5,39.6,40.0,39.8,39.55,-0.05,1.8e-07,1963700.0
2019-07-23,KCB,KCB Group Plc,33.75,55.5,39.7,40.0,39.85,39.8,-0.55,1.97999999999999e-06,2367400.0
2019-07-24,KCB,KCB Group Plc,33.75,55.5,39.9,40.0,40.0,39.85,0.25,9.2e-07,1101100.0
2019-07-25,KCB,KCB Group Plc,33.75,55.5,39.8,40.0,39.9,40.0,0.0,0.0,1880900.0
2019-07-26,KCB,KCB Group Plc,33.75,55.5,39.8,40.0,39.9,39.9,0.1,3.6e-07,1426700.0
2019-07-29,KCB,KCB Group Plc,33.75,55.5,39.7,40.0,39.9,39.9,-0.05,1.8e-07,2478400.0
2019-07-30,KCB,KCB Group Plc,33.75,55.5,39.8,40.0,39.95,39.9,-0.1,3.6e-07,445900.0
2019-07-31,KCB,KCB Group Plc,33.75,55.5,39.95,40.2,40.0,39.95,-0.05,1.8e-07,2975200.0
2019-08-01,KCB,KCB Group Plc,33.75,55.5,39.95,40.2,40.0,40.0,0.15,5.499999999999999e-07,360900.0
2019-08-02,KCB,KCB Group Plc,33.75,55.5,39.95,40.25,40.0,40.0,0.05,1.8e-07,213400.0
2019-08-05,KCB,KCB Group Plc,33.75,55.5,39.45,39.95,39.5,40.0,0.0,0.0,958300.0
2019-08-06,KCB,KCB Group Plc,33.75,55.5,39.0,39.5,39.4,39.5,-0.15,5.4e-07,314800.0
2019-08-07,KCB,KCB Group Plc,33.75,55.5,39.2,39.5,39.25,39.4,-0.25,9.100000000000001e-07,425900.0
2019-08-08,KCB,KCB Group Plc,33.75,55.5,39.3,39.8,39.45,39.25,0.1,3.7000000000000006e-07,113300.0
2019-08-09,KCB,KCB Group Plc,33.75,55.5,39.5,40.0,39.8,39.45,0.35,1.28e-06,295800.0
2019-08-13,KCB,KCB Group Plc,33.75,55.5,39.55,40.0,39.65,39.8,0.25,9e-07,99500.0
2019-08-14,KCB,KCB Group Plc,33.75,55.5,39.6,40.0,39.9,39.65,0.1,3.6e-07,1262000.0
2019-08-15,KCB,KCB Group Plc,33.75,55.5,39.6,39.95,39.85,39.9,0.5,1.7899999999999998e-06,249700.0
2019-08-16,KCB,KCB Group Plc,33.75,55.5,39.7,39.9,39.8,39.85,0.7,2.46e-06,406100.0
2019-08-19,KCB,KCB Group Plc,33.75,55.5,39.5,40.0,39.75,39.8,0.25,8.6e-07,1436100.0
2019-08-20,KCB,KCB Group Plc,33.75,55.5,39.5,40.0,39.85,39.75,-0.15,5.100000000000001e-07,1092700.0
2019-08-21,KCB,KCB Group Plc,33.75,55.5,39.9,40.0,39.9,39.85,-0.2,6.8e-07,206600.0
2019-08-22,KCB,KCB Group Plc,33.75,55.5,39.9,40.1,40.0,39.9,-0.1,3.4e-07,2736100.0
2019-08-23,KCB,KCB Group Plc,33.75,55.5,40.0,40.2,40.1,40.0,-0.1,3.4e-07,82000.0
2019-08-26,KCB,KCB Group Plc,33.75,55.5,40.0,40.25,40.05,40.1,-0.6,2.08e-06,392600.0
2019-08-27,KCB,KCB Group Plc,33.75,55.5,40.0,40.3,40.2,40.05,-0.1,3.4999999999999003e-07,461300.0
2019-08-28,KCB,KCB Group Plc,33.75,55.5,40.1,40.5,40.2,40.2,-0.2,7.0999999999999e-07,142200.0
2019-08-29,KCB,KCB Group Plc,33.75,55.5,40.0,40.5,40.4,40.2,0.25,8.9e-07,3996000.0
2019-08-30,KCB,KCB Group Plc,33.75,55.5,40.0,40.5,40.15,40.4,-0.1,3.4999999999999003e-07,768300.0
2019-09-02,KCB,KCB Group Plc,33.75,55.5,39.9,40.2,39.95,40.15,-0.1,3.6e-07,132600.0
2019-09-03,KCB,KCB Group Plc,33.75,55.5,39.85,40.1,39.95,39.95,-1.85,6.6e-06,1471200.0
2019-09-04,KCB,KCB Group Plc,33.75,55.5,39.95,40.4,40.0,39.95,0.45,1.72e-06,7257600.0
2019-09-05,KCB,KCB Group Plc,33.75,55.5,39.9,40.0,39.95,40.0,0.2,7.499999999999999e-07,511600.0
2019-09-06,KCB,KCB Group Plc,33.75,55.5,37.3,39.0,38.2,39.95,-0.05,1.9e-07,354700.0
2019-09-09,KCB,KCB Group Plc,33.75,55.5,37.25,38.5,38.0,38.2,0.05,1.9e-07,1334000.0
2019-09-10,KCB,KCB Group Plc,33.75,55.5,37.55,38.0,37.9,38.0,0.1,3.7000000000000006e-07,118800.0
2019-09-11,KCB,KCB Group Plc,33.75,55.5,37.7,38.5,38.0,37.9,0.1,3.7000000000000006e-07,122900.0
2019-09-12,KCB,KCB Group Plc,33.75,55.5,38.1,38.95,38.45,38.0,0.1,3.7000000000000006e-07,102900.0
2019-09-13,KCB,KCB Group Plc,33.75,55.5,38.5,39.95,38.5,38.45,0.0,0.0,158300.0
2019-09-16,KCB,KCB Group Plc,33.75,55.5,38.5,38.95,38.85,38.5,0.05,1.8e-07,165400.0
2019-09-17,KCB,KCB Group Plc,33.75,55.5,38.8,39.0,38.9,38.85,-0.05,1.8e-07,65800.0
2019-09-18,KCB,KCB Group Plc,33.75,55.5,38.8,39.5,39.15,38.9,0.1,3.7000000000000006e-07,1791000.0
2019-09-19,KCB,KCB Group Plc,33.75,55.5,39.0,40.3,40.05,39.15,-0.05,1.8e-07,11804000.0
2019-09-20,KCB,KCB Group Plc,33.75,55.5,40.0,40.5,40.1,40.05,0.15,5.499999999999999e-07,2566500.0
2019-09-23,KCB,KCB Group Plc,33.75,55.5,40.0,40.5,40.0,40.1,0.15,5.499999999999999e-07,48600.0
2019-09-24,KCB,KCB Group Plc,33.75,55.5,40.0,40.95,40.5,40.0,0.0,0.0,1140900.0
2019-09-25,KCB,KCB Group Plc,33.75,55.5,40.55,41.6,41.0,40.5,0.05,1.8e-07,2718500.0
2019-09-26,KCB,KCB Group Plc,33.75,55.5,41.0,42.3,41.95,41.0,-0.4,1.44999999999999e-06,2910800.0
2019-09-27,KCB,KCB Group Plc,33.75,55.5,42.0,42.5,42.0,41.95,-0.05,1.8e-07,740400.0
2019-09-30,KCB,KCB Group Plc,33.75,55.5,42.0,42.4,42.0,42.0,0.4,1.4800000000000002e-06,476000.0
2019-10-01,KCB,KCB Group Plc,33.75,55.5,42.0,42.4,42.0,42.0,0.05,1.8e-07,538100.0
2019-10-02,KCB,KCB Group Plc,33.75,55.5,42.05,42.4,42.15,42.0,0.1,3.6e-07,4196700.0
2019-10-03,KCB,KCB Group Plc,33.75,55.5,42.0,42.3,42.15,42.15,0.45,1.6299999999999999e-06,7430600.0
2019-10-04,KCB,KCB Group Plc,33.75,55.5,41.0,42.2,41.85,42.15,-0.05,1.8e-07,1801200.0
2019-10-07,KCB,KCB Group Plc,33.75,55.5,40.0,41.6,40.8,41.85,-0.2,7.0999999999999e-07,622000.0
2019-10-08,KCB,KCB Group Plc,33.75,55.5,40.8,43.0,40.9,40.8,0.35,1.26e-06,1094000.0
2019-10-09,KCB,KCB Group Plc,33.75,55.5,41.1,41.9,41.65,40.9,0.1,3.4999999999999003e-07,817700.0
2019-10-11,KCB,KCB Group Plc,33.75,55.5,41.55,42.0,41.8,41.65,0.15,5.3e-07,2150000.0
2019-10-14,KCB,KCB Group Plc,33.75,55.5,41.2,43.0,41.45,41.8,-0.45,1.5800000000000001e-06,33600.0
2019-10-15,KCB,KCB Group Plc,33.75,55.5,41.45,42.0,41.7,41.45,-0.1,3.6e-07,1009400.0
2019-10-16,KCB,KCB Group Plc,33.75,55.5,40.5,41.9,41.4,41.7,0.0,0.0,552900.0
2019-10-17,KCB,KCB Group Plc,33.75,55.5,42.1,43.9,42.6,41.4,0.55,1.9699999999999998e-06,1611100.0
2019-10-18,KCB,KCB Group Plc,33.75,55.5,43.05,43.5,43.25,42.6,-0.2,6.9999999999999e-07,3103900.0
2019-10-22,KCB,KCB Group Plc,33.75,55.5,43.3,44.0,43.55,43.25,0.2,7.0999999999999e-07,4418000.0
2019-10-23,KCB,KCB Group Plc,33.75,55.5,43.2,44.0,43.3,43.55,0.05,1.8e-07,872900.0
2019-10-24,KCB,KCB Group Plc,33.75,55.5,43.5,44.0,43.8,43.3,0.1,3.4999999999999003e-07,2583900.0
2019-10-25,KCB,KCB Group Plc,33.75,55.5,43.75,45.0,44.1,43.8,0.1,3.4999999999999003e-07,1477400.0
2019-10-28,KCB,KCB Group Plc,33.75,55.5,44.5,45.2,45.05,44.1,0.15,5.2e-07,952000.0
2019-10-29,KCB,KCB Group Plc,33.75,55.5,44.8,46.0,45.0,45.05,0.05,1.7e-07,400200.0
2019-10-30,KCB,KCB Group Plc,33.75,55.5,46.0,49.5,48.1,45.0,0.35,1.21e-06,1514500.0
2019-10-31,KCB,KCB Group Plc,33.75,55.5,49.0,52.75,51.75,48.1,0.5,1.7100000000000001e-06,15005700.0
2019-11-01,KCB,KCB Group Plc,33.75,55.5,51.75,54.0,53.25,51.75,0.55,1.85e-06,12647400.0
2019-11-04,KCB,KCB Group Plc,33.75,55.5,47.95,53.0,51.0,53.25,0.1,3.3e-07,3163400.0
2019-11-05,KCB,KCB Group Plc,33.75,55.5,47.95,51.5,50.25,51.0,0.1,3.3e-07,3372700.0
2019-11-06,KCB,KCB Group Plc,33.75,55.5,51.0,53.5,53.25,50.25,0.2,6.6e-07,5885600.0
2019-11-07,KCB,KCB Group Plc,33.75,55.5,51.0,53.0,52.75,53.25,0.5,1.6299999999999999e-06,4669800.0
2019-11-08,KCB,KCB Group Plc,33.75,55.5,49.0,50.75,49.9,52.75,-1.2,3.8499999999999996e-06,1098800.0
2019-11-11,KCB,KCB Group Plc,33.75,55.5,49.5,50.0,49.75,49.9,-0.6,2e-06,1234000.0
2019-11-12,KCB,KCB Group Plc,33.75,55.5,48.75,49.9,49.3,49.75,-0.4,1.36e-06,2898800.0
2019-11-13,KCB,KCB Group Plc,33.75,55.5,49.0,50.0,49.55,49.3,0.3,1.0299999999999999e-06,2408400.0
2019-11-14,KCB,KCB Group Plc,33.75,55.5,49.3,50.0,49.9,49.55,0.65,2.22e-06,1033600.0
2019-11-15,KCB,KCB Group Plc,33.75,55.5,50.0,50.75,50.25,49.9,-1.2,4.01e-06,806900.0
2019-11-18,KCB,KCB Group Plc,33.75,55.5,50.0,50.5,50.25,50.25,-0.2,6.9999999999999e-07,585300.0
2019-11-19,KCB,KCB Group Plc,33.75,55.5,50.0,50.5,50.25,50.25,0.0,0.0,733000.0
2019-11-20,KCB,KCB Group Plc,33.75,55.5,49.55,50.75,50.0,50.25,0.05,1.8e-07,1492600.0
2019-11-21,KCB,KCB Group Plc,33.75,55.5,48.5,49.95,49.2,50.0,-0.1,3.4999999999999003e-07,129100.0
2019-11-22,KCB,KCB Group Plc,33.75,55.5,48.5,49.2,49.05,49.2,-0.05,1.8e-07,1885600.0
2019-11-25,KCB,KCB Group Plc,33.75,55.5,48.5,48.85,48.6,49.05,0.45,1.5800000000000001e-06,99000.0
2019-11-26,KCB,KCB Group Plc,33.75,55.5,47.4,48.5,47.8,48.6,-0.05,1.7e-07,3646200.0
2019-11-27,KCB,KCB Group Plc,33.75,55.5,47.8,49.0,48.8,47.8,0.05,1.7e-07,596900.0
2019-11-28,KCB,KCB Group Plc,33.75,55.5,48.5,50.5,50.0,48.8,0.05,1.7e-07,1095800.0
2019-11-29,KCB,KCB Group Plc,33.75,55.5,49.5,50.25,50.0,50.0,0.3,1.04e-06,352300.0
2019-12-02,KCB,KCB Group Plc,33.75,55.5,49.5,50.75,50.0,50.0,0.15,5.100000000000001e-07,358300.0
2019-12-03,KCB,KCB Group Plc,33.75,55.5,49.9,51.5,51.0,50.0,0.1,3.4e-07,2578200.0
2019-12-04,KCB,KCB Group Plc,33.75,55.5,50.5,51.5,51.5,51.0,-0.1,3.4e-07,1178900.0
2019-12-05,KCB,KCB Group Plc,33.75,55.5,51.0,51.5,51.5,51.5,0.05,1.7e-07,2272200.0
2019-12-06,KCB,KCB Group Plc,33.75,55.5,50.0,51.5,51.5,51.5,0.55,1.87e-06,738200.0
2019-12-09,KCB,KCB Group Plc,33.75,55.5,50.25,51.0,50.75,51.5,0.15,5e-07,1381300.0
2019-12-10,KCB,KCB Group Plc,33.75,55.5,50.25,51.0,50.75,50.75,0.0,0.0,1381300.0
2019-12-11,KCB,KCB Group Plc,33.75,55.5,50.25,52.5,51.75,50.75,0.1,3.3e-07,2254500.0
2019-12-13,KCB,KCB Group Plc,33.75,55.5,50.5,52.5,52.25,51.75,0.05,1.7e-07,807400.0
2019-12-16,KCB,KCB Group Plc,33.75,55.5,52.0,52.25,52.0,52.25,-0.25,8.3e-07,231900.0
2019-12-17,KCB,KCB Group Plc,33.75,55.5,51.5,53.0,52.5,52.0,-0.05,1.7e-07,3701100.0
2019-12-18,KCB,KCB Group Plc,33.75,55.5,52.25,53.0,52.5,52.5,0.2,6.7e-07,1694600.0
2019-12-19,KCB,KCB Group Plc,33.75,55.5,52.5,53.25,53.0,52.5,0.7,2.32e-06,1467900.0
2019-12-20,KCB,KCB Group Plc,33.75,55.5,53.0,53.75,53.25,53.0,0.4,1.29e-06,909300.0
2019-12-23,KCB,KCB Group Plc,33.75,55.5,53.0,53.5,53.5,53.25,0.35,1.12e-06,2713300.0
2019-12-24,KCB,KCB Group Plc,33.75,55.5,52.75,53.5,53.25,53.5,0.05,1.6e-07,751300.0
2019-12-27,KCB,KCB Group Plc,33.75,55.5,53.0,53.5,53.25,53.25,-0.25,7.900000000000001e-07,1520400.0
2019-12-30,KCB,KCB Group Plc,33.75,55.5,53.25,53.5,53.25,53.25,-0.1,3.2e-07,979000.0
2019-12-31,KCB,KCB Group Plc,33.75,55.5,53.25,54.0,54.0,53.25,0.15,4.8e-07,935400.0
2020-01-02,KCB,KCB Group Plc,33.75,55.5,54.0,55.0,54.25,54.0,-0.2,6.3e-07,225000.0
2020-01-03,KCB,KCB Group Plc,33.75,55.5,54.0,55.5,55.0,54.25,0.25,8.000000000000001e-07,392900.0
2020-01-06,KCB,KCB Group Plc,33.75,55.5,53.5,54.5,53.75,55.0,-0.05,1.6e-07,152700.0
2020-01-07,KCB,KCB Group Plc,33.75,55.5,52.5,53.75,52.75,53.75,0.05,1.6e-07,649000.0
2020-01-08,KCB,KCB Group Plc,33.75,55.5,52.75,54.0,53.25,52.75,0.3,9.499999999999999e-07,925200.0
2020-01-09,KCB,KCB Group Plc,33.75,55.5,53.25,55.0,54.75,53.25,0.95,2.98e-06,1774700.0
2020-01-10,KCB,KCB Group Plc,33.75,55.5,54.0,55.5,55.0,54.75,0.0,0.0,3199400.0
2020-01-13,KCB,KCB Group Plc,33.75,55.5,54.5,55.5,54.75,55.0,-0.1,3e-07,2383300.0
2020-01-14,KCB,KCB Group Plc,33.75,55.5,53.25,54.75,53.75,54.75,0.05,1.5e-07,6659300.0
2020-01-15,KCB,KCB Group Plc,33.75,55.5,50.75,53.5,51.5,53.75,-0.75,2.29e-06,2649800.0
2020-01-16,KCB,KCB Group Plc,33.75,55.5,51.0,52.75,51.75,51.5,0.0,0.0,2396000.0
2020-01-17,KCB,KCB Group Plc,33.75,55.5,51.5,53.5,51.75,51.75,-0.5,1.5599999999999999e-06,2810500.0
2020-01-20,KCB,KCB Group Plc,33.75,55.5,51.5,53.0,52.0,51.75,0.05,1.6e-07,1963500.0
2020-01-21,KCB,KCB Group Plc,33.75,55.5,51.5,53.0,51.75,52.0,0.0,0.0,945000.0
2020-01-22,KCB,KCB Group Plc,33.75,55.5,51.5,53.0,51.5,51.75,-0.05,1.6e-07,3229900.0
2020-01-23,KCB,KCB Group Plc,33.75,55.5,51.0,51.75,51.5,51.5,0.05,1.6e-07,67000.0
2020-01-24,KCB,KCB Group Plc,33.75,55.5,51.5,52.0,51.75,51.5,-0.25,7.900000000000001e-07,1158500.0
2020-01-27,KCB,KCB Group Plc,33.75,55.5,51.75,52.25,52.0,51.75,-0.6,1.92e-06,1694100.0
2020-01-28,KCB,KCB Group Plc,33.75,55.5,51.75,52.75,52.0,52.0,-0.75,2.43999999999999e-06,362500.0
2020-01-29,KCB,KCB Group Plc,33.75,55.5,52.0,52.5,52.25,52.0,0.1,3.3e-07,1471100.0
2020-01-30,KCB,KCB Group Plc,33.75,55.5,52.0,52.5,52.0,52.25,0.55,1.83e-06,1162300.0
2020-01-31,KCB,KCB Group Plc,33.75,55.5,51.75,52.25,52.25,52.0,-0.15,4.9e-07,1534400.0
2020-02-03,KCB,KCB Group Plc,33.75,55.5,51.75,52.25,52.0,52.25,0.35,1.15e-06,259800.0
2020-02-04,KCB,KCB Group Plc,33.75,55.5,51.0,52.5,51.5,52.0,0.15,4.9e-07,2530600.0
2020-02-05,KCB,KCB Group Plc,33.75,55.5,51.5,53.0,52.25,51.5,0.6,1.94e-06,1292000.0
2020-02-06,KCB,KCB Group Plc,33.75,55.5,52.0,53.0,52.25,52.25,1.25,3.95999999999999e-06,4403300.0
2020-02-07,KCB,KCB Group Plc,33.75,55.5,50.5,53.0,51.25,52.25,0.1,3e-07,2956300.0
2020-02-10,KCB,KCB Group Plc,33.75,55.5,51.0,51.75,51.0,51.25,-0.25,7.6e-07,648400.0
2020-02-12,KCB,KCB Group Plc,33.75,55.5,50.75,52.0,51.0,51.0,-0.15,4.6e-07,3883400.0
2020-02-13,KCB,KCB Group Plc,33.75,55.5,50.25,51.0,50.5,51.0,-1.0,3.08e-06,3508700.0
2020-02-14,KCB,KCB Group Plc,33.75,55.5,50.0,51.0,50.5,50.5,-0.5,1.5900000000000002e-06,2556500.0
2020-02-17,KCB,KCB Group Plc,33.75,55.5,50.25,50.5,50.25,50.5,-0.1,3.2e-07,68100.0
2020-02-18,KCB,KCB Group Plc,33.75,55.5,50.25,51.0,50.5,50.25,-0.4,1.29e-06,915800.0
2020-02-19,KCB,KCB Group Plc,33.75,55.5,50.5,51.0,50.75,50.5,-0.55,1.8e-06,623000.0
2020-02-20,KCB,KCB Group Plc,33.75,55.5,50.0,51.0,50.5,50.75,0.0,0.0,6657200.0
2020-02-21,KCB,KCB Group Plc,33.75,55.5,50.0,50.5,50.0,50.5,-0.05,1.7e-07,559600.0
2020-02-24,KCB,KCB Group Plc,33.75,55.5,48.5,50.75,49.75,50.0,0.0,0.0,1636800.0
2020-02-25,KCB,KCB Group Plc,33.75,55.5,48.0,49.5,49.0,49.75,-0.15,5e-07,3025300.0
2020-02-26,KCB,KCB Group Plc,33.75,55.5,48.0,49.0,48.55,49.0,-1.55,5.21e-06,278900.0
2020-02-27,KCB,KCB Group Plc,33.75,55.5,46.0,48.25,46.65,48.55,-0.1,3.4999999999999003e-07,3107500.0
2020-02-28,KCB,KCB Group Plc,33.75,55.5,43.5,46.0,44.95,46.65,-0.2,7.0999999999999e-07,4621800.0
2020-03-02,KCB,KCB Group Plc,33.75,55.5,45.8,48.0,46.65,44.95,0.2,7.2e-07,2253700.0
2020-03-03,KCB,KCB Group Plc,33.75,55.5,46.3,49.0,47.7,46.65,0.75,2.66999999999999e-06,1704700.0
2020-03-04,KCB,KCB Group Plc,33.75,55.5,48.5,50.0,49.5,47.7,0.25,8.7e-07,737200.0
2020-03-05,KCB,KCB Group Plc,33.75,55.5,49.5,51.5,50.5,49.5,0.45,1.55e-06,5323100.0
2020-03-06,KCB,KCB Group Plc,33.75,55.5,50.0,51.0,50.25,50.5,-0.05,1.7e-07,3548100.0
2020-03-09,KCB,KCB Group Plc,33.75,55.5,46.45,50.0,46.7,50.25,-2.15,7.2900000000000005e-06,4596500.0
2020-03-10,KCB,KCB Group Plc,33.75,55.5,47.0,49.0,47.8,46.7,0.4,1.46e-06,442600.0
2020-03-11,KCB,KCB Group Plc,33.75,55.5,48.0,49.0,48.65,47.8,0.1,3.6e-07,183400.0
2020-03-12,KCB,KCB Group Plc,33.75,55.5,45.5,49.0,45.85,48.65,-2.1,7.539999999999999e-06,7087200.0
2020-03-13,KCB,KCB Group Plc,33.75,55.5,41.3,48.75,42.65,45.85,-1.4,5.44e-06,6953900.0
2020-03-16,KCB,KCB Group Plc,33.75,55.5,39.95,42.0,40.25,42.65,0.1,4.0999999999999e-07,6452400.0
2020-03-17,KCB,KCB Group Plc,33.75,55.5,40.0,42.5,41.7,40.25,0.65,2.6599999999999995e-06,431100.0
2020-03-18,KCB,KCB Group Plc,33.75,55.5,41.0,42.0,41.55,41.7,0.25,1e-06,3514200.0
2020-03-19,KCB,KCB Group Plc,33.75,55.5,40.45,41.5,40.6,41.55,0.05,2.0000000000000002e-07,1850100.0
2020-03-20,KCB,KCB Group Plc,33.75,55.5,40.25,42.0,40.55,40.6,0.0,0.0,1190300.0
2020-03-23,KCB,KCB Group Plc,33.75,55.5,36.5,41.2,37.45,40.55,-0.8,3.1500000000000003e-06,520600.0
2020-03-24,KCB,KCB Group Plc,33.75,55.5,33.75,39.5,33.9,37.45,-0.15,6.099999999999899e-07,5302000.0
2020-03-25,KCB,KCB Group Plc,33.75,55.5,34.0,36.0,35.05,33.9,0.05,2.0000000000000002e-07,3890600.0
2020-03-26,KCB,KCB Group Plc,33.75,55.5,34.95,36.5,35.05,35.05,0.15,6.099999999999899e-07,7304400.0
2020-03-27,KCB,KCB Group Plc,33.75,55.5,34.85,36.1,35.0,35.05,0.7,2.8399999999999897e-06,1958600.0
2020-03-30,KCB,KCB Group Plc,33.75,55.5,34.95,37.5,35.0,35.0,0.65,2.56e-06,3028800.0
2020-03-31,KCB,KCB Group Plc,33.75,55.5,34.85,36.5,35.0,35.0,0.45,1.73e-06,7041300.0
2020-04-01,KCB,KCB Group Plc,33.75,55.5,34.75,35.0,34.9,35.0,0.45,1.7e-06,2395300.0
2020-04-02,KCB,KCB Group Plc,33.75,55.5,34.0,35.0,34.25,34.9,1.35,5.01999999999999e-06,1357900.0
2020-04-03,KCB,KCB Group Plc,33.75,55.5,34.3,35.0,34.6,34.25,0.5,1.77e-06,369700.0
2020-04-06,KCB,KCB Group Plc,33.75,55.5,34.75,36.2,34.8,34.6,-1.2,4.17e-06,2360300.0
2020-04-07,KCB,KCB Group Plc,33.75,55.5,34.4,35.0,34.5,34.8,-0.75,2.72e-06,2759500.0
2020-04-08,KCB,KCB Group Plc,33.75,55.5,34.45,35.0,34.5,34.5,-0.6,2.24e-06,1056800.0
2020-04-09,KCB,KCB Group Plc,33.75,55.5,34.5,35.0,34.5,34.5,0.15,5.699999999999899e-07,8383300.0
2020-04-14,KCB,KCB Group Plc,33.75,55.5,35.0,36.5,35.1,34.5,0.7,2.6599999999999995e-06,1279300.0
2020-04-15,KCB,KCB Group Plc,33.75,55.5,34.9,36.0,35.0,35.1,0.4,1.4800000000000002e-06,1919500.0
2020-04-16,KCB,KCB Group Plc,33.75,55.5,34.6,36.0,35.05,35.0,-0.05,1.8e-07,2405600.0
2020-04-17,KCB,KCB Group Plc,33.75,55.5,34.5,35.0,34.6,35.05,0.6,2.1899999999999998e-06,9479700.0
2020-04-20,KCB,KCB Group Plc,33.75,55.5,35.05,37.5,35.95,34.6,0.5,1.7899999999999998e-06,777800.0
2020-04-21,KCB,KCB Group Plc,33.75,55.5,35.85,38.95,37.0,35.95,-0.1,3.4999999999999003e-07,2834300.0
2020-04-22,KCB,KCB Group Plc,33.75,55.5,36.5,37.0,36.75,37.0,-0.45,1.5800000000000001e-06,907400.0
2020-04-23,KCB,KCB Group Plc,33.75,55.5,36.55,37.0,36.65,36.75,0.25,8.9e-07,1014500.0
2020-04-24,KCB,KCB Group Plc,33.75,55.5,36.5,37.0,36.6,36.65,-0.65,2.3e-06,8481200.0
2020-04-27,KCB,KCB Group Plc,33.75,55.5,36.65,37.5,36.95,36.6,0.0,0.0,2374500.0
2020-04-28,KCB,KCB Group Plc,33.75,55.5,35.4,36.0,35.8,36.95,0.15,5.4e-07,1259300.0
2020-04-29,KCB,KCB Group Plc,33.75,55.5,35.85,36.5,36.3,35.8,1.3,4.69e-06,290700.0
2020-04-30,KCB,KCB Group Plc,33.75,55.5,36.1,37.5,37.0,36.3,-0.5,1.72e-06,1464300.0
2020-05-04,KCB,KCB Group Plc,33.75,55.5,37.8,39.0,38.4,37.0,1.0,3.51e-06,2704100.0
2020-05-05,KCB,KCB Group Plc,33.75,55.5,38.0,39.5,38.75,38.4,0.45,1.53e-06,1866200.0
2020-05-06,KCB,KCB Group Plc,33.75,55.5,40.0,42.5,41.95,38.75,0.5,1.6699999999999999e-06,4721000.0
2020-05-07,KCB,KCB Group Plc,33.75,55.5,39.0,42.0,39.25,41.95,-1.55,5.09e-06,2380200.0
2020-05-08,KCB,KCB Group Plc,33.75,55.5,39.0,40.8,39.05,39.25,-0.55,1.8999999999999998e-06,1130400.0
2020-05-11,KCB,KCB Group Plc,33.75,55.5,38.5,39.5,39.05,39.05,-0.05,1.8e-07,260000.0
2020-05-12,KCB,KCB Group Plc,33.75,55.5,38.75,39.95,38.95,39.05,-0.3,1.06e-06,6169500.0
2020-05-13,KCB,KCB Group Plc,33.75,55.5,37.8,38.95,38.0,38.95,-0.2,7.0999999999999e-07,1324900.0
2020-05-14,KCB,KCB Group Plc,33.75,55.5,35.5,38.0,35.9,38.0,-0.7,2.52e-06,1009400.0
2020-05-15,KCB,KCB Group Plc,33.75,55.5,35.45,37.5,35.65,35.9,0.55,2.0299999999999996e-06,4217400.0
2020-05-18,KCB,KCB Group Plc,33.75,55.5,35.65,38.5,36.05,35.65,1.25,4.52e-06,359200.0
2020-05-19,KCB,KCB Group Plc,33.75,55.5,37.0,38.4,37.6,36.05,0.3,1.04e-06,2338600.0
2020-05-20,KCB,KCB Group Plc,33.75,55.5,36.9,37.5,37.05,37.6,-0.2,6.8e-07,99500.0
2020-05-21,KCB,KCB Group Plc,33.75,55.5,35.8,37.0,36.0,37.05,-0.2,6.9e-07,3004700.0
2020-05-22,KCB,KCB Group Plc,33.75,55.5,36.0,37.0,36.3,36.0,0.55,1.91e-06,8639400.0
2020-05-26,KCB,KCB Group Plc,33.75,55.5,34.0,36.4,35.75,36.3,-0.35,1.18999999999999e-06,4317100.0
2020-05-27,KCB,KCB Group Plc,33.75,55.5,35.4,37.0,35.65,35.75,-0.35,1.21e-06,4114100.0
2020-05-28,KCB,KCB Group Plc,33.75,55.5,36.0,37.0,36.2,35.65,-0.6,2.09e-06,715200.0
2020-05-29,KCB,KCB Group Plc,33.75,55.5,35.0,36.75,35.45,36.2,0.5,1.78e-06,3968000.0
2020-06-02,KCB,KCB Group Plc,33.75,55.5,35.2,35.5,35.35,35.45,0.2,6.9999999999999e-07,1611100.0
2020-06-03,KCB,KCB Group Plc,33.75,55.5,34.5,35.5,34.95,35.35,0.35,1.21999999999999e-06,1065100.0
2020-06-04,KCB,KCB Group Plc,33.75,55.5,34.75,36.0,34.9,34.95,0.5,1.72e-06,1303100.0
2020-06-05,KCB,KCB Group Plc,33.75,55.5,34.75,35.5,34.9,34.9,-0.1,3.4e-07,4252500.0
2020-06-08,KCB,KCB Group Plc,33.75,55.5,35.0,37.25,35.2,34.9,0.4,1.36e-06,2311000.0
2020-06-09,KCB,KCB Group Plc,33.75,55.5,35.0,36.0,35.15,35.2,-0.25,8.4e-07,1585900.0
2020-06-10,KCB,KCB Group Plc,33.75,55.5,34.9,35.5,35.0,35.15,0.3,1.01e-06,2396500.0
2020-06-11,KCB,KCB Group Plc,33.75,55.5,34.9,35.5,35.0,35.0,0.5,1.6699999999999999e-06,2580500.0
2020-06-12,KCB,KCB Group Plc,33.75,55.5,35.0,36.0,35.0,35.0,0.0,0.0,3200200.0
2020-06-15,KCB,KCB Group Plc,33.75,55.5,35.1,36.0,35.5,35.0,0.0,0.0,1503900.0
2020-06-16,KCB,KCB Group Plc,33.75,55.5,35.25,36.05,35.95,35.5,0.5,1.63999999999999e-06,540600.0
2020-06-17,KCB,KCB Group Plc,33.75,55.5,35.95,36.5,36.0,35.95,0.0,0.0,761600.0
2020-06-18,KCB,KCB Group Plc,33.75,55.5,36.0,36.5,36.05,36.0,0.0,0.0,1037700.0
2020-06-19,KCB,KCB Group Plc,33.75,55.5,36.0,36.5,36.15,36.05,-0.05,1.6e-07,3036400.0
2020-06-22,KCB,KCB Group Plc,33.75,55.5,36.0,36.5,36.1,36.15,-0.7,2.2700000000000003e-06,423600.0
2020-06-23,KCB,KCB Group Plc,33.75,55.5,36.2,37.0,36.5,36.1,-0.75,2.48e-06,1013400.0
2020-06-24,KCB,KCB Group Plc,33.75,55.5,36.2,37.5,36.7,36.5,-0.8,2.72e-06,2437300.0
2020-06-25,KCB,KCB Group Plc,33.75,55.5,36.5,37.0,36.8,36.7,-0.35,1.21999999999999e-06,803800.0
2020-06-26,KCB,KCB Group Plc,33.75,55.5,36.0,37.25,36.4,36.8,0.2,7.0999999999999e-07,464600.0
2020-06-29,KCB,KCB Group Plc,33.75,55.5,36.0,36.8,36.4,36.4,0.4,1.3999999999999898e-06,844800.0
2020-06-30,KCB,KCB Group Plc,33.75,55.5,35.95,36.8,36.35,36.4,-0.25,8.7e-07,1258400.0
2020-07-01,KCB,KCB Group Plc,30.0,54.75,35.75,36.4,35.95,36.35,0.05,1.7e-07,397900.0
2020-07-02,KCB,KCB Group Plc,30.0,55.5,34.8,36.0,35.0,35.95,0.3,1.0500000000000001e-06,1472600.0
2020-07-03,KCB,KCB Group Plc,30.0,55.5,34.9,35.9,35.05,35.0,0.65,2.24e-06,864100.0
2020-07-06,KCB,KCB Group Plc,30.0,55.5,34.4,35.6,34.65,35.05,-0.55,1.85e-06,1670100.0
2020-07-07,KCB,KCB Group Plc,30.0,55.5,34.4,35.5,34.6,34.65,-1.0,3.44e-06,862700.0
2020-07-08,KCB,KCB Group Plc,30.0,55.5,33.85,35.5,34.2,34.6,-0.1,3.6e-07,3063300.0
2020-07-09,KCB,KCB Group Plc,30.0,54.75,33.75,34.2,34.0,34.2,-0.5,1.7899999999999998e-06,1936500.0
2020-07-10,KCB,KCB Group Plc,30.0,53.0,33.95,35.0,34.05,34.0,0.0,0.0,877800.0
2020-07-13,KCB,KCB Group Plc,30.0,53.5,34.0,35.0,34.05,34.05,0.0,0.0,3156200.0
2020-07-14,KCB,KCB Group Plc,30.0,53.0,34.4,35.5,34.75,34.05,-0.55,2e-06,199300.0
2020-07-15,KCB,KCB Group Plc,30.0,53.0,35.1,35.5,35.4,34.75,0.0,0.0,66300.0
2020-07-16,KCB,KCB Group Plc,30.0,53.0,34.5,35.6,35.1,35.4,0.05,1.9e-07,2085500.0
2020-07-17,KCB,KCB Group Plc,30.0,53.0,34.95,35.3,35.25,35.1,0.0,0.0,3425200.0
2020-07-20,KCB,KCB Group Plc,30.0,53.0,34.95,35.5,35.05,35.25,0.0,0.0,54800.0
2020-07-21,KCB,KCB Group Plc,30.0,53.0,34.2,35.25,34.8,35.05,-0.3,1.11e-06,1197000.0
2020-07-22,KCB,KCB Group Plc,30.0,53.0,34.1,35.0,34.25,34.8,0.15,5.6e-07,3591200.0
2020-07-23,KCB,KCB Group Plc,30.0,53.0,34.1,34.5,34.3,34.25,0.65,2.42e-06,2478600.0
2020-07-24,KCB,KCB Group Plc,30.0,55.5,34.25,35.0,34.35,34.3,0.6,2.18e-06,1996700.0
2020-07-27,KCB,KCB Group Plc,30.0,55.5,34.35,35.0,34.85,34.35,1.25,4.45e-06,914200.0
2020-07-28,KCB,KCB Group Plc,30.0,55.5,34.6,35.0,34.9,34.85,-1.05,3.5799999999999996e-06,1909200.0
2020-07-29,KCB,KCB Group Plc,30.0,55.5,34.6,35.0,34.95,34.9,0.0,0.0,213700.0
2020-07-30,KCB,KCB Group Plc,30.0,53.5,34.3,35.0,34.4,34.95,-0.15,5.3e-07,287800.0
2020-08-03,KCB,KCB Group Plc,30.0,53.5,34.2,35.0,34.3,34.4,-1.3,4.62e-06,852800.0
2020-08-04,KCB,KCB Group Plc,30.0,55.5,33.95,34.5,34.05,34.3,-0.45,1.68e-06,206800.0
2020-08-05,KCB,KCB Group Plc,30.0,53.5,33.7,34.25,33.8,34.05,-0.25,9.499999999999999e-07,324600.0
2020-08-06,KCB,KCB Group Plc,30.0,55.5,33.25,33.75,33.4,33.8,1.25,4.78e-06,536700.0
2020-08-07,KCB,KCB Group Plc,30.0,53.0,32.85,33.25,32.95,33.4,0.3,1.09e-06,2047900.0
2020-08-10,KCB,KCB Group Plc,30.0,53.0,32.5,33.0,32.95,32.95,-0.2,7.2e-07,235400.0
2020-08-11,KCB,KCB Group Plc,30.0,53.5,32.55,33.0,32.7,32.95,0.0,0.0,718300.0
2020-08-12,KCB,KCB Group Plc,30.0,53.0,32.25,33.0,32.55,32.7,0.45,1.63999999999999e-06,157500.0
2020-08-13,KCB,KCB Group Plc,30.0,53.0,30.0,32.85,30.55,32.55,-0.1,3.6e-07,1944600.0
2020-08-14,KCB,KCB Group Plc,30.0,53.0,30.3,30.95,30.55,30.55,-0.15,5.4e-07,2324600.0
2020-08-17,KCB,KCB Group Plc,30.0,53.0,30.9,31.5,31.0,30.55,0.7,2.5299999999999995e-06,3312500.0
2020-08-18,KCB,KCB Group Plc,30.0,53.0,31.2,31.5,31.3,31.0,-0.4,1.4099999999999998e-06,2978100.0
2020-08-19,KCB,KCB Group Plc,30.0,53.0,31.45,32.55,31.8,31.3,0.0,0.0,6943600.0
2020-08-20,KCB,KCB Group Plc,30.0,53.0,32.05,34.0,33.5,31.8,0.05,1.8e-07,2173900.0
2020-08-21,KCB,KCB Group Plc,30.0,55.5,33.5,34.0,33.65,33.5,0.15,5.3e-07,1407400.0
2020-08-24,KCB,KCB Group Plc,30.0,53.0,34.0,34.95,34.45,33.65,0.0,0.0,384200.0
2020-08-25,KCB,KCB Group Plc,30.0,53.0,34.45,35.0,34.6,34.45,0.45,1.6000000000000001e-06,1483000.0
2020-08-26,KCB,KCB Group Plc,30.0,53.0,34.7,35.5,35.05,34.6,0.35,1.21999999999999e-06,724100.0
2020-08-27,KCB,KCB Group Plc,30.0,53.0,35.65,36.25,36.05,35.05,0.45,1.55e-06,476900.0
2020-08-28,KCB,KCB Group Plc,30.0,55.5,36.05,36.9,36.4,36.05,0.4,1.36e-06,2297700.0
2020-08-31,KCB,KCB Group Plc,30.0,55.5,36.1,37.5,37.0,36.4,0.05,1.7e-07,2045100.0
2020-09-01,KCB,KCB Group Plc,30.0,55.5,37.0,38.5,37.95,37.0,0.0,0.0,774300.0
2020-09-02,KCB,KCB Group Plc,30.0,55.5,38.4,38.95,38.55,37.95,0.1,3.3e-07,890400.0
2020-09-03,KCB,KCB Group Plc,30.0,55.5,37.35,38.85,38.15,38.55,0.05,1.7e-07,1197400.0
2020-09-04,KCB,KCB Group Plc,30.0,53.0,35.5,37.5,36.75,38.15,-0.45,1.4999999999999998e-06,213300.0
2020-09-07,KCB,KCB Group Plc,30.0,55.5,36.0,37.0,36.0,36.75,-0.55,1.86e-06,1816300.0
2020-09-08,KCB,KCB Group Plc,30.0,55.5,36.0,36.9,36.05,36.0,-0.05,1.7e-07,157000.0
2020-09-09,KCB,KCB Group Plc,30.0,55.5,36.0,37.0,36.05,36.05,0.05,1.7e-07,506700.0
2020-09-10,KCB,KCB Group Plc,30.0,55.5,36.1,37.45,36.75,36.05,0.9,3.1e-06,668200.0
2020-09-11,KCB,KCB Group Plc,30.0,53.0,37.0,38.0,37.9,36.75,0.1,3.3e-07,499900.0
2020-09-14,KCB,KCB Group Plc,30.0,53.0,37.05,38.0,38.0,37.9,-0.1,3.3e-07,423300.0
2020-09-15,KCB,KCB Group Plc,30.0,53.0,37.95,38.25,38.0,38.0,0.2,6.7e-07,902100.0
2020-09-16,KCB,KCB Group Plc,30.0,53.0,37.85,38.4,37.95,38.0,-0.05,1.7e-07,526400.0
2020-09-17,KCB,KCB Group Plc,30.0,53.0,37.5,38.0,37.55,37.95,-0.1,3.3e-07,575800.0
2020-09-18,KCB,KCB Group Plc,30.0,53.0,37.0,38.0,37.9,37.55,0.0,0.0,52300.0
2020-09-21,KCB,KCB Group Plc,30.0,53.0,37.5,38.1,38.0,37.9,-0.1,3.3e-07,1566400.0
2020-09-22,KCB,KCB Group Plc,30.0,53.0,37.9,38.1,38.0,38.0,0.15,5e-07,1451500.0
2020-09-23,KCB,KCB Group Plc,30.0,53.0,38.0,38.4,38.0,38.0,-0.05,1.7e-07,2065500.0
2020-09-24,KCB,KCB Group Plc,30.0,53.0,38.0,39.0,38.15,38.0,0.0,0.0,1075900.0
2020-09-25,KCB,KCB Group Plc,30.0,55.5,38.3,39.2,38.9,38.15,0.05,1.7e-07,1468600.0
2020-09-28,KCB,KCB Group Plc,30.0,55.5,38.6,39.25,39.05,38.9,-0.25,8.3e-07,778600.0
2020-09-29,KCB,KCB Group Plc,30.0,55.5,39.05,39.4,39.1,39.05,0.0,0.0,379600.0
2020-09-30,KCB,KCB Group Plc,30.0,55.5,39.05,39.4,39.1,39.1,-0.1,3.4e-07,103700.0
2020-10-01,KCB,KCB Group Plc,30.0,55.5,39.0,39.4,39.1,39.1,0.1,3.4e-07,875600.0
2020-10-02,KCB,KCB Group Plc,30.0,55.5,38.0,39.4,38.5,39.1,0.2,6.7e-07,244700.0
2020-10-05,KCB,KCB Group Plc,30.0,55.5,37.9,38.95,38.05,38.5,0.0,0.0,156000.0
2020-10-06,KCB,KCB Group Plc,30.0,55.5,37.9,38.05,38.0,38.05,-0.05,1.7e-07,138000.0
2020-10-07,KCB,KCB Group Plc,30.0,55.5,37.8,38.1,37.95,38.0,0.55,1.84e-06,78700.0
2020-10-08,KCB,KCB Group Plc,30.0,55.5,37.8,38.0,38.0,37.95,-0.45,1.4800000000000002e-06,458000.0
2020-10-09,KCB,KCB Group Plc,30.0,53.5,37.5,38.5,38.1,38.0,0.05,1.7e-07,73400.0
2020-10-12,KCB,KCB Group Plc,30.0,53.5,37.8,38.1,38.0,38.1,-0.05,1.7e-07,28400.0
2020-10-13,KCB,KCB Group Plc,30.0,53.5,37.7,38.0,38.0,38.0,0.1,3.3e-07,543500.0
2020-10-14,KCB,KCB Group Plc,30.0,53.5,37.05,38.0,37.55,38.0,-0.05,1.7e-07,4264100.0
2020-10-15,KCB,KCB Group Plc,30.0,53.5,37.0,37.9,37.5,37.55,-0.05,1.7e-07,1589500.0
2020-10-16,KCB,KCB Group Plc,30.0,53.0,37.0,37.9,37.2,37.5,0.05,1.7e-07,125700.0
2020-10-19,KCB,KCB Group Plc,30.0,53.0,37.0,37.5,37.0,37.2,0.0,0.0,138300.0
2020-10-21,KCB,KCB Group Plc,30.0,53.0,37.0,37.5,37.1,37.0,0.15,5e-07,59200.0
2020-10-22,KCB,KCB Group Plc,30.0,53.0,37.0,37.45,37.25,37.1,0.4,1.32e-06,4334800.0
2020-10-23,KCB,KCB Group Plc,30.0,55.5,36.5,37.25,37.05,37.25,0.3,9.8e-07,2374000.0
2020-10-26,KCB,KCB Group Plc,30.0,53.0,36.2,37.0,36.9,37.05,-0.45,1.44999999999999e-06,4465500.0
2020-10-27,KCB,KCB Group Plc,30.0,53.0,36.5,37.0,36.6,36.9,0.1,3.3e-07,48000.0
2020-10-28,KCB,KCB Group Plc,30.0,55.5,36.5,36.85,36.75,36.6,0.0,0.0,86100.0
2020-10-29,KCB,KCB Group Plc,30.0,55.5,36.4,37.0,36.55,36.75,-0.1,3.3e-07,934000.0
2020-10-30,KCB,KCB Group Plc,30.0,55.5,36.0,36.55,36.05,36.55,0.35,1.15e-06,1539900.0
2020-11-02,KCB,KCB Group Plc,30.0,55.5,35.05,36.2,35.9,36.05,0.4,1.2999999999999998e-06,159500.0
2020-11-03,KCB,KCB Group Plc,30.0,55.5,35.4,36.0,35.6,35.9,0.0,0.0,134100.0
2020-11-04,KCB,KCB Group Plc,30.0,55.5,35.2,36.5,35.4,35.6,-0.1,3.2e-07,4699000.0
2020-11-05,KCB,KCB Group Plc,30.0,55.5,35.25,35.6,35.4,35.4,0.1,3.2e-07,18146300.0
2020-11-06,KCB,KCB Group Plc,30.0,55.5,35.55,36.45,35.6,35.4,0.05,1.6e-07,2056100.0
2020-11-09,KCB,KCB Group Plc,30.0,55.5,35.6,37.0,36.4,35.6,-0.55,1.7600000000000003e-06,246100.0
2020-11-10,KCB,KCB Group Plc,30.0,55.5,36.5,37.9,37.0,36.4,0.2,6.499999999999999e-07,1169900.0
2020-11-11,KCB,KCB Group Plc,30.0,55.5,37.8,38.5,37.9,37.0,0.85,2.7500000000000004e-06,1987700.0
2020-11-12,KCB,KCB Group Plc,30.0,55.5,37.0,38.1,37.4,37.9,-0.1,3.1e-07,1049700.0
2020-11-13,KCB,KCB Group Plc,30.0,53.0,37.3,38.45,37.5,37.4,0.1,3.2e-07,1077800.0
2020-11-16,KCB,KCB Group Plc,30.0,53.5,37.5,38.0,37.55,37.5,0.3,9.399999999999899e-07,405200.0
2020-11-17,KCB,KCB Group Plc,30.0,53.0,37.5,37.8,37.5,37.55,-0.05,1.6e-07,862700.0
2020-11-18,KCB,KCB Group Plc,30.0,53.0,36.5,37.5,36.8,37.5,-0.1,3.1e-07,69900.0
2020-11-19,KCB,KCB Group Plc,30.0,53.0,35.5,36.75,35.95,36.8,-0.5,1.5599999999999999e-06,348700.0
2020-11-20,KCB,KCB Group Plc,30.0,53.0,35.55,36.5,36.2,35.95,0.55,1.7500000000000002e-06,155000.0
2020-11-23,KCB,KCB Group Plc,30.0,53.0,36.5,37.5,36.8,36.2,0.0,0.0,4407300.0
2020-11-24,KCB,KCB Group Plc,30.0,53.0,36.9,37.8,37.2,36.8,-0.3,9.399999999999899e-07,129000.0
2020-11-25,KCB,KCB Group Plc,30.0,53.0,37.3,37.8,37.6,37.2,0.3,9.499999999999999e-07,67200.0
2020-11-26,KCB,KCB Group Plc,30.0,53.0,37.45,38.0,37.8,37.6,0.0,0.0,1568900.0
2020-11-27,KCB,KCB Group Plc,30.0,55.5,36.7,37.7,37.15,37.8,-0.1,3.1e-07,3949100.0
2020-11-30,KCB,KCB Group Plc,30.0,55.5,36.9,38.0,37.0,37.15,0.8,2.50999999999999e-06,6501900.0
2020-12-01,KCB,KCB Group Plc,30.0,55.5,36.9,37.5,37.2,37.0,-0.4,1.21999999999999e-06,7834700.0
2020-12-02,KCB,KCB Group Plc,30.0,55.5,36.9,37.2,37.0,37.2,0.65,2.00999999999999e-06,77400.0
2020-12-03,KCB,KCB Group Plc,30.0,55.5,36.65,37.2,37.0,37.0,0.05,1.5e-07,3391500.0
2020-12-04,KCB,KCB Group Plc,30.0,55.5,36.7,37.0,36.7,37.0,0.5,1.52e-06,5248900.0
2020-12-07,KCB,KCB Group Plc,30.0,55.5,36.7,37.0,36.9,36.7,-0.5,1.49e-06,153900.0
2020-12-08,KCB,KCB Group Plc,30.0,55.5,36.7,37.0,36.8,36.9,0.0,0.0,1210800.0
2020-12-09,KCB,KCB Group Plc,30.0,55.5,36.7,37.0,36.95,36.8,-0.05,1.5e-07,158200.0
2020-12-10,KCB,KCB Group Plc,30.0,55.5,36.85,37.0,37.0,36.95,-0.3,9.100000000000001e-07,1192600.0
2020-12-11,KCB,KCB Group Plc,30.0,53.0,36.8,37.15,37.0,37.0,0.3,9.2e-07,81200.0
2020-12-14,KCB,KCB Group Plc,30.0,54.75,36.7,37.0,36.95,37.0,0.2,6.099999999999899e-07,200100.0
2020-12-15,KCB,KCB Group Plc,30.0,53.5,36.7,37.0,36.9,36.95,-0.1,3e-07,2430200.0
2020-12-16,KCB,KCB Group Plc,30.0,53.5,36.5,36.95,36.85,36.9,-0.25,7.6e-07,872000.0
2020-12-17,KCB,KCB Group Plc,30.0,53.0,36.5,36.9,36.9,36.85,0.1,3e-07,1721400.0
2020-12-18,KCB,KCB Group Plc,30.0,53.0,36.6,36.85,36.8,36.9,0.65,1.97999999999999e-06,641700.0
2020-12-21,KCB,KCB Group Plc,30.0,53.0,36.65,36.85,36.75,36.8,-0.25,7.499999999999999e-07,647200.0
2020-12-22,KCB,KCB Group Plc,30.0,53.0,36.65,37.0,36.9,36.75,0.55,1.65e-06,1878900.0
2020-12-23,KCB,KCB Group Plc,30.0,53.0,36.7,37.0,36.9,36.9,0.15,4.400000000000001e-07,84700.0
2020-12-24,KCB,KCB Group Plc,30.0,53.0,36.9,37.2,37.0,36.9,0.0,0.0,4792500.0
2020-12-28,KCB,KCB Group Plc,30.0,53.0,37.0,38.0,37.55,37.0,0.1,2.9e-07,139500.0
2020-12-29,KCB,KCB Group Plc,30.0,53.0,37.5,38.3,37.85,37.55,-0.05,1.5e-07,934600.0
2020-12-30,KCB,KCB Group Plc,30.0,55.5,37.8,38.5,38.1,37.85,-0.05,1.5e-07,81200.0
2020-12-31,KCB,KCB Group Plc,30.0,55.5,38.0,38.5,38.1,38.1,0.25,7.400000000000001e-07,118900.0
2021-01-04,KCB,KCB Group Plc,30.0,55.5,38.2,38.5,38.4,38.1,0.0,0.0,58500.0
2021-01-05,KCB,KCB Group Plc,30.0,55.5,38.35,38.95,38.5,38.4,0.15,4.400000000000001e-07,70000.0
2021-01-06,KCB,KCB Group Plc,30.0,55.5,38.0,38.95,38.5,38.5,0.6,1.74e-06,2287900.0
2021-01-07,KCB,KCB Group Plc,30.0,55.5,37.95,38.45,38.0,38.5,-0.05,1.4e-07,60400.0
2021-01-11,KCB,KCB Group Plc,30.0,55.5,37.95,38.0,38.0,38.3,-0.05,1.4e-07,53000.0
2021-01-12,KCB,KCB Group Plc,30.0,55.5,37.8,38.0,37.95,38.0,-0.05,1.4e-07,353700.0
2021-01-13,KCB,KCB Group Plc,30.0,54.75,37.5,38.0,37.9,37.95,0.2,5.699999999999899e-07,395400.0
2021-01-14,KCB,KCB Group Plc,30.0,53.5,36.8,37.8,37.2,37.9,1.4,3.99e-06,797800.0
2021-01-15,KCB,KCB Group Plc,30.0,53.0,36.85,37.25,36.9,37.2,0.05,1.4e-07,793100.0
2021-01-18,KCB,KCB Group Plc,30.0,53.0,36.45,37.0,36.55,36.9,-0.2,5.499999999999999e-07,246700.0
2021-01-19,KCB,KCB Group Plc,30.0,53.0,35.8,36.5,35.95,36.55,0.05,1.4e-07,1350800.0
2021-01-20,KCB,KCB Group Plc,30.0,53.0,35.5,36.8,35.75,35.95,-0.55,1.5100000000000002e-06,5962100.0
2021-01-21,KCB,KCB Group Plc,30.0,53.0,35.5,37.0,36.4,35.75,-0.55,1.53e-06,5453100.0
2021-01-22,KCB,KCB Group Plc,30.0,53.0,36.0,36.5,36.0,36.4,0.25,7.0999999999999e-07,2299700.0
2021-01-25,KCB,KCB Group Plc,30.0,53.0,35.8,36.0,35.95,36.0,0.9,2.5299999999999995e-06,1385000.0
2021-01-26,KCB,KCB Group Plc,30.0,53.0,35.9,36.0,35.95,35.95,0.1,2.7e-07,116900.0
2021-01-27,KCB,KCB Group Plc,30.0,53.0,35.85,36.0,35.9,35.95,-0.15,4.0999999999999e-07,276700.0
2021-01-28,KCB,KCB Group Plc,30.0,53.0,35.8,36.0,35.9,35.9,-0.2,5.499999999999999e-07,193900.0
2021-01-29,KCB,KCB Group Plc,30.0,53.0,35.75,35.95,35.85,35.9,-0.35,9.7e-07,3843900.0
2021-02-01,KCB,KCB Group Plc,30.0,42.5,35.55,36.05,35.75,35.85,-0.7,1.95e-06,1209100.0
2021-02-02,KCB,KCB Group Plc,30.0,42.5,35.6,36.95,35.7,35.75,0.4,1.13999999999999e-06,3247700.0
2021-02-03,KCB,KCB Group Plc,30.0,42.5,36.0,36.5,36.4,35.7,0.9,2.5299999999999995e-06,5015000.0
2021-02-04,KCB,KCB Group Plc,30.0,42.5,36.4,37.0,36.5,36.4,0.4,1.0999999999999998e-06,4902200.0
2021-02-05,KCB,KCB Group Plc,30.0,42.5,36.6,37.45,37.05,36.5,-0.65,1.7600000000000003e-06,4408000.0
2021-02-08,KCB,KCB Group Plc,30.0,42.5,37.05,37.5,37.45,37.05,-0.25,6.9e-07,1480700.0
2021-02-09,KCB,KCB Group Plc,30.0,42.5,37.3,37.7,37.5,37.45,0.65,1.81e-06,2497300.0
2021-02-10,KCB,KCB Group Plc,30.0,42.5,37.4,37.85,37.5,37.5,-0.2,5.499999999999999e-07,394700.0
2021-02-11,KCB,KCB Group Plc,30.0,42.5,37.5,37.9,37.75,37.5,1.4,3.8499999999999996e-06,45400.0
2021-02-12,KCB,KCB Group Plc,30.0,42.5,37.55,38.1,38.0,37.75,0.55,1.46e-06,2705400.0
2021-02-15,KCB,KCB Group Plc,30.0,42.5,37.95,38.5,38.05,38.0,0.7,1.83e-06,132300.0
2021-02-16,KCB,KCB Group Plc,30.0,42.5,38.15,38.95,38.6,38.05,-0.55,1.4099999999999998e-06,2863300.0
2021-02-17,KCB,KCB Group Plc,30.0,42.5,38.55,39.2,38.85,38.6,0.25,6.499999999999999e-07,3171100.0
2021-02-18,KCB,KCB Group Plc,30.0,42.5,38.8,39.2,39.0,38.85,-0.3,7.7e-07,1136300.0
2021-02-19,KCB,KCB Group Plc,30.0,42.5,39.0,39.75,39.5,39.0,0.3,7.799999999999999e-07,545600.0
2021-02-22,KCB,KCB Group Plc,30.0,42.5,39.0,39.75,39.3,39.5,0.15,3.8999999999999997e-07,90000.0
2021-02-23,KCB,KCB Group Plc,30.0,42.5,38.5,39.0,38.75,39.3,0.1,2.6e-07,1318500.0
2021-02-24,KCB,KCB Group Plc,30.0,42.5,38.0,38.75,38.4,38.75,0.0,0.0,1478200.0
2021-02-25,KCB,KCB Group Plc,30.0,42.5,37.7,38.75,38.1,38.4,0.0,0.0,2405400.0
2021-02-26,KCB,KCB Group Plc,30.0,42.5,38.0,39.0,38.75,38.1,-0.25,6.4e-07,564000.0
2021-03-01,KCB,KCB Group Plc,30.0,42.5,38.1,39.45,38.8,38.75,-0.05,1.3e-07,93500.0
2021-03-02,KCB,KCB Group Plc,30.0,42.5,38.25,39.0,38.7,38.8,-0.1,2.6e-07,880400.0
2021-03-03,KCB,KCB Group Plc,30.0,42.5,38.05,39.45,38.35,38.7,-0.6,1.55e-06,1127600.0
2021-03-04,KCB,KCB Group Plc,30.0,42.5,37.8,38.7,37.95,38.35,-0.15,3.8999999999999997e-07,182900.0
2021-03-05,KCB,KCB Group Plc,30.0,42.5,37.55,38.4,38.2,37.95,-0.55,1.44999999999999e-06,278800.0
2021-03-08,KCB,KCB Group Plc,30.0,42.5,37.55,38.35,38.15,38.2,-1.4,3.75e-06,2967600.0
2021-03-09,KCB,KCB Group Plc,30.0,42.5,37.5,39.0,38.9,38.15,0.25,6.9999999999999e-07,1756100.0
2021-03-10,KCB,KCB Group Plc,30.0,42.5,38.8,39.5,39.15,38.9,1.4,3.869999999999999e-06,4448400.0
2021-03-11,KCB,KCB Group Plc,30.0,42.5,38.9,39.4,39.25,39.15,0.0,0.0,98000.0
2021-03-12,KCB,KCB Group Plc,30.0,42.5,39.35,40.0,39.95,39.25,-0.45,1.2e-06,911100.0
2021-03-15,KCB,KCB Group Plc,30.0,42.5,39.55,40.0,39.65,39.95,0.25,6.7e-07,63200.0
2021-03-16,KCB,KCB Group Plc,30.0,42.5,39.6,40.5,39.95,39.65,0.05,1.3e-07,2047900.0
2021-03-17,KCB,KCB Group Plc,30.0,42.5,40.0,40.25,40.1,39.95,0.15,4.0000000000000003e-07,307200.0
2021-03-18,KCB,KCB Group Plc,30.0,42.5,40.05,41.95,40.85,40.1,0.55,1.46e-06,989000.0
2021-03-19,KCB,KCB Group Plc,30.0,42.5,40.5,41.9,41.35,40.85,0.5,1.3100000000000002e-06,438000.0
2021-03-22,KCB,KCB Group Plc,30.0,42.5,40.5,41.85,40.9,41.35,0.3,7.799999999999999e-07,445500.0
2021-03-23,KCB,KCB Group Plc,30.0,42.5,41.0,41.9,41.2,40.9,0.55,1.4099999999999998e-06,866100.0
2021-03-24,KCB,KCB Group Plc,30.0,42.5,41.05,42.5,41.85,41.2,0.0,0.0,2075800.0
2021-03-25,KCB,KCB Group Plc,30.0,42.5,41.7,42.5,42.0,41.85,0.05,1.3e-07,2575200.0
2021-03-26,KCB,KCB Group Plc,30.0,42.5,41.0,41.75,41.1,42.0,-0.75,1.8999999999999998e-06,373800.0
2021-03-29,KCB,KCB Group Plc,30.0,42.5,38.0,40.0,39.4,41.1,-1.15,2.97e-06,920300.0
2021-03-30,KCB,KCB Group Plc,30.0,42.5,39.8,41.0,40.35,39.4,-0.25,6.6e-07,565900.0
2021-03-31,KCB,KCB Group Plc,30.0,42.5,40.0,41.5,41.3,40.35,-1.1,2.9499999999999997e-06,2002700.0
2021-04-01,KCB,KCB Group Plc,30.0,42.5,40.55,41.4,41.1,41.3,0.8,2.20999999999999e-06,737200.0
2021-04-06,KCB,KCB Group Plc,30.0,42.5,39.7,41.0,40.15,41.1,-0.3,8.099999999999999e-07,115100.0
2021-04-07,KCB,KCB Group Plc,30.0,42.5,39.0,40.0,39.85,40.15,0.05,1.4e-07,95200.0
2021-04-08,KCB,KCB Group Plc,30.0,42.5,39.0,40.0,39.8,39.85,-0.65,1.77e-06,186200.0
2021-04-09,KCB,KCB Group Plc,30.0,42.5,39.85,40.5,40.0,39.8,0.15,4.0999999999999e-07,3175100.0
2021-04-12,KCB,KCB Group Plc,30.0,42.5,40.0,41.0,40.65,40.0,0.25,6.9e-07,690100.0
2021-04-13,KCB,KCB Group Plc,30.0,42.5,40.7,41.25,40.9,40.65,0.1,2.7e-07,764500.0
2021-04-14,KCB,KCB Group Plc,30.0,42.5,40.5,41.5,41.35,40.9,0.45,1.23e-06,1492900.0
2021-04-15,KCB,KCB Group Plc,30.0,42.5,41.5,42.4,41.85,41.35,1.05,2.83e-06,467500.0
2021-04-16,KCB,KCB Group Plc,30.0,42.5,41.55,42.4,42.0,41.85,0.25,6.6e-07,1079700.0
2021-04-19,KCB,KCB Group Plc,30.0,42.5,41.4,41.95,41.5,42.0,-0.4,1.04e-06,130100.0
2021-04-20,KCB,KCB Group Plc,30.0,42.5,41.6,42.2,42.05,41.5,0.4,1.0500000000000001e-06,2750900.0
2021-04-21,KCB,KCB Group Plc,30.0,42.5,41.6,42.35,42.3,42.05,0.6,1.5599999999999999e-06,4467400.0
2021-04-22,KCB,KCB Group Plc,30.0,42.5,41.35,42.0,41.6,42.3,0.1,2.6e-07,672200.0
2021-04-23,KCB,KCB Group Plc,30.0,42.5,41.55,42.0,41.6,41.6,-0.3,7.7e-07,549200.0
2021-04-26,KCB,KCB Group Plc,30.0,42.5,41.55,42.0,41.8,41.6,0.2,5.2e-07,1104500.0
2021-04-27,KCB,KCB Group Plc,30.0,42.5,39.5,41.0,39.7,41.8,0.35,9e-07,1053400.0
2021-04-28,KCB,KCB Group Plc,30.0,42.5,39.5,41.0,39.95,39.7,0.55,1.3999999999999898e-06,204900.0
2021-04-29,KCB,KCB Group Plc,30.0,42.5,40.0,40.45,40.2,39.95,0.45,1.13e-06,94300.0
2021-04-30,KCB,KCB Group Plc,30.0,42.5,40.0,40.95,40.25,40.2,0.0,0.0,77200.0
2021-05-03,KCB,KCB Group Plc,30.0,47.0,39.95,40.4,40.05,40.25,0.15,3.7000000000000006e-07,55400.0
2021-05-04,KCB,KCB Group Plc,30.0,47.0,40.0,40.4,40.05,40.05,0.25,6.2e-07,684400.0
2021-05-05,KCB,KCB Group Plc,30.0,47.0,40.0,40.55,40.4,40.05,-0.25,6.099999999999899e-07,838100.0
2021-05-06,KCB,KCB Group Plc,30.0,47.0,40.65,42.0,41.5,40.4,0.15,3.7000000000000006e-07,2180600.0
2021-05-07,KCB,KCB Group Plc,30.0,48.0,41.5,42.2,41.95,41.5,0.15,3.7000000000000006e-07,3221300.0
2021-05-10,KCB,KCB Group Plc,30.9,48.6,41.55,42.8,42.4,41.95,0.05,1.2e-07,13934900.0
2021-05-11,KCB,KCB Group Plc,30.0,47.2,41.95,42.5,42.45,42.4,-0.25,6.099999999999899e-07,2468500.0
2021-05-12,KCB,KCB Group Plc,30.0,48.0,41.5,42.5,41.75,42.45,-0.5,1.23e-06,2055400.0
2021-05-13,KCB,KCB Group Plc,31.2,50.75,41.5,42.0,41.95,41.75,-0.7,1.7500000000000002e-06,3428500.0
2021-05-17,KCB,KCB Group Plc,31.2,50.75,40.5,42.0,41.0,41.95,-0.4,1.0200000000000002e-06,961400.0
2021-05-18,KCB,KCB Group Plc,32.05,50.75,40.0,41.3,41.05,41.0,-0.65,1.6699999999999999e-06,1439400.0
2021-05-19,KCB,KCB Group Plc,34.45,50.75,40.1,41.2,40.25,41.05,-0.3,7.799999999999999e-07,324000.0
2021-05-20,KCB,KCB Group Plc,32.05,50.75,40.25,40.9,40.55,40.25,0.85,2.23e-06,439100.0
2021-05-21,KCB,KCB Group Plc,35.05,50.75,40.6,41.5,41.0,40.55,0.6,1.54e-06,243600.0
2021-05-24,KCB,KCB Group Plc,35.05,50.75,40.65,42.4,41.85,41.0,2.25,5.7e-06,406100.0
2021-05-25,KCB,KCB Group Plc,35.05,50.75,42.0,42.45,42.25,41.85,1.0,2.4e-06,2357000.0
2021-05-26,KCB,KCB Group Plc,35.05,50.75,42.2,43.25,43.0,42.25,-0.95,2.22e-06,2872500.0
2021-05-27,KCB,KCB Group Plc,35.05,50.75,41.95,43.15,42.0,43.0,-1.45,3.4700000000000002e-06,8340800.0
2021-05-28,KCB,KCB Group Plc,30.0,47.0,41.9,43.0,42.4,42.0,1.5,3.72e-06,1774400.0
2021-05-31,KCB,KCB Group Plc,30.0,47.0,41.9,42.5,42.3,42.4,-1.0,2.39e-06,165000.0
2021-06-02,KCB,KCB Group Plc,30.0,47.0,40.65,43.0,42.0,42.3,0.25,6.099999999999899e-07,1375700.0
2021-06-03,KCB,KCB Group Plc,30.0,47.0,41.9,42.7,42.0,42.0,-0.1,2.4e-07,1233200.0
2021-06-04,KCB,KCB Group Plc,30.0,47.0,41.8,42.95,42.25,42.0,-0.5,1.21999999999999e-06,665200.0
2021-06-07,KCB,KCB Group Plc,30.0,47.0,42.1,43.0,42.25,42.25,0.05,1.2e-07,332200.0
2021-06-08,KCB,KCB Group Plc,30.0,47.0,42.25,43.0,42.5,42.25,0.4,9.8999999999999e-07,866000.0
2021-06-09,KCB,KCB Group Plc,30.0,47.0,42.6,43.5,42.95,42.5,0.05,1.2e-07,473200.0
2021-06-10,KCB,KCB Group Plc,30.0,47.0,42.7,43.0,42.85,42.95,0.25,6.099999999999899e-07,438400.0
2021-06-11,KCB,KCB Group Plc,31.45,50.75,42.3,43.0,42.6,42.85,0.0,0.0,263900.0
2021-06-14,KCB,KCB Group Plc,30.9,48.6,42.0,42.85,42.4,42.6,0.2,4.8e-07,230600.0
2021-06-15,KCB,KCB Group Plc,30.9,48.6,42.0,42.6,42.4,42.4,0.15,3.6e-07,510100.0
2021-06-16,KCB,KCB Group Plc,31.2,50.75,42.4,42.75,42.5,42.4,0.35,8.4e-07,394800.0
2021-06-17,KCB,KCB Group Plc,31.2,50.75,42.5,42.8,42.55,42.5,-0.35,8.3e-07,153500.0
2021-06-18,KCB,KCB Group Plc,34.45,50.75,42.5,42.8,42.55,42.55,-0.35,8.4e-07,359600.0
2021-06-21,KCB,KCB Group Plc,34.45,50.75,42.4,43.3,43.0,42.55,0.05,1.2e-07,2222800.0
2021-06-22,KCB,KCB Group Plc,34.45,50.75,43.0,44.0,43.25,43.0,0.0,0.0,3252900.0
2021-06-23,KCB,KCB Group Plc,34.0,50.75,43.35,44.25,43.35,43.25,-0.15,3.6e-07,1385100.0
2021-06-24,KCB,KCB Group Plc,34.45,50.75,43.3,43.95,43.65,43.35,-0.2,4.9e-07,1956600.0
2021-06-25,KCB,KCB Group Plc,30.0,47.0,43.55,44.25,43.85,43.65,-0.2,4.9e-07,1749300.0
2021-06-28,KCB,KCB Group Plc,35.05,50.75,43.35,44.35,44.0,43.85,-0.05,1.2e-07,175700.0
2021-06-29,KCB,KCB Group Plc,35.05,50.75,43.4,44.35,43.6,44.0,0.15,3.7000000000000006e-07,217400.0
2021-06-30,KCB,KCB Group Plc,35.05,50.75,42.0,43.5,42.65,43.6,0.6,1.47e-06,349900.0
2021-07-01,KCB,KCB Group Plc,30.0,47.0,42.0,42.9,42.5,42.65,0.55,1.3299999999999998e-06,1257700.0
2021-07-02,KCB,KCB Group Plc,30.0,47.0,42.15,42.95,42.5,42.5,-0.65,1.55e-06,1917400.0
2021-07-05,KCB,KCB Group Plc,30.0,47.0,42.6,43.0,42.7,42.5,0.05,1.2e-07,51000.0
2021-07-06,KCB,KCB Group Plc,30.0,47.0,42.6,43.35,42.95,42.7,-0.1,2.4e-07,90400.0
2021-07-07,KCB,KCB Group Plc,30.0,47.0,42.7,44.35,43.8,42.95,0.1,2.4e-07,145700.0
2021-07-08,KCB,KCB Group Plc,30.0,47.0,43.8,46.5,45.5,43.8,0.0,0.0,1649300.0
2021-07-09,KCB,KCB Group Plc,30.9,48.6,45.1,47.0,45.5,45.5,-0.15,3.6e-07,1263400.0
2021-07-12,KCB,KCB Group Plc,30.0,48.0,42.7,46.0,44.75,45.5,-0.1,2.4e-07,328900.0
2021-07-13,KCB,KCB Group Plc,30.0,48.0,44.0,45.0,44.75,44.75,0.05,1.2e-07,1518300.0
2021-07-14,KCB,KCB Group Plc,30.9,48.6,44.3,44.85,44.6,44.75,0.55,1.3299999999999998e-06,199400.0
2021-07-15,KCB,KCB Group Plc,30.9,48.6,44.5,45.05,44.95,44.6,0.85,2.0400000000000004e-06,378400.0
2021-07-16,KCB,KCB Group Plc,32.05,50.75,44.7,45.0,44.85,44.95,0.0,0.0,52700.0
2021-07-19,KCB,KCB Group Plc,32.05,50.75,44.6,45.0,44.75,44.85,0.0,0.0,137600.0
2021-07-21,KCB,KCB Group Plc,32.05,50.75,44.7,45.0,44.75,44.75,0.2,4.6999999999998994e-07,1884100.0
2021-07-22,KCB,KCB Group Plc,32.05,50.75,44.7,44.85,44.75,44.75,0.0,0.0,98600.0
2021-07-23,KCB,KCB Group Plc,35.05,50.75,44.5,44.9,44.55,44.75,0.0,0.0,476900.0
2021-07-26,KCB,KCB Group Plc,35.05,50.75,44.75,44.95,44.8,44.55,0.0,0.0,238700.0
2021-07-27,KCB,KCB Group Plc,35.05,50.75,44.75,45.15,45.0,44.8,-1.0,2.33999999999999e-06,1537300.0
2021-07-28,KCB,KCB Group Plc,35.05,50.75,44.8,46.0,45.35,45.0,-0.05,1.2e-07,464900.0
2021-07-29,KCB,KCB Group Plc,35.05,50.75,45.05,45.85,45.6,45.35,0.15,3.6e-07,1882400.0
2021-07-30,KCB,KCB Group Plc,30.0,47.0,45.35,46.0,45.7,45.6,0.05,1.2e-07,1523000.0
2021-08-02,KCB,KCB Group Plc,30.0,47.0,45.6,45.95,45.7,45.7,-0.55,1.3100000000000002e-06,126300.0
2021-08-03,KCB,KCB Group Plc,30.0,47.0,45.6,46.25,45.95,45.7,-0.35,8.5e-07,1162500.0
2021-08-04,KCB,KCB Group Plc,30.0,47.0,46.0,46.25,46.2,45.95,0.05,1.2e-07,156300.0
2021-08-05,KCB,KCB Group Plc,30.0,47.0,46.1,46.5,46.45,46.2,0.15,3.6e-07,366300.0
2021-08-06,KCB,KCB Group Plc,30.0,48.0,46.35,46.8,46.75,46.45,0.85,2.0599999999999998e-06,1009100.0
2021-08-09,KCB,KCB Group Plc,30.0,47.0,46.4,46.8,46.6,46.75,0.85,2.02e-06,1406500.0
2021-08-10,KCB,KCB Group Plc,30.0,47.0,46.2,46.65,46.45,46.6,0.0,0.0,123500.0
2021-08-11,KCB,KCB Group Plc,30.0,47.2,46.5,46.75,46.6,46.45,0.0,0.0,1027000.0
2021-08-12,KCB,KCB Group Plc,30.0,48.0,46.65,47.2,46.9,46.6,0.05,1.2e-07,1016700.0
2021-08-13,KCB,KCB Group Plc,32.05,50.75,46.8,48.0,47.15,46.9,0.0,0.0,915400.0
2021-08-16,KCB,KCB Group Plc,30.9,50.75,47.2,48.6,48.1,47.15,0.6,1.3999999999999898e-06,1088700.0
2021-08-17,KCB,KCB Group Plc,31.2,50.75,48.6,50.75,49.9,48.1,1.3,2.98e-06,1081700.0
2021-08-18,KCB,KCB Group Plc,31.45,50.75,48.9,50.25,49.7,49.9,-0.7,1.5599999999999999e-06,540700.0
2021-08-19,KCB,KCB Group Plc,32.05,50.75,47.1,49.5,48.15,49.7,-0.35,7.900000000000001e-07,501700.0
2021-08-20,KCB,KCB Group Plc,35.05,50.75,47.1,48.9,47.95,48.15,0.6,1.37e-06,1749000.0
2021-08-23,KCB,KCB Group Plc,34.0,50.75,47.7,48.85,48.0,47.95,0.5,1.12e-06,1049400.0
2021-08-24,KCB,KCB Group Plc,34.45,50.75,48.0,48.7,48.15,48.0,0.0,0.0,111000.0
2021-08-25,KCB,KCB Group Plc,34.7,50.75,48.1,48.5,48.25,48.15,-0.35,7.799999999999999e-07,336900.0
2021-08-26,KCB,KCB Group Plc,35.05,50.75,48.25,48.5,48.3,48.25,-0.15,3.4e-07,775300.0
2021-08-27,KCB,KCB Group Plc,35.05,50.75,48.25,48.8,48.55,48.3,-0.1,2.2000000000000004e-07,714400.0
2021-08-30,KCB,KCB Group Plc,35.05,50.75,48.25,49.0,48.65,48.55,-0.65,1.47e-06,63800.0
2021-08-31,KCB,KCB Group Plc,35.05,50.75,47.95,48.65,48.5,48.65,-1.1,2.52e-06,2151100.0
2021-09-01,KCB,KCB Group Plc,35.5,50.75,47.65,48.35,48.0,48.5,0.0,0.0,1698400.0
2021-09-02,KCB,KCB Group Plc,35.5,50.75,46.65,48.0,47.15,48.0,-0.15,3.4999999999999003e-07,418700.0
2021-09-03,KCB,KCB Group Plc,35.5,50.75,46.0,47.15,46.8,47.15,-0.3,7.0999999999999e-07,1129400.0
2021-09-06,KCB,KCB Group Plc,35.5,50.75,46.0,47.0,46.25,46.8,0.0,0.0,183500.0
2021-09-07,KCB,KCB Group Plc,35.5,50.75,46.2,46.75,46.35,46.25,-0.55,1.2999999999999998e-06,226800.0
2021-09-08,KCB,KCB Group Plc,35.5,50.75,46.2,46.5,46.3,46.35,0.4,9.6e-07,1091000.0
2021-09-09,KCB,KCB Group Plc,35.5,50.75,46.0,46.8,46.3,46.3,0.5,1.18999999999999e-06,1308700.0
2021-09-10,KCB,KCB Group Plc,35.5,50.75,46.3,47.0,46.6,46.3,0.0,0.0,885800.0
2021-09-13,KCB,KCB Group Plc,35.5,50.75,46.4,47.0,46.8,46.6,-0.1,2.4e-07,522800.0
2021-09-14,KCB,KCB Group Plc,35.5,50.75,46.6,47.0,46.75,46.8,0.05,1.2e-07,2084500.0
2021-09-15,KCB,KCB Group Plc,35.5,50.75,46.7,47.5,46.85,46.75,0.0,0.0,848400.0
2021-09-16,KCB,KCB Group Plc,35.5,50.75,46.8,47.5,46.95,46.85,0.2,4.6999999999998994e-07,267700.0
2021-09-17,KCB,KCB Group Plc,35.5,50.75,47.0,49.0,48.55,46.95,0.55,1.29e-06,1437000.0
2021-09-20,KCB,KCB Group Plc,35.5,50.75,47.5,48.95,48.35,48.55,-0.3,6.9e-07,710200.0
2021-09-21,KCB,KCB Group Plc,35.5,50.75,47.55,48.5,47.95,48.35,-1.1,2.56e-06,361100.0
2021-09-22,KCB,KCB Group Plc,35.5,50.75,47.0,47.85,47.05,47.95,0.05,1.2e-07,4419900.0
2021-09-23,KCB,KCB Group Plc,35.5,50.75,47.05,47.95,47.2,47.05,0.1,2.4e-07,2714500.0
2021-09-24,KCB,KCB Group Plc,35.5,50.75,46.5,47.85,47.1,47.2,-0.15,3.6e-07,3106900.0
2021-09-27,KCB,KCB Group Plc,35.5,50.75,46.55,47.5,47.0,47.1,0.05,1.2e-07,550500.0
2021-09-28,KCB,KCB Group Plc,35.5,50.75,46.6,47.0,46.9,47.0,-0.3,7.2e-07,88600.0
2021-09-29,KCB,KCB Group Plc,35.5,50.75,46.55,47.0,46.7,46.9,0.1,2.4e-07,206100.0
2021-09-30,KCB,KCB Group Plc,35.5,50.75,46.7,46.9,46.75,46.7,0.45,1.08e-06,42000.0
2021-10-01,KCB,KCB Group Plc,35.5,50.75,46.65,46.85,46.75,46.75,1.1,2.6099999999999903e-06,51000.0
2021-10-04,KCB,KCB Group Plc,35.5,50.75,45.05,46.85,46.6,46.75,0.4,9.3e-07,268700.0
2021-10-05,KCB,KCB Group Plc,35.5,50.75,45.0,46.3,45.2,46.6,-0.65,1.49e-06,700500.0
2021-10-06,KCB,KCB Group Plc,35.5,50.75,45.2,45.95,45.5,45.2,0.0,0.0,3901000.0
2021-10-07,KCB,KCB Group Plc,35.5,50.75,45.65,46.25,45.9,45.5,-0.6,1.3999999999999898e-06,2528200.0
2021-10-08,KCB,KCB Group Plc,35.5,50.75,45.6,46.4,46.1,45.9,-0.7,1.65e-06,767400.0
2021-10-12,KCB,KCB Group Plc,35.5,50.75,45.25,46.0,45.8,46.1,0.2,4.8e-07,1970400.0
2021-10-13,KCB,KCB Group Plc,35.5,50.75,45.3,46.0,45.4,45.8,0.15,3.6e-07,135200.0
2021-10-14,KCB,KCB Group Plc,35.5,50.75,42.2,45.4,45.05,45.4,0.45,1.07e-06,681500.0
2021-10-15,KCB,KCB Group Plc,35.5,50.75,43.55,46.0,45.1,45.05,0.65,1.53e-06,2715700.0
2021-10-18,KCB,KCB Group Plc,35.5,50.75,44.0,44.9,44.8,45.1,-0.2,4.6e-07,203600.0
2021-10-19,KCB,KCB Group Plc,35.5,50.75,44.0,45.0,44.6,44.8,-0.75,1.7500000000000002e-06,584600.0
2021-10-21,KCB,KCB Group Plc,35.5,50.75,43.2,44.6,44.45,44.6,0.35,8.3e-07,4013500.0
2021-10-22,KCB,KCB Group Plc,35.5,50.75,43.5,44.5,44.2,44.45,0.45,1.06e-06,132700.0
2021-10-25,KCB,KCB Group Plc,35.5,50.75,43.5,44.5,44.0,44.2,-0.6,1.3999999999999898e-06,278400.0
2021-10-26,KCB,KCB Group Plc,35.5,50.75,43.4,44.2,43.95,44.0,-0.3,7.0999999999999e-07,4907400.0
2021-10-27,KCB,KCB Group Plc,35.5,50.75,43.5,44.0,44.0,43.95,-0.05,1.2e-07,2958800.0
2021-10-28,KCB,KCB Group Plc,35.5,50.75,43.6,44.2,44.0,44.0,0.85,2.02e-06,218500.0
2021-10-29,KCB,KCB Group Plc,35.5,50.75,43.7,44.0,43.95,44.0,-0.05,1.2e-07,582900.0
2021-11-01,KCB,KCB Group Plc,35.5,50.75,43.75,44.0,43.95,43.95,-0.85,1.99e-06,606900.0
2021-11-02,KCB,KCB Group Plc,35.5,50.75,43.5,43.9,43.85,43.95,-0.3,7.2e-07,1062900.0
2021-11-03,KCB,KCB Group Plc,35.5,50.75,43.1,43.75,43.55,43.85,-0.05,1.2e-07,64200.0
2021-11-04,KCB,KCB Group Plc,35.5,50.75,43.3,43.75,43.5,43.55,-0.55,1.32e-06,260500.0
2021-11-05,KCB,KCB Group Plc,35.5,50.75,43.35,44.0,43.5,43.5,-0.85,2.07e-06,363200.0
2021-11-08,KCB,KCB Group Plc,35.5,50.75,43.5,45.0,44.0,43.5,-0.15,3.7000000000000006e-07,185300.0
2021-11-09,KCB,KCB Group Plc,35.5,50.75,43.8,46.5,44.4,44.0,0.05,1.2e-07,2979600.0
2021-11-10,KCB,KCB Group Plc,35.5,50.75,44.0,46.0,44.65,44.4,0.4,1e-06,600700.0
2021-11-11,KCB,KCB Group Plc,35.5,50.75,44.0,46.0,44.65,44.65,0.0,0.0,517300.0
2021-11-12,KCB,KCB Group Plc,35.5,50.75,44.1,44.95,44.5,44.65,-0.3,7.400000000000001e-07,406500.0
2021-11-15,KCB,KCB Group Plc,35.5,50.75,44.1,45.5,44.35,44.5,-0.15,3.7000000000000006e-07,940200.0
2021-11-16,KCB,KCB Group Plc,35.5,50.75,44.1,44.9,44.55,44.35,0.0,0.0,151300.0
2021-11-17,KCB,KCB Group Plc,35.5,50.75,44.5,46.0,44.55,44.55,-0.2,5e-07,1055100.0
2021-11-18,KCB,KCB Group Plc,35.5,50.75,45.0,46.5,45.3,44.55,-0.15,3.8e-07,2825000.0
2021-11-19,KCB,KCB Group Plc,35.5,50.75,45.1,46.0,45.9,45.3,-0.45,1.13e-06,1914400.0
2021-11-22,KCB,KCB Group Plc,35.5,50.75,43.0,45.5,44.95,45.9,-1.3,3.3099999999999996e-06,779500.0
2021-11-23,KCB,KCB Group Plc,35.5,50.75,44.0,45.0,44.7,44.95,-0.4,1.0500000000000001e-06,2794100.0
2021-11-24,KCB,KCB Group Plc,35.5,50.75,43.9,44.7,44.0,44.7,-0.6,1.6000000000000001e-06,4151200.0
2021-11-25,KCB,KCB Group Plc,35.5,50.75,43.9,44.9,44.0,44.0,0.05,1.4e-07,3365000.0
2021-11-26,KCB,KCB Group Plc,35.5,50.75,43.8,43.95,43.85,44.0,1.0,2.7e-06,431100.0
2021-11-29,KCB,KCB Group Plc,35.5,50.75,43.0,44.0,43.55,43.85,0.05,1.3e-07,97700.0
2021-11-30,KCB,KCB Group Plc,35.5,50.75,40.0,43.9,43.4,43.55,-0.1,2.6e-07,3054800.0
2021-12-01,KCB,KCB Group Plc,35.5,50.75,41.1,43.15,42.25,43.4,-0.05,1.3e-07,114400.0
2021-12-02,KCB,KCB Group Plc,35.5,50.75,39.1,42.95,41.1,42.25,0.0,0.0,1939600.0
2021-12-03,KCB,KCB Group Plc,35.5,50.75,40.1,42.5,41.15,41.1,-0.85,2.24e-06,868700.0
2021-12-06,KCB,KCB Group Plc,35.5,50.75,40.5,42.45,41.1,41.15,-0.1,2.7e-07,668200.0
2021-12-07,KCB,KCB Group Plc,35.5,50.75,40.9,42.5,41.0,41.1,-0.45,1.21999999999999e-06,11025200.0
2021-12-08,KCB,KCB Group Plc,35.5,50.75,41.6,43.0,42.75,41.0,0.1,2.7e-07,1974700.0
2021-12-09,KCB,KCB Group Plc,35.5,50.75,42.75,43.5,43.15,42.75,0.35,9.6e-07,5877700.0
2021-12-10,KCB,KCB Group Plc,35.5,50.75,42.0,43.5,43.25,43.15,0.85,2.3e-06,8804400.0
2021-12-14,KCB,KCB Group Plc,35.5,50.75,43.0,43.85,43.2,43.25,-0.05,1.3e-07,252900.0
2021-12-15,KCB,KCB Group Plc,35.5,50.75,43.1,44.25,43.75,43.2,-0.05,1.3e-07,461900.0
2021-12-16,KCB,KCB Group Plc,35.5,50.75,43.2,44.4,44.0,43.75,0.05,1.3e-07,7252900.0
2021-12-17,KCB,KCB Group Plc,35.5,50.75,43.8,45.0,44.1,44.0,0.2,5.3e-07,1253800.0
2021-12-20,KCB,KCB Group Plc,35.5,50.75,44.25,45.0,44.5,44.1,0.05,1.3e-07,170100.0
2021-12-21,KCB,KCB Group Plc,35.5,50.75,44.5,45.0,44.65,44.5,0.05,1.3e-07,127800.0
2021-12-22,KCB,KCB Group Plc,35.5,50.75,44.6,45.0,44.75,44.65,0.6,1.5800000000000001e-06,177900.0
2021-12-23,KCB,KCB Group Plc,35.5,50.75,44.7,45.0,44.9,44.75,1.3,3.36e-06,73600.0
2021-12-24,KCB,KCB Group Plc,35.5,50.75,45.0,45.5,45.2,44.9,0.05,1.3e-07,34600.0
2021-12-28,KCB,KCB Group Plc,35.5,50.75,44.5,45.3,44.95,45.2,-0.65,1.6299999999999999e-06,338800.0
2021-12-29,KCB,KCB Group Plc,35.5,50.75,44.75,45.2,45.0,44.95,-0.6,1.52e-06,599500.0
2021-12-30,KCB,KCB Group Plc,35.5,50.75,45.0,45.3,45.15,45.0,-1.1,2.8399999999999897e-06,73300.0
2021-12-31,KCB,KCB Group Plc,35.5,50.75,45.05,45.5,45.45,45.15,0.3,8.000000000000001e-07,524300.0
2022-01-03,KCB,KCB Group Plc,37.0,50.75,45.25,46.0,45.55,45.45,0.2,5.3e-07,174500.0
2022-01-04,KCB,KCB Group Plc,37.0,50.75,45.0,45.7,45.05,45.55,0.9,2.36e-06,1621900.0
2022-01-05,KCB,KCB Group Plc,37.0,50.75,45.3,46.0,45.5,45.05,0.5,1.28e-06,610500.0
2022-01-06,KCB,KCB Group Plc,37.0,50.75,45.2,46.5,45.9,45.5,0.45,1.13999999999999e-06,67300.0
2022-01-07,KCB,KCB Group Plc,37.0,50.75,45.6,46.5,46.0,45.9,-0.1,2.5e-07,80500.0
2022-01-10,KCB,KCB Group Plc,37.0,50.75,45.65,46.5,46.4,46.0,-1.4,3.51e-06,622000.0
2022-01-11,KCB,KCB Group Plc,37.0,50.75,45.6,46.1,45.85,46.4,-0.05,1.3e-07,3549300.0
2022-01-12,KCB,KCB Group Plc,37.0,50.75,45.0,46.0,45.45,45.85,-0.45,1.1699999999999899e-06,2249400.0
2022-01-13,KCB,KCB Group Plc,37.0,50.75,44.7,46.0,45.25,45.45,-0.05,1.3e-07,91900.0
2022-01-14,KCB,KCB Group Plc,37.0,50.75,45.0,45.5,45.15,45.25,-0.1,2.6e-07,80800.0
2022-01-17,KCB,KCB Group Plc,37.0,50.75,45.0,45.5,45.1,45.15,-0.2,5.3e-07,214400.0
2022-01-18,KCB,KCB Group Plc,37.0,50.75,44.5,45.15,44.55,45.1,-0.1,2.7e-07,3368500.0
2022-01-19,KCB,KCB Group Plc,37.0,50.75,44.55,45.0,44.9,44.55,-0.55,1.46e-06,299100.0
2022-01-20,KCB,KCB Group Plc,37.0,50.75,44.85,45.1,45.0,44.9,0.55,1.49e-06,2446900.0
2022-01-21,KCB,KCB Group Plc,37.0,50.75,44.6,45.1,44.9,45.0,-0.1,2.7e-07,70500.0
2022-01-24,KCB,KCB Group Plc,37.0,50.75,44.8,45.0,44.95,44.9,-0.15,4.0000000000000003e-07,50000.0
2022-01-25,KCB,KCB Group Plc,37.0,50.75,44.4,45.0,44.55,44.95,-0.75,2.00999999999999e-06,934700.0
2022-01-26,KCB,KCB Group Plc,37.0,50.75,44.8,45.25,45.0,44.55,-0.6,1.63999999999999e-06,1463400.0
2022-01-27,KCB,KCB Group Plc,37.0,50.75,44.5,45.0,44.85,45.0,-0.05,1.4e-07,5567600.0
2022-01-28,KCB,KCB Group Plc,37.0,50.75,44.55,45.5,44.8,44.85,0.3,8.4e-07,2655800.0
2022-01-31,KCB,KCB Group Plc,37.0,50.75,44.8,45.5,45.0,44.8,0.7,1.92999999999999e-06,5582800.0
2022-02-01,KCB,KCB Group Plc,37.0,50.75,44.8,45.5,45.0,45.0,0.6,1.6299999999999999e-06,8156400.0
2022-02-02,KCB,KCB Group Plc,37.0,50.75,45.0,46.5,46.25,45.0,0.1,2.7e-07,1977200.0
2022-02-03,KCB,KCB Group Plc,37.0,50.75,46.0,47.5,47.0,46.25,0.2,5.3e-07,3276400.0
2022-02-04,KCB,KCB Group Plc,37.0,50.75,46.6,47.35,47.0,47.0,0.2,5.3e-07,351500.0
2022-02-07,KCB,KCB Group Plc,37.0,50.75,46.6,47.0,46.75,47.0,0.05,1.3e-07,38300.0
2022-02-08,KCB,KCB Group Plc,37.0,50.75,46.25,47.0,46.45,46.75,0.85,2.23e-06,203900.0
2022-02-09,KCB,KCB Group Plc,37.0,50.75,45.5,46.5,46.0,46.45,-0.6,1.54e-06,1346600.0
2022-02-10,KCB,KCB Group Plc,37.0,50.75,45.6,46.25,46.0,46.0,0.4,1.04e-06,1323400.0
2022-02-11,KCB,KCB Group Plc,37.0,50.75,45.0,46.0,45.3,46.0,-0.2,5.2e-07,124300.0
2022-02-14,KCB,KCB Group Plc,37.0,50.75,45.6,45.8,45.65,45.3,-0.4,1.04e-06,90500.0
2022-02-15,KCB,KCB Group Plc,37.0,50.75,45.6,46.0,45.95,45.65,-0.75,1.9699999999999998e-06,214900.0
2022-02-16,KCB,KCB Group Plc,37.0,50.75,45.55,46.5,45.8,45.95,0.3,8.000000000000001e-07,2054700.0
2022-02-17,KCB,KCB Group Plc,37.0,50.75,45.85,46.45,45.9,45.8,0.3,8.000000000000001e-07,683500.0
2022-02-18,KCB,KCB Group Plc,37.0,50.75,45.95,46.4,46.0,45.9,0.0,0.0,341100.0
2022-02-21,KCB,KCB Group Plc,37.0,50.75,45.95,46.45,46.0,46.0,0.0,0.0,214200.0
2022-02-22,KCB,KCB Group Plc,37.0,50.75,45.55,46.0,45.95,46.0,-0.1,2.6e-07,757800.0
2022-02-23,KCB,KCB Group Plc,37.0,50.75,45.55,46.0,46.0,45.95,-1.25,3.3e-06,1075400.0
2022-02-24,KCB,KCB Group Plc,37.0,50.75,44.9,46.0,45.0,46.0,-2.05,5.59999999999999e-06,1151100.0
2022-02-25,KCB,KCB Group Plc,37.0,50.75,44.5,45.0,44.95,45.0,1.1,3.1800000000000005e-06,1421700.0
2022-02-28,KCB,KCB Group Plc,37.0,50.75,44.55,45.9,45.0,44.95,0.3,8.4e-07,1361600.0
2022-03-01,KCB,KCB Group Plc,37.0,50.75,43.6,45.0,44.3,45.0,0.2,5.6e-07,1001900.0
2022-03-02,KCB,KCB Group Plc,37.0,50.75,43.6,45.0,44.45,44.3,0.85,2.35e-06,249000.0
2022-03-03,KCB,KCB Group Plc,37.0,50.75,44.5,45.5,45.05,44.45,0.5,1.35e-06,2205300.0
2022-03-04,KCB,KCB Group Plc,37.0,50.75,45.0,45.95,45.35,45.05,0.0,0.0,1160500.0
2022-03-07,KCB,KCB Group Plc,37.0,50.75,43.85,45.9,44.9,45.35,-0.8,2.13e-06,465800.0
2022-03-08,KCB,KCB Group Plc,37.0,50.75,43.9,45.0,44.1,44.9,-0.65,1.77e-06,1813400.0
2022-03-09,KCB,KCB Group Plc,37.0,50.75,44.1,44.9,44.4,44.1,-0.95,2.64e-06,313300.0
2022-03-10,KCB,KCB Group Plc,37.0,50.75,44.3,45.5,44.7,44.4,-0.05,1.4e-07,3306000.0
2022-03-11,KCB,KCB Group Plc,37.0,50.75,44.5,45.5,44.7,44.7,0.45,1.28e-06,151100.0
2022-03-14,KCB,KCB Group Plc,37.0,50.75,44.9,45.5,45.05,44.7,0.0,0.0,388500.0
2022-03-15,KCB,KCB Group Plc,37.0,50.75,45.0,45.7,45.0,45.05,0.15,4.2e-07,1954000.0
2022-03-16,KCB,KCB Group Plc,37.0,50.75,45.0,46.0,45.05,45.0,-0.25,6.9999999999999e-07,3638500.0
2022-03-17,KCB,KCB Group Plc,37.0,50.75,44.25,45.0,44.6,45.05,-0.45,1.27e-06,559900.0
2022-03-18,KCB,KCB Group Plc,37.0,50.75,44.0,45.2,44.6,44.6,-0.45,1.29e-06,1509700.0
2022-03-21,KCB,KCB Group Plc,37.0,50.75,44.0,45.0,44.35,44.6,1.0,2.8999999999999904e-06,167000.0
2022-03-22,KCB,KCB Group Plc,37.0,50.75,43.9,45.0,44.0,44.35,0.65,1.83e-06,9146800.0
2022-03-23,KCB,KCB Group Plc,37.0,50.75,44.0,44.45,44.2,44.0,-0.2,5.499999999999999e-07,945200.0
2022-03-24,KCB,KCB Group Plc,37.0,50.75,43.75,44.35,44.15,44.2,-0.45,1.25e-06,923100.0
2022-03-25,KCB,KCB Group Plc,37.0,50.75,43.0,44.35,44.0,44.15,0.45,1.27e-06,2396100.0
2022-03-28,KCB,KCB Group Plc,37.0,50.75,44.0,45.0,44.45,44.0,-0.55,1.53e-06,673200.0
2022-03-29,KCB,KCB Group Plc,37.0,50.75,43.95,44.45,44.05,44.45,0.0,0.0,313000.0
2022-03-30,KCB,KCB Group Plc,37.0,50.75,44.0,44.3,44.1,44.05,-0.35,9.8999999999999e-07,255700.0
2022-03-31,KCB,KCB Group Plc,37.0,50.75,43.5,44.25,44.05,44.1,-0.9,2.56999999999999e-06,7249500.0
2022-04-01,KCB,KCB Group Plc,34.0,50.75,43.95,44.2,44.0,44.05,0.35,1.0200000000000002e-06,117100.0
2022-04-04,KCB,KCB Group Plc,34.0,50.75,43.0,44.2,43.5,44.0,0.85,2.46e-06,250900.0
2022-04-05,KCB,KCB Group Plc,34.0,50.75,43.25,43.95,43.55,43.5,0.1,2.8e-07,1112200.0
2022-04-06,KCB,KCB Group Plc,34.0,50.75,43.25,44.0,43.3,43.55,-0.35,9.8999999999999e-07,334200.0
2022-04-07,KCB,KCB Group Plc,34.0,50.75,43.0,43.4,43.05,43.3,-0.05,1.4e-07,281400.0
2022-04-08,KCB,KCB Group Plc,34.0,50.75,43.0,43.6,43.0,43.05,-0.05,1.4e-07,284500.0
2022-04-11,KCB,KCB Group Plc,34.0,50.75,43.0,44.0,43.4,43.0,-0.9,2.56999999999999e-06,496200.0
2022-04-12,KCB,KCB Group Plc,34.0,50.75,43.0,43.5,43.25,43.4,0.6,1.7600000000000003e-06,1638800.0
2022-04-13,KCB,KCB Group Plc,34.0,50.75,43.05,43.5,43.2,43.25,0.75,2.16e-06,46000.0
2022-04-14,KCB,KCB Group Plc,34.0,50.75,43.2,43.5,43.45,43.2,-0.15,4.2e-07,213000.0
2022-04-19,KCB,KCB Group Plc,34.0,50.75,43.0,43.5,43.2,43.45,-0.3,8.5e-07,134900.0
2022-04-20,KCB,KCB Group Plc,34.0,50.75,42.5,43.3,42.9,43.2,0.05,1.4e-07,112600.0
2022-04-21,KCB,KCB Group Plc,34.0,50.75,42.9,43.4,43.15,42.9,-0.3,8.6e-07,112400.0
2022-04-22,KCB,KCB Group Plc,37.0,50.75,42.6,43.4,43.0,43.15,-0.55,1.5800000000000001e-06,121700.0
2022-04-25,KCB,KCB Group Plc,34.0,50.75,42.15,43.3,42.5,43.0,-0.2,5.8e-07,194700.0
2022-04-26,KCB,KCB Group Plc,34.0,50.75,38.25,42.0,39.65,42.5,-0.15,4.400000000000001e-07,604700.0
2022-04-27,KCB,KCB Group Plc,37.0,50.75,37.8,40.0,38.9,39.65,-0.05,1.5e-07,127000.0
2022-04-28,KCB,KCB Group Plc,37.0,50.75,37.0,38.9,37.45,38.9,-0.1,3e-07,224200.0
2022-05-04,KCB,KCB Group Plc,34.0,50.75,37.0,38.0,37.3,37.45,-0.2,5.9e-07,354300.0
2022-05-05,KCB,KCB Group Plc,34.0,50.75,34.0,37.3,36.95,37.3,-0.55,1.63999999999999e-06,143900.0
2022-05-06,KCB,KCB Group Plc,34.0,50.75,35.6,37.0,36.25,36.95,-0.95,2.88e-06,169000.0
2022-05-09,KCB,KCB Group Plc,34.0,50.75,36.0,37.0,36.5,36.25,0.2,6.3e-07,1060600.0
2022-05-10,KCB,KCB Group Plc,34.0,50.75,35.6,36.25,35.85,36.5,0.05,1.6e-07,384000.0
2022-05-11,KCB,KCB Group Plc,34.0,50.75,35.1,36.5,35.7,35.85,0.15,4.6999999999998994e-07,708800.0
2022-05-12,KCB,KCB Group Plc,34.0,50.75,35.6,36.0,35.85,35.7,-0.55,1.7e-06,389800.0
2022-05-13,KCB,KCB Group Plc,34.0,50.75,35.6,35.9,35.75,35.85,-1.65,5.18e-06,2725800.0
2022-05-16,KCB,KCB Group Plc,34.0,50.75,35.2,35.75,35.4,35.75,0.1,3.3e-07,1315400.0
2022-05-17,KCB,KCB Group Plc,34.0,50.75,35.4,35.85,35.55,35.4,0.15,5e-07,42100.0
2022-05-18,KCB,KCB Group Plc,34.0,50.75,34.5,35.55,35.0,35.55,-1.0,3.2799999999999898e-06,1520700.0
2022-05-19,KCB,KCB Group Plc,34.0,50.75,35.0,35.4,35.0,35.0,-1.4,4.75e-06,889700.0
2022-05-20,KCB,KCB Group Plc,34.0,50.75,35.0,35.5,35.3,35.0,-0.25,8.9e-07,1398900.0
2022-05-23,KCB,KCB Group Plc,34.0,50.75,35.0,36.0,35.55,35.3,-1.15,4.14e-06,2786100.0
2022-05-24,KCB,KCB Group Plc,34.0,50.75,35.5,36.5,35.95,35.55,-0.3,1.13e-06,1436700.0
2022-05-25,KCB,KCB Group Plc,34.0,50.75,36.3,37.0,36.55,35.95,0.2,7.6e-07,156100.0
2022-05-26,KCB,KCB Group Plc,34.0,50.75,36.5,38.5,37.1,36.55,0.3,1.13e-06,627000.0
2022-05-27,KCB,KCB Group Plc,34.0,50.75,37.6,38.5,38.0,37.1,-0.4,1.49e-06,570600.0
2022-05-30,KCB,KCB Group Plc,34.0,50.75,37.7,38.3,38.05,38.0,-0.2,7.6e-07,64500.0
2022-05-31,KCB,KCB Group Plc,34.0,50.75,38.0,39.0,38.1,38.05,-0.25,9.499999999999999e-07,4032500.0
2022-06-02,KCB,KCB Group Plc,15.75,40.0,37.85,39.0,38.0,38.1,0.0,0.0,246100.0
2022-06-03,KCB,KCB Group Plc,15.75,40.0,38.1,38.75,38.7,38.0,0.2,7.7e-07,220300.0
2022-06-06,KCB,KCB Group Plc,15.75,40.0,38.5,39.0,38.7,38.7,0.15,5.699999999999899e-07,99800.0
2022-06-07,KCB,KCB Group Plc,15.75,40.0,38.65,39.0,38.65,38.7,0.05,1.9e-07,1174900.0
2022-06-08,KCB,KCB Group Plc,15.75,40.0,38.65,39.0,38.8,38.65,0.05,1.9e-07,127300.0
2022-06-09,KCB,KCB Group Plc,15.75,40.0,38.8,39.3,38.95,38.8,0.15,5.699999999999899e-07,70800.0
2022-06-10,KCB,KCB Group Plc,15.75,40.0,38.9,39.5,39.0,38.95,0.1,3.8e-07,623500.0
2022-06-13,KCB,KCB Group Plc,15.75,40.0,38.8,39.5,39.0,39.0,-0.2,7.499999999999999e-07,698400.0
2022-06-14,KCB,KCB Group Plc,15.75,40.0,38.7,39.0,38.8,39.0,-0.15,5.699999999999899e-07,481000.0
2022-06-15,KCB,KCB Group Plc,15.75,40.0,38.5,38.95,38.65,38.8,-0.65,2.47e-06,292300.0
2022-06-16,KCB,KCB Group Plc,15.75,40.0,38.0,38.9,38.05,38.65,-0.65,2.5299999999999995e-06,1463700.0
2022-06-17,KCB,KCB Group Plc,15.75,40.0,37.5,39.0,37.9,38.05,-0.75,2.99e-06,582100.0
2022-06-20,KCB,KCB Group Plc,15.75,40.0,37.5,39.0,37.9,38.05,-0.75,2.99e-06,582100.0
2022-06-21,KCB,KCB Group Plc,15.75,40.0,37.5,39.0,37.9,38.05,-0.75,2.99e-06,582100.0
2022-06-22,KCB,KCB Group Plc,15.75,40.0,36.5,37.0,36.9,36.95,-0.55,2.29e-06,765600.0
2022-06-23,KCB,KCB Group Plc,15.75,40.0,36.5,36.7,36.5,36.9,0.05,2.1e-07,442500.0
2022-06-24,KCB,KCB Group Plc,15.75,40.0,36.3,36.95,36.7,36.5,-0.4,1.7e-06,1601000.0
2022-06-27,KCB,KCB Group Plc,15.75,40.0,36.55,37.1,36.75,36.7,0.05,2.2000000000000004e-07,37500.0
2022-06-28,KCB,KCB Group Plc,15.75,40.0,36.55,37.1,36.75,36.7,0.05,2.2000000000000004e-07,37500.0
2022-06-29,KCB,KCB Group Plc,15.75,40.0,36.55,37.1,36.75,36.7,0.05,2.2000000000000004e-07,37500.0
2022-06-30,KCB,KCB Group Plc,15.75,40.0,37.5,39.7,38.65,37.55,0.05,2.0000000000000002e-07,67700.0
2022-07-01,KCB,KCB Group Plc,15.75,40.0,39.0,40.0,39.0,38.65,0.1,4.0000000000000003e-07,1084300.0
2022-07-04,KCB,KCB Group Plc,15.75,40.0,39.0,40.0,39.0,38.65,0.1,4.0000000000000003e-07,1084300.0
2022-07-05,KCB,KCB Group Plc,15.75,40.0,40.0,41.8,40.6,40.0,1.05,3.95e-06,789000.0
2022-07-06,KCB,KCB Group Plc,15.75,40.0,40.05,42.45,41.95,40.6,0.15,5.4e-07,225200.0
2022-07-07,KCB,KCB Group Plc,15.75,40.0,42.0,43.0,42.75,41.95,0.2,7.2e-07,6791300.0
2022-07-08,KCB,KCB Group Plc,15.75,40.0,42.0,42.75,42.4,42.75,0.25,8.9e-07,109500.0
2022-07-12,KCB,KCB Group Plc,15.75,40.0,41.1,42.8,41.9,42.4,1.3,4.610000000000001e-06,97900.0
2022-07-13,KCB,KCB Group Plc,15.75,40.0,40.55,41.8,40.9,41.9,0.5,1.69e-06,110900.0
2022-07-14,KCB,KCB Group Plc,15.75,40.0,40.0,41.0,40.5,40.9,2.05,6.83e-06,4530900.0
2022-07-15,KCB,KCB Group Plc,15.75,40.0,39.5,40.9,40.45,40.5,-0.6,1.87e-06,4046600.0
2022-07-18,KCB,KCB Group Plc,15.75,40.0,39.25,40.5,39.95,40.45,-1.45,4.610000000000001e-06,464900.0
2022-07-19,KCB,KCB Group Plc,15.75,40.0,38.5,39.75,38.75,39.95,-1.1,3.66999999999999e-06,394500.0
2022-07-20,KCB,KCB Group Plc,15.75,40.0,38.7,39.0,39.0,38.75,-0.75,2.5999999999999997e-06,911000.0
2022-07-21,KCB,KCB Group Plc,15.75,40.0,38.75,39.0,38.85,39.0,0.4,1.41999999999999e-06,1245900.0
2022-07-22,KCB,KCB Group Plc,15.0,40.0,38.5,39.0,38.5,38.85,0.45,1.5800000000000001e-06,5466200.0
2022-07-25,KCB,KCB Group Plc,15.75,40.0,38.5,40.0,38.85,38.5,0.5,1.72e-06,165700.0
2022-07-26,KCB,KCB Group Plc,15.75,40.0,40.0,40.0,39.65,38.85,-0.5,1.69e-06,14700.0
2022-07-27,KCB,KCB Group Plc,15.75,40.0,39.0,40.0,39.05,39.65,0.55,1.8999999999999998e-06,2082400.0
2022-07-28,KCB,KCB Group Plc,15.75,40.0,39.0,40.0,39.05,39.65,0.55,1.8999999999999998e-06,2082400.0
2022-07-29,KCB,KCB Group Plc,15.75,40.0,40.3,41.9,41.15,40.0,-0.05,1.7e-07,195600.0
2022-08-01,KCB,KCB Group Plc,15.75,40.0,40.0,41.0,40.75,41.15,-0.8,2.66999999999999e-06,1318000.0
2022-08-02,KCB,KCB Group Plc,15.75,40.0,39.7,40.65,40.05,40.75,0.6,2.0599999999999998e-06,253100.0
2022-08-03,KCB,KCB Group Plc,15.75,40.0,40.5,41.3,40.75,40.05,-0.15,5e-07,248100.0
2022-08-04,KCB,KCB Group Plc,15.75,40.0,40.5,41.3,40.6,40.75,0.4,1.35e-06,1819200.0
2022-08-05,KCB,KCB Group Plc,15.75,40.0,40.9,42.5,41.75,40.6,0.1,3.3e-07,123400.0
2022-08-08,KCB,KCB Group Plc,15.75,40.0,41.75,44.0,42.2,41.75,-0.1,3.3e-07,129300.0
2022-08-10,KCB,KCB Group Plc,15.75,40.0,42.0,44.0,42.35,42.2,0.45,1.4999999999999998e-06,2029100.0
2022-08-11,KCB,KCB Group Plc,15.75,40.0,42.5,44.0,42.8,42.35,1.35,4.43e-06,732800.0
2022-08-12,KCB,KCB Group Plc,15.75,40.0,42.6,43.5,43.05,42.8,-0.65,2.0400000000000004e-06,119500.0
2022-08-15,KCB,KCB Group Plc,15.75,40.0,42.6,43.05,43.0,43.05,0.0,0.0,191800.0
2022-08-16,KCB,KCB Group Plc,15.75,40.0,42.85,43.5,42.95,43.0,-0.05,1.6e-07,282700.0
2022-08-17,KCB,KCB Group Plc,15.75,40.0,42.95,43.4,43.2,42.95,0.0,0.0,123200.0
2022-08-18,KCB,KCB Group Plc,15.75,40.0,43.05,43.5,43.35,43.2,-0.05,1.6e-07,258100.0
2022-08-19,KCB,KCB Group Plc,15.75,40.0,43.05,43.5,43.25,43.35,0.2,6.4e-07,80500.0
2022-08-22,KCB,KCB Group Plc,15.75,40.0,43.3,43.5,43.5,43.25,-1.15,3.68e-06,194100.0
2022-08-23,KCB,KCB Group Plc,15.75,40.0,43.0,43.8,43.35,43.5,-0.3,1e-06,350200.0
2022-08-24,KCB,KCB Group Plc,15.75,40.0,42.5,43.3,42.95,43.35,-0.7,2.35e-06,96300.0
2022-08-25,KCB,KCB Group Plc,15.75,40.0,41.0,42.95,41.8,42.95,-0.65,2.23e-06,89100.0
2022-08-26,KCB,KCB Group Plc,15.75,40.0,40.6,43.0,40.95,41.8,-0.4,1.4099999999999998e-06,85300.0
2022-08-29,KCB,KCB Group Plc,15.75,40.0,41.0,41.8,41.3,40.95,0.2,7.0999999999999e-07,122300.0
2022-08-30,KCB,KCB Group Plc,15.75,40.0,41.0,41.8,41.0,41.3,-0.05,1.8e-07,1774600.0
2022-08-31,KCB,KCB Group Plc,15.75,40.0,40.5,41.0,40.85,41.0,-0.25,8.9e-07,216100.0
2022-09-01,KCB,KCB Group Plc,15.75,40.0,40.75,41.3,41.0,40.85,-0.1,3.6e-07,165700.0
2022-09-02,KCB,KCB Group Plc,15.75,40.0,40.7,41.0,40.85,41.0,0.2,7.2e-07,395200.0
2022-09-05,KCB,KCB Group Plc,15.75,40.0,40.8,42.5,40.85,40.85,1.0,3.5699999999999895e-06,2490200.0
2022-09-06,KCB,KCB Group Plc,15.75,40.0,41.7,43.5,42.7,40.85,2.0,6.88e-06,456900.0
2022-09-07,KCB,KCB Group Plc,15.75,40.0,41.8,42.75,42.25,42.7,-1.2,3.85999999999999e-06,130100.0
2022-09-08,KCB,KCB Group Plc,15.75,40.0,42.25,43.75,42.75,42.25,0.05,1.7e-07,84900.0
2022-09-09,KCB,KCB Group Plc,15.75,40.0,42.25,43.0,42.45,42.75,-0.65,2.17e-06,278900.0
2022-09-12,KCB,KCB Group Plc,15.75,40.0,41.6,43.0,41.8,42.45,-0.6,2.04999999999999e-06,3567600.0
2022-09-14,KCB,KCB Group Plc,15.75,40.0,40.05,41.75,40.9,41.8,-0.45,1.57e-06,983000.0
2022-09-15,KCB,KCB Group Plc,15.75,40.0,40.0,40.85,40.35,40.9,-1.35,4.79e-06,1778000.0
2022-09-16,KCB,KCB Group Plc,15.75,40.0,38.95,40.35,39.05,40.35,-0.3,1.12e-06,1153400.0
2022-09-19,KCB,KCB Group Plc,15.75,40.0,39.25,40.0,39.45,39.05,0.25,9.399999999999899e-07,183100.0
2022-09-20,KCB,KCB Group Plc,15.75,40.0,39.0,39.45,39.1,39.45,0.75,2.79999999999999e-06,474200.0
2022-09-21,KCB,KCB Group Plc,15.75,40.0,38.95,39.5,39.0,39.1,-0.05,1.8e-07,2563800.0
2022-09-22,KCB,KCB Group Plc,15.75,40.0,38.9,39.2,39.0,39.0,0.0,0.0,3003100.0
2022-09-23,KCB,KCB Group Plc,15.75,40.0,39.05,39.8,39.15,39.0,-0.1,3.6e-07,639500.0
2022-09-26,KCB,KCB Group Plc,15.75,40.0,39.75,40.95,40.5,39.15,-0.35,1.28e-06,4410200.0
2022-09-27,KCB,KCB Group Plc,15.75,40.0,40.5,41.1,40.8,40.5,-0.8,2.9600000000000005e-06,1354400.0
2022-09-28,KCB,KCB Group Plc,15.75,40.0,41.0,41.75,41.35,40.8,-0.3,1.13999999999999e-06,3538400.0
2022-09-29,KCB,KCB Group Plc,15.75,40.0,41.0,42.0,41.2,41.35,-0.8,3.08e-06,453000.0
2022-09-30,KCB,KCB Group Plc,15.75,40.0,40.95,42.0,41.45,41.2,-0.2,8.000000000000001e-07,5089900.0
2022-10-03,KCB,KCB Group Plc,15.75,40.0,40.5,41.5,41.45,41.45,-0.2,8.000000000000001e-07,897700.0
2022-10-04,KCB,KCB Group Plc,15.75,40.0,39.1,41.0,39.45,41.45,-0.3,1.21e-06,81100.0
2022-10-05,KCB,KCB Group Plc,15.75,40.0,39.05,40.0,39.2,39.45,-0.75,3.06999999999999e-06,130100.0
2022-10-06,KCB,KCB Group Plc,15.75,40.0,39.2,40.0,39.4,39.2,-0.05,2.1e-07,253100.0
2022-10-07,KCB,KCB Group Plc,15.75,40.0,39.3,40.0,39.6,39.4,1.1,4.6499999999999995e-06,162800.0
2022-10-11,KCB,KCB Group Plc,15.75,40.0,38.75,39.5,39.15,39.6,1.2,4.84999999999999e-06,161800.0
2022-10-12,KCB,KCB Group Plc,15.75,40.0,38.75,39.5,39.15,39.6,1.2,4.84999999999999e-06,161800.0
2022-10-13,KCB,KCB Group Plc,15.75,40.0,38.8,39.4,38.95,39.1,-0.5,1.8999999999999998e-06,277400.0
2022-10-14,KCB,KCB Group Plc,15.75,40.0,38.0,38.95,38.8,38.95,-0.3,1.16e-06,301500.0
2022-10-17,KCB,KCB Group Plc,15.75,40.0,37.85,40.0,38.15,38.8,-0.05,2.0000000000000002e-07,314400.0
2022-10-18,KCB,KCB Group Plc,15.75,40.0,37.85,38.3,37.95,38.15,0.0,0.0,195800.0
2022-10-19,KCB,KCB Group Plc,15.75,40.0,37.8,38.0,37.9,37.95,-0.05,2.0000000000000002e-07,105900.0
2022-10-21,KCB,KCB Group Plc,15.75,40.0,36.2,38.0,36.55,37.9,-0.5,1.96e-06,5395400.0
2022-10-24,KCB,KCB Group Plc,15.75,40.0,36.5,37.7,37.4,36.55,-0.4,1.6000000000000001e-06,107400.0
2022-10-25,KCB,KCB Group Plc,15.75,40.0,37.5,38.0,37.7,37.4,-0.15,6.099999999999899e-07,224100.0
2022-10-26,KCB,KCB Group Plc,15.75,40.0,37.4,38.0,37.7,37.7,0.55,2.25e-06,4758700.0
2022-10-27,KCB,KCB Group Plc,15.75,40.0,37.5,38.0,37.7,37.7,0.35,1.3999999999999898e-06,603100.0
2022-10-28,KCB,KCB Group Plc,15.75,40.0,37.5,37.7,37.7,37.7,-0.45,1.78e-06,1992700.0
2022-10-31,KCB,KCB Group Plc,15.75,40.0,37.5,37.7,37.65,37.7,0.25,1.01e-06,369800.0
2022-11-01,KCB,KCB Group Plc,15.75,40.0,37.45,37.95,37.7,37.65,-0.1,4.0000000000000003e-07,1411000.0
2022-11-02,KCB,KCB Group Plc,15.75,40.0,37.25,37.7,37.6,37.7,-0.2,8.000000000000001e-07,227800.0
2022-11-03,KCB,KCB Group Plc,15.75,40.0,36.9,37.6,37.25,37.6,0.0,0.0,949600.0
2022-11-04,KCB,KCB Group Plc,15.75,40.0,37.0,37.25,37.15,37.25,0.0,0.0,110300.0
2022-11-07,KCB,KCB Group Plc,15.75,40.0,36.5,37.25,37.0,37.15,0.15,6e-07,647200.0
2022-11-08,KCB,KCB Group Plc,15.75,40.0,36.5,37.0,36.75,37.0,0.05,2.0000000000000002e-07,1216300.0
2022-11-09,KCB,KCB Group Plc,15.75,40.0,36.45,36.85,36.5,36.75,0.15,6e-07,349200.0
2022-11-10,KCB,KCB Group Plc,15.75,40.0,36.4,36.9,36.5,36.5,0.35,1.3899999999999998e-06,1143500.0
2022-11-11,KCB,KCB Group Plc,15.75,40.0,36.5,37.0,36.75,36.5,-0.25,9.8e-07,189000.0
2022-11-14,KCB,KCB Group Plc,15.75,40.0,36.5,37.7,37.05,36.75,-0.15,5.9e-07,138900.0
2022-11-15,KCB,KCB Group Plc,15.75,40.0,37.3,39.0,37.65,37.05,-0.05,2.0000000000000002e-07,226900.0
2022-11-16,KCB,KCB Group Plc,15.75,40.0,37.9,40.0,39.55,37.65,0.2,8.000000000000001e-07,54300.0
2022-11-17,KCB,KCB Group Plc,15.75,40.0,38.5,40.0,39.45,39.55,0.0,0.0,217600.0
2022-11-18,KCB,KCB Group Plc,15.75,40.0,38.25,39.75,38.8,39.45,0.0,0.0,139900.0
2022-11-21,KCB,KCB Group Plc,15.75,40.0,38.25,39.75,38.8,39.45,0.0,0.0,139900.0
2022-11-22,KCB,KCB Group Plc,15.75,40.0,38.25,39.75,38.8,39.45,0.0,0.0,139900.0
2022-11-23,KCB,KCB Group Plc,15.75,40.0,36.6,37.95,37.45,37.3,0.0,0.0,177500.0
2022-11-24,KCB,KCB Group Plc,15.75,40.0,37.1,37.6,37.5,37.45,-0.15,6e-07,194900.0
2022-11-25,KCB,KCB Group Plc,15.75,40.0,37.5,37.7,37.6,37.5,-0.2,8.000000000000001e-07,327900.0
2022-11-28,KCB,KCB Group Plc,15.75,40.0,37.7,38.0,37.75,37.6,0.05,2.0000000000000002e-07,106900.0
2022-11-29,KCB,KCB Group Plc,15.75,40.0,37.7,38.0,37.95,37.75,-0.25,1.01e-06,1603500.0
2022-11-30,KCB,KCB Group Plc,15.75,40.0,37.95,39.5,38.0,37.95,-0.1,4.0999999999999e-07,1280300.0
2022-12-01,KCB,KCB Group Plc,15.75,40.0,37.95,38.25,38.0,38.0,0.15,6.2e-07,2019800.0
2022-12-02,KCB,KCB Group Plc,15.75,40.0,37.5,38.0,37.75,38.0,-0.15,6.099999999999899e-07,175500.0
2022-12-05,KCB,KCB Group Plc,15.75,40.0,37.4,37.8,37.55,37.75,-0.7,2.8699999999999996e-06,219500.0
2022-12-06,KCB,KCB Group Plc,15.75,40.0,37.0,37.55,37.45,37.55,0.2,8.5e-07,764500.0
2022-12-07,KCB,KCB Group Plc,15.75,40.0,37.3,37.5,37.5,37.45,0.25,1.0500000000000001e-06,1772000.0
2022-12-08,KCB,KCB Group Plc,15.75,40.0,37.5,38.0,37.6,37.5,0.0,0.0,173300.0
2022-12-09,KCB,KCB Group Plc,15.75,40.0,36.6,37.5,36.9,37.6,0.2,8.3e-07,265400.0
2022-12-13,KCB,KCB Group Plc,15.75,40.0,36.5,37.5,36.75,36.9,0.45,1.85e-06,605800.0
2022-12-14,KCB,KCB Group Plc,15.75,40.0,36.5,37.0,36.75,36.75,0.25,1.01e-06,239000.0
2022-12-15,KCB,KCB Group Plc,15.75,40.0,37.0,37.5,37.15,36.75,-0.2,8.000000000000001e-07,510400.0
2022-12-16,KCB,KCB Group Plc,15.75,40.0,37.1,37.45,37.25,37.15,0.15,6e-07,124300.0
2022-12-19,KCB,KCB Group Plc,15.75,40.0,37.35,40.0,37.9,37.25,-0.05,2.0000000000000002e-07,77000.0
2022-12-20,KCB,KCB Group Plc,15.75,40.0,38.0,39.95,38.8,37.9,-0.1,4.0000000000000003e-07,293400.0
2022-12-21,KCB,KCB Group Plc,15.75,40.0,37.5,38.5,38.0,38.8,-0.05,2.0000000000000002e-07,2428300.0
2022-12-22,KCB,KCB Group Plc,15.75,40.0,38.0,38.3,38.05,38.0,-0.05,2.0000000000000002e-07,586800.0
2022-12-23,KCB,KCB Group Plc,15.75,40.0,37.9,38.1,38.0,38.05,-0.1,4.0000000000000003e-07,1895500.0
2022-12-28,KCB,KCB Group Plc,15.75,40.0,38.0,38.1,38.05,38.0,-0.15,6.099999999999899e-07,88600.0
2022-12-29,KCB,KCB Group Plc,15.75,40.0,38.0,38.1,38.05,38.05,-0.45,1.84e-06,79000.0
2022-12-30,KCB,KCB Group Plc,15.75,40.0,38.0,38.3,38.1,38.05,0.15,6.3e-07,175400.0
2023-01-03,KCB,KCB Group Plc,15.75,40.0,38.0,39.2,38.35,38.1,-0.1,4.0999999999999e-07,58100.0
2023-01-04,KCB,KCB Group Plc,15.75,40.0,38.1,38.3,38.2,38.35,-0.15,6.2e-07,65000.0
2023-01-05,KCB,KCB Group Plc,15.75,40.0,38.15,39.0,38.35,38.2,0.0,0.0,20100.0
2023-01-06,KCB,KCB Group Plc,15.75,40.0,38.25,39.5,39.2,38.35,-0.4,1.6699999999999999e-06,28500.0
2023-01-09,KCB,KCB Group Plc,15.75,40.0,38.8,39.5,39.05,39.2,-0.15,6.4e-07,357900.0
2023-01-10,KCB,KCB Group Plc,15.75,40.0,39.0,39.45,39.05,39.05,-0.4,1.7100000000000001e-06,119700.0
2023-01-11,KCB,KCB Group Plc,15.75,40.0,38.5,39.35,38.95,39.05,-0.3,1.3100000000000002e-06,223200.0
2023-01-12,KCB,KCB Group Plc,15.75,40.0,38.7,39.0,38.9,38.95,-0.4,1.77e-06,61700.0
2023-01-13,KCB,KCB Group Plc,15.75,40.0,38.55,39.0,38.7,38.9,-0.25,1.12e-06,80000.0
2023-01-16,KCB,KCB Group Plc,15.75,40.0,38.3,38.9,38.5,38.7,-0.45,2.04999999999999e-06,481600.0
2023-01-17,KCB,KCB Group Plc,15.75,40.0,38.3,38.9,38.5,38.7,-0.45,2.04999999999999e-06,481600.0
2023-01-18,KCB,KCB Group Plc,15.75,40.0,38.0,38.5,38.25,38.0,-0.5,2.3699999999999998e-06,87500.0
2023-01-19,KCB,KCB Group Plc,15.75,40.0,38.1,38.5,38.4,38.25,1.15,5.58e-06,1610800.0
2023-01-20,KCB,KCB Group Plc,15.75,40.0,38.25,38.45,38.4,38.4,0.8,3.68e-06,1100300.0
2023-01-23,KCB,KCB Group Plc,15.75,40.0,38.3,38.5,38.4,38.4,0.45,2e-06,106200.0
2023-01-24,KCB,KCB Group Plc,15.75,40.0,38.4,38.9,38.55,38.4,0.05,2.2000000000000004e-07,46600.0
2023-01-25,KCB,KCB Group Plc,15.75,40.0,38.5,38.9,38.55,38.55,0.5,2.17e-06,60800.0
2023-01-26,KCB,KCB Group Plc,15.75,40.0,38.3,38.85,38.45,38.55,-0.3,1.27e-06,107700.0
2023-01-27,KCB,KCB Group Plc,15.75,40.0,38.4,38.55,38.5,38.45,0.0,0.0,155300.0
2023-01-30,KCB,KCB Group Plc,15.75,40.0,38.05,38.55,38.3,38.5,-0.2,8.6e-07,122400.0
2023-01-31,KCB,KCB Group Plc,15.75,40.0,38.0,38.5,38.1,38.3,0.35,1.52e-06,141600.0
2023-02-01,KCB,KCB Group Plc,15.75,40.0,38.0,38.4,38.1,38.1,0.6,2.56e-06,125900.0
2023-02-02,KCB,KCB Group Plc,15.75,40.0,38.0,38.2,38.0,38.1,0.0,0.0,852300.0
2023-02-03,KCB,KCB Group Plc,15.75,40.0,38.0,38.7,38.2,38.0,0.5,2.08e-06,1038300.0
2023-02-06,KCB,KCB Group Plc,15.75,40.0,38.1,38.9,38.5,38.2,-0.05,2.0000000000000002e-07,2218900.0
2023-02-07,KCB,KCB Group Plc,15.75,40.0,38.3,38.7,38.5,38.5,-0.45,1.84e-06,4759400.0
2023-02-08,KCB,KCB Group Plc,15.75,40.0,38.4,38.9,38.5,38.5,0.0,0.0,828500.0
2023-02-09,KCB,KCB Group Plc,15.75,40.0,38.5,38.7,38.55,38.5,0.1,4.2e-07,777200.0
2023-02-10,KCB,KCB Group Plc,15.75,40.0,38.5,38.7,38.55,38.5,0.1,4.2e-07,777200.0
2023-02-13,KCB,KCB Group Plc,15.75,40.0,38.6,39.2,38.75,38.75,-0.15,6.3e-07,242400.0
2023-02-14,KCB,KCB Group Plc,15.75,40.0,38.65,38.9,38.7,38.75,-0.05,2.1e-07,309500.0
2023-02-15,KCB,KCB Group Plc,15.75,40.0,38.6,38.9,38.7,38.7,0.0,0.0,729500.0
2023-02-16,KCB,KCB Group Plc,15.75,40.0,38.55,38.7,38.65,38.7,-0.1,4.2e-07,413900.0
2023-02-17,KCB,KCB Group Plc,15.75,40.0,38.5,38.7,38.55,38.65,0.05,2.1e-07,483900.0
2023-02-20,KCB,KCB Group Plc,15.75,40.0,38.4,38.55,38.5,38.55,-0.15,6.3e-07,233200.0
2023-02-21,KCB,KCB Group Plc,15.75,40.0,38.4,38.65,38.5,38.5,-0.05,2.1e-07,241800.0
2023-02-22,KCB,KCB Group Plc,15.75,40.0,38.0,38.5,38.45,38.5,0.05,2.1e-07,616600.0
2023-02-23,KCB,KCB Group Plc,15.75,40.0,38.3,38.45,38.4,38.45,-0.1,4.3e-07,368600.0
2023-02-24,KCB,KCB Group Plc,15.75,40.0,38.0,38.4,38.3,38.4,-0.05,2.1e-07,2266200.0
2023-02-27,KCB,KCB Group Plc,15.75,40.0,38.0,38.4,38.3,38.3,-0.35,1.4999999999999998e-06,154700.0
2023-02-28,KCB,KCB Group Plc,15.75,40.0,38.0,38.4,38.25,38.3,0.3,1.2999999999999998e-06,134700.0
2023-03-01,KCB,KCB Group Plc,15.75,40.0,38.15,38.4,38.3,38.25,0.05,2.1e-07,110800.0
2023-03-02,KCB,KCB Group Plc,15.75,40.0,38.2,38.4,38.25,38.3,0.15,6.4e-07,2117900.0
2023-03-06,KCB,KCB Group Plc,15.75,40.0,38.05,38.4,38.25,38.25,-0.5,2.13e-06,214200.0
2023-03-07,KCB,KCB Group Plc,15.75,40.0,37.75,38.4,38.0,38.25,-0.45,1.96e-06,292100.0
2023-03-08,KCB,KCB Group Plc,15.75,40.0,37.7,38.0,37.9,38.0,-1.6,7.099999999999999e-06,26600.0
2023-03-09,KCB,KCB Group Plc,15.75,40.0,37.7,38.0,37.9,38.0,-1.6,7.099999999999999e-06,26600.0
2023-03-10,KCB,KCB Group Plc,15.75,40.0,37.0,38.0,37.45,37.5,-0.35,1.6699999999999999e-06,147900.0
2023-03-13,KCB,KCB Group Plc,15.75,40.0,36.95,37.5,37.05,37.45,-1.0,4.84999999999999e-06,116400.0
2023-03-14,KCB,KCB Group Plc,15.75,40.0,36.5,37.2,37.0,37.05,-0.5,2.5499999999999997e-06,142200.0
2023-03-15,KCB,KCB Group Plc,15.75,40.0,36.75,37.45,37.05,37.0,-1.1,5.76e-06,81000.0
2023-03-16,KCB,KCB Group Plc,15.75,40.0,33.35,37.0,34.35,37.05,-1.0,5.559999999999999e-06,199800.0
2023-03-17,KCB,KCB Group Plc,15.75,40.0,30.95,34.4,31.0,34.35,-0.65,3.82e-06,379400.0
2023-03-20,KCB,KCB Group Plc,15.75,40.0,29.5,30.95,30.0,31.0,1.6,9.78999999999999e-06,2644500.0
2023-03-21,KCB,KCB Group Plc,15.75,40.0,30.95,33.0,31.95,30.0,1.0,5.57e-06,137700.0
2023-03-22,KCB,KCB Group Plc,15.75,40.0,34.0,35.1,34.95,31.95,0.15,7.900000000000001e-07,71500.0
2023-03-23,KCB,KCB Group Plc,15.75,40.0,35.1,37.0,35.95,34.95,-0.1,5.2e-07,225800.0
2023-03-24,KCB,KCB Group Plc,15.75,40.0,35.25,36.0,35.5,35.95,-0.1,5.3e-07,189500.0
2023-03-27,KCB,KCB Group Plc,15.75,40.0,35.0,36.0,35.5,35.5,-0.05,2.6e-07,92000.0
2023-03-28,KCB,KCB Group Plc,15.75,40.0,34.95,35.95,35.0,35.5,-0.35,1.86e-06,491300.0
2023-03-29,KCB,KCB Group Plc,15.75,40.0,34.5,35.5,35.0,35.0,0.0,0.0,7048600.0
2023-03-30,KCB,KCB Group Plc,15.75,40.0,35.0,35.25,35.0,35.0,-0.5,2.7e-06,1631500.0
2023-03-31,KCB,KCB Group Plc,15.75,40.0,35.05,37.0,35.5,35.0,0.1,5.6e-07,156700.0
2023-04-03,KCB,KCB Group Plc,15.75,40.0,35.5,37.0,36.2,35.5,0.05,2.8e-07,29800.0
2023-04-04,KCB,KCB Group Plc,15.75,40.0,36.0,37.0,36.15,36.2,-0.15,8.3e-07,183600.0
2023-04-05,KCB,KCB Group Plc,15.75,40.0,35.5,37.0,36.0,36.15,0.05,2.8e-07,3373900.0
2023-04-06,KCB,KCB Group Plc,15.75,40.0,35.6,36.5,35.9,36.0,0.55,3.05e-06,370600.0
2023-04-11,KCB,KCB Group Plc,15.75,40.0,35.6,36.5,35.9,36.0,0.55,3.05e-06,370600.0
2023-04-12,KCB,KCB Group Plc,15.75,40.0,34.5,36.0,35.0,36.35,-0.1,5.4e-07,859900.0
2023-04-13,KCB,KCB Group Plc,15.75,40.0,34.0,34.95,34.4,35.0,-0.5,2.72e-06,129200.0
2023-04-14,KCB,KCB Group Plc,15.75,40.0,33.75,34.45,33.9,34.4,-0.05,2.8e-07,266400.0
2023-04-17,KCB,KCB Group Plc,15.75,40.0,33.2,34.95,33.55,33.9,-0.75,4.2099999999999995e-06,358800.0
2023-04-18,KCB,KCB Group Plc,15.75,40.0,33.6,34.8,34.1,33.55,-0.2,1.1699999999999899e-06,110300.0
2023-04-19,KCB,KCB Group Plc,15.75,40.0,33.5,34.8,33.9,34.1,-0.15,8.9e-07,1070500.0
2023-04-20,KCB,KCB Group Plc,15.75,40.0,32.0,33.9,32.95,33.9,-0.2,1.2e-06,158500.0
2023-04-24,KCB,KCB Group Plc,15.75,40.0,32.5,33.5,33.0,32.95,0.2,1.21e-06,132000.0
2023-04-25,KCB,KCB Group Plc,15.75,40.0,32.9,34.0,33.4,33.0,-0.2,1.2e-06,223200.0
2023-04-26,KCB,KCB Group Plc,15.75,40.0,33.4,34.25,34.0,33.4,0.2,1.21e-06,438600.0
2023-04-27,KCB,KCB Group Plc,15.75,40.0,33.5,35.0,34.1,34.0,0.0,0.0,219800.0
2023-04-28,KCB,KCB Group Plc,15.75,40.0,32.0,34.0,32.85,34.1,-0.2,1.2e-06,264300.0
2023-05-02,KCB,KCB Group Plc,15.75,40.0,32.05,34.0,32.8,32.85,0.0,0.0,91800.0
2023-05-03,KCB,KCB Group Plc,15.75,40.0,31.05,33.5,32.05,32.8,-0.45,2.73e-06,377600.0
2023-05-04,KCB,KCB Group Plc,15.75,40.0,31.5,32.25,31.95,32.05,0.2,1.25e-06,348200.0
2023-05-05,KCB,KCB Group Plc,15.75,40.0,31.1,32.1,31.6,31.95,-0.5,3.08e-06,136000.0
2023-05-08,KCB,KCB Group Plc,15.75,40.0,30.6,32.0,31.2,31.6,0.2,1.27e-06,233200.0
2023-05-09,KCB,KCB Group Plc,15.75,40.0,29.7,31.5,30.25,31.2,-0.35,2.1899999999999998e-06,319400.0
2023-05-10,KCB,KCB Group Plc,15.75,40.0,29.0,30.0,29.45,30.25,-0.3,1.92e-06,804200.0
2023-05-11,KCB,KCB Group Plc,15.75,40.0,28.5,29.5,29.2,29.45,-0.6,3.92e-06,182100.0
2023-05-12,KCB,KCB Group Plc,15.75,40.0,28.05,29.0,28.5,29.2,-1.45,9.859999999999999e-06,164900.0
2023-05-15,KCB,KCB Group Plc,15.75,40.0,28.1,30.0,29.0,28.5,-0.25,1.8900000000000001e-06,656900.0
2023-05-16,KCB,KCB Group Plc,15.75,40.0,29.5,31.9,31.2,29.0,1.3,1e-05,44900.0
2023-05-17,KCB,KCB Group Plc,15.75,40.0,31.2,32.0,31.55,31.2,1.2,8.39e-06,2246800.0
2023-05-18,KCB,KCB Group Plc,15.75,40.0,30.0,31.5,31.0,31.55,-0.65,4.19e-06,291500.0
2023-05-19,KCB,KCB Group Plc,15.75,40.0,30.5,30.95,30.85,31.0,0.15,1.01e-06,77200.0
2023-05-22,KCB,KCB Group Plc,15.75,40.0,29.0,30.5,29.95,30.85,0.05,3.3e-07,129400.0
2023-05-23,KCB,KCB Group Plc,15.75,40.0,29.0,30.5,30.05,29.95,0.25,1.66e-06,56800.0
2023-05-24,KCB,KCB Group Plc,15.75,40.0,30.05,31.5,30.5,30.05,-0.05,3.3e-07,159600.0
2023-05-25,KCB,KCB Group Plc,15.75,40.0,30.55,31.5,31.0,30.5,-0.2,1.3100000000000002e-06,2092100.0
2023-05-26,KCB,KCB Group Plc,15.75,40.0,31.0,31.3,31.05,31.0,0.0,0.0,114200.0
2023-05-29,KCB,KCB Group Plc,15.75,40.0,31.0,33.0,31.85,31.05,0.2,1.3299999999999998e-06,109800.0
2023-05-30,KCB,KCB Group Plc,15.75,40.0,31.65,32.8,31.85,31.85,0.65,4.26e-06,145800.0
2023-05-31,KCB,KCB Group Plc,15.75,40.0,31.7,32.5,31.8,31.85,0.7,4.399999999999999e-06,80200.0
2023-06-02,KCB,KCB Group Plc,15.75,40.0,31.7,32.8,31.9,31.8,0.35,2.10999999999999e-06,525700.0
2023-06-05,KCB,KCB Group Plc,15.75,40.0,31.8,32.0,31.9,31.9,0.0,0.0,263900.0
2023-06-06,KCB,KCB Group Plc,15.75,40.0,31.7,32.0,31.85,31.9,0.05,2.9e-07,281000.0
2023-06-07,KCB,KCB Group Plc,15.75,40.0,31.7,31.95,31.8,31.85,-0.05,2.9e-07,778300.0
2023-06-08,KCB,KCB Group Plc,15.75,40.0,31.8,31.95,31.9,31.8,-0.25,1.47e-06,77300.0
2023-06-09,KCB,KCB Group Plc,15.75,40.0,31.7,32.0,31.8,31.9,-0.1,6e-07,65400.0
2023-06-12,KCB,KCB Group Plc,15.75,40.0,31.05,32.0,31.55,31.8,-0.85,5.12e-06,170200.0
2023-06-13,KCB,KCB Group Plc,15.75,40.0,30.0,31.5,31.0,31.55,-0.7,4.44e-06,705800.0
2023-06-14,KCB,KCB Group Plc,15.75,40.0,30.0,31.1,31.0,31.0,-0.1,6.6e-07,2555000.0
2023-06-15,KCB,KCB Group Plc,15.75,40.0,29.2,30.5,29.5,31.0,-0.1,6.7e-07,2284600.0
2023-06-16,KCB,KCB Group Plc,15.75,40.0,29.3,30.0,29.45,29.5,0.05,3.4e-07,379800.0
2023-06-19,KCB,KCB Group Plc,15.75,40.0,29.35,30.0,29.5,29.45,1.15,7.719999999999989e-06,254800.0
2023-06-20,KCB,KCB Group Plc,15.75,40.0,29.2,29.5,29.35,29.5,0.2,1.25e-06,254400.0
2023-06-21,KCB,KCB Group Plc,15.75,40.0,29.2,30.0,29.45,29.35,0.55,3.38e-06,573700.0
2023-06-22,KCB,KCB Group Plc,15.75,40.0,29.35,29.95,29.5,29.45,0.65,3.869999999999999e-06,311600.0
2023-06-23,KCB,KCB Group Plc,15.75,40.0,29.25,29.5,29.5,29.5,0.05,2.9e-07,376200.0
2023-06-26,KCB,KCB Group Plc,15.75,40.0,29.0,29.5,29.3,29.5,0.0,0.0,675700.0
2023-06-27,KCB,KCB Group Plc,15.75,40.0,29.0,29.5,29.45,29.3,-0.1,5.699999999999899e-07,401100.0
2023-06-29,KCB,KCB Group Plc,15.75,40.0,29.35,29.5,29.45,29.45,0.05,2.9e-07,119300.0
2023-06-30,KCB,KCB Group Plc,15.75,40.0,29.05,30.0,29.3,29.45,0.05,2.9e-07,823400.0
2023-07-03,KCB,KCB Group Plc,15.75,40.0,29.05,29.45,29.3,29.3,0.25,1.43e-06,164000.0
2023-07-04,KCB,KCB Group Plc,15.75,40.0,29.2,29.5,29.45,29.3,0.05,2.8e-07,1555900.0
2023-07-05,KCB,KCB Group Plc,15.75,40.0,29.2,29.5,29.3,29.45,-0.1,5.6e-07,389100.0
2023-07-06,KCB,KCB Group Plc,15.75,40.0,29.0,29.4,29.15,29.3,0.15,8.5e-07,1546900.0
2023-07-07,KCB,KCB Group Plc,15.75,40.0,28.85,29.5,29.15,29.15,1.05,5.88e-06,4501900.0
2023-07-10,KCB,KCB Group Plc,15.75,40.0,28.85,29.15,29.05,29.15,0.65,3.44e-06,308600.0
2023-07-11,KCB,KCB Group Plc,15.75,40.0,28.95,29.05,29.0,29.05,0.15,7.7e-07,434600.0
2023-07-12,KCB,KCB Group Plc,15.75,40.0,28.95,29.5,29.1,29.0,0.0,0.0,2124400.0
2023-07-13,KCB,KCB Group Plc,15.75,40.0,29.1,30.0,29.85,29.1,-0.3,1.52e-06,763400.0
2023-07-14,KCB,KCB Group Plc,15.75,40.0,30.0,31.95,30.15,29.85,-0.2,1.0299999999999999e-06,1588500.0
2023-07-17,KCB,KCB Group Plc,15.75,40.0,31.5,32.0,31.6,30.15,0.1,5.2e-07,154300.0
2023-07-18,KCB,KCB Group Plc,15.75,40.0,30.55,31.6,31.2,31.6,-0.75,3.89e-06,561900.0
2023-07-19,KCB,KCB Group Plc,15.75,40.0,29.9,31.0,30.25,31.2,-0.4,2.16e-06,245300.0
2023-07-20,KCB,KCB Group Plc,15.75,40.0,29.4,30.45,29.7,30.25,-0.1,5.499999999999999e-07,727200.0
2023-07-21,KCB,KCB Group Plc,15.75,40.0,29.45,29.75,29.55,29.7,-0.05,2.8e-07,498800.0
2023-07-24,KCB,KCB Group Plc,15.75,40.0,29.1,29.55,29.45,29.55,-0.15,8.3e-07,647800.0
2023-07-25,KCB,KCB Group Plc,15.75,40.0,28.9,30.0,29.0,29.45,-1.05,5.88e-06,1022200.0
2023-07-26,KCB,KCB Group Plc,15.75,40.0,28.5,29.0,28.7,29.0,-0.65,3.869999999999999e-06,739700.0
2023-07-27,KCB,KCB Group Plc,15.75,40.0,28.5,29.0,28.65,28.7,1.1,6.81e-06,334200.0
2023-07-28,KCB,KCB Group Plc,15.75,40.0,28.5,28.7,28.55,28.65,-0.65,3.7699999999999995e-06,351100.0
2023-07-31,KCB,KCB Group Plc,15.75,40.0,28.4,28.5,28.5,28.55,0.3,1.81e-06,552000.0
2023-08-01,KCB,KCB Group Plc,15.75,40.0,28.4,29.0,28.5,28.5,0.45,2.6599999999999995e-06,1524700.0
2023-08-02,KCB,KCB Group Plc,15.75,40.0,28.5,29.0,28.6,28.5,-0.45,2.59e-06,533700.0
2023-08-03,KCB,KCB Group Plc,15.75,40.0,28.8,30.5,29.0,28.6,-0.1,5.9e-07,159600.0
2023-08-04,KCB,KCB Group Plc,15.75,40.0,29.0,30.5,29.4,29.0,0.0,0.0,64200.0
2023-08-07,KCB,KCB Group Plc,15.75,40.0,29.6,30.5,30.0,29.4,-0.05,3e-07,120600.0
2023-08-08,KCB,KCB Group Plc,15.75,40.0,29.6,30.5,29.85,30.0,-0.35,2.09e-06,404500.0
2023-08-09,KCB,KCB Group Plc,15.75,40.0,29.0,29.8,29.25,29.85,-0.05,3e-07,237300.0
2023-08-10,KCB,KCB Group Plc,15.75,40.0,28.9,29.45,29.0,29.25,-0.2,1.21999999999999e-06,166300.0
2023-08-11,KCB,KCB Group Plc,15.75,40.0,28.75,30.0,28.9,29.0,-0.1,6.2e-07,214300.0
2023-08-14,KCB,KCB Group Plc,15.75,40.0,28.25,29.0,28.5,28.9,-0.15,9.3e-07,334400.0
2023-08-15,KCB,KCB Group Plc,15.75,40.0,27.9,28.8,28.1,28.5,0.0,0.0,321800.0
2023-08-16,KCB,KCB Group Plc,15.75,40.0,27.0,28.0,27.75,28.1,-0.9,5.66e-06,518000.0
2023-08-17,KCB,KCB Group Plc,15.75,40.0,27.5,28.0,27.65,27.75,0.95,6.3299999999999995e-06,254600.0
2023-08-18,KCB,KCB Group Plc,15.75,40.0,27.5,27.65,27.5,27.65,0.05,3.1e-07,272000.0
2023-08-21,KCB,KCB Group Plc,15.75,40.0,26.55,27.5,27.0,27.5,-0.05,3.1e-07,370400.0
2023-08-22,KCB,KCB Group Plc,15.75,40.0,26.75,27.0,26.95,27.0,-0.05,3.1e-07,120600.0
2023-08-23,KCB,KCB Group Plc,15.75,40.0,26.75,27.0,26.9,26.95,-0.35,2.1999999999999997e-06,228000.0
2023-08-24,KCB,KCB Group Plc,15.75,40.0,24.85,26.5,25.15,26.9,0.2,1.29e-06,715600.0
2023-08-25,KCB,KCB Group Plc,15.75,40.0,23.0,25.0,23.8,25.15,-0.25,1.5900000000000002e-06,452500.0
2023-08-28,KCB,KCB Group Plc,15.75,40.0,23.5,25.0,23.8,23.8,-0.05,3.2e-07,496700.0
2023-08-29,KCB,KCB Group Plc,15.75,40.0,23.6,24.5,23.75,23.8,0.0,0.0,1228700.0
2023-08-30,KCB,KCB Group Plc,15.75,40.0,23.65,24.0,23.75,23.75,0.05,3.2e-07,569900.0
2023-08-31,KCB,KCB Group Plc,15.75,40.0,23.4,23.8,23.6,23.75,-0.1,6.499999999999999e-07,965600.0
2023-09-01,KCB,KCB Group Plc,15.75,40.0,23.35,23.8,23.45,23.6,-0.3,1.95e-06,277900.0
2023-09-04,KCB,KCB Group Plc,15.75,40.0,23.3,23.75,23.45,23.45,0.0,0.0,231900.0
2023-09-05,KCB,KCB Group Plc,15.75,40.0,23.25,23.5,23.3,23.45,0.0,0.0,279000.0
2023-09-06,KCB,KCB Group Plc,15.75,40.0,23.25,25.0,23.35,23.3,0.0,0.0,151700.0
2023-09-07,KCB,KCB Group Plc,15.75,40.0,23.3,23.45,23.4,23.35,0.15,9.8999999999999e-07,281800.0
2023-09-08,KCB,KCB Group Plc,15.75,40.0,23.3,23.4,23.35,23.4,0.25,1.63999999999999e-06,285100.0
2023-09-11,KCB,KCB Group Plc,15.75,40.0,23.3,25.0,23.45,23.35,0.25,1.61e-06,291700.0
2023-09-12,KCB,KCB Group Plc,15.75,40.0,22.8,25.0,23.1,23.45,-0.4,2.54e-06,1257300.0
2023-09-13,KCB,KCB Group Plc,15.75,40.0,22.9,23.45,23.05,23.1,-0.05,3.3e-07,216300.0
2023-09-14,KCB,KCB Group Plc,15.75,40.0,22.1,23.1,22.65,23.05,0.2,1.3100000000000002e-06,502000.0
2023-09-15,KCB,KCB Group Plc,15.75,40.0,22.25,22.5,22.3,22.65,0.25,1.61e-06,442400.0
2023-09-18,KCB,KCB Group Plc,15.75,40.0,22.3,22.8,22.4,22.3,-0.15,9.499999999999999e-07,268000.0
2023-09-19,KCB,KCB Group Plc,15.75,40.0,22.25,22.6,22.35,22.4,-0.2,1.28e-06,184500.0
2023-09-20,KCB,KCB Group Plc,15.75,40.0,22.25,22.35,22.35,22.35,-0.4,2.5999999999999997e-06,190400.0
2023-09-21,KCB,KCB Group Plc,15.75,40.0,22.25,22.35,22.3,22.35,-0.05,3.3e-07,109000.0
2023-09-22,KCB,KCB Group Plc,15.75,40.0,22.25,22.35,22.35,22.3,0.05,3.3e-07,119800.0
2023-09-25,KCB,KCB Group Plc,15.75,40.0,22.25,22.35,22.25,22.35,-0.05,3.3e-07,538700.0
2023-09-26,KCB,KCB Group Plc,15.75,40.0,21.9,22.9,22.05,22.25,-0.05,3.3e-07,284500.0
2023-09-27,KCB,KCB Group Plc,15.75,40.0,21.5,22.2,21.95,22.05,-0.2,1.34e-06,222400.0
2023-09-28,KCB,KCB Group Plc,15.75,40.0,20.4,22.0,20.9,21.95,-0.1,6.8e-07,354400.0
2023-09-29,KCB,KCB Group Plc,15.75,40.0,20.25,21.9,20.85,20.9,0.0,0.0,1413200.0
2023-10-02,KCB,KCB Group Plc,15.75,40.0,20.8,22.0,21.0,20.85,0.05,3.4e-07,271000.0
2023-10-03,KCB,KCB Group Plc,15.75,40.0,20.8,22.0,21.0,20.85,0.05,3.4e-07,271000.0
2023-10-04,KCB,KCB Group Plc,15.75,40.0,20.85,20.95,20.95,20.95,-0.05,3.4e-07,414200.0
2023-10-05,KCB,KCB Group Plc,15.75,40.0,20.85,21.0,20.95,20.95,-0.15,1.0200000000000002e-06,138300.0
2023-10-06,KCB,KCB Group Plc,15.75,40.0,20.4,21.0,20.95,20.95,-0.5,3.4500000000000004e-06,1678900.0
2023-10-09,KCB,KCB Group Plc,15.75,40.0,20.9,21.0,20.95,20.95,0.0,0.0,94700.0
2023-10-11,KCB,KCB Group Plc,15.75,40.0,20.85,21.0,20.95,20.95,-0.1,7.0999999999999e-07,316700.0
2023-10-12,KCB,KCB Group Plc,15.75,40.0,20.85,21.0,20.9,20.95,0.1,7.2e-07,306000.0
2023-10-13,KCB,KCB Group Plc,15.75,40.0,20.5,21.0,20.9,20.9,-0.05,3.6e-07,167000.0
2023-10-16,KCB,KCB Group Plc,15.75,40.0,20.4,20.95,20.65,20.9,0.0,0.0,192900.0
2023-10-17,KCB,KCB Group Plc,15.75,40.0,20.35,20.75,20.4,20.65,-0.15,1.08e-06,458900.0
2023-10-18,KCB,KCB Group Plc,15.75,40.0,19.9,20.5,20.05,20.4,0.0,0.0,470300.0
2023-10-19,KCB,KCB Group Plc,15.75,40.0,19.8,20.0,19.9,20.05,0.0,0.0,363200.0
2023-10-23,KCB,KCB Group Plc,15.75,40.0,19.8,20.0,19.9,19.9,-0.2,1.44999999999999e-06,252600.0
2023-10-24,KCB,KCB Group Plc,15.75,40.0,19.75,20.0,19.85,19.9,-0.6,4.41e-06,61000.0
2023-10-25,KCB,KCB Group Plc,15.75,40.0,19.0,19.9,19.5,19.85,-0.5,3.8499999999999996e-06,309200.0
2023-10-26,KCB,KCB Group Plc,15.75,40.0,18.95,19.55,19.15,19.5,-0.05,4.0000000000000003e-07,254900.0
2023-10-27,KCB,KCB Group Plc,15.75,40.0,18.5,19.0,18.85,19.15,0.05,4.0000000000000003e-07,305500.0
2023-10-30,KCB,KCB Group Plc,15.75,40.0,17.8,18.9,18.05,18.85,0.0,0.0,498300.0
2023-10-31,KCB,KCB Group Plc,15.75,40.0,17.05,18.0,17.5,18.05,-0.05,4.0000000000000003e-07,4678400.0
2023-11-01,KCB,KCB Group Plc,15.75,40.0,16.6,17.95,17.2,17.5,-0.15,1.2e-06,373800.0
2023-11-02,KCB,KCB Group Plc,15.75,40.0,16.3,17.0,16.5,17.2,-0.2,1.6299999999999999e-06,150800.0
2023-11-03,KCB,KCB Group Plc,15.75,40.0,16.0,16.75,16.35,16.5,-0.45,3.72e-06,1036200.0
2023-11-06,KCB,KCB Group Plc,15.75,40.0,15.55,17.0,16.0,16.35,0.3,2.58e-06,6110800.0
2023-11-07,KCB,KCB Group Plc,15.75,40.0,15.0,16.0,15.75,16.0,0.05,4.2e-07,1024600.0
2023-11-08,KCB,KCB Group Plc,15.75,40.0,15.75,16.0,15.95,15.75,0.45,3.75e-06,238400.0
2023-11-09,KCB,KCB Group Plc,15.75,40.0,15.8,16.5,15.85,15.95,0.85,6.83e-06,1697000.0
2023-11-10,KCB,KCB Group Plc,15.75,40.0,15.95,17.2,16.05,15.85,0.2,1.4999999999999998e-06,792100.0
2023-11-14,KCB,KCB Group Plc,15.75,40.0,16.05,17.0,16.95,16.05,-0.2,1.4800000000000002e-06,214900.0
2023-11-15,KCB,KCB Group Plc,15.75,40.0,16.8,18.6,18.45,16.95,0.2,1.4999999999999998e-06,487200.0
2023-11-16,KCB,KCB Group Plc,15.75,40.0,18.3,20.0,19.1,18.45,0.0,0.0,1373900.0
2023-11-17,KCB,KCB Group Plc,15.75,40.0,19.0,20.0,19.35,19.1,-0.05,3.7000000000000006e-07,283300.0
2023-11-20,KCB,KCB Group Plc,15.75,40.0,19.95,21.2,20.25,19.35,-0.05,3.7000000000000006e-07,319700.0
2023-11-21,KCB,KCB Group Plc,15.75,40.0,20.0,21.0,20.45,20.25,0.05,3.7000000000000006e-07,249800.0
2023-11-22,KCB,KCB Group Plc,15.75,40.0,20.4,21.0,20.75,20.45,0.25,1.86e-06,374000.0
2023-11-23,KCB,KCB Group Plc,15.75,40.0,20.0,22.0,20.35,20.75,-0.1,7.3e-07,2659100.0
2023-11-24,KCB,KCB Group Plc,15.75,40.0,19.5,20.2,19.9,20.35,0.1,7.400000000000001e-07,238100.0
2023-11-27,KCB,KCB Group Plc,15.75,40.0,19.5,20.2,19.7,19.9,-0.25,1.8200000000000002e-06,1129300.0
2023-12-01,KCB,KCB Group Plc,15.75,40.0,18.9,19.7,19.0,19.7,0.6,4.46e-06,1078400.0
2023-12-04,KCB,KCB Group Plc,15.75,40.0,19.0,19.5,19.1,19.0,0.45,3.2000000000000003e-06,95800.0
2023-12-05,KCB,KCB Group Plc,15.75,40.0,19.0,19.5,19.25,19.1,0.3,2.07e-06,149200.0
2023-12-06,KCB,KCB Group Plc,15.75,40.0,19.1,19.5,19.25,19.25,-0.2,1.35e-06,208100.0
2023-12-07,KCB,KCB Group Plc,15.75,40.0,19.1,19.5,19.3,19.25,-0.05,3.4e-07,189000.0
2023-12-08,KCB,KCB Group Plc,15.75,40.0,19.25,19.45,19.3,19.3,0.0,0.0,1780500.0
2023-12-11,KCB,KCB Group Plc,15.75,40.0,19.05,19.35,19.3,19.3,-0.05,3.4e-07,149300.0
2023-12-13,KCB,KCB Group Plc,15.75,40.0,19.2,19.5,19.25,19.3,-0.05,3.4e-07,622600.0
2023-12-14,KCB,KCB Group Plc,15.75,40.0,19.0,19.35,19.1,19.25,-0.05,3.4999999999999003e-07,159900.0
2023-12-15,KCB,KCB Group Plc,15.75,40.0,19.0,19.5,19.1,19.1,-0.3,2.08e-06,154300.0
2023-12-18,KCB,KCB Group Plc,15.75,40.0,19.0,20.5,19.3,19.1,-0.25,1.77e-06,341200.0
2023-12-19,KCB,KCB Group Plc,15.75,40.0,19.4,19.8,19.65,19.3,-0.35,2.5299999999999995e-06,41200.0
2023-12-20,KCB,KCB Group Plc,15.75,40.0,20.0,21.6,21.2,19.65,0.0,0.0,169500.0
2023-12-21,KCB,KCB Group Plc,15.75,40.0,21.5,23.3,21.95,21.2,0.05,3.7000000000000006e-07,506400.0
2023-12-22,KCB,KCB Group Plc,15.75,40.0,21.65,22.3,21.85,21.95,0.0,0.0,1136000.0
2023-12-27,KCB,KCB Group Plc,15.75,40.0,21.5,22.0,21.65,21.85,0.05,3.7000000000000006e-07,50300.0
2023-12-28,KCB,KCB Group Plc,15.75,40.0,21.6,22.2,22.0,21.65,0.1,7.400000000000001e-07,1406900.0
2023-12-29,KCB,KCB Group Plc,15.75,40.0,21.75,22.0,21.9,22.0,0.2,1.46e-06,244700.0
2024-01-02,KCB,KCB Group Plc,15.75,40.0,21.8,22.0,21.95,21.9,-0.15,-1.08e-06,54700.0
2024-01-03,KCB,KCB Group Plc,15.75,40.0,21.95,23.1,22.8,21.95,-0.1,-7.3e-07,172600.0
2024-01-04,KCB,KCB Group Plc,15.75,40.0,22.3,23.1,22.7,22.8,-0.05,-3.7000000000000006e-07,275400.0
2024-01-05,KCB,KCB Group Plc,15.75,40.0,22.45,22.8,22.55,22.7,0.0,0.0,197200.0
2024-01-08,KCB,KCB Group Plc,15.75,40.0,22.45,22.8,22.55,22.7,0.0,0.0,197200.0
2024-01-09,KCB,KCB Group Plc,15.75,40.0,21.9,22.55,22.0,22.45,-0.2,-1.44e-06,1074700.0
2024-01-10,KCB,KCB Group Plc,15.75,40.0,21.8,22.45,22.0,22.0,0.15,1.0999999999999998e-06,1094000.0
2024-01-11,KCB,KCB Group Plc,15.75,40.0,21.85,22.7,21.95,22.0,0.1,7.2e-07,88400.0
2024-01-12,KCB,KCB Group Plc,15.75,40.0,21.9,22.0,22.0,21.95,0.0,0.0,86500.0
2024-01-15,KCB,KCB Group Plc,15.75,40.0,21.8,22.0,21.95,22.0,0.0,0.0,57900.0
2024-01-16,KCB,KCB Group Plc,15.75,40.0,21.0,21.9,21.5,21.95,0.0,0.0,1200300.0
2024-01-17,KCB,KCB Group Plc,15.75,40.0,20.5,21.8,21.15,21.5,0.1,7.2e-07,186300.0
2024-01-18,KCB,KCB Group Plc,15.75,40.0,21.15,21.9,21.4,21.15,-0.05,-3.6e-07,54600.0
2024-01-19,KCB,KCB Group Plc,15.75,40.0,21.25,21.9,21.7,21.4,0.0,0.0,881100.0
2024-01-22,KCB,KCB Group Plc,15.75,40.0,21.0,21.7,21.6,21.7,-0.05,-3.6e-07,2778200.0
2024-01-23,KCB,KCB Group Plc,15.75,40.0,21.0,21.6,21.05,21.6,-0.1,-7.2e-07,131100.0
2024-01-24,KCB,KCB Group Plc,15.75,40.0,20.8,21.0,20.95,21.05,-0.2,-1.44999999999999e-06,39700.0
2024-01-25,KCB,KCB Group Plc,15.75,40.0,20.0,21.0,20.5,20.95,-0.15,-1.0999999999999998e-06,161000.0
2024-01-26,KCB,KCB Group Plc,15.75,40.0,20.0,20.5,20.4,20.5,-0.35,-2.5999999999999997e-06,46200.0
2024-01-29,KCB,KCB Group Plc,15.75,40.0,19.5,20.45,20.05,20.4,0.0,0.0,95200.0
2024-01-30,KCB,KCB Group Plc,15.75,40.0,19.85,20.5,20.0,20.05,0.45,3.44e-06,2885300.0
2024-01-31,KCB,KCB Group Plc,15.75,40.0,19.9,20.5,20.1,20.0,0.05,3.7000000000000006e-07,436500.0
2024-02-01,KCB,KCB Group Plc,15.75,40.0,19.9,20.5,20.1,20.0,0.05,3.7000000000000006e-07,436500.0
2024-02-02,KCB,KCB Group Plc,15.75,40.0,20.0,21.0,20.4,19.95,0.0,0.0,299700.0
2024-02-05,KCB,KCB Group Plc,15.75,40.0,20.0,20.5,20.4,20.4,-0.05,-3.7000000000000006e-07,304300.0
2024-02-06,KCB,KCB Group Plc,15.75,40.0,19.95,20.45,20.2,20.4,0.0,0.0,320400.0
2024-02-07,KCB,KCB Group Plc,15.75,40.0,20.3,20.5,20.45,20.2,-0.3,-2.23e-06,80100.0
2024-02-08,KCB,KCB Group Plc,15.75,40.0,19.9,20.5,20.15,20.45,0.05,3.8e-07,195600.0
2024-02-09,KCB,KCB Group Plc,15.75,40.0,19.8,20.0,19.95,20.15,-0.15,-1.13999999999999e-06,70000.0
2024-02-12,KCB,KCB Group Plc,15.75,40.0,18.8,19.5,19.2,19.95,0.15,1.15e-06,265500.0
2024-02-13,KCB,KCB Group Plc,15.75,40.0,18.5,19.2,19.05,19.2,0.0,0.0,348300.0
2024-02-14,KCB,KCB Group Plc,15.75,40.0,18.5,19.7,19.0,19.05,-0.2,-1.52e-06,234200.0
2024-02-15,KCB,KCB Group Plc,15.75,40.0,18.6,19.25,19.0,19.0,0.05,3.8e-07,393100.0
2024-02-16,KCB,KCB Group Plc,15.75,40.0,19.05,20.0,19.85,19.0,0.05,3.8e-07,60900.0
2024-02-19,KCB,KCB Group Plc,15.75,40.0,19.95,20.15,20.1,19.85,0.3,2.29e-06,123000.0
2024-02-20,KCB,KCB Group Plc,15.75,40.0,20.0,20.15,20.1,20.1,0.1,7.499999999999999e-07,1928400.0
2024-02-21,KCB,KCB Group Plc,15.75,40.0,19.95,20.4,20.05,20.1,-0.1,-7.400000000000001e-07,1927700.0
2024-02-22,KCB,KCB Group Plc,15.75,40.0,19.95,20.5,20.15,20.05,0.0,0.0,1569400.0
2024-02-23,KCB,KCB Group Plc,15.75,40.0,20.4,20.5,20.5,20.15,0.0,0.0,1517900.0
2024-02-26,KCB,KCB Group Plc,15.75,40.0,20.3,20.5,20.4,20.5,0.35,2.6099999999999903e-06,1264500.0
2024-02-27,KCB,KCB Group Plc,15.75,40.0,20.1,20.5,20.35,20.4,-0.1,-7.3e-07,3969400.0
2024-02-28,KCB,KCB Group Plc,15.75,40.0,20.35,20.75,20.5,20.35,-0.15,-1.0999999999999998e-06,4734400.0
2024-02-29,KCB,KCB Group Plc,15.75,40.0,20.5,21.0,20.7,20.5,-0.25,-1.85e-06,978100.0
2024-03-01,KCB,KCB Group Plc,15.75,40.0,20.5,21.75,21.2,20.7,0.25,1.8900000000000001e-06,121500.0
2024-03-04,KCB,KCB Group Plc,15.75,40.0,21.0,21.75,21.5,21.2,0.0,0.0,146600.0
2024-03-05,KCB,KCB Group Plc,15.75,40.0,20.9,21.85,21.45,21.5,0.0,0.0,223200.0
2024-03-06,KCB,KCB Group Plc,15.75,40.0,20.5,21.5,21.05,21.45,0.25,1.85e-06,289500.0
2024-03-07,KCB,KCB Group Plc,15.75,40.0,20.35,21.5,20.75,21.05,0.15,1.09e-06,74800.0
2024-03-08,KCB,KCB Group Plc,15.75,40.0,20.5,21.0,20.7,20.75,0.0,0.0,525300.0
2024-03-11,KCB,KCB Group Plc,15.75,40.0,20.8,21.0,20.9,20.7,0.25,1.8e-06,183600.0
2024-03-12,KCB,KCB Group Plc,15.75,40.0,20.9,21.0,21.0,20.9,0.35,2.47e-06,6718700.0
2024-03-13,KCB,KCB Group Plc,15.75,40.0,21.0,22.5,21.95,21.0,0.1,6.9e-07,5424300.0
2024-03-14,KCB,KCB Group Plc,15.75,40.0,22.5,24.0,23.05,21.95,0.4,2.74e-06,562700.0
2024-03-15,KCB,KCB Group Plc,15.75,40.0,22.5,24.0,23.05,21.95,0.4,2.74e-06,562700.0
2024-03-18,KCB,KCB Group Plc,15.75,40.0,23.8,24.5,24.1,24.0,-0.6,-3.95e-06,1414000.0
2024-03-19,KCB,KCB Group Plc,15.75,40.0,24.05,24.95,24.3,24.1,0.2,1.37e-06,3797100.0
2024-03-20,KCB,KCB Group Plc,15.75,40.0,25.0,26.7,26.55,24.3,0.6,4.05e-06,617400.0
2024-03-21,KCB,KCB Group Plc,15.75,40.0,22.0,26.6,24.15,26.55,0.75,4.87e-06,14975400.0
2024-03-22,KCB,KCB Group Plc,15.75,40.0,24.55,26.2,25.55,24.15,0.6,3.72e-06,5159800.0
2024-03-25,KCB,KCB Group Plc,15.75,40.0,25.0,28.1,27.2,25.55,0.85,5.070000000000001e-06,13607700.0
2024-03-26,KCB,KCB Group Plc,15.75,40.0,27.35,29.9,29.8,27.2,1.65,9.38e-06,6046200.0
2024-03-27,KCB,KCB Group Plc,15.75,40.0,29.95,32.7,31.25,29.8,0.05,2.6e-07,6177900.0
2024-03-28,KCB,KCB Group Plc,15.75,40.0,30.0,31.5,30.05,31.25,-1.55,-8.03e-06,2680600.0
2024-04-02,KCB,KCB Group Plc,15.75,40.0,29.0,31.3,29.95,30.05,-0.2,-1.13e-06,560300.0
2024-04-03,KCB,KCB Group Plc,15.75,40.0,30.0,30.1,30.0,29.95,0.45,2.56e-06,728500.0
2024-04-04,KCB,KCB Group Plc,15.75,40.0,30.0,31.0,30.0,30.0,-0.3,-1.6699999999999999e-06,809800.0
2024-04-05,KCB,KCB Group Plc,15.75,40.0,30.0,30.8,30.1,30.0,-0.15,-8.5e-07,1973000.0
2024-04-08,KCB,KCB Group Plc,15.75,40.0,30.1,30.75,30.45,30.1,-0.75,-4.26999999999999e-06,4027200.0
2024-04-09,KCB,KCB Group Plc,15.75,40.0,30.2,30.8,30.45,30.45,-0.15,-8.9e-07,4561300.0
2024-04-11,KCB,KCB Group Plc,15.75,40.0,30.2,30.4,30.3,30.45,0.0,0.0,1523200.0
2024-04-12,KCB,KCB Group Plc,15.75,40.0,30.0,30.3,30.05,30.3,0.3,1.8e-06,3708400.0
2024-04-15,KCB,KCB Group Plc,15.75,40.0,27.05,30.1,28.95,30.05,0.1,5.9e-07,3397700.0
2024-04-16,KCB,KCB Group Plc,15.75,40.0,26.95,29.0,27.85,28.95,-0.1,-5.9e-07,847500.0
2024-04-17,KCB,KCB Group Plc,15.75,40.0,26.6,27.35,27.0,27.85,-0.2,-1.18e-06,1601800.0
2024-04-18,KCB,KCB Group Plc,15.75,40.0,26.5,28.0,27.15,27.0,-0.4,-2.39e-06,2857100.0
2024-04-19,KCB,KCB Group Plc,15.75,40.0,27.05,28.5,27.95,27.15,-0.35,-2.14e-06,1620800.0
2024-04-22,KCB,KCB Group Plc,15.75,40.0,28.0,28.95,28.3,27.95,0.1,6.3e-07,46200.0
2024-04-23,KCB,KCB Group Plc,15.75,40.0,28.0,30.0,29.8,28.3,0.15,9.3e-07,1471600.0
2024-04-24,KCB,KCB Group Plc,15.75,40.0,29.05,30.5,30.0,29.8,0.1,6.2e-07,11784500.0
2024-04-25,KCB,KCB Group Plc,15.75,40.0,29.0,30.4,30.0,30.0,0.0,0.0,1700600.0
2024-04-26,KCB,KCB Group Plc,15.75,40.0,29.8,30.25,30.15,30.0,-0.05,-3.1e-07,5861100.0
2024-04-29,KCB,KCB Group Plc,15.75,40.0,29.9,30.2,29.95,30.15,-0.3,-1.84e-06,3114900.0
2024-04-30,KCB,KCB Group Plc,15.75,40.0,29.0,30.1,29.95,29.95,-0.05,-3.1e-07,3900500.0
2024-05-02,KCB,KCB Group Plc,15.75,40.0,29.15,29.95,29.3,29.95,0.05,3.1e-07,56300.0
2024-05-03,KCB,KCB Group Plc,15.75,40.0,29.3,29.65,29.5,29.3,-0.05,-3.1e-07,284500.0
2024-05-06,KCB,KCB Group Plc,15.75,40.0,29.55,30.15,29.95,29.5,-0.2,-1.25e-06,590200.0
2024-05-07,KCB,KCB Group Plc,15.75,40.0,29.5,30.4,30.1,29.95,-0.1,-6.3e-07,717200.0
2024-05-08,KCB,KCB Group Plc,15.75,40.0,30.0,30.3,30.05,30.1,0.3,1.92e-06,5747100.0
2024-05-09,KCB,KCB Group Plc,15.75,40.0,30.05,30.4,30.05,30.05,0.55,3.4500000000000004e-06,575300.0
2024-05-13,KCB,KCB Group Plc,15.75,40.0,30.0,30.45,30.05,30.05,0.85,5.15e-06,352400.0
2024-05-14,KCB,KCB Group Plc,15.75,40.0,30.05,30.25,30.1,30.05,0.0,0.0,270200.0
2024-05-15,KCB,KCB Group Plc,15.75,40.0,30.15,30.5,30.35,30.1,-0.1,-5.8e-07,1750500.0
2024-05-16,KCB,KCB Group Plc,15.75,40.0,30.2,31.2,30.8,30.35,0.0,0.0,1018100.0
2024-05-17,KCB,KCB Group Plc,15.75,40.0,31.2,32.5,31.85,30.8,0.15,8.7e-07,849500.0
2024-05-20,KCB,KCB Group Plc,15.75,40.0,32.0,32.45,32.05,31.85,0.55,3.1600000000000002e-06,431000.0
2024-05-21,KCB,KCB Group Plc,15.75,40.0,32.0,32.5,32.2,32.05,0.35,1.95e-06,3350000.0
2024-05-22,KCB,KCB Group Plc,15.75,40.0,32.0,32.45,32.2,32.2,0.6,3.2799999999999898e-06,5948000.0
2024-05-23,KCB,KCB Group Plc,15.75,40.0,33.0,35.7,35.05,32.2,-0.9,-4.75999999999999e-06,2172900.0
2024-05-24,KCB,KCB Group Plc,15.75,40.0,34.5,35.95,35.15,35.05,-0.25,-1.3899999999999998e-06,2336900.0
2024-05-27,KCB,KCB Group Plc,15.75,40.0,35.05,37.0,36.1,35.15,0.05,2.8e-07,3243600.0
2024-05-28,KCB,KCB Group Plc,15.75,40.0,36.45,39.0,37.95,36.1,0.7,3.9300000000000005e-06,3751900.0
2024-05-29,KCB,KCB Group Plc,15.75,40.0,36.45,38.95,37.6,37.95,-0.15,-8.099999999999999e-07,133100.0
2024-05-30,KCB,KCB Group Plc,15.75,40.0,35.5,36.5,36.3,37.6,-0.3,-1.6299999999999999e-06,2551400.0
2024-05-31,KCB,KCB Group Plc,15.0,39.0,34.6,36.45,35.55,36.3,-0.15,-8.3e-07,277700.0
2024-06-03,KCB,KCB Group Plc,15.75,40.0,35.25,36.5,35.3,35.55,0.1,5.6e-07,7803700.0
2024-06-04,KCB,KCB Group Plc,15.75,40.0,35.5,36.2,35.85,35.3,0.0,0.0,543100.0
2024-06-05,KCB,KCB Group Plc,15.75,40.0,35.85,37.5,36.05,35.85,0.05,2.8e-07,546900.0
2024-06-06,KCB,KCB Group Plc,15.75,40.0,36.05,37.9,36.7,36.05,0.3,1.66e-06,169100.0
2024-06-07,KCB,KCB Group Plc,15.75,40.0,36.0,36.7,36.45,36.7,0.0,0.0,766800.0
2024-06-10,KCB,KCB Group Plc,15.75,40.0,35.8,36.6,36.1,36.45,-0.25,-1.36e-06,156800.0
2024-06-11,KCB,KCB Group Plc,15.75,40.0,35.75,36.1,35.95,36.1,-0.05,-2.8e-07,3361300.0
2024-06-12,KCB,KCB Group Plc,15.75,40.0,35.1,35.8,35.45,35.95,0.05,2.8e-07,68000.0
2024-06-13,KCB,KCB Group Plc,15.75,40.0,35.2,35.8,35.55,35.45,0.0,0.0,2118700.0
2024-06-14,KCB,KCB Group Plc,15.75,40.0,35.05,35.6,35.45,35.55,0.1,5.499999999999999e-07,162700.0
2024-06-18,KCB,KCB Group Plc,15.75,40.0,34.2,35.45,34.55,35.45,0.1,5.499999999999999e-07,176500.0
2024-06-19,KCB,KCB Group Plc,15.75,40.0,34.0,34.9,34.05,34.55,0.2,1.09e-06,1046500.0
2024-06-20,KCB,KCB Group Plc,15.75,40.0,34.0,34.45,34.15,34.05,0.2,1.08e-06,329300.0
2024-06-21,KCB,KCB Group Plc,15.75,40.0,33.0,34.4,34.15,34.15,-0.55,-2.94e-06,1713500.0
2024-06-24,KCB,KCB Group Plc,15.75,40.0,31.35,34.0,32.85,34.15,-0.05,-2.8e-07,190000.0
2024-06-25,KCB,KCB Group Plc,15.75,40.0,30.75,33.0,30.85,32.85,-0.05,-2.8e-07,1408600.0
2024-06-26,KCB,KCB Group Plc,15.0,40.0,31.15,32.5,31.75,30.85,-0.2,-1.11e-06,190200.0
2024-06-27,KCB,KCB Group Plc,15.0,40.0,30.0,32.5,31.3,31.75,-0.65,-3.6400000000000003e-06,218000.0
2024-06-28,KCB,KCB Group Plc,15.75,40.0,31.0,31.95,31.25,31.3,0.1,5.8e-07,197300.0
2024-07-01,KCB,KCB Group Plc,15.0,40.0,31.0,32.0,31.35,31.25,0.15,8.7e-07,48400.0
2024-07-02,KCB,KCB Group Plc,15.0,40.0,31.0,31.95,31.5,31.35,-0.05,-2.9e-07,1323600.0
2024-07-03,KCB,KCB Group Plc,15.0,40.0,31.5,31.8,31.7,31.5,-0.05,-2.9e-07,241900.0
2024-07-04,KCB,KCB Group Plc,15.0,40.0,31.55,32.0,31.6,31.7,-0.15,-8.6e-07,237300.0
2024-07-05,KCB,KCB Group Plc,15.0,40.0,31.6,32.5,32.0,31.6,0.1,5.8e-07,443400.0
2024-07-08,KCB,KCB Group Plc,15.0,40.0,32.0,35.0,33.45,32.0,0.0,0.0,82500.0
2024-07-09,KCB,KCB Group Plc,15.0,40.0,33.5,34.5,33.9,33.45,0.0,0.0,890500.0
2024-07-10,KCB,KCB Group Plc,15.0,40.0,34.15,36.0,35.6,33.9,-0.2,-1.16e-06,218600.0
2024-07-11,KCB,KCB Group Plc,15.0,40.0,34.25,35.65,34.9,35.6,-0.05,-2.9e-07,238100.0
2024-07-12,KCB,KCB Group Plc,15.0,40.0,34.05,34.9,34.15,34.9,0.0,0.0,85600.0
2024-07-15,KCB,KCB Group Plc,15.0,40.0,34.3,35.0,34.65,34.15,-0.05,-2.9e-07,77700.0
2024-07-16,KCB,KCB Group Plc,15.0,40.0,34.0,34.6,34.2,34.65,0.0,0.0,90200.0
2024-07-17,KCB,KCB Group Plc,15.0,40.0,34.0,34.9,34.45,34.2,-0.25,-1.47e-06,653400.0
2024-07-18,KCB,KCB Group Plc,15.0,40.0,34.0,34.7,34.3,34.45,-0.3,-1.7899999999999998e-06,317000.0
2024-07-19,KCB,KCB Group Plc,15.0,40.0,33.6,34.8,34.0,34.3,-0.05,-3e-07,124800.0
2024-07-22,KCB,KCB Group Plc,15.0,40.0,33.0,33.9,33.45,34.0,-0.2,-1.21999999999999e-06,106000.0
2024-07-23,KCB,KCB Group Plc,15.0,40.0,32.5,33.45,32.8,33.45,-0.05,-3.1e-07,118100.0
2024-07-24,KCB,KCB Group Plc,15.0,40.0,32.25,32.95,32.75,32.8,-0.2,-1.24e-06,328300.0
2024-07-25,KCB,KCB Group Plc,15.0,40.0,31.5,32.75,32.1,32.75,-0.4,-2.50999999999999e-06,706300.0
2024-07-26,KCB,KCB Group Plc,15.0,40.0,31.0,32.5,31.8,32.1,-0.45,-2.89e-06,43100.0
2024-07-29,KCB,KCB Group Plc,15.0,40.0,31.0,32.0,31.7,31.8,0.2,1.32e-06,811900.0
2024-07-30,KCB,KCB Group Plc,15.0,40.0,30.6,31.85,31.2,31.7,0.7,4.58e-06,1711700.0
2024-07-31,KCB,KCB Group Plc,15.0,39.0,30.3,31.0,30.5,31.2,-0.1,-6.3e-07,292600.0
2024-08-01,KCB,KCB Group Plc,15.0,40.0,30.3,31.2,30.6,30.5,-0.55,-3.46e-06,43500.0
2024-08-02,KCB,KCB Group Plc,15.0,40.0,30.5,32.0,30.8,30.6,-0.3,-1.95e-06,189500.0
2024-08-05,KCB,KCB Group Plc,15.0,40.0,30.3,31.0,30.45,30.8,-0.65,-4.32e-06,123500.0
2024-08-06,KCB,KCB Group Plc,15.0,40.0,29.5,30.3,30.0,30.45,0.45,3.13e-06,4691600.0
2024-08-07,KCB,KCB Group Plc,15.0,40.0,29.15,29.9,29.5,30.0,-0.15,-1.01e-06,2317400.0
2024-08-08,KCB,KCB Group Plc,15.0,40.0,29.2,30.0,29.8,29.5,0.05,3.4e-07,7194200.0
2024-08-09,KCB,KCB Group Plc,15.0,40.0,29.85,30.0,30.0,29.8,0.05,3.4e-07,319400.0
2024-08-12,KCB,KCB Group Plc,15.0,40.0,29.9,30.0,30.0,30.0,0.0,0.0,112100.0
2024-08-13,KCB,KCB Group Plc,15.0,40.0,29.9,30.0,29.95,30.0,-0.15,-1.01e-06,1069300.0
2024-08-14,KCB,KCB Group Plc,15.0,40.0,29.5,30.0,29.9,29.95,-0.05,-3.4e-07,165800.0
2024-08-15,KCB,KCB Group Plc,15.0,40.0,29.2,29.9,29.35,29.9,0.15,1.0299999999999999e-06,241600.0
2024-08-16,KCB,KCB Group Plc,15.0,40.0,29.3,30.0,29.85,29.35,0.1,6.8e-07,2638600.0
2024-08-19,KCB,KCB Group Plc,15.0,40.0,29.25,29.85,29.4,29.85,0.1,6.7e-07,31500.0
2024-08-20,KCB,KCB Group Plc,15.0,40.0,29.05,30.0,29.85,29.4,0.05,3.3e-07,1530400.0
2024-08-21,KCB,KCB Group Plc,15.0,40.0,29.75,30.0,29.9,29.85,0.0,0.0,1463200.0
2024-08-22,KCB,KCB Group Plc,15.0,40.0,31.0,33.9,32.25,29.9,0.05,3.3e-07,1195800.0
2024-08-23,KCB,KCB Group Plc,15.0,40.0,31.5,32.15,31.95,32.25,-0.05,-3.3e-07,1758200.0
2024-08-26,KCB,KCB Group Plc,15.0,40.0,31.5,31.95,31.65,31.95,-0.1,-6.7e-07,750700.0
2024-08-27,KCB,KCB Group Plc,15.0,40.0,31.05,31.65,31.5,31.65,-0.1,-6.7e-07,3610300.0
2024-08-28,KCB,KCB Group Plc,15.0,40.0,31.0,31.6,31.2,31.5,-0.25,-1.69e-06,2240500.0
2024-08-29,KCB,KCB Group Plc,15.0,40.0,30.9,31.6,31.35,31.2,-0.05,-3.4e-07,539700.0
2024-08-30,KCB,KCB Group Plc,15.0,39.0,31.6,32.5,31.75,31.35,0.0,0.0,977900.0
2024-09-02,KCB,KCB Group Plc,15.0,40.0,31.75,34.4,32.3,31.75,0.2,1.38e-06,397200.0
2024-09-03,KCB,KCB Group Plc,15.0,40.0,32.8,34.0,33.3,32.3,0.0,0.0,240600.0
2024-09-04,KCB,KCB Group Plc,15.0,40.0,32.85,33.5,33.1,33.3,0.0,0.0,1812100.0
2024-09-05,KCB,KCB Group Plc,15.0,40.0,33.3,34.4,33.8,33.1,0.2,1.36e-06,172600.0
2024-09-06,KCB,KCB Group Plc,15.0,40.0,33.1,34.0,33.7,33.8,-0.1,-6.7e-07,475400.0
2024-09-09,KCB,KCB Group Plc,15.0,40.0,34.0,35.45,34.95,33.7,0.05,3.4e-07,3071000.0
2024-09-10,KCB,KCB Group Plc,15.0,40.0,34.3,35.5,34.85,34.95,0.3,2.02e-06,97200.0
2024-09-11,KCB,KCB Group Plc,15.0,40.0,34.05,34.8,34.5,34.85,0.15,9.8999999999999e-07,1840500.0
2024-09-12,KCB,KCB Group Plc,15.0,40.0,33.0,34.4,33.9,34.5,-0.3,-1.96e-06,270100.0
2024-09-13,KCB,KCB Group Plc,15.0,40.0,32.0,33.0,32.4,33.9,0.3,2e-06,3055300.0
2024-09-16,KCB,KCB Group Plc,15.0,40.0,32.5,33.4,32.9,32.4,0.15,9.8e-07,174200.0
2024-09-17,KCB,KCB Group Plc,15.0,40.0,32.5,33.5,32.8,32.9,-0.15,-9.7e-07,82600.0
2024-09-18,KCB,KCB Group Plc,15.0,40.0,32.55,33.5,33.0,32.8,-0.05,-3.3e-07,2066600.0
2024-09-19,KCB,KCB Group Plc,15.0,40.0,33.0,33.9,33.35,33.0,-0.05,-3.3e-07,227200.0
2024-09-20,KCB,KCB Group Plc,15.0,40.0,33.5,34.25,33.85,33.35,-0.2,-1.32e-06,2261400.0
2024-09-23,KCB,KCB Group Plc,15.0,40.0,33.6,34.5,33.75,33.85,0.0,0.0,1637400.0
2024-09-24,KCB,KCB Group Plc,15.0,40.0,34.05,35.35,34.85,33.75,0.0,0.0,224400.0
2024-09-25,KCB,KCB Group Plc,15.0,40.0,34.9,35.9,35.3,34.85,0.1,6.7e-07,517500.0
2024-09-26,KCB,KCB Group Plc,15.0,40.0,35.0,35.5,35.15,35.3,-0.05,-3.3e-07,1806300.0
2024-09-27,KCB,KCB Group Plc,15.0,40.0,34.55,35.2,35.0,35.15,0.0,0.0,440000.0
2024-09-30,KCB,KCB Group Plc,15.0,40.0,34.0,35.0,34.7,35.0,-0.05,-3.3e-07,692000.0
2024-10-01,KCB,KCB Group Plc,15.0,40.0,34.0,35.0,34.65,34.7,0.0,0.0,121200.0
2024-10-02,KCB,KCB Group Plc,15.75,40.0,34.7,35.4,35.05,34.65,0.0,0.0,3037500.0
2024-10-03,KCB,KCB Group Plc,15.75,40.0,35.0,35.5,35.25,35.05,0.0,0.0,452900.0
2024-10-04,KCB,KCB Group Plc,15.75,40.0,35.1,35.35,35.2,35.25,0.0,0.0,79900.0
2024-10-07,KCB,KCB Group Plc,15.75,40.0,35.2,35.5,35.3,35.2,-0.05,-3.3e-07,67100.0
2024-10-08,KCB,KCB Group Plc,15.75,40.0,35.25,35.85,35.45,35.3,-0.05,-3.3e-07,369100.0
2024-10-09,KCB,KCB Group Plc,15.0,39.0,35.55,37.0,36.25,35.45,0.1,6.7e-07,1921800.0
2024-10-11,KCB,KCB Group Plc,15.0,39.0,36.0,37.0,36.65,36.25,0.3,2e-06,757500.0
2024-10-14,KCB,KCB Group Plc,15.0,39.0,36.0,36.75,36.5,36.65,0.2,1.3100000000000002e-06,351300.0
2024-10-15,KCB,KCB Group Plc,15.0,39.0,36.2,36.9,36.5,36.5,-0.15,-9.7e-07,201300.0
2024-10-16,KCB,KCB Group Plc,15.0,39.0,36.6,37.05,36.8,36.5,0.2,1.2999999999999998e-06,791900.0
2024-10-17,KCB,KCB Group Plc,15.0,39.95,36.6,38.9,38.25,36.8,0.0,0.0,7736800.0
2024-10-18,KCB,KCB Group Plc,15.0,40.0,38.6,39.95,39.05,38.25,0.3,1.92999999999999e-06,742400.0
2024-10-22,KCB,KCB Group Plc,15.0,40.0,38.5,40.0,39.05,39.05,0.0,0.0,472300.0
2024-10-23,KCB,KCB Group Plc,15.0,40.0,36.6,39.0,37.95,39.05,0.3,1.8900000000000001e-06,935800.0
2024-10-24,KCB,KCB Group Plc,15.0,40.0,36.7,38.0,37.55,37.95,0.0,0.0,178400.0
2024-10-25,KCB,KCB Group Plc,15.0,40.0,37.2,38.0,37.55,37.55,0.35,2.17e-06,756500.0
2024-10-28,KCB,KCB Group Plc,15.0,40.0,37.7,39.0,38.6,37.55,0.25,1.52e-06,986200.0
2024-10-29,KCB,KCB Group Plc,15.0,40.0,38.15,39.05,38.95,38.6,0.65,3.88e-06,1753300.0
2024-10-30,KCB,KCB Group Plc,15.0,40.0,38.15,39.05,38.3,38.95,-0.05,-2.9e-07,230500.0
2024-10-31,KCB,KCB Group Plc,15.0,40.0,38.15,38.9,38.5,38.3,-0.6,-3.46e-06,622200.0
2024-11-04,KCB,KCB Group Plc,15.0,40.0,37.5,38.5,37.55,38.5,-0.05,-3e-07,317800.0
2024-11-05,KCB,KCB Group Plc,15.0,40.0,38.0,39.0,38.4,37.55,-0.25,-1.4999999999999998e-06,3824900.0
2024-11-06,KCB,KCB Group Plc,15.0,40.0,38.05,39.0,38.5,38.4,-0.1,-6.099999999999899e-07,236900.0
2024-11-07,KCB,KCB Group Plc,15.75,40.0,38.1,38.85,38.45,38.5,-0.65,-3.98e-06,77400.0
2024-11-08,KCB,KCB Group Plc,15.75,40.0,38.5,39.5,39.0,38.45,-0.05,-3.2e-07,1705600.0
2024-11-11,KCB,KCB Group Plc,16.05,40.0,39.0,40.0,39.15,39.0,-0.25,-1.6000000000000001e-06,134900.0
2024-11-12,KCB,KCB Group Plc,16.05,40.0,39.0,39.5,39.35,39.15,-0.1,-6.499999999999999e-07,168800.0
2024-11-13,KCB,KCB Group Plc,16.05,40.0,39.05,40.0,39.4,39.35,0.0,0.0,1051700.0
2024-11-14,KCB,KCB Group Plc,16.8,40.0,39.2,40.0,39.55,39.4,-0.05,-3.3e-07,1153900.0
2024-11-15,KCB,KCB Group Plc,18.5,40.0,39.0,39.35,39.1,39.55,-0.1,-6.6e-07,89700.0
2024-11-18,KCB,KCB Group Plc,18.5,40.0,39.0,39.9,39.35,39.1,-0.15,-9.8999999999999e-07,1913100.0
2024-11-19,KCB,KCB Group Plc,18.5,40.0,39.0,39.75,39.25,39.35,-0.1,-6.7e-07,325200.0
2024-11-20,KCB,KCB Group Plc,18.5,41.0,37.6,39.4,39.15,39.25,-0.1,-6.7e-07,1133300.0
2024-11-21,KCB,KCB Group Plc,18.5,41.0,37.55,41.0,39.3,39.15,0.1,6.8e-07,1652000.0
2024-11-22,KCB,KCB Group Plc,18.5,41.0,38.0,40.0,39.05,39.3,0.0,0.0,240900.0
2024-11-25,KCB,KCB Group Plc,18.5,41.0,38.0,39.45,39.2,39.05,-0.05,-3.4e-07,294500.0
2024-11-26,KCB,KCB Group Plc,18.5,41.0,38.0,39.6,38.1,39.2,-0.2,-1.35e-06,344800.0
2024-11-27,KCB,KCB Group Plc,18.5,41.0,38.0,38.9,38.35,38.1,-0.25,-1.7100000000000001e-06,115800.0
2024-11-28,KCB,KCB Group Plc,18.5,41.0,38.4,39.0,38.5,38.35,0.0,0.0,278900.0
2024-11-29,KCB,KCB Group Plc,18.5,41.0,38.0,39.0,38.4,38.5,0.6,4.17e-06,164000.0
2024-12-02,KCB,KCB Group Plc,18.5,41.0,37.75,38.5,38.0,38.4,0.35,2.33e-06,161100.0
2024-12-03,KCB,KCB Group Plc,18.5,41.0,38.0,38.5,38.15,38.0,-0.1,-6.499999999999999e-07,114500.0
2024-12-04,KCB,KCB Group Plc,18.5,41.0,37.0,38.5,37.9,38.15,0.15,9.8e-07,88800.0
2024-12-05,KCB,KCB Group Plc,18.5,41.0,37.75,38.0,37.95,37.9,0.55,3.5699999999999895e-06,2724600.0
2024-12-06,KCB,KCB Group Plc,18.5,41.0,37.75,38.1,37.95,37.95,0.3,1.87999999999999e-06,63200.0
2024-12-09,KCB,KCB Group Plc,18.5,41.0,37.05,38.5,37.9,37.95,0.3,1.85e-06,172300.0
2024-12-10,KCB,KCB Group Plc,18.5,41.0,38.3,39.5,39.25,37.9,1.05,6.34e-06,189500.0
2024-12-11,KCB,KCB Group Plc,18.5,41.0,39.0,40.0,39.25,39.25,-0.6,-3.41e-06,3126800.0
2024-12-13,KCB,KCB Group Plc,18.5,41.0,39.1,40.0,39.5,39.25,0.0,0.0,1559900.0
2024-12-16,KCB,KCB Group Plc,18.5,41.0,39.1,39.95,39.5,39.5,0.1,5.9e-07,1149300.0
2024-12-17,KCB,KCB Group Plc,18.5,41.0,39.3,39.9,39.55,39.5,0.15,8.800000000000002e-07,161200.0
2024-12-18,KCB,KCB Group Plc,18.5,41.0,39.4,39.85,39.6,39.55,0.35,2.0299999999999996e-06,1400700.0
2024-12-19,KCB,KCB Group Plc,18.5,41.0,39.25,39.7,39.55,39.6,0.0,0.0,71200.0
2024-12-20,KCB,KCB Group Plc,18.5,41.0,39.5,39.95,39.65,39.55,0.0,0.0,726700.0
2024-12-23,KCB,KCB Group Plc,18.5,41.0,39.25,39.95,39.5,39.65,-0.1,-5.699999999999899e-07,1152700.0
2024-12-24,KCB,KCB Group Plc,18.5,42.5,39.3,39.95,39.55,39.5,-0.3,-1.7100000000000001e-06,194900.0
2024-12-27,KCB,KCB Group Plc,18.5,41.0,39.6,40.0,39.95,39.55,-0.1,-5.8e-07,89500.0
2024-12-30,KCB,KCB Group Plc,18.5,42.5,39.9,40.5,40.0,39.95,0.05,2.9e-07,959600.0
2024-12-31,KCB,KCB Group Plc,18.5,42.8,40.0,42.5,41.6,40.0,-0.1,-5.8e-07,136800.0
